{"type":"FeatureCollection","name":"SELECT","crs":{"type":"name","properties":{"name":"urn:ogc:def:crs:OGC:1.3:CRS84"}},"features":[{"type":"Feature","properties":{"GEOID":"420035170001000","NAME":"Block 1000, Block Group 1, Census Tract 5170, Allegheny County, Pennsylvania","housing_units":0,"pop":0},"geometry":{"type":"Polygon","coordinates":[[[-79.872698,40.432964],[-79.872595,40.432945],[-79.872541,40.432896],[-79.872388,40.432754],[-79.872391,40.432748],[-79.87243,40.432687],[-79.872409,40.432678],[-79.872346,40.432653],[-79.872325,40.432645],[-79.872134,40.432567],[-79.871564,40.432335],[-79.871374,40.432258],[-79.871258,40.432219],[-79.870912,40.432102],[-79.870797,40.432063],[-79.8701698179913,40.4319881800486],[-79.8699835773359,40.432689544655055],[-79.87041234970093,40.432869609613675],[-79.87054109573363,40.43291860817081],[-79.87159252166747,40.43337592631571],[-79.87200021743773,40.43353925347086],[-79.87191438674925,40.4336862475713],[-79.8721933364868,40.43375157817947],[-79.87237928868379,40.43337649820558],[-79.87240337643779,40.43338492424996],[-79.87246517252841,40.43340156830688],[-79.872698,40.432964]]]}},{"type":"Feature","properties":{"GEOID":"420035232004006","NAME":"Block 4006, Block Group 4, Census Tract 5232, Allegheny County, Pennsylvania","housing_units":9,"pop":23},"geometry":{"type":"Polygon","coordinates":[[[-79.85788106918334,40.45898077832838],[-79.85751628875731,40.4579195465031],[-79.857280254364,40.45723381856228],[-79.85713005065918,40.45728279936158],[-79.85702276229858,40.45738076085308],[-79.85694260730489,40.45744174984914],[-79.85695773049933,40.45749188529434],[-79.85691514030279,40.457506477624385],[-79.856948,40.457602],[-79.857078,40.457979],[-79.857122,40.458105],[-79.857182,40.458278],[-79.857268,40.458526],[-79.8572964,40.4586488],[-79.857305,40.458686],[-79.857306,40.458713],[-79.8573013,40.4587583],[-79.857296,40.458809],[-79.857289,40.458884],[-79.857313,40.458924],[-79.857336,40.458944],[-79.857363,40.45896],[-79.85743298793325,40.45906742828658],[-79.85740258548307,40.45896664003184],[-79.85743045806883,40.45898077832838],[-79.85788106918334,40.45898077832838]]]}},{"type":"Feature","properties":{"GEOID":"420035604001000","NAME":"Block 1000, Block Group 1, Census Tract 5604, Allegheny County, Pennsylvania","housing_units":0,"pop":0,"merged_road_artifact_geoids":["420031308003048","420031308003040"]},"geometry":{"type":"Polygon","coordinates":[[[-79.89239398383,40.45007864331069],[-79.89137649536131,40.44941275959546],[-79.89043235778807,40.448661628780954],[-79.88993883132935,40.44818808547461],[-79.88882303237915,40.44694705960049],[-79.88826513290404,40.446114253073404],[-79.88813638687134,40.44593462678332],[-79.88807201385497,40.445787659461644],[-79.88781452178955,40.44568968106866],[-79.88762140274048,40.445608032298736],[-79.88725662231444,40.44547739406055],[-79.88725662231444,40.445624362060656],[-79.88736391067503,40.445885637711804],[-79.88764286041258,40.44647350421343],[-79.88794326782227,40.44694705960049],[-79.888436794281,40.447616563247614],[-79.88847970962524,40.4477145388317],[-79.88837873088616,40.44769807211513],[-79.888384,40.447702],[-79.888641,40.447882],[-79.888749,40.447958],[-79.889069,40.448337],[-79.88928072111268,40.448587078575315],[-79.88977,40.449165],[-79.890102,40.449397],[-79.89040359144875,40.44960892912615],[-79.890509,40.449683],[-79.890645,40.449767],[-79.890972,40.449968],[-79.89102,40.449989],[-79.891061,40.450006],[-79.891209,40.450069],[-79.891451,40.450146],[-79.89164673738959,40.45020802378188],[-79.89157700906573,40.44997679927961],[-79.89236332311171,40.45022327933103],[-79.89239398383,40.45007864331069]]]}},{"type":"Feature","properties":{"GEOID":"420035604001002","NAME":"Block 1002, Block Group 1, Census Tract 5604, Allegheny County, Pennsylvania","housing_units":0,"pop":0},"geometry":{"type":"Polygon","coordinates":[[[-79.88847970962524,40.4477145388317],[-79.888436794281,40.447616563247614],[-79.88794326782227,40.44694705960049],[-79.88764286041258,40.44647350421343],[-79.88736391067503,40.445885637711804],[-79.88725662231444,40.445624362060656],[-79.88725662231444,40.44547739406055],[-79.88719224929808,40.44546106426293],[-79.88682746887206,40.44533042573911],[-79.8867416381836,40.44549372385421],[-79.88646268844604,40.445967286144494],[-79.88637685775755,40.446114253073404],[-79.88616228103636,40.44652249285647],[-79.88609790802002,40.44658781099166],[-79.8859691619873,40.446832753433235],[-79.88592624664307,40.446898071266894],[-79.88605499267578,40.44694705960049],[-79.88621874062653,40.44700521244114],[-79.88643690182376,40.44707330823987],[-79.88645828380588,40.4470799820669],[-79.88646075255356,40.44708585783378],[-79.887733,40.447509],[-79.888184,40.447659],[-79.88820513271182,40.44765916131841],[-79.88820908324955,40.447655587512905],[-79.88821613412846,40.447659245298695],[-79.888315,40.44766],[-79.888329,40.447661],[-79.88837873088616,40.44769807211513],[-79.88847970962524,40.4477145388317]]]}},{"type":"Feature","properties":{"GEOID":"420035604001003","NAME":"Block 1003, Block Group 1, Census Tract 5604, Allegheny County, Pennsylvania","housing_units":0,"pop":0,"merged_road_artifact_geoids":["420035604001004"]},"geometry":{"type":"Polygon","coordinates":[[[-79.88807201385497,40.445787659461644],[-79.88798618316649,40.44564069181861],[-79.8875570297241,40.444791539144404],[-79.88768577575682,40.44466089931929],[-79.88764286041258,40.44464456932329],[-79.88757848739623,40.44461190931941],[-79.88747119903564,40.44457924929965],[-79.88734245300292,40.44453025924027],[-79.88712787628174,40.444464939105536],[-79.88717079162596,40.44461190931941],[-79.88714933395386,40.444758879211925],[-79.88682746887206,40.44533042573911],[-79.88719224929808,40.44546106426293],[-79.88725662231444,40.44547739406055],[-79.88762140274048,40.445608032298736],[-79.88781452178955,40.44568968106866],[-79.88807201385497,40.445787659461644]]]}},{"type":"Feature","properties":{"GEOID":"420035604001005","NAME":"Block 1005, Block Group 1, Census Tract 5604, Allegheny County, Pennsylvania","housing_units":0,"pop":0,"merged_road_artifact_geoids":["420035604001001","420035604001007__part2"]},"geometry":{"type":"Polygon","coordinates":[[[-79.892759,40.448701],[-79.89272628551628,40.448511074247286],[-79.89272383959059,40.44849687428982],[-79.89257812499999,40.44844935115969],[-79.89240646362303,40.44838403483364],[-79.89227771759032,40.44828606022555],[-79.89032506942748,40.447632892521554],[-79.89071130752562,40.44694705960049],[-79.89081859588623,40.446767435536096],[-79.8909044265747,40.44658781099166],[-79.89131212234497,40.44585297831095],[-79.89096879959106,40.44573867028299],[-79.88965988159178,40.44531409590577],[-79.88957405090332,40.44528143622721],[-79.88873720169066,40.445003828318676],[-79.88841533660887,40.44488951884661],[-79.88811492919922,40.444791539144404],[-79.88805055618285,40.44477520918015],[-79.8878788948059,40.44470988928346],[-79.88781452178955,40.44469355929937],[-79.88779306411743,40.44469355929937],[-79.88770723342894,40.44466089931929],[-79.88768577575682,40.44466089931929],[-79.8875570297241,40.444791539144404],[-79.88798618316649,40.44564069181861],[-79.88807201385497,40.445787659461644],[-79.88813638687134,40.44593462678332],[-79.88826513290404,40.446114253073404],[-79.88882303237915,40.44694705960049],[-79.88993883132935,40.44818808547461],[-79.89043235778807,40.448661628780954],[-79.89137649536131,40.44941275959546],[-79.89239398383,40.45007864331069],[-79.89236332311171,40.45022327933103],[-79.89157700906573,40.44997679927961],[-79.89164673738959,40.45020802378188],[-79.89218,40.450377],[-79.892423,40.450455],[-79.892423,40.450103],[-79.892424,40.45007],[-79.892429,40.449972],[-79.892431,40.44994],[-79.892436,40.449919],[-79.892452,40.449857],[-79.892458,40.449837],[-79.8924622,40.4498211],[-79.892529,40.449568],[-79.892742,40.448764],[-79.892759,40.448701]]]}},{"type":"Feature","properties":{"GEOID":"420035604001007","NAME":"Block 1007, Block Group 1, Census Tract 5604, Allegheny County, Pennsylvania","housing_units":4,"pop":32,"merged_road_artifact_geoids":["420035604001006"],"original_geoid":"420035604001007","split_part":1,"split_part_count":2},"geometry":{"type":"Polygon","coordinates":[[[-79.8930944432636,40.44644160656696],[-79.89309310913086,40.44644084509823],[-79.89281415939332,40.446359197240795],[-79.892578125,40.44627754928419],[-79.89251375198364,40.446261219680956],[-79.89161252975462,40.445967286144494],[-79.89131212234497,40.44585297831095],[-79.8909044265747,40.44658781099166],[-79.89081859588623,40.446767435536096],[-79.89071130752562,40.44694705960049],[-79.89032506942748,40.447632892521554],[-79.89227771759032,40.44828606022555],[-79.89234209060669,40.448335047547445],[-79.89240646362303,40.44838403483364],[-79.892578125,40.44844935115969],[-79.8927238395906,40.44849687428983],[-79.892723,40.448492],[-79.892712,40.448427],[-79.892682,40.448232],[-79.892672,40.448168],[-79.892699,40.448099],[-79.89278,40.447895],[-79.892808,40.447827],[-79.892846,40.447761],[-79.892963,40.447565],[-79.8929969,40.4475068],[-79.89302,40.44729],[-79.89304153942057,40.44702392480492],[-79.893071,40.44666],[-79.8930909,40.4464608],[-79.8930944432636,40.44644160656696]]]}},{"type":"Feature","properties":{"GEOID":"420035604001008","NAME":"Block 1008, Block Group 1, Census Tract 5604, Allegheny County, Pennsylvania","housing_units":5,"pop":95},"geometry":{"type":"Polygon","coordinates":[[[-79.89193439483641,40.44464456932329],[-79.8915910720825,40.44453025924027],[-79.89058256149292,40.44420365793185],[-79.89023923873901,40.44408934709899],[-79.89019632339478,40.44417099771373],[-79.89006757736205,40.44439961890732],[-79.88998174667356,40.44456291928382],[-79.88985300064087,40.444791539144404],[-79.88981008529663,40.444873188906165],[-79.88974571228026,40.444954838568734],[-79.88957405090332,40.44528143622721],[-79.88965988159178,40.44531409590577],[-79.89096879959106,40.44573867028299],[-79.89131212234497,40.44585297831095],[-79.89139795303343,40.44570601081074],[-79.89165544509888,40.445216116822465],[-79.89176273345946,40.445052818032906],[-79.89184856414795,40.44488951884661],[-79.89189147949219,40.444726219263586],[-79.89193439483641,40.44464456932329]]]}},{"type":"Feature","properties":{"GEOID":"420035604001009","NAME":"Block 1009, Block Group 1, Census Tract 5604, Allegheny County, Pennsylvania","housing_units":32,"pop":62},"geometry":{"type":"Polygon","coordinates":[[[-79.89307165145874,40.44547739406055],[-79.89296436309816,40.44544473446133],[-79.89257812499999,40.44531409590577],[-79.89244937896727,40.44528143622721],[-79.89232063293457,40.445232446679604],[-79.89189147949219,40.44510180771143],[-79.89176273345946,40.445052818032906],[-79.89165544509888,40.445216116822465],[-79.89139795303343,40.44570601081074],[-79.89131212234497,40.44585297831095],[-79.89161252975462,40.445967286144494],[-79.89251375198364,40.446261219680956],[-79.89257812499999,40.44627754928419],[-79.89281415939332,40.446359197240795],[-79.89287853240967,40.44619590122839],[-79.89302873611452,40.445657021572586],[-79.89307165145874,40.44547739406055]]]}},{"type":"Feature","properties":{"GEOID":"420035604001010","NAME":"Block 1010, Block Group 1, Census Tract 5604, Allegheny County, Pennsylvania","housing_units":5,"pop":3},"geometry":{"type":"Polygon","coordinates":[[[-79.8933017787121,40.44544248671828],[-79.89326477050781,40.44542840465577],[-79.89315748214723,40.44539574503276],[-79.89311456680298,40.44537941521529],[-79.89309310913086,40.44539574503276],[-79.89309310913086,40.44546106426293],[-79.89307165145874,40.44547739406055],[-79.89302873611452,40.445657021572586],[-79.89287853240967,40.44619590122839],[-79.89281415939332,40.446359197240795],[-79.89309310913086,40.44644084509823],[-79.8930944432636,40.44644160656696],[-79.89313,40.446249],[-79.893258,40.445648],[-79.893301,40.445448],[-79.8933017787121,40.44544248671828]]]}},{"type":"Feature","properties":{"GEOID":"420035604001011","NAME":"Block 1011, Block Group 1, Census Tract 5604, Allegheny County, Pennsylvania","housing_units":12,"pop":36},"geometry":{"type":"Polygon","coordinates":[[[-79.89270687103271,40.444432279014364],[-79.89259958267212,40.44439961890732],[-79.892578125,40.44439961890732],[-79.89221334457397,40.44426897832048],[-79.89208459854125,40.44421998803495],[-79.89206314086913,40.444301638491],[-79.89195585250853,40.44456291928382],[-79.89193439483641,40.44464456932329],[-79.89189147949219,40.444726219263586],[-79.89184856414795,40.44488951884661],[-79.89176273345946,40.445052818032906],[-79.89189147949219,40.44510180771143],[-79.89232063293457,40.445232446679604],[-79.89244937896727,40.44528143622721],[-79.89251375198364,40.445118137596346],[-79.892578125,40.444905848783094],[-79.89266395568849,40.44461190931941],[-79.89270687103271,40.444432279014364]]]}},{"type":"Feature","properties":{"GEOID":"420035604001012","NAME":"Block 1012, Block Group 1, Census Tract 5604, Allegheny County, Pennsylvania","housing_units":12,"pop":24,"merged_road_artifact_geoids":["420035604001013"]},"geometry":{"type":"Polygon","coordinates":[[[-79.89342842141087,40.44456291928382],[-79.89322185516357,40.44456291928382],[-79.89320039749146,40.44454658926403],[-79.89270687103271,40.444432279014364],[-79.89266395568849,40.44461190931941],[-79.892578125,40.444905848783094],[-79.89251375198364,40.445118137596346],[-79.89244937896727,40.44528143622721],[-79.892578125,40.44531409590577],[-79.89296436309816,40.44544473446133],[-79.89307165145874,40.44547739406055],[-79.89309310913086,40.44546106426293],[-79.89309310913086,40.44539574503276],[-79.89311456680298,40.44537941521529],[-79.89315748214723,40.44539574503276],[-79.89326477050781,40.44542840465577],[-79.8933017787121,40.44544248671828],[-79.893326,40.445271],[-79.893402,40.444741],[-79.893428,40.444565],[-79.89342842141087,40.44456291928382]]]}},{"type":"Feature","properties":{"GEOID":"420035604001015","NAME":"Block 1015, Block Group 1, Census Tract 5604, Allegheny County, Pennsylvania","housing_units":90,"pop":112,"merged_road_artifact_geoids":["420035604001014"]},"geometry":{"type":"Polygon","coordinates":[[[-79.89358906803666,40.44377976805687],[-79.8935866355896,40.443779073858444],[-79.8930072784424,40.44358311107387],[-79.89257812499999,40.4434524689001],[-79.89236354827881,40.44337081741256],[-79.89232063293457,40.44355045055423],[-79.8921489715576,40.44405668682533],[-79.89208459854125,40.44421998803495],[-79.89221334457397,40.44426897832048],[-79.89257812499999,40.44439961890732],[-79.89259958267212,40.44439961890732],[-79.89270687103271,40.444432279014364],[-79.89320039749146,40.44454658926403],[-79.89322185516357,40.44456291928382],[-79.89342842141087,40.44456291928382],[-79.89346,40.444407],[-79.893556,40.443936],[-79.893589,40.44378],[-79.89358906803666,40.44377976805687]]]}},{"type":"Feature","properties":{"GEOID":"420035604001016","NAME":"Block 1016, Block Group 1, Census Tract 5604, Allegheny County, Pennsylvania","housing_units":29,"pop":45},"geometry":{"type":"Polygon","coordinates":[[[-79.89236354827881,40.44337081741256],[-79.8922562599182,40.44333815678976],[-79.89195585250853,40.44324017482617],[-79.89184856414795,40.44320751413991],[-79.89182710647582,40.44325650516336],[-79.89182710647582,40.44328916582582],[-79.89171981811522,40.44361577157763],[-79.891676902771,40.44371375299373],[-79.8915910720825,40.44395870590912],[-79.8915696144104,40.44404035668254],[-79.891676902771,40.44408934709899],[-79.89197731018066,40.444187327824764],[-79.89208459854125,40.44421998803495],[-79.8921489715576,40.44405668682533],[-79.89232063293457,40.44355045055423],[-79.89236354827881,40.44337081741256]]]}},{"type":"Feature","properties":{"GEOID":"420035604001017","NAME":"Block 1017, Block Group 1, Census Tract 5604, Allegheny County, Pennsylvania","housing_units":25,"pop":22},"geometry":{"type":"Polygon","coordinates":[[[-79.89208459854125,40.44421998803495],[-79.89197731018066,40.444187327824764],[-79.891676902771,40.44408934709899],[-79.8915696144104,40.44404035668254],[-79.89073276519774,40.443779073858444],[-79.89047527313232,40.443681092537574],[-79.89030361175537,40.444007696385064],[-79.89023923873901,40.44408934709899],[-79.89058256149292,40.44420365793185],[-79.8915910720825,40.44453025924027],[-79.89193439483641,40.44464456932329],[-79.89195585250853,40.44456291928382],[-79.89206314086913,40.444301638491],[-79.89208459854125,40.44421998803495]]]}},{"type":"Feature","properties":{"GEOID":"420035604001018","NAME":"Block 1018, Block Group 1, Census Tract 5604, Allegheny County, Pennsylvania","housing_units":0,"pop":0},"geometry":{"type":"Polygon","coordinates":[[[-79.88981008529663,40.444873188906165],[-79.8880934715271,40.4443179685703],[-79.88796472549438,40.44428530840772],[-79.88811492919922,40.444791539144404],[-79.88841533660887,40.44488951884661],[-79.88873720169066,40.445003828318676],[-79.88957405090332,40.44528143622721],[-79.88974571228026,40.444954838568734],[-79.88981008529663,40.444873188906165]]]}},{"type":"Feature","properties":{"GEOID":"420035604001019","NAME":"Block 1019, Block Group 1, Census Tract 5604, Allegheny County, Pennsylvania","housing_units":2,"pop":10},"geometry":{"type":"Polygon","coordinates":[[[-79.88811492919922,40.444791539144404],[-79.88796472549438,40.44428530840772],[-79.8877501487732,40.44351779001872],[-79.8876643180847,40.44327283549658],[-79.88747119903564,40.44270127147352],[-79.8872137069702,40.4426196190735],[-79.88714933395386,40.44258695808571],[-79.88712787628174,40.44257062758587],[-79.88723516464232,40.44299521929237],[-79.88757848739623,40.444236318134095],[-79.88768577575682,40.44466089931929],[-79.88770723342894,40.44466089931929],[-79.88779306411743,40.44469355929937],[-79.88781452178955,40.44469355929937],[-79.8878788948059,40.44470988928346],[-79.88805055618285,40.44477520918015],[-79.88811492919922,40.444791539144404]]]}},{"type":"Feature","properties":{"GEOID":"420035604001020","NAME":"Block 1020, Block Group 1, Census Tract 5604, Allegheny County, Pennsylvania","housing_units":10,"pop":12},"geometry":{"type":"Polygon","coordinates":[[[-79.89002466201781,40.444481269145165],[-79.88794326782227,40.44379540406471],[-79.88792181015013,40.44340347801947],[-79.8882007598877,40.442929897665934],[-79.88779306411743,40.44279925422263],[-79.88747119903564,40.44270127147352],[-79.8876643180847,40.44327283549658],[-79.8877501487732,40.44351779001872],[-79.88796472549438,40.44428530840772],[-79.8880934715271,40.4443179685703],[-79.88981008529663,40.444873188906165],[-79.88985300064087,40.444791539144404],[-79.88998174667356,40.44456291928382],[-79.89002466201781,40.444481269145165]]]}},{"type":"Feature","properties":{"GEOID":"420035604001021","NAME":"Block 1021, Block Group 1, Census Tract 5604, Allegheny County, Pennsylvania","housing_units":78,"pop":91},"geometry":{"type":"Polygon","coordinates":[[[-79.89047527313232,40.443681092537574],[-79.88901615142821,40.44320751413991],[-79.88886594772339,40.443142192719776],[-79.8882007598877,40.442929897665934],[-79.88792181015013,40.44340347801947],[-79.88794326782227,40.44379540406471],[-79.89002466201781,40.444481269145165],[-79.89006757736205,40.44439961890732],[-79.89019632339478,40.44417099771373],[-79.89023923873901,40.44408934709899],[-79.89030361175537,40.444007696385064],[-79.89047527313232,40.443681092537574]]]}},{"type":"Feature","properties":{"GEOID":"420035604001022","NAME":"Block 1022, Block Group 1, Census Tract 5604, Allegheny County, Pennsylvania","housing_units":45,"pop":58},"geometry":{"type":"Polygon","coordinates":[[[-79.8906898498535,40.44328916582582],[-79.89023923873901,40.443142192719776],[-79.88888740539551,40.442684941001446],[-79.88841533660887,40.44253796657429],[-79.88837242126463,40.4426196190735],[-79.88824367523192,40.44284824554362],[-79.8882007598877,40.442929897665934],[-79.88886594772339,40.443142192719776],[-79.88901615142821,40.44320751413991],[-79.89047527313232,40.443681092537574],[-79.89051818847656,40.443599441327734],[-79.89064693450928,40.44337081741256],[-79.8906898498535,40.44328916582582]]]}},{"type":"Feature","properties":{"GEOID":"420035604001023","NAME":"Block 1023, Block Group 1, Census Tract 5604, Allegheny County, Pennsylvania","housing_units":44,"pop":46},"geometry":{"type":"Polygon","coordinates":[[[-79.89171981811522,40.44361577157763],[-79.89150524139404,40.44356678081602],[-79.8909044265747,40.44337081741256],[-79.8906898498535,40.44328916582582],[-79.89064693450928,40.44337081741256],[-79.89051818847656,40.443599441327734],[-79.89047527313232,40.443681092537574],[-79.89073276519774,40.443779073858444],[-79.8915696144104,40.44404035668254],[-79.8915910720825,40.44395870590912],[-79.891676902771,40.44371375299373],[-79.89171981811522,40.44361577157763]]]}},{"type":"Feature","properties":{"GEOID":"420035604001024","NAME":"Block 1024, Block Group 1, Census Tract 5604, Allegheny County, Pennsylvania","housing_units":18,"pop":32},"geometry":{"type":"Polygon","coordinates":[[[-79.89184856414795,40.44320751413991],[-79.89176273345946,40.443174853437775],[-79.8915910720825,40.44312586235482],[-79.89092588424683,40.442897236828905],[-79.8906898498535,40.44328916582582],[-79.8909044265747,40.44337081741256],[-79.89150524139404,40.44356678081602],[-79.89171981811522,40.44361577157763],[-79.89182710647582,40.44328916582582],[-79.89182710647582,40.44325650516336],[-79.89184856414795,40.44320751413991]]]}},{"type":"Feature","properties":{"GEOID":"420035604001025","NAME":"Block 1025, Block Group 1, Census Tract 5604, Allegheny County, Pennsylvania","housing_units":49,"pop":68},"geometry":{"type":"Polygon","coordinates":[[[-79.89092588424683,40.442897236828905],[-79.88865137100218,40.44214603319749],[-79.88860845565794,40.44222768617277],[-79.88847970962524,40.4424563139759],[-79.88841533660887,40.44253796657429],[-79.88888740539551,40.442684941001446],[-79.89023923873901,40.443142192719776],[-79.8906898498535,40.44328916582582],[-79.89092588424683,40.442897236828905]]]}},{"type":"Feature","properties":{"GEOID":"420035604001026","NAME":"Block 1026, Block Group 1, Census Tract 5604, Allegheny County, Pennsylvania","housing_units":28,"pop":32},"geometry":{"type":"Polygon","coordinates":[[[-79.88865137100218,40.44214603319749],[-79.88837242126463,40.442048049496236],[-79.88738536834715,40.44172143612722],[-79.88725662231444,40.441672443985],[-79.88717079162596,40.441688774703046],[-79.88727807998657,40.44206438012302],[-79.88747119903564,40.44270127147352],[-79.88779306411743,40.44279925422263],[-79.8882007598877,40.442929897665934],[-79.88824367523192,40.44284824554362],[-79.88837242126463,40.4426196190735],[-79.88841533660887,40.44253796657429],[-79.88847970962524,40.4424563139759],[-79.88860845565794,40.44222768617277],[-79.88865137100218,40.44214603319749]]]}},{"type":"Feature","properties":{"GEOID":"420035604001027","NAME":"Block 1027, Block Group 1, Census Tract 5604, Allegheny County, Pennsylvania","housing_units":0,"pop":0,"merged_road_artifact_geoids":["420035647003008"]},"geometry":{"type":"Polygon","coordinates":[[[-79.88747119903564,40.44270127147352],[-79.88727807998657,40.44206438012302],[-79.88717079162596,40.441688774703046],[-79.88689184188841,40.44080691025166],[-79.88689184188841,40.44072525555062],[-79.88691329956053,40.4406436007504],[-79.88661289215088,40.44051295286374],[-79.88659143447876,40.44051295286374],[-79.88654851913451,40.44049662186007],[-79.88648414611815,40.44048029085242],[-79.88644123077393,40.4404639598408],[-79.88676309585571,40.44222768617277],[-79.88680601119995,40.44237466127833],[-79.88680601119995,40.44247264450352],[-79.8869776725769,40.442521636062544],[-79.88706350326537,40.44255429708206],[-79.88712787628174,40.44257062758587],[-79.88714933395386,40.44258695808571],[-79.8872137069702,40.4426196190735],[-79.88747119903564,40.44270127147352]]]}},{"type":"Feature","properties":{"GEOID":"420035604002000","NAME":"Block 2000, Block Group 2, Census Tract 5604, Allegheny County, Pennsylvania","housing_units":18,"pop":31},"geometry":{"type":"Polygon","coordinates":[[[-79.88768577575682,40.440888564853516],[-79.88691329956053,40.4406436007504],[-79.88689184188841,40.44072525555062],[-79.88689184188841,40.44080691025166],[-79.88717079162596,40.441688774703046],[-79.88725662231444,40.441672443985],[-79.88729953765869,40.44155812884763],[-79.8874282836914,40.44134582879104],[-79.88768577575682,40.440888564853516]]]}},{"type":"Feature","properties":{"GEOID":"420035604002001","NAME":"Block 2001, Block Group 2, Census Tract 5604, Allegheny County, Pennsylvania","housing_units":39,"pop":50},"geometry":{"type":"Polygon","coordinates":[[[-79.88910198211669,40.44134582879104],[-79.88768577575682,40.440888564853516],[-79.8874282836914,40.44134582879104],[-79.88729953765869,40.44155812884763],[-79.88725662231444,40.441672443985],[-79.88738536834715,40.44172143612722],[-79.88837242126463,40.442048049496236],[-79.88865137100218,40.44214603319749],[-79.88873720169066,40.441982726949384],[-79.88901615142821,40.44150913658638],[-79.88910198211669,40.44134582879104]]]}},{"type":"Feature","properties":{"GEOID":"420035604002002","NAME":"Block 2002, Block Group 2, Census Tract 5604, Allegheny County, Pennsylvania","housing_units":89,"pop":147},"geometry":{"type":"Polygon","coordinates":[[[-79.89126920700072,40.442048049496236],[-79.8906898498535,40.44188474301009],[-79.88953113555908,40.4414928058247],[-79.88910198211669,40.44134582879104],[-79.88901615142821,40.44150913658638],[-79.88873720169066,40.441982726949384],[-79.88865137100218,40.44214603319749],[-79.89092588424683,40.442897236828905],[-79.89120483398438,40.44240732236926],[-79.89126920700072,40.44221135558565],[-79.89126920700072,40.442048049496236]]]}},{"type":"Feature","properties":{"GEOID":"420035604002003","NAME":"Block 2003, Block Group 2, Census Tract 5604, Allegheny County, Pennsylvania","housing_units":46,"pop":72},"geometry":{"type":"Polygon","coordinates":[[[-79.89240646362303,40.44248897502716],[-79.89238500595093,40.44227667791033],[-79.89154815673828,40.44230933904887],[-79.89141941070555,40.44224401675592],[-79.89126920700072,40.442048049496236],[-79.89126920700072,40.44221135558565],[-79.89120483398438,40.44240732236926],[-79.89092588424683,40.442897236828905],[-79.8915910720825,40.44312586235482],[-79.89176273345946,40.443174853437775],[-79.89184856414795,40.44320751413991],[-79.89195585250853,40.44324017482617],[-79.8922562599182,40.44333815678976],[-79.89236354827881,40.44337081741256],[-79.89240646362303,40.44325650516336],[-79.89240646362303,40.44248897502716]]]}},{"type":"Feature","properties":{"GEOID":"420035604002004","NAME":"Block 2004, Block Group 2, Census Tract 5604, Allegheny County, Pennsylvania","housing_units":208,"pop":300},"geometry":{"type":"Polygon","coordinates":[[[-79.89403460280796,40.44229300848158],[-79.89369392395021,40.44229300848158],[-79.892578125,40.44227667791033],[-79.89238500595093,40.44227667791033],[-79.89240646362303,40.44248897502716],[-79.89240646362303,40.44325650516336],[-79.89236354827881,40.44337081741256],[-79.892578125,40.4434524689001],[-79.8930072784424,40.44358311107387],[-79.8935866355896,40.443779073858444],[-79.89358906803666,40.44377976805687],[-79.893611,40.443705],[-79.893678,40.443481],[-79.893701,40.443407],[-79.893724,40.443333],[-79.893795,40.443111],[-79.893819,40.443038],[-79.893839,40.442963],[-79.893902,40.442738],[-79.893923,40.442664],[-79.893944,40.442591],[-79.894009,40.442374],[-79.894032,40.442302],[-79.89403460280796,40.44229300848158]]]}},{"type":"Feature","properties":{"GEOID":"420035604002005","NAME":"Block 2005, Block Group 2, Census Tract 5604, Allegheny County, Pennsylvania","housing_units":182,"pop":280},"geometry":{"type":"Polygon","coordinates":[[[-79.8944145650319,40.44095466970986],[-79.89433122519202,40.44093899045025],[-79.89426924068387,40.44123151309826],[-79.89315748214723,40.44123151309826],[-79.892578125,40.44124784392342],[-79.89238500595093,40.44124784392342],[-79.89236354827881,40.441313167184376],[-79.89238500595093,40.44146014428944],[-79.89238500595093,40.44227667791033],[-79.892578125,40.44227667791033],[-79.89369392395021,40.44229300848158],[-79.89403460280796,40.44229300848158],[-79.894054,40.442226],[-79.89406854585326,40.442178483546016],[-79.894114,40.44203],[-79.894119,40.441997],[-79.894134,40.441919],[-79.894158,40.441847],[-79.894233,40.441633],[-79.894242,40.44161],[-79.894257,40.441562],[-79.894279,40.441484],[-79.894336,40.44129],[-79.894344,40.441253],[-79.894363,40.441175],[-79.894394,40.441041],[-79.8944145650319,40.44095466970986]]]}},{"type":"Feature","properties":{"GEOID":"420035604002006","NAME":"Block 2006, Block Group 2, Census Tract 5604, Allegheny County, Pennsylvania","housing_units":18,"pop":27},"geometry":{"type":"Polygon","coordinates":[[[-79.89238500595093,40.44124784392342],[-79.89221334457397,40.4412641747446],[-79.89193439483641,40.44124784392342],[-79.8918056488037,40.44123151309826],[-79.89150524139404,40.441215182269126],[-79.89137649536131,40.44118252059898],[-79.89126920700072,40.441133528064],[-79.89126920700072,40.442048049496236],[-79.89141941070555,40.44224401675592],[-79.89154815673828,40.44230933904887],[-79.89238500595093,40.44227667791033],[-79.89238500595093,40.44146014428944],[-79.89236354827881,40.441313167184376],[-79.89238500595093,40.44124784392342]]]}},{"type":"Feature","properties":{"GEOID":"420035604002007","NAME":"Block 2007, Block Group 2, Census Tract 5604, Allegheny County, Pennsylvania","housing_units":23,"pop":41},"geometry":{"type":"Polygon","coordinates":[[[-79.89126920700072,40.44157445959344],[-79.89116191864014,40.44155812884763],[-79.89088296890259,40.44146014428944],[-79.88931655883788,40.44095388846359],[-79.88927364349364,40.44103554288692],[-79.88914489746094,40.4412641747446],[-79.88910198211669,40.44134582879104],[-79.88953113555908,40.4414928058247],[-79.8906898498535,40.44188474301009],[-79.89126920700072,40.442048049496236],[-79.89126920700072,40.44157445959344]]]}},{"type":"Feature","properties":{"GEOID":"420035604002008","NAME":"Block 2008, Block Group 2, Census Tract 5604, Allegheny County, Pennsylvania","housing_units":25,"pop":19},"geometry":{"type":"Polygon","coordinates":[[[-79.89126920700072,40.441133528064],[-79.8895525932312,40.440561945851],[-79.88950967788696,40.4406436007504],[-79.88935947418211,40.44087223394108],[-79.88931655883788,40.44095388846359],[-79.89088296890259,40.44146014428944],[-79.89116191864014,40.44155812884763],[-79.89126920700072,40.44157445959344],[-79.89126920700072,40.441133528064]]]}},{"type":"Feature","properties":{"GEOID":"420035604002009","NAME":"Block 2009, Block Group 2, Census Tract 5604, Allegheny County, Pennsylvania","housing_units":31,"pop":61},"geometry":{"type":"Polygon","coordinates":[[[-79.8895525932312,40.440561945851],[-79.88858699798583,40.440235325261575],[-79.88815784454346,40.440104676581484],[-79.88811492919922,40.44015366986628],[-79.88796472549438,40.44039863575465],[-79.88779306411743,40.44048029085242],[-79.88790035247801,40.44051295286374],[-79.88931655883788,40.44095388846359],[-79.88935947418211,40.44087223394108],[-79.88950967788696,40.4406436007504],[-79.8895525932312,40.440561945851]]]}},{"type":"Feature","properties":{"GEOID":"420035604002010","NAME":"Block 2010, Block Group 2, Census Tract 5604, Allegheny County, Pennsylvania","housing_units":30,"pop":65},"geometry":{"type":"Polygon","coordinates":[[[-79.88931655883788,40.44095388846359],[-79.88790035247801,40.44051295286374],[-79.88768577575682,40.440888564853516],[-79.88910198211669,40.44134582879104],[-79.88914489746094,40.4412641747446],[-79.88927364349364,40.44103554288692],[-79.88931655883788,40.44095388846359]]]}},{"type":"Feature","properties":{"GEOID":"420035604002012","NAME":"Block 2012, Block Group 2, Census Tract 5604, Allegheny County, Pennsylvania","housing_units":0,"pop":0,"merged_road_artifact_geoids":["420035604002011"]},"geometry":{"type":"Polygon","coordinates":[[[-79.88790035247801,40.44051295286374],[-79.88779306411743,40.44048029085242],[-79.88661289215088,40.440104676581484],[-79.88648414611815,40.44008834547863],[-79.88652706146239,40.44039863575465],[-79.88654851913451,40.44049662186007],[-79.88659143447876,40.44051295286374],[-79.88661289215088,40.44051295286374],[-79.88691329956053,40.4406436007504],[-79.88768577575682,40.440888564853516],[-79.88790035247801,40.44051295286374]]]}},{"type":"Feature","properties":{"GEOID":"420035604002013","NAME":"Block 2013, Block Group 2, Census Tract 5604, Allegheny County, Pennsylvania","housing_units":46,"pop":55},"geometry":{"type":"Polygon","coordinates":[[[-79.88815784454346,40.440104676581484],[-79.88792181015013,40.440023021027486],[-79.88723516464232,40.43979438494866],[-79.88702058792113,40.43971272901778],[-79.88693475723267,40.43969639781971],[-79.886634349823,40.43968006661765],[-79.88639831542969,40.43968006661765],[-79.88639831542969,40.43974539140203],[-79.88646268844604,40.439957696512884],[-79.88648414611815,40.44008834547863],[-79.88661289215088,40.440104676581484],[-79.88779306411743,40.44048029085242],[-79.88796472549438,40.44039863575465],[-79.88811492919922,40.44015366986628],[-79.88815784454346,40.440104676581484]]]}},{"type":"Feature","properties":{"GEOID":"420035605001000","NAME":"Block 1000, Block Group 1, Census Tract 5605, Allegheny County, Pennsylvania","housing_units":56,"pop":80},"geometry":{"type":"Polygon","coordinates":[[[-79.88888740539551,40.43884717005281],[-79.88880157470703,40.438732850111116],[-79.88852262496948,40.43835722607686],[-79.88845825195312,40.438242905302054],[-79.8882222175598,40.43829189994363],[-79.88751411437988,40.43845521515769],[-79.88727807998657,40.43852054113222],[-79.8873209953308,40.438765512971436],[-79.88734245300292,40.43894515841954],[-79.88702058792113,40.43971272901778],[-79.88723516464232,40.43979438494866],[-79.88792181015013,40.440023021027486],[-79.88815784454346,40.440104676581484],[-79.88824367523192,40.43994136537431],[-79.88852262496948,40.439467760630045],[-79.88860845565794,40.43930444787566],[-79.88865137100218,40.43923912266281],[-79.88880157470703,40.438994152549355],[-79.88884449005127,40.438912495646505],[-79.88884449005127,40.43889616425403],[-79.88886594772339,40.438863501457185],[-79.88888740539551,40.43884717005281]]]}},{"type":"Feature","properties":{"GEOID":"420035605001001","NAME":"Block 1001, Block Group 1, Census Tract 5605, Allegheny County, Pennsylvania","housing_units":30,"pop":35},"geometry":{"type":"Polygon","coordinates":[[[-79.89002466201781,40.43969639781971],[-79.88970279693602,40.43966373541164],[-79.88888740539551,40.4394024355759],[-79.88860845565794,40.43930444787566],[-79.88852262496948,40.439467760630045],[-79.88824367523192,40.43994136537431],[-79.88815784454346,40.440104676581484],[-79.88858699798583,40.440235325261575],[-79.8895525932312,40.440561945851],[-79.88963842391966,40.440382304723194],[-79.88993883132935,40.439876040780355],[-79.89002466201781,40.43969639781971]]]}},{"type":"Feature","properties":{"GEOID":"420035605001002","NAME":"Block 1002, Block Group 1, Census Tract 5605, Allegheny County, Pennsylvania","housing_units":2,"pop":3},"geometry":{"type":"Polygon","coordinates":[[[-79.89126920700072,40.441133528064],[-79.89124774932861,40.44090489576199],[-79.89124774932861,40.440006689904784],[-79.89002466201781,40.43969639781971],[-79.88993883132935,40.439876040780355],[-79.88963842391966,40.440382304723194],[-79.8895525932312,40.440561945851],[-79.89126920700072,40.441133528064]]]}},{"type":"Feature","properties":{"GEOID":"420035605001003","NAME":"Block 1003, Block Group 1, Census Tract 5605, Allegheny County, Pennsylvania","housing_units":77,"pop":127},"geometry":{"type":"Polygon","coordinates":[[[-79.89232063293457,40.438308231482885],[-79.8922562599182,40.43811225274996],[-79.89217042922974,40.43794893670279],[-79.89161252975462,40.43807958957226],[-79.89139795303343,40.43814491591178],[-79.89109754562377,40.43821024218784],[-79.89105463027953,40.43822657374693],[-79.8909044265747,40.43825923685321],[-79.89086151123047,40.4382755684004],[-79.89099025726318,40.43860219851115],[-79.8912262916565,40.43910847204671],[-79.89124774932861,40.440006689904784],[-79.89124774932861,40.44090489576199],[-79.89126920700072,40.441133528064],[-79.89137649536131,40.44118252059898],[-79.89150524139404,40.441215182269126],[-79.8918056488037,40.44123151309826],[-79.89178419113158,40.43884717005281],[-79.89176273345946,40.43883083864446],[-79.89232063293457,40.43881450723216],[-79.89232063293457,40.438308231482885]]]}},{"type":"Feature","properties":{"GEOID":"420035605001004","NAME":"Block 1004, Block Group 1, Census Tract 5605, Allegheny County, Pennsylvania","housing_units":174,"pop":290},"geometry":{"type":"Polygon","coordinates":[[[-79.89289999008179,40.440267987391934],[-79.89287853240967,40.43930444787566],[-79.89285707473756,40.43923912266281],[-79.89285707473756,40.439141134724544],[-79.89283561706544,40.43887983285759],[-79.89283561706544,40.43879817581588],[-79.892578125,40.43879817581588],[-79.89242792129515,40.43881450723216],[-79.89232063293457,40.43881450723216],[-79.89176273345946,40.43883083864446],[-79.89178419113158,40.43884717005281],[-79.8918056488037,40.44123151309826],[-79.89193439483641,40.44124784392342],[-79.89221334457397,40.4412641747446],[-79.89238500595093,40.44124784392342],[-79.89236354827881,40.44054561485922],[-79.89289999008179,40.44054561485922],[-79.89289999008179,40.440267987391934]]]}},{"type":"Feature","properties":{"GEOID":"420035605001005","NAME":"Block 1005, Block Group 1, Census Tract 5605, Allegheny County, Pennsylvania","housing_units":70,"pop":88},"geometry":{"type":"Polygon","coordinates":[[[-79.89341497421265,40.440529283863455],[-79.8930072784424,40.440529283863455],[-79.89289999008179,40.44054561485922],[-79.89236354827881,40.44054561485922],[-79.89238500595093,40.44124784392342],[-79.892578125,40.44124784392342],[-79.89315748214723,40.44123151309826],[-79.89337205886842,40.44123151309826],[-79.89337205886842,40.441100866354176],[-79.89339351654054,40.44067626268239],[-79.89341497421265,40.440529283863455]]]}},{"type":"Feature","properties":{"GEOID":"420035605001006","NAME":"Block 1006, Block Group 1, Census Tract 5605, Allegheny County, Pennsylvania","housing_units":80,"pop":142},"geometry":{"type":"Polygon","coordinates":[[[-79.89485069974735,40.43911290878068],[-79.89472135631755,40.43909784992492],[-79.89480202103987,40.43871716999575],[-79.89461660385132,40.438732850111116],[-79.89352226257324,40.438765512971436],[-79.89352226257324,40.439222791349685],[-79.89341497421265,40.440529283863455],[-79.89339351654054,40.44067626268239],[-79.89337205886842,40.441100866354176],[-79.89337205886842,40.44123151309826],[-79.89426924068387,40.44123151309826],[-79.89433122519202,40.44093899045025],[-79.8944145650319,40.44095466970986],[-79.89449,40.440638],[-79.894522,40.440505],[-79.894554,40.44037],[-79.894649,40.439965],[-79.8946765,40.4398531],[-79.894682,40.439831],[-79.894706,40.439726],[-79.89478,40.439413],[-79.894806,40.439309],[-79.894827,40.439215],[-79.89485069974735,40.43911290878068]]]}},{"type":"Feature","properties":{"GEOID":"420035605001007","NAME":"Block 1007, Block Group 1, Census Tract 5605, Allegheny County, Pennsylvania","housing_units":22,"pop":46},"geometry":{"type":"Polygon","coordinates":[[[-79.89352226257324,40.439222791349685],[-79.89337205886842,40.439222791349685],[-79.89298582077028,40.43923912266281],[-79.89285707473756,40.43923912266281],[-79.89287853240967,40.43930444787566],[-79.89289999008179,40.440267987391934],[-79.89289999008179,40.44054561485922],[-79.8930072784424,40.440529283863455],[-79.89341497421265,40.440529283863455],[-79.89352226257324,40.439222791349685]]]}},{"type":"Feature","properties":{"GEOID":"420035605001008","NAME":"Block 1008, Block Group 1, Census Tract 5605, Allegheny County, Pennsylvania","housing_units":25,"pop":34},"geometry":{"type":"Polygon","coordinates":[[[-79.89352226257324,40.438765512971436],[-79.89339351654054,40.43878184439564],[-79.89296436309816,40.43879817581588],[-79.89283561706544,40.43879817581588],[-79.89283561706544,40.43887983285759],[-79.89285707473756,40.439141134724544],[-79.89285707473756,40.43923912266281],[-79.89298582077028,40.43923912266281],[-79.89337205886842,40.439222791349685],[-79.89352226257324,40.439222791349685],[-79.89352226257324,40.438765512971436]]]}},{"type":"Feature","properties":{"GEOID":"420035605001009","NAME":"Block 1009, Block Group 1, Census Tract 5605, Allegheny County, Pennsylvania","housing_units":78,"pop":116},"geometry":{"type":"Polygon","coordinates":[[[-79.89352226257324,40.438340894549505],[-79.89326477050781,40.437752956922516],[-79.8932433128357,40.437671298512136],[-79.89302873611452,40.437720293570266],[-79.892578125,40.43783461523372],[-79.89238500595093,40.43788361017284],[-79.89217042922974,40.43794893670279],[-79.8922562599182,40.43811225274996],[-79.89232063293457,40.438308231482885],[-79.89232063293457,40.43881450723216],[-79.89242792129515,40.43881450723216],[-79.892578125,40.43879817581588],[-79.89296436309816,40.43879817581588],[-79.89339351654054,40.43878184439564],[-79.89352226257324,40.438765512971436],[-79.89352226257324,40.438340894549505]]]}},{"type":"Feature","properties":{"GEOID":"420035605001010","NAME":"Block 1010, Block Group 1, Census Tract 5605, Allegheny County, Pennsylvania","housing_units":55,"pop":75},"geometry":{"type":"Polygon","coordinates":[[[-79.894915,40.438842],[-79.894907,40.438817],[-79.894886,40.438743],[-79.894879,40.438719],[-79.89488506068076,40.438683014708005],[-79.89483004327197,40.43858492951681],[-79.894821953652,40.43862310240654],[-79.89480972290039,40.438585867043294],[-79.89446640014648,40.437801951921145],[-79.89444494247438,40.437720293570266],[-79.89433765411378,40.437491649660174],[-79.89429473876953,40.43740999093242],[-79.89408016204835,40.43745898618097],[-79.8932433128357,40.437671298512136],[-79.89326477050781,40.437752956922516],[-79.89352226257324,40.438340894549505],[-79.89352226257324,40.438765512971436],[-79.89461660385132,40.438732850111116],[-79.89480202103987,40.43871716999575],[-79.89472135631755,40.43909784992492],[-79.89485069974735,40.43911290878068],[-79.894892,40.438935],[-79.894915,40.438842]]]}},{"type":"Feature","properties":{"GEOID":"420035605001011","NAME":"Block 1011, Block Group 1, Census Tract 5605, Allegheny County, Pennsylvania","housing_units":18,"pop":31},"geometry":{"type":"Polygon","coordinates":[[[-79.895044,40.437771],[-79.895042,40.43775],[-79.8950413883589,40.4377373594172],[-79.89500922298595,40.437739425341015],[-79.89502366046132,40.437671298512136],[-79.89500284194948,40.437671298512136],[-79.89457368850708,40.43778562025891],[-79.89446640014648,40.437801951921145],[-79.89480972290039,40.438585867043294],[-79.894821953652,40.43862310240654],[-79.89483004327197,40.43858492951681],[-79.89488506068076,40.438683014708005],[-79.894911,40.438529],[-79.895011,40.43796],[-79.895044,40.437771]]]}},{"type":"Feature","properties":{"GEOID":"420035605001012","NAME":"Block 1012, Block Group 1, Census Tract 5605, Allegheny County, Pennsylvania","housing_units":3,"pop":5},"geometry":{"type":"Polygon","coordinates":[[[-79.8950413883589,40.4377373594172],[-79.895039,40.437688],[-79.895038,40.437668],[-79.89503561330505,40.437614896037395],[-79.895034,40.437579],[-79.895025,40.437312],[-79.895022,40.437223],[-79.89502086703898,40.43721488044607],[-79.89444494247438,40.437360995648156],[-79.89429473876953,40.43740999093242],[-79.89433765411378,40.437491649660174],[-79.89444494247438,40.437720293570266],[-79.89446640014648,40.437801951921145],[-79.89457368850708,40.43778562025891],[-79.89500284194948,40.437671298512136],[-79.89502366046132,40.437671298512136],[-79.89500922298595,40.437739425341015],[-79.8950413883589,40.4377373594172]]]}},{"type":"Feature","properties":{"GEOID":"420035605001013","NAME":"Block 1013, Block Group 1, Census Tract 5605, Allegheny County, Pennsylvania","housing_units":29,"pop":39},"geometry":{"type":"Polygon","coordinates":[[[-79.89030361175537,40.43919012871153],[-79.89008903503417,40.43866752434286],[-79.89000320434569,40.4384878781529],[-79.88976716995238,40.4385532040957],[-79.88893032073973,40.438765512971436],[-79.88888740539551,40.43884717005281],[-79.88886594772339,40.438863501457185],[-79.88884449005127,40.43889616425403],[-79.88884449005127,40.438912495646505],[-79.88912343978882,40.43901048391802],[-79.88993883132935,40.43927178527717],[-79.8902177810669,40.43936977302502],[-79.89030361175537,40.43919012871153]]]}},{"type":"Feature","properties":{"GEOID":"420035605001014","NAME":"Block 1014, Block Group 1, Census Tract 5605, Allegheny County, Pennsylvania","housing_units":23,"pop":34},"geometry":{"type":"Polygon","coordinates":[[[-79.8902177810669,40.43936977302502],[-79.88993883132935,40.43927178527717],[-79.88912343978882,40.43901048391802],[-79.88884449005127,40.438912495646505],[-79.88880157470703,40.438994152549355],[-79.88865137100218,40.43923912266281],[-79.88860845565794,40.43930444787566],[-79.88888740539551,40.4394024355759],[-79.88970279693602,40.43966373541164],[-79.89002466201781,40.43969639781971],[-79.89006757736205,40.439631072987716],[-79.89017486572266,40.43943509811091],[-79.8902177810669,40.43936977302502]]]}},{"type":"Feature","properties":{"GEOID":"420035605001015","NAME":"Block 1015, Block Group 1, Census Tract 5605, Allegheny County, Pennsylvania","housing_units":57,"pop":77},"geometry":{"type":"Polygon","coordinates":[[[-79.89124774932861,40.440006689904784],[-79.8912262916565,40.43910847204671],[-79.89099025726318,40.43860219851115],[-79.89086151123047,40.4382755684004],[-79.8906898498535,40.43832456301818],[-79.89017486572266,40.43845521515769],[-79.89000320434569,40.4384878781529],[-79.89008903503417,40.43866752434286],[-79.89030361175537,40.43919012871153],[-79.8902177810669,40.43936977302502],[-79.89017486572266,40.43943509811091],[-79.89006757736205,40.439631072987716],[-79.89002466201781,40.43969639781971],[-79.89124774932861,40.440006689904784]]]}},{"type":"Feature","properties":{"GEOID":"420035605002001","NAME":"Block 2001, Block Group 2, Census Tract 5605, Allegheny County, Pennsylvania","housing_units":60,"pop":98,"merged_road_artifact_geoids":["420035605002000"]},"geometry":{"type":"Polygon","coordinates":[[[-79.88734245300292,40.43894515841954],[-79.8873209953308,40.438765512971436],[-79.88727807998657,40.43852054113222],[-79.88725662231444,40.43837355760025],[-79.88717079162596,40.43793260507625],[-79.88714933395386,40.43778562025891],[-79.88695621490479,40.437801951921145],[-79.88635540008544,40.43788361017284],[-79.88616228103636,40.437899941811274],[-79.88614082336424,40.437899941811274],[-79.88603353500365,40.43791627344575],[-79.88599061965942,40.43791627344575],[-79.88603353500365,40.43816124748675],[-79.88622665405272,40.43887983285759],[-79.88639831542969,40.43968006661765],[-79.886634349823,40.43968006661765],[-79.88693475723267,40.43969639781971],[-79.88702058792113,40.43971272901778],[-79.88734245300292,40.43894515841954]]]}},{"type":"Feature","properties":{"GEOID":"420035605002002","NAME":"Block 2002, Block Group 2, Census Tract 5605, Allegheny County, Pennsylvania","housing_units":21,"pop":45},"geometry":{"type":"Polygon","coordinates":[[[-79.88845825195312,40.438242905302054],[-79.88837242126463,40.43812858433285],[-79.88830804824828,40.43791627344575],[-79.8882007598877,40.43763863512021],[-79.88807201385497,40.437671298512136],[-79.88798618316649,40.437671298512136],[-79.88714933395386,40.43778562025891],[-79.88717079162596,40.43793260507625],[-79.88725662231444,40.43837355760025],[-79.88727807998657,40.43852054113222],[-79.88751411437988,40.43845521515769],[-79.8882222175598,40.43829189994363],[-79.88845825195312,40.438242905302054]]]}},{"type":"Feature","properties":{"GEOID":"420035605002003","NAME":"Block 2003, Block Group 2, Census Tract 5605, Allegheny County, Pennsylvania","housing_units":39,"pop":60},"geometry":{"type":"Polygon","coordinates":[[[-79.89019632339478,40.437834615233726],[-79.89015340805054,40.4377039618882],[-79.89000320434569,40.437360995648156],[-79.88996028900146,40.437246673179374],[-79.88961696624754,40.43732833210549],[-79.8885655403137,40.437589640002564],[-79.8882007598877,40.43763863512021],[-79.88830804824828,40.43791627344575],[-79.88837242126463,40.43812858433285],[-79.88845825195312,40.438242905302054],[-79.88880157470703,40.43816124748675],[-79.88985300064087,40.43791627344575],[-79.89019632339478,40.437834615233726]]]}},{"type":"Feature","properties":{"GEOID":"420035605002004","NAME":"Block 2004, Block Group 2, Census Tract 5605, Allegheny County, Pennsylvania","housing_units":42,"pop":64},"geometry":{"type":"Polygon","coordinates":[[[-79.89109754562377,40.43821024218784],[-79.89103317260741,40.43778562025891],[-79.89103317260741,40.43773662524837],[-79.89105463027953,40.437622303418294],[-79.89099025726318,40.43763863512021],[-79.89075422286986,40.43768763020215],[-79.89066839218138,40.437720293570266],[-79.89058256149292,40.43773662524837],[-79.89028215408325,40.437801951921145],[-79.89019632339478,40.437834615233726],[-79.88985300064087,40.43791627344575],[-79.88880157470703,40.43816124748675],[-79.88845825195312,40.438242905302054],[-79.88852262496948,40.43835722607686],[-79.88880157470703,40.438732850111116],[-79.88888740539551,40.43884717005281],[-79.88893032073973,40.438765512971436],[-79.88976716995238,40.4385532040957],[-79.89000320434569,40.4384878781529],[-79.89017486572266,40.43845521515769],[-79.8906898498535,40.43832456301818],[-79.89086151123047,40.4382755684004],[-79.8909044265747,40.43825923685321],[-79.89105463027953,40.43822657374693],[-79.89109754562377,40.43821024218784]]]}},{"type":"Feature","properties":{"GEOID":"420035605002005","NAME":"Block 2005, Block Group 2, Census Tract 5605, Allegheny County, Pennsylvania","housing_units":27,"pop":42},"geometry":{"type":"Polygon","coordinates":[[[-79.88714933395386,40.43778562025891],[-79.88710641860962,40.43763863512021],[-79.88702058792113,40.43718134596707],[-79.88699913024901,40.43703435950731],[-79.88678455352783,40.437050691352034],[-79.88648414611815,40.43709968686242],[-79.88601207733153,40.43714868233711],[-79.88603353500365,40.43729566854693],[-79.88614082336424,40.437752956922516],[-79.88616228103636,40.437899941811274],[-79.88635540008544,40.43788361017284],[-79.88695621490479,40.437801951921145],[-79.88714933395386,40.43778562025891]]]}},{"type":"Feature","properties":{"GEOID":"420035605002008","NAME":"Block 2008, Block Group 2, Census Tract 5605, Allegheny County, Pennsylvania","housing_units":19,"pop":22},"geometry":{"type":"Polygon","coordinates":[[[-79.8882007598877,40.43763863512021],[-79.88813638687134,40.43750798139383],[-79.88796472549438,40.437067023192796],[-79.88792181015013,40.436920036483116],[-79.88772869110106,40.43695270022415],[-79.88717079162596,40.43700169580594],[-79.88699913024901,40.43703435950731],[-79.88702058792113,40.43718134596707],[-79.88710641860962,40.43763863512021],[-79.88714933395386,40.43778562025891],[-79.88798618316649,40.437671298512136],[-79.88807201385497,40.437671298512136],[-79.8882007598877,40.43763863512021]]]}},{"type":"Feature","properties":{"GEOID":"420035605002009","NAME":"Block 2009, Block Group 2, Census Tract 5605, Allegheny County, Pennsylvania","housing_units":54,"pop":95},"geometry":{"type":"Polygon","coordinates":[[[-79.88996028900146,40.437246673179374],[-79.88985300064087,40.436969032088705],[-79.8896813392639,40.43678938136028],[-79.88946676254272,40.43659339819998],[-79.88914489746094,40.436658725983555],[-79.8882222175598,40.43687104084181],[-79.88792181015013,40.436920036483116],[-79.88796472549438,40.437067023192796],[-79.88813638687134,40.43750798139383],[-79.8882007598877,40.43763863512021],[-79.8885655403137,40.437589640002564],[-79.88961696624754,40.43732833210549],[-79.88996028900146,40.437246673179374]]]}},{"type":"Feature","properties":{"GEOID":"420035605002010","NAME":"Block 2010, Block Group 2, Census Tract 5605, Allegheny County, Pennsylvania","housing_units":34,"pop":38},"geometry":{"type":"Polygon","coordinates":[[[-79.89099025726318,40.4370833550296],[-79.8907971382141,40.436511738381256],[-79.88974571228026,40.43554814503029],[-79.88957405090332,40.43561347382945],[-79.8895525932312,40.435597141635604],[-79.8886728286743,40.43589112051775],[-79.88875865936278,40.43597278109025],[-79.88899469375609,40.43618509811456],[-79.88910198211669,40.43626675832999],[-79.88916635513306,40.436332086430944],[-79.88938093185423,40.43652807035293],[-79.88946676254272,40.43659339819998],[-79.8896813392639,40.43678938136028],[-79.88985300064087,40.436969032088705],[-79.88996028900146,40.437246673179374],[-79.89006757736205,40.43723034138224],[-79.89019632339478,40.43719767777609],[-79.89043235778807,40.43714868233711],[-79.89051818847656,40.43713235051618],[-79.89088296890259,40.43709968686242],[-79.89099025726318,40.4370833550296]]]}},{"type":"Feature","properties":{"GEOID":"420035605002011","NAME":"Block 2011, Block Group 2, Census Tract 5605, Allegheny County, Pennsylvania","housing_units":10,"pop":17},"geometry":{"type":"Polygon","coordinates":[[[-79.89066839218138,40.437720293570266],[-79.89049673080444,40.43726300497253],[-79.89043235778807,40.43714868233711],[-79.89019632339478,40.43719767777609],[-79.89006757736205,40.43723034138224],[-79.88996028900146,40.437246673179374],[-79.89000320434569,40.437360995648156],[-79.89015340805054,40.4377039618882],[-79.89019632339478,40.437834615233726],[-79.89028215408325,40.437801951921145],[-79.89058256149292,40.43773662524837],[-79.89066839218138,40.437720293570266]]]}},{"type":"Feature","properties":{"GEOID":"420035605002012","NAME":"Block 2012, Block Group 2, Census Tract 5605, Allegheny County, Pennsylvania","housing_units":9,"pop":24},"geometry":{"type":"Polygon","coordinates":[[[-79.89105463027953,40.43750798139383],[-79.89099025726318,40.43719767777609],[-79.89099025726318,40.4370833550296],[-79.89088296890259,40.43709968686242],[-79.89051818847656,40.43713235051618],[-79.89043235778807,40.43714868233711],[-79.89049673080444,40.43726300497253],[-79.89066839218138,40.437720293570266],[-79.89075422286986,40.43768763020215],[-79.89099025726318,40.43763863512021],[-79.89105463027953,40.437622303418294],[-79.89105463027953,40.43750798139383]]]}},{"type":"Feature","properties":{"GEOID":"420035605002013","NAME":"Block 2013, Block Group 2, Census Tract 5605, Allegheny County, Pennsylvania","housing_units":20,"pop":27},"geometry":{"type":"Polygon","coordinates":[[[-79.89217042922974,40.43794893670279],[-79.8921489715576,40.43786727853043],[-79.89204168319702,40.437622303418294],[-79.89199876785278,40.43754064484923],[-79.89195585250853,40.43740999093242],[-79.89178419113158,40.43703435950731],[-79.89174127578734,40.43690370460664],[-79.8915910720825,40.43695270022415],[-79.89116191864014,40.437050691352034],[-79.89099025726318,40.4370833550296],[-79.89099025726318,40.43719767777609],[-79.89105463027953,40.43750798139383],[-79.89105463027953,40.437622303418294],[-79.89103317260741,40.43773662524837],[-79.89103317260741,40.43778562025891],[-79.89109754562377,40.43821024218784],[-79.89139795303343,40.43814491591178],[-79.89161252975462,40.43807958957226],[-79.89217042922974,40.43794893670279]]]}},{"type":"Feature","properties":{"GEOID":"420035605002014","NAME":"Block 2014, Block Group 2, Census Tract 5605, Allegheny County, Pennsylvania","housing_units":32,"pop":44},"geometry":{"type":"Polygon","coordinates":[[[-79.8932433128357,40.437671298512136],[-79.89320039749146,40.437589640002564],[-79.89309310913086,40.437344663878804],[-79.89305019378664,40.43727933676172],[-79.89296436309816,40.43729566854693],[-79.892578125,40.43739365917497],[-79.89253520965576,40.43739365917497],[-79.89242792129515,40.43742632268591],[-79.89210605621336,40.43750798139383],[-79.89199876785278,40.43754064484923],[-79.89204168319702,40.437622303418294],[-79.8921489715576,40.43786727853043],[-79.89217042922974,40.43794893670279],[-79.89238500595093,40.43788361017284],[-79.892578125,40.43783461523372],[-79.89302873611452,40.437720293570266],[-79.8932433128357,40.437671298512136]]]}},{"type":"Feature","properties":{"GEOID":"420035605002015","NAME":"Block 2015, Block Group 2, Census Tract 5605, Allegheny County, Pennsylvania","housing_units":9,"pop":9},"geometry":{"type":"Polygon","coordinates":[[[-79.89429473876953,40.43740999093242],[-79.8942518234253,40.43732833210549],[-79.8941445350647,40.4370833550296],[-79.89412307739258,40.43700169580594],[-79.894015789032,40.43703435950731],[-79.89369392395021,40.437116018691285],[-79.8935866355896,40.43713235051618],[-79.893479347229,40.43716501415407],[-79.89317893981935,40.437246673179374],[-79.89305019378664,40.43727933676172],[-79.89309310913086,40.437344663878804],[-79.89320039749146,40.437589640002564],[-79.8932433128357,40.437671298512136],[-79.89408016204835,40.43745898618097],[-79.89429473876953,40.43740999093242]]]}},{"type":"Feature","properties":{"GEOID":"420035605002016","NAME":"Block 2016, Block Group 2, Census Tract 5605, Allegheny County, Pennsylvania","housing_units":23,"pop":40},"geometry":{"type":"Polygon","coordinates":[[[-79.89502086703898,40.43721488044607],[-79.89501,40.437137],[-79.894977,40.436879],[-79.894966,40.436793],[-79.89496854291657,40.43678226324114],[-79.89463806152344,40.43687104084181],[-79.89453077316284,40.436887372726204],[-79.89423036575317,40.436969032088705],[-79.89412307739258,40.43700169580594],[-79.8941445350647,40.4370833550296],[-79.8942518234253,40.43732833210549],[-79.89429473876953,40.43740999093242],[-79.89444494247438,40.437360995648156],[-79.89502086703898,40.43721488044607]]]}},{"type":"Feature","properties":{"GEOID":"420035605002017","NAME":"Block 2017, Block Group 2, Census Tract 5605, Allegheny County, Pennsylvania","housing_units":13,"pop":31},"geometry":{"type":"Polygon","coordinates":[[[-79.88946676254272,40.43659339819998],[-79.88938093185423,40.43652807035293],[-79.88916635513306,40.436332086430944],[-79.88910198211669,40.43626675832999],[-79.88884449005127,40.436332086430944],[-79.88805055618285,40.436511738381256],[-79.88779306411743,40.43657706624417],[-79.88781452178955,40.436642394043616],[-79.88790035247801,40.43685470895343],[-79.88792181015013,40.436920036483116],[-79.8882222175598,40.43687104084181],[-79.88914489746094,40.436658725983555],[-79.88946676254272,40.43659339819998]]]}},{"type":"Feature","properties":{"GEOID":"420035605002018","NAME":"Block 2018, Block Group 2, Census Tract 5605, Allegheny County, Pennsylvania","housing_units":9,"pop":23},"geometry":{"type":"Polygon","coordinates":[[[-79.88910198211669,40.43626675832999],[-79.88899469375609,40.43618509811456],[-79.88875865936278,40.43597278109025],[-79.8886728286743,40.43589112051775],[-79.88860845565794,40.43592378475865],[-79.88772869110106,40.436217762212635],[-79.88764286041258,40.43625042629484],[-79.88772869110106,40.43643007846335],[-79.88779306411743,40.43657706624417],[-79.88805055618285,40.436511738381256],[-79.88884449005127,40.436332086430944],[-79.88910198211669,40.43626675832999]]]}},{"type":"Feature","properties":{"GEOID":"420035605002019","NAME":"Block 2019, Block Group 2, Census Tract 5605, Allegheny County, Pennsylvania","housing_units":8,"pop":19},"geometry":{"type":"Polygon","coordinates":[[[-79.8935866355896,40.43713235051618],[-79.89354372024536,40.43700169580594],[-79.8933506011963,40.43656073428439],[-79.89330768585206,40.436511738381256],[-79.89322185516357,40.43652807035293],[-79.89289999008179,40.43660973015183],[-79.89279270172119,40.436642394043616],[-79.89283561706544,40.43675671753991],[-79.8930072784424,40.43714868233711],[-79.89305019378664,40.43727933676172],[-79.89317893981935,40.437246673179374],[-79.893479347229,40.43716501415407],[-79.8935866355896,40.43713235051618]]]}},{"type":"Feature","properties":{"GEOID":"420035605002020","NAME":"Block 2020, Block Group 2, Census Tract 5605, Allegheny County, Pennsylvania","housing_units":40,"pop":70},"geometry":{"type":"Polygon","coordinates":[[[-79.89305019378664,40.43727933676172],[-79.8930072784424,40.43714868233711],[-79.89283561706544,40.43675671753991],[-79.89279270172119,40.436642394043616],[-79.89268541336061,40.436658725983555],[-79.892578125,40.43669138985154],[-79.89236354827881,40.436740385623764],[-79.8922562599182,40.43677304945208],[-79.89229917526244,40.43682204516479],[-79.89247083663939,40.43727933676172],[-79.89253520965576,40.43739365917497],[-79.892578125,40.43739365917497],[-79.89296436309816,40.43729566854693],[-79.89305019378664,40.43727933676172]]]}},{"type":"Feature","properties":{"GEOID":"420035605002021","NAME":"Block 2021, Block Group 2, Census Tract 5605, Allegheny County, Pennsylvania","housing_units":14,"pop":18},"geometry":{"type":"Polygon","coordinates":[[[-79.89253520965576,40.43739365917497],[-79.89247083663939,40.43727933676172],[-79.89229917526244,40.43682204516479],[-79.8922562599182,40.43677304945208],[-79.8921489715576,40.43680571326452],[-79.89182710647582,40.436887372726204],[-79.89174127578734,40.43690370460664],[-79.89178419113158,40.43703435950731],[-79.89195585250853,40.43740999093242],[-79.89199876785278,40.43754064484923],[-79.89210605621336,40.43750798139383],[-79.89242792129515,40.43742632268591],[-79.89253520965576,40.43739365917497]]]}},{"type":"Feature","properties":{"GEOID":"420035605002022","NAME":"Block 2022, Block Group 2, Census Tract 5605, Allegheny County, Pennsylvania","housing_units":14,"pop":35},"geometry":{"type":"Polygon","coordinates":[[[-79.8922562599182,40.43677304945208],[-79.89193439483641,40.436070773646314],[-79.89176273345946,40.43584212412666],[-79.89161252975462,40.43562980601932],[-79.89150524139404,40.43566247038717],[-79.89120483398438,40.43579312769986],[-79.89111900329588,40.435825791988364],[-79.89141941070555,40.43625042629484],[-79.89174127578734,40.43690370460664],[-79.89182710647582,40.436887372726204],[-79.8921489715576,40.43680571326452],[-79.8922562599182,40.43677304945208]]]}},{"type":"Feature","properties":{"GEOID":"420035605002023","NAME":"Block 2023, Block Group 2, Census Tract 5605, Allegheny County, Pennsylvania","housing_units":42,"pop":75},"geometry":{"type":"Polygon","coordinates":[[[-79.89174127578734,40.43690370460664],[-79.89141941070555,40.43625042629484],[-79.89111900329588,40.435825791988364],[-79.8906898498535,40.43523783236744],[-79.89064693450928,40.435172503203304],[-79.8905611038208,40.43520516779331],[-79.88996028900146,40.43546648394207],[-79.88974571228026,40.43554814503029],[-79.8907971382141,40.436511738381256],[-79.89099025726318,40.4370833550296],[-79.89116191864014,40.437050691352034],[-79.8915910720825,40.43695270022415],[-79.89174127578734,40.43690370460664]]]}},{"type":"Feature","properties":{"GEOID":"420035605002024","NAME":"Block 2024, Block Group 2, Census Tract 5605, Allegheny County, Pennsylvania","housing_units":8,"pop":15,"merged_road_artifact_geoids":["420035161001007"]},"geometry":{"type":"Polygon","coordinates":[[[-79.89161252975462,40.43562980601932],[-79.89154815673828,40.43554814503029],[-79.89118337631226,40.435041844684605],[-79.89111900329588,40.43497651533004],[-79.89108053186742,40.4349081900455],[-79.890982,40.434942],[-79.890676,40.435046],[-79.89058511401969,40.43507839500288],[-79.89064693450928,40.435172503203304],[-79.8906898498535,40.43523783236744],[-79.89111900329588,40.435825791988364],[-79.89120483398438,40.43579312769986],[-79.89150524139404,40.43566247038717],[-79.89161252975462,40.43562980601932]]]}},{"type":"Feature","properties":{"GEOID":"420035605002025","NAME":"Block 2025, Block Group 2, Census Tract 5605, Allegheny County, Pennsylvania","housing_units":7,"pop":14,"merged_road_artifact_geoids":["420035161001006"]},"geometry":{"type":"Polygon","coordinates":[[[-79.89208459854125,40.43541748724154],[-79.89197731018066,40.43527049692571],[-79.891676902771,40.434845856430506],[-79.89161252975462,40.43476419448936],[-79.89157351577697,40.434709372253984],[-79.891572,40.43471],[-79.891474,40.434749],[-79.891181,40.434867],[-79.891084,40.434907],[-79.89108053186742,40.4349081900455],[-79.89111900329588,40.43497651533004],[-79.89118337631226,40.435041844684605],[-79.89154815673828,40.43554814503029],[-79.89161252975462,40.43562980601932],[-79.89169836044312,40.43558080943781],[-79.89199876785278,40.43545015171253],[-79.89208459854125,40.43541748724154]]]}},{"type":"Feature","properties":{"GEOID":"420035605002026","NAME":"Block 2026, Block Group 2, Census Tract 5605, Allegheny County, Pennsylvania","housing_units":14,"pop":38},"geometry":{"type":"Polygon","coordinates":[[[-79.89279270172119,40.436642394043616],[-79.89257812499999,40.43611976987079],[-79.89240646362303,40.43584212412666],[-79.8922562599182,40.43564613820523],[-79.89208459854125,40.43541748724154],[-79.89199876785278,40.43545015171253],[-79.89169836044312,40.43558080943781],[-79.89161252975462,40.43562980601932],[-79.89176273345946,40.43584212412666],[-79.89193439483641,40.436070773646314],[-79.8922562599182,40.43677304945208],[-79.89236354827881,40.436740385623764],[-79.89257812499999,40.43669138985154],[-79.89268541336061,40.436658725983555],[-79.89279270172119,40.436642394043616]]]}},{"type":"Feature","properties":{"GEOID":"420035605002027","NAME":"Block 2027, Block Group 2, Census Tract 5605, Allegheny County, Pennsylvania","housing_units":16,"pop":36},"geometry":{"type":"Polygon","coordinates":[[[-79.89330768585206,40.436511738381256],[-79.89309310913086,40.43595644898369],[-79.89302873611452,40.43584212412666],[-79.89257812499999,40.43520516779331],[-79.89247083663939,40.43525416464856],[-79.89219188690186,40.4353684905053],[-79.89208459854125,40.43541748724154],[-79.8922562599182,40.43564613820523],[-79.89240646362303,40.43584212412666],[-79.89257812499999,40.43611976987079],[-79.89279270172119,40.436642394043616],[-79.89289999008179,40.43660973015183],[-79.89322185516357,40.43652807035293],[-79.89330768585206,40.436511738381256]]]}},{"type":"Feature","properties":{"GEOID":"420035605002028","NAME":"Block 2028, Block Group 2, Census Tract 5605, Allegheny County, Pennsylvania","housing_units":14,"pop":21},"geometry":{"type":"Polygon","coordinates":[[[-79.89384412765504,40.43636475045762],[-79.89356517791748,40.43569513473915],[-79.8932433128357,40.43525416464856],[-79.89307165145874,40.435009180015264],[-79.89296436309816,40.435041844684605],[-79.89266395568849,40.435172503203304],[-79.892578125,40.43520516779331],[-79.89302873611452,40.43584212412666],[-79.89309310913086,40.43595644898369],[-79.89330768585206,40.436511738381256],[-79.89341497421265,40.436479074425996],[-79.89373683929445,40.43639741446841],[-79.89384412765504,40.43636475045762]]]}},{"type":"Feature","properties":{"GEOID":"420035605002029","NAME":"Block 2029, Block Group 2, Census Tract 5605, Allegheny County, Pennsylvania","housing_units":7,"pop":19},"geometry":{"type":"Polygon","coordinates":[[[-79.89412307739258,40.43700169580594],[-79.89405870437623,40.43687104084181],[-79.89390850067139,40.43649540640561],[-79.89384412765504,40.43636475045762],[-79.89373683929445,40.43639741446841],[-79.89341497421265,40.436479074425996],[-79.89330768585206,40.436511738381256],[-79.8933506011963,40.43656073428439],[-79.89354372024536,40.43700169580594],[-79.8935866355896,40.43713235051618],[-79.89369392395021,40.437116018691285],[-79.894015789032,40.43703435950731],[-79.89412307739258,40.43700169580594]]]}},{"type":"Feature","properties":{"GEOID":"420035605002030","NAME":"Block 2030, Block Group 2, Census Tract 5605, Allegheny County, Pennsylvania","housing_units":6,"pop":5},"geometry":{"type":"Polygon","coordinates":[[[-79.89463806152344,40.43687104084181],[-79.8945951461792,40.436740385623764],[-79.89442348480226,40.43636475045762],[-79.89438056945802,40.436234094255724],[-79.89427328109741,40.43626675832999],[-79.89395141601562,40.436348418446265],[-79.89384412765504,40.43636475045762],[-79.89390850067139,40.43649540640561],[-79.89405870437623,40.43687104084181],[-79.89412307739258,40.43700169580594],[-79.89423036575317,40.436969032088705],[-79.89453077316284,40.436887372726204],[-79.89463806152344,40.43687104084181]]]}},{"type":"Feature","properties":{"GEOID":"420035605002031","NAME":"Block 2031, Block Group 2, Census Tract 5605, Allegheny County, Pennsylvania","housing_units":11,"pop":17,"merged_road_artifact_geoids":["420035605002032"]},"geometry":{"type":"Polygon","coordinates":[[[-79.89530437546004,40.43600501673633],[-79.89530324935913,40.436005445291464],[-79.89491701126099,40.43610343779993],[-79.89480972290039,40.43611976987079],[-79.8944878578186,40.436201430165575],[-79.89438056945802,40.436234094255724],[-79.89442348480226,40.43636475045762],[-79.8945951461792,40.436740385623764],[-79.89463806152344,40.43687104084181],[-79.89496854291657,40.43678226324114],[-79.894984,40.436717],[-79.895039,40.436493],[-79.89505455429908,40.436431601451005],[-79.895058,40.436418],[-79.895107,40.436334],[-79.895258,40.436082],[-79.89530437546004,40.43600501673633]]]}},{"type":"Feature","properties":{"GEOID":"420035605002033","NAME":"Block 2033, Block Group 2, Census Tract 5605, Allegheny County, Pennsylvania","housing_units":16,"pop":37},"geometry":{"type":"Polygon","coordinates":[[[-79.89537773025349,40.435863970193495],[-79.89508867263795,40.435172503203304],[-79.89450931549072,40.43438854828268],[-79.89442348480226,40.43442121325353],[-79.8941445350647,40.43455187297823],[-79.89403724670412,40.434584537869725],[-79.8942518234253,40.43487852117919],[-79.8945951461792,40.43533582599464],[-79.89491701126099,40.43610343779993],[-79.89530324935913,40.436005445291464],[-79.89530437546004,40.43600501673633],[-79.895308,40.435999],[-79.895322,40.43597],[-79.895367,40.435884],[-79.89537773025349,40.435863970193495]]]}},{"type":"Feature","properties":{"GEOID":"420035605002034","NAME":"Block 2034, Block Group 2, Census Tract 5605, Allegheny County, Pennsylvania","housing_units":15,"pop":23},"geometry":{"type":"Polygon","coordinates":[[[-79.89491701126099,40.43610343779993],[-79.8945951461792,40.43533582599464],[-79.8942518234253,40.43487852117919],[-79.89403724670412,40.434584537869725],[-79.89395141601562,40.43463353517724],[-79.89365100860597,40.43476419448936],[-79.89354372024536,40.43479685927772],[-79.89375829696655,40.43507450933808],[-79.89410161972046,40.43558080943781],[-79.89438056945802,40.436234094255724],[-79.8944878578186,40.436201430165575],[-79.89480972290039,40.43611976987079],[-79.89491701126099,40.43610343779993]]]}},{"type":"Feature","properties":{"GEOID":"420035605002035","NAME":"Block 2035, Block Group 2, Census Tract 5605, Allegheny County, Pennsylvania","housing_units":13,"pop":16},"geometry":{"type":"Polygon","coordinates":[[[-79.89438056945802,40.436234094255724],[-79.89410161972046,40.43558080943781],[-79.89375829696655,40.43507450933808],[-79.89354372024536,40.43479685927772],[-79.89345788955688,40.434845856430506],[-79.89315748214723,40.43496018298149],[-79.89307165145874,40.435009180015264],[-79.8932433128357,40.43525416464856],[-79.89356517791748,40.43569513473915],[-79.89384412765504,40.43636475045762],[-79.89395141601562,40.436348418446265],[-79.89427328109741,40.43626675832999],[-79.89438056945802,40.436234094255724]]]}},{"type":"Feature","properties":{"GEOID":"420035605002036","NAME":"Block 2036, Block Group 2, Census Tract 5605, Allegheny County, Pennsylvania","housing_units":7,"pop":11,"merged_road_artifact_geoids":["420035161001010"]},"geometry":{"type":"Polygon","coordinates":[[[-79.89354372024536,40.43479685927772],[-79.89345788955688,40.43466620002906],[-79.89315748214723,40.434274220759754],[-79.89307165145874,40.43415989304244],[-79.89326477050781,40.4340782302682],[-79.89331959749286,40.43405546750238],[-79.893171,40.434105],[-79.893068,40.434141],[-79.892969,40.43418],[-79.892673,40.434298],[-79.892578125,40.43433672448979],[-79.89257658504818,40.434337353041556],[-79.892578125,40.43433955079665],[-79.89259958267212,40.434355883295964],[-79.89266395568849,40.43447021068005],[-79.89296436309816,40.43487852117919],[-79.89307165145874,40.435009180015264],[-79.89315748214723,40.43496018298149],[-79.89345788955688,40.434845856430506],[-79.89354372024536,40.43479685927772]]]}},{"type":"Feature","properties":{"GEOID":"420035605002037","NAME":"Block 2037, Block Group 2, Census Tract 5605, Allegheny County, Pennsylvania","housing_units":14,"pop":36,"merged_road_artifact_geoids":["420035161001009"]},"geometry":{"type":"Polygon","coordinates":[[[-79.89307165145874,40.435009180015264],[-79.89296436309816,40.43487852117919],[-79.89266395568849,40.43447021068005],[-79.89259958267212,40.434355883295964],[-79.892578125,40.43433955079665],[-79.89257658504816,40.43433735304156],[-79.892575,40.434338],[-79.892474,40.434372],[-79.89217,40.434476],[-79.89207,40.434511],[-79.89197,40.43455],[-79.891671,40.434669],[-79.89157351577697,40.434709372253984],[-79.89161252975462,40.43476419448936],[-79.89169836044312,40.43473152968512],[-79.89206314086913,40.434584537869725],[-79.89210605621336,40.43456820542597],[-79.89217042922974,40.434649867605145],[-79.89247083663939,40.43507450933808],[-79.892578125,40.43520516779331],[-79.89266395568849,40.435172503203304],[-79.89296436309816,40.435041844684605],[-79.89307165145874,40.435009180015264]]]}},{"type":"Feature","properties":{"GEOID":"420035605002038","NAME":"Block 2038, Block Group 2, Census Tract 5605, Allegheny County, Pennsylvania","housing_units":7,"pop":13},"geometry":{"type":"Polygon","coordinates":[[[-79.89257812499999,40.43520516779331],[-79.89247083663939,40.43507450933808],[-79.89217042922974,40.434649867605145],[-79.89210605621336,40.43456820542597],[-79.89206314086913,40.434584537869725],[-79.89169836044312,40.43473152968512],[-79.89161252975462,40.43476419448936],[-79.891676902771,40.434845856430506],[-79.89197731018066,40.43527049692571],[-79.89208459854125,40.43541748724154],[-79.89219188690186,40.4353684905053],[-79.89247083663939,40.43525416464856],[-79.89257812499999,40.43520516779331]]]}},{"type":"Feature","properties":{"GEOID":"420035605002039","NAME":"Block 2039, Block Group 2, Census Tract 5605, Allegheny County, Pennsylvania","housing_units":15,"pop":27,"merged_road_artifact_geoids":["420035154013000"]},"geometry":{"type":"Polygon","coordinates":[[[-79.8954447,40.4347457],[-79.89510561280592,40.43428769929997],[-79.89509906601062,40.43429058637605],[-79.89502309632744,40.434186502035516],[-79.89501718259203,40.43417839244017],[-79.89491701126099,40.43420889065938],[-79.89489555358887,40.434225223190424],[-79.89450931549072,40.43438854828268],[-79.89508867263795,40.435172503203304],[-79.89537773025349,40.435863970193495],[-79.895382,40.435856],[-79.895393,40.435634],[-79.895427,40.434969],[-79.89544375239934,40.43475765475855],[-79.8954447,40.4347457]]]}},{"type":"Feature","properties":{"GEOID":"420035605002040","NAME":"Block 2040, Block Group 2, Census Tract 5605, Allegheny County, Pennsylvania","housing_units":10,"pop":19,"merged_road_artifact_geoids":["420035161001029"]},"geometry":{"type":"Polygon","coordinates":[[[-79.89510561280592,40.43428769929997],[-79.8950663,40.4342346],[-79.8950283,40.4341832],[-79.8949966,40.4341395],[-79.894304,40.4331855],[-79.89395290222726,40.43333884089472],[-79.89406080527776,40.433572654415684],[-79.8939606784743,40.433610890132805],[-79.89405870437623,40.433735245533384],[-79.89438056945802,40.43419255812436],[-79.89450931549072,40.43438854828268],[-79.89489555358887,40.434225223190424],[-79.89491701126099,40.43420889065938],[-79.89501718259203,40.43417839244017],[-79.89502309632744,40.434186502035516],[-79.89509906601062,40.43429058637605],[-79.89510561280592,40.43428769929997]]]}},{"type":"Feature","properties":{"GEOID":"420035605002041","NAME":"Block 2041, Block Group 2, Census Tract 5605, Allegheny County, Pennsylvania","housing_units":7,"pop":10,"merged_road_artifact_geoids":["420035161001030"]},"geometry":{"type":"Polygon","coordinates":[[[-79.89450931549072,40.43438854828268],[-79.89438056945802,40.43419255812436],[-79.89405870437623,40.433735245533384],[-79.8939606784743,40.433610890132805],[-79.89406080527776,40.433572654415684],[-79.89395290222726,40.43333884089472],[-79.893806,40.433403],[-79.893762,40.433515],[-79.89368413652946,40.43371649401918],[-79.893631,40.433854],[-79.89360051082085,40.43393412272659],[-79.893588,40.433967],[-79.89358101156395,40.43396926292215],[-79.89367246627809,40.434094562830985],[-79.89395141601562,40.43447021068005],[-79.89403724670412,40.434584537869725],[-79.8941445350647,40.43455187297823],[-79.89442348480226,40.43442121325353],[-79.89450931549072,40.43438854828268]]]}},{"type":"Feature","properties":{"GEOID":"420035605002042","NAME":"Block 2042, Block Group 2, Census Tract 5605, Allegheny County, Pennsylvania","housing_units":8,"pop":12},"geometry":{"type":"Polygon","coordinates":[[[-79.89403724670412,40.434584537869725],[-79.89395141601562,40.43447021068005],[-79.89367246627809,40.434094562830985],[-79.89358101156395,40.43396926292215],[-79.893483,40.434001],[-79.89331959749286,40.43405546750238],[-79.89326477050781,40.4340782302682],[-79.89307165145874,40.43415989304244],[-79.89315748214723,40.434274220759754],[-79.89345788955688,40.43466620002906],[-79.89354372024536,40.43479685927772],[-79.89365100860597,40.43476419448936],[-79.89395141601562,40.43463353517724],[-79.89403724670412,40.434584537869725]]]}},{"type":"Feature","properties":{"GEOID":"420035614001000","NAME":"Block 1000, Block Group 1, Census Tract 5614, Allegheny County, Pennsylvania","housing_units":8,"pop":11,"merged_road_artifact_geoids":["420035232003006"]},"geometry":{"type":"Polygon","coordinates":[[[-79.8573875427246,40.456907278987686],[-79.8571729660034,40.45666237326523],[-79.8570442199707,40.45648277516806],[-79.85702276229858,40.45646644804452],[-79.85700130462646,40.456417466650066],[-79.85697984695435,40.45640113951065],[-79.85697984695435,40.45636848521991],[-79.85676527023315,40.45638481236727],[-79.85637903213501,40.45636848521991],[-79.85590696334837,40.45635215806859],[-79.85584259033202,40.456335830913304],[-79.85557339173697,40.456335830913304],[-79.85559273958796,40.45575531396598],[-79.85535427590277,40.45579030269076],[-79.855377,40.45633],[-79.855466,40.456593],[-79.855487,40.456826],[-79.85554230539486,40.45744238754604],[-79.8555425753696,40.45744539645805],[-79.855549,40.457517],[-79.856392,40.457492],[-79.856905,40.457477],[-79.85691514030279,40.457506477624385],[-79.85695773049933,40.45749188529434],[-79.85694260730489,40.45744174984914],[-79.85702276229858,40.45738076085308],[-79.85713005065918,40.45728279936158],[-79.8571515083313,40.45726647243246],[-79.85732316970825,40.45707054897335],[-79.8573875427246,40.456907278987686]]]}},{"type":"Feature","properties":{"GEOID":"420035614001002","NAME":"Block 1002, Block Group 1, Census Tract 5614, Allegheny County, Pennsylvania","housing_units":25,"pop":60,"merged_road_artifact_geoids":["420035614001001","420035614001004__part2"]},"geometry":{"type":"Polygon","coordinates":[[[-79.85708713531493,40.45447450920294],[-79.8570442199707,40.45354382901186],[-79.8568296432495,40.45354382901186],[-79.8561644554138,40.453560156845604],[-79.85594987869263,40.453560156845604],[-79.8559284210205,40.45349484548684],[-79.85562801361084,40.45289071240882],[-79.85560655593872,40.45282540039938],[-79.85545635223387,40.45289071240882],[-79.8550271987915,40.453102976001105],[-79.85472679138182,40.453200943586786],[-79.85461950302124,40.453217271503846],[-79.85456107161218,40.453219741645896],[-79.854561,40.453223],[-79.85456815161449,40.45358318131115],[-79.85456874247257,40.45361293907251],[-79.854572,40.453777],[-79.854777,40.453779],[-79.855273,40.453787],[-79.855345,40.45557],[-79.85535427590277,40.45579030269076],[-79.85559273958796,40.45575531396598],[-79.85557339173697,40.456335830913304],[-79.85584259033202,40.456335830913304],[-79.85590696334837,40.45635215806859],[-79.85637903213501,40.45636848521991],[-79.85676527023315,40.45638481236727],[-79.85697984695435,40.45636848521991],[-79.85695838928223,40.456335830913304],[-79.85700130462646,40.456090923107865],[-79.85708713531493,40.45468676779216],[-79.85708713531493,40.45447450920294]]]}},{"type":"Feature","properties":{"GEOID":"420035614001003","NAME":"Block 1003, Block Group 1, Census Tract 5614, Allegheny County, Pennsylvania","housing_units":11,"pop":19},"geometry":{"type":"Polygon","coordinates":[[[-79.85721588134764,40.45233555830511],[-79.85687255859374,40.45230290203852],[-79.85674381256102,40.45225391760891],[-79.85652923583983,40.45236821455581],[-79.8558211326599,40.4527111042301],[-79.85560655593872,40.45282540039938],[-79.85562801361084,40.45289071240882],[-79.8559284210205,40.45349484548684],[-79.85594987869263,40.453560156845604],[-79.8561644554138,40.453560156845604],[-79.8568296432495,40.45354382901186],[-79.8570442199707,40.45354382901186],[-79.85706567764281,40.45346218978364],[-79.8571729660034,40.45258047979859],[-79.85721588134764,40.45233555830511]]]}},{"type":"Feature","properties":{"GEOID":"420035614001004","NAME":"Block 1004, Block Group 1, Census Tract 5614, Allegheny County, Pennsylvania","housing_units":11,"pop":24,"original_geoid":"420035614001004","split_part":1,"split_part_count":2},"geometry":{"type":"Polygon","coordinates":[[[-79.85513448715209,40.45158446015869],[-79.85451221466063,40.451323206661634],[-79.85437201153762,40.45126986231776],[-79.854372,40.45127],[-79.854411,40.451569],[-79.854531,40.452468],[-79.854571,40.452768],[-79.854569,40.452859],[-79.854563,40.453132],[-79.85456107161218,40.453219741645896],[-79.85461950302124,40.453217271503846],[-79.85472679138182,40.453200943586786],[-79.85487699508666,40.4531519598118],[-79.85483407974242,40.45307032010748],[-79.8548126220703,40.45200899492518],[-79.85507011413573,40.45163344507632],[-79.85513448715209,40.45158446015869]]]}},{"type":"Feature","properties":{"GEOID":"420035614001005","NAME":"Block 1005, Block Group 1, Census Tract 5614, Allegheny County, Pennsylvania","housing_units":15,"pop":29},"geometry":{"type":"Polygon","coordinates":[[[-79.85674381256102,40.45225391760891],[-79.85637903213501,40.45210696410579],[-79.85622882843016,40.45202532313186],[-79.85610008239746,40.4519763384999],[-79.8558211326599,40.45187836912885],[-79.85532760620117,40.45166610166823],[-79.85513448715209,40.45158446015869],[-79.85507011413573,40.45163344507632],[-79.8548126220703,40.45200899492518],[-79.85483407974242,40.45307032010748],[-79.85487699508666,40.4531519598118],[-79.8550271987915,40.453102976001105],[-79.85545635223387,40.45289071240882],[-79.85560655593872,40.45282540039938],[-79.8558211326599,40.4527111042301],[-79.85652923583983,40.45236821455581],[-79.85674381256102,40.45225391760891]]]}},{"type":"Feature","properties":{"GEOID":"420035614001006","NAME":"Block 1006, Block Group 1, Census Tract 5614, Allegheny County, Pennsylvania","housing_units":28,"pop":40},"geometry":{"type":"Polygon","coordinates":[[[-79.85755920410155,40.44972300682982],[-79.8569369316101,40.44972300682982],[-79.85644340515137,40.44970667806372],[-79.8561644554138,40.44970667806372],[-79.85620737075804,40.449820979343116],[-79.85620737075804,40.44998426654788],[-79.85607862472534,40.45093132451164],[-79.8560357093811,40.45137219176969],[-79.85601425170898,40.45156813184488],[-79.85610008239746,40.4519763384999],[-79.85622882843016,40.45202532313186],[-79.85637903213501,40.45210696410579],[-79.85674381256102,40.45225391760891],[-79.85687255859374,40.45230290203852],[-79.85721588134764,40.45233555830511],[-79.85723733901976,40.45217227681351],[-79.85730171203613,40.45166610166823],[-79.85732316970825,40.45150281854997],[-79.85736608505249,40.451143594293235],[-79.85751628875731,40.45006591000148],[-79.85755920410155,40.44972300682982]]]}},{"type":"Feature","properties":{"GEOID":"420035614001007","NAME":"Block 1007, Block Group 1, Census Tract 5614, Allegheny County, Pennsylvania","housing_units":22,"pop":48},"geometry":{"type":"Polygon","coordinates":[[[-79.85610008239746,40.4519763384999],[-79.85601425170898,40.45156813184488],[-79.8560357093811,40.45137219176969],[-79.85607862472534,40.45093132451164],[-79.8559284210205,40.45073538257968],[-79.85571384429932,40.45057209719995],[-79.85549926757811,40.45049045436131],[-79.8548126220703,40.45040881142348],[-79.85461950302124,40.45040881142348],[-79.85444883757819,40.450365521084585],[-79.85445,40.450377],[-79.854434,40.450555],[-79.854387,40.451091],[-79.85437201153762,40.45126986231776],[-79.85451221466063,40.451323206661634],[-79.85513448715209,40.45158446015869],[-79.85532760620117,40.45166610166823],[-79.8558211326599,40.45187836912885],[-79.85610008239746,40.4519763384999]]]}},{"type":"Feature","properties":{"GEOID":"420035614001008","NAME":"Block 1008, Block Group 1, Census Tract 5614, Allegheny County, Pennsylvania","housing_units":19,"pop":26},"geometry":{"type":"Polygon","coordinates":[[[-79.85620737075804,40.449820979343116],[-79.8561644554138,40.44970667806372],[-79.85588550567626,40.449690349293654],[-79.85498428344727,40.449674020519616],[-79.85474824905394,40.44965769174161],[-79.85459804534912,40.44965769174161],[-79.8543717667274,40.44959507619524],[-79.854386,40.449745],[-79.854434,40.450219],[-79.85444883757819,40.450365521084585],[-79.85461950302124,40.45040881142348],[-79.8548126220703,40.45040881142348],[-79.85549926757811,40.45049045436131],[-79.85571384429932,40.45057209719995],[-79.8559284210205,40.45073538257968],[-79.85607862472534,40.45093132451164],[-79.85620737075804,40.44998426654788],[-79.85620737075804,40.449820979343116]]]}},{"type":"Feature","properties":{"GEOID":"420035614001009","NAME":"Block 1009, Block Group 1, Census Tract 5614, Allegheny County, Pennsylvania","housing_units":16,"pop":35},"geometry":{"type":"Polygon","coordinates":[[[-79.85479116439818,40.44809011058087],[-79.85476970672606,40.44773086808182],[-79.85461950302124,40.44709402438701],[-79.85453367233275,40.4471103537879],[-79.85418437508429,40.4471103537879],[-79.85419266211149,40.44734072007889],[-79.854214,40.447611],[-79.854331,40.449093],[-79.854371,40.449587],[-79.8543717667274,40.44959507619524],[-79.85459804534912,40.44965769174161],[-79.85474824905394,40.44965769174161],[-79.85470533370972,40.44936377305912],[-79.85455513000487,40.449037195237594],[-79.85455513000487,40.448677957800975],[-79.85474824905394,40.4482534019911],[-79.85479116439818,40.44809011058087]]]}},{"type":"Feature","properties":{"GEOID":"420035614001010","NAME":"Block 1010, Block Group 1, Census Tract 5614, Allegheny County, Pennsylvania","housing_units":27,"pop":58},"geometry":{"type":"Polygon","coordinates":[[[-79.8577094078064,40.44875960284155],[-79.85700130462646,40.44872694483722],[-79.85678672790527,40.44872694483722],[-79.85607862472534,40.44893922158168],[-79.85579967498778,40.44897187948285],[-79.85556364059447,40.44893922158168],[-79.8551559448242,40.448808589818285],[-79.85455513000487,40.44875960284155],[-79.85455513000487,40.449037195237594],[-79.85470533370972,40.44936377305912],[-79.85474824905394,40.44965769174161],[-79.85498428344727,40.449674020519616],[-79.85588550567626,40.449690349293654],[-79.8561644554138,40.44970667806372],[-79.85644340515137,40.44970667806372],[-79.8569369316101,40.44972300682982],[-79.85755920410155,40.44972300682982],[-79.85766649246216,40.44895555053425],[-79.85768795013428,40.448873905731716],[-79.8577094078064,40.44875960284155]]]}},{"type":"Feature","properties":{"GEOID":"420035614001011","NAME":"Block 1011, Block Group 1, Census Tract 5614, Allegheny County, Pennsylvania","housing_units":54,"pop":114},"geometry":{"type":"Polygon","coordinates":[[[-79.85861063003539,40.44694705960049],[-79.85858917236327,40.44555904298917],[-79.85851894992567,40.44523839683536],[-79.85775684410189,40.44534564839903],[-79.85767633408378,40.44529447941583],[-79.8576358,40.4453004],[-79.8571329,40.4453739],[-79.8564316,40.4454763],[-79.85633392208659,40.44549055870324],[-79.85635595645257,40.4455427879328],[-79.85645929662942,40.44552825159563],[-79.85663652420044,40.44627754928419],[-79.85663652420044,40.44631020847873],[-79.85687255859374,40.44662047003544],[-79.85695838928223,40.44684908289761],[-79.85695838928223,40.44694705960049],[-79.85700130462646,40.44872694483722],[-79.8577094078064,40.44875960284155],[-79.85779523849487,40.44844935115969],[-79.85790252685545,40.44826973111031],[-79.85813856124878,40.44794314797244],[-79.85848188400269,40.4474695996037],[-79.85858917236327,40.447224659483034],[-79.85861063003539,40.44694705960049]]]}},{"type":"Feature","properties":{"GEOID":"420035614001012","NAME":"Block 1012, Block Group 1, Census Tract 5614, Allegheny County, Pennsylvania","housing_units":60,"pop":106},"geometry":{"type":"Polygon","coordinates":[[[-79.85700130462646,40.44872694483722],[-79.85695838928223,40.44694705960049],[-79.85695838928223,40.44684908289761],[-79.85687255859374,40.44662047003544],[-79.85663652420044,40.44631020847873],[-79.85663652420044,40.44627754928419],[-79.85645929662942,40.44552825159563],[-79.85635595645257,40.4455427879328],[-79.85633392208659,40.44549055870324],[-79.8560103,40.4455378],[-79.8553108,40.44564],[-79.85440968779447,40.44577158545306],[-79.85444418321909,40.4458117485965],[-79.85532698050342,40.44568752874702],[-79.85537044539912,40.445681414761175],[-79.85541343688963,40.44573867028299],[-79.85571384429932,40.44694705960049],[-79.85597133636475,40.44789416036489],[-79.85612154006955,40.44818808547461],[-79.85635757446289,40.448433022084124],[-79.8567008972168,40.44862897072901],[-79.85678672790527,40.44872694483722],[-79.85700130462646,40.44872694483722]]]}},{"type":"Feature","properties":{"GEOID":"420035614001013","NAME":"Block 1013, Block Group 1, Census Tract 5614, Allegheny County, Pennsylvania","housing_units":78,"pop":126},"geometry":{"type":"Polygon","coordinates":[[[-79.85678672790527,40.44872694483722],[-79.8567008972168,40.44862897072901],[-79.85635757446289,40.448433022084124],[-79.85612154006955,40.44818808547461],[-79.85597133636475,40.44789416036489],[-79.85571384429932,40.44694705960049],[-79.85541343688963,40.44573867028299],[-79.85537044539912,40.445681414761175],[-79.85532698050342,40.44568752874702],[-79.85444418321909,40.4458117485965],[-79.85440968779447,40.44577158545306],[-79.8539672,40.4458362],[-79.854084,40.446594],[-79.854115,40.446786],[-79.854126,40.446852],[-79.854162,40.44705],[-79.854175,40.447117],[-79.85419266211149,40.44734072007889],[-79.85418437508429,40.4471103537879],[-79.85453367233275,40.4471103537879],[-79.85461950302124,40.44709402438701],[-79.85476970672606,40.44773086808182],[-79.85479116439818,40.44809011058087],[-79.85474824905394,40.4482534019911],[-79.85455513000487,40.448677957800975],[-79.85455513000487,40.44875960284155],[-79.8551559448242,40.448808589818285],[-79.85556364059447,40.44893922158168],[-79.85579967498778,40.44897187948285],[-79.85607862472534,40.44893922158168],[-79.85678672790527,40.44872694483722]]]}},{"type":"Feature","properties":{"GEOID":"420035614002000","NAME":"Block 2000, Block Group 2, Census Tract 5614, Allegheny County, Pennsylvania","housing_units":21,"pop":34,"merged_road_artifact_geoids":["420035232004000"]},"geometry":{"type":"Polygon","coordinates":[[[-79.8601128063841,40.458872004061874],[-79.86011266708373,40.458866492629554],[-79.85996246337889,40.458866492629554],[-79.85961914062499,40.458882819169865],[-79.85876083374022,40.45891547223857],[-79.85869646072388,40.458899145706205],[-79.85867500305176,40.458882819169865],[-79.85854625701904,40.45847465447189],[-79.85843896865843,40.45818077435386],[-79.85837459564208,40.458017507066174],[-79.85833168029785,40.4579195465031],[-79.8581600189209,40.45778893219683],[-79.85755920410155,40.45711952989169],[-79.8573875427246,40.456907278987686],[-79.85732316970825,40.45707054897335],[-79.8571515083313,40.45726647243246],[-79.85713005065918,40.45728279936158],[-79.857280254364,40.45723381856228],[-79.85751628875731,40.4579195465031],[-79.85788106918334,40.45898077832838],[-79.85743045806883,40.45898077832838],[-79.85740258548307,40.45896664003184],[-79.85743298793325,40.45906742828658],[-79.857692,40.459465],[-79.857717,40.459463],[-79.859602,40.459384],[-79.859671,40.459382],[-79.85961914062499,40.45928876752065],[-79.859399,40.458893],[-79.859541,40.458888],[-79.85961914062499,40.45888563210227],[-79.85997,40.458875],[-79.8601128063841,40.458872004061874]]]}},{"type":"Feature","properties":{"GEOID":"420035614002001","NAME":"Block 2001, Block Group 2, Census Tract 5614, Allegheny County, Pennsylvania","housing_units":6,"pop":8},"geometry":{"type":"Polygon","coordinates":[[[-79.86011266708373,40.45878485986851],[-79.8600912094116,40.45852363436658],[-79.8600912094116,40.45844200118892],[-79.85979080200194,40.45844200118892],[-79.85884666442871,40.45845832783239],[-79.85854625701904,40.45847465447189],[-79.85867500305176,40.458882819169865],[-79.85869646072388,40.458899145706205],[-79.85876083374022,40.45891547223857],[-79.85961914062499,40.458882819169865],[-79.85996246337889,40.458866492629554],[-79.86011266708373,40.458866492629554],[-79.86011266708373,40.45878485986851]]]}},{"type":"Feature","properties":{"GEOID":"420035614002002","NAME":"Block 2002, Block Group 2, Census Tract 5614, Allegheny County, Pennsylvania","housing_units":9,"pop":28,"merged_road_artifact_geoids":["420035232004002"]},"geometry":{"type":"Polygon","coordinates":[[[-79.8612928390503,40.458425674541495],[-79.86127138137817,40.45824608115787],[-79.86127138137817,40.45818077435386],[-79.86122846603394,40.45818077435386],[-79.86107826232909,40.45816444764295],[-79.86086368560791,40.45816444764295],[-79.86058473587036,40.45813179420922],[-79.86019849777222,40.45806648729415],[-79.8600912094116,40.45805016055545],[-79.8600912094116,40.45852363436658],[-79.86011266708373,40.45878485986851],[-79.86011266708373,40.458866492629554],[-79.8601128063841,40.458872004061874],[-79.860113,40.458872],[-79.86037,40.458857],[-79.8607,40.458839],[-79.86089538542322,40.458674327335615],[-79.86097679619346,40.45860571357609],[-79.86099669718116,40.45858894083728],[-79.860999,40.458587],[-79.861048,40.45857],[-79.8612928390503,40.458491372825314],[-79.8612928390503,40.458425674541495]]]}},{"type":"Feature","properties":{"GEOID":"420035614002003","NAME":"Block 2003, Block Group 2, Census Tract 5614, Allegheny County, Pennsylvania","housing_units":4,"pop":9},"geometry":{"type":"Polygon","coordinates":[[[-79.86246536207737,40.45848402812679],[-79.86245155334471,40.45844200118892],[-79.86234426498413,40.45831138789836],[-79.86223697662354,40.45824608115787],[-79.86212968826293,40.45821342776381],[-79.86202239990234,40.458197101060826],[-79.86200094223021,40.45818077435386],[-79.86127138137817,40.45818077435386],[-79.86127138137817,40.45824608115787],[-79.8612928390503,40.458425674541495],[-79.8612928390503,40.458491372825314],[-79.861294,40.458491],[-79.861529,40.458489],[-79.862236,40.458485],[-79.86246536207737,40.45848402812679]]]}},{"type":"Feature","properties":{"GEOID":"420035614002004","NAME":"Block 2004, Block Group 2, Census Tract 5614, Allegheny County, Pennsylvania","housing_units":5,"pop":17},"geometry":{"type":"Polygon","coordinates":[[[-79.86393213272095,40.45845832783239],[-79.86391067504883,40.458262407848935],[-79.86391067504883,40.458197101060826],[-79.862322807312,40.45818077435386],[-79.86212968826293,40.45821342776381],[-79.86223697662354,40.45824608115787],[-79.86234426498413,40.45831138789836],[-79.86245155334471,40.45844200118892],[-79.86246536207737,40.45848402812679],[-79.862472,40.458484],[-79.862765,40.458492],[-79.863646,40.458517],[-79.86375006475926,40.45852018565589],[-79.86393213272095,40.458514570659105],[-79.86393213272095,40.45845832783239]]]}},{"type":"Feature","properties":{"GEOID":"420035614002006","NAME":"Block 2006, Block Group 2, Census Tract 5614, Allegheny County, Pennsylvania","housing_units":31,"pop":44,"merged_road_artifact_geoids":["420035614002005"]},"geometry":{"type":"Polygon","coordinates":[[[-79.86636828701648,40.45853272049819],[-79.8662716811084,40.45844241871888],[-79.86530215873653,40.45847231889987],[-79.86414670944212,40.457037895007964],[-79.86391067504883,40.456450120917],[-79.86384630203246,40.456090923107865],[-79.86107826232909,40.45604194143964],[-79.85899686813354,40.456025614208976],[-79.85777378082274,40.456025614208976],[-79.85775232315062,40.45605826866636],[-79.8577094078064,40.456172559142196],[-79.85768795013428,40.456205213528165],[-79.85803127288818,40.456254195077356],[-79.8582887649536,40.45630317659082],[-79.8601770401001,40.456417466650066],[-79.86032724380492,40.456417466650066],[-79.86088514328003,40.456450120917],[-79.86094951629639,40.45646644804452],[-79.8609709739685,40.45638481236727],[-79.86107826232909,40.456254195077356],[-79.8612928390503,40.456172559142196],[-79.86144304275511,40.456172559142196],[-79.86155033111572,40.456205213528165],[-79.86165761947632,40.456254195077356],[-79.8617649078369,40.45636848521991],[-79.86185073852538,40.45767464447054],[-79.86185073852538,40.45818077435386],[-79.86200094223021,40.45818077435386],[-79.86202239990234,40.458197101060826],[-79.86212968826293,40.45821342776381],[-79.862322807312,40.45818077435386],[-79.86391067504883,40.458197101060826],[-79.86391067504883,40.458262407848935],[-79.86393213272095,40.45845832783239],[-79.86393213272095,40.458514570659105],[-79.86375006475926,40.45852018565589],[-79.86394,40.458526],[-79.86422,40.458523],[-79.86506,40.458514],[-79.86534,40.458511],[-79.866104,40.458527],[-79.86636828701648,40.45853272049819]]]}},{"type":"Feature","properties":{"GEOID":"420035614002007","NAME":"Block 2007, Block Group 2, Census Tract 5614, Allegheny County, Pennsylvania","housing_units":22,"pop":39},"geometry":{"type":"Polygon","coordinates":[[[-79.86185073852538,40.45767464447054],[-79.8617649078369,40.45636848521991],[-79.86165761947632,40.456254195077356],[-79.86155033111572,40.456205213528165],[-79.86144304275511,40.456172559142196],[-79.8612928390503,40.456172559142196],[-79.86107826232909,40.456254195077356],[-79.8609709739685,40.45638481236727],[-79.86094951629639,40.45646644804452],[-79.8609709739685,40.456613392013615],[-79.8609709739685,40.45679298976163],[-79.86101388931273,40.457821585797205],[-79.86103534698485,40.45808281402886],[-79.86103534698485,40.45816444764295],[-79.86107826232909,40.45816444764295],[-79.86122846603394,40.45818077435386],[-79.86185073852538,40.45818077435386],[-79.86185073852538,40.45767464447054]]]}},{"type":"Feature","properties":{"GEOID":"420035614002008","NAME":"Block 2008, Block Group 2, Census Tract 5614, Allegheny County, Pennsylvania","housing_units":20,"pop":33},"geometry":{"type":"Polygon","coordinates":[[[-79.86101388931273,40.457821585797205],[-79.8609709739685,40.45679298976163],[-79.8609709739685,40.456613392013615],[-79.86094951629639,40.45646644804452],[-79.86088514328003,40.456450120917],[-79.86032724380492,40.456417466650066],[-79.8601770401001,40.456417466650066],[-79.8601770401001,40.456744008605234],[-79.86021995544434,40.45757668340756],[-79.86060619354248,40.457560356549834],[-79.86060619354248,40.45787056616801],[-79.86094951629639,40.45787056616801],[-79.86101388931273,40.457821585797205]]]}},{"type":"Feature","properties":{"GEOID":"420035614002009","NAME":"Block 2009, Block Group 2, Census Tract 5614, Allegheny County, Pennsylvania","housing_units":0,"pop":0,"merged_road_artifact_geoids":["420035231003016"]},"geometry":{"type":"Polygon","coordinates":[[[-79.868109,40.456707],[-79.86809923884559,40.456704833621345],[-79.867717,40.45662],[-79.866541,40.456359],[-79.866149,40.456272],[-79.865728,40.4561],[-79.86572977919148,40.456090923107865],[-79.86384630203246,40.456090923107865],[-79.86391067504883,40.456450120917],[-79.86414670944212,40.457037895007964],[-79.86530215873653,40.45847231889987],[-79.8662716811084,40.45844241871888],[-79.86636828701648,40.45853272049819],[-79.867028,40.458547],[-79.86710443747926,40.458416736417036],[-79.86753981616938,40.45767477071279],[-79.867721,40.457366],[-79.86810825574383,40.45670826408458],[-79.868109,40.456707]]]}},{"type":"Feature","properties":{"GEOID":"420035614002010","NAME":"Block 2010, Block Group 2, Census Tract 5614, Allegheny County, Pennsylvania","housing_units":0,"pop":0},"geometry":{"type":"Polygon","coordinates":[[[-79.86640738051241,40.45268648034757],[-79.86613759382612,40.4527855481838],[-79.86607308765315,40.4529575935456],[-79.86457586288452,40.4536744515707],[-79.86416816711424,40.45398467913028],[-79.86403942108153,40.45414795621792],[-79.86386775970458,40.45447450920294],[-79.86382484436034,40.45465411266824],[-79.86382484436034,40.45594397799611],[-79.86384630203246,40.456090923107865],[-79.86572977919148,40.456090923107865],[-79.865787,40.455799],[-79.86587379292304,40.45536093031408],[-79.866231,40.453558],[-79.86638,40.452812],[-79.86640738051241,40.45268648034757]]]}},{"type":"Feature","properties":{"GEOID":"420035614002011","NAME":"Block 2011, Block Group 2, Census Tract 5614, Allegheny County, Pennsylvania","housing_units":5,"pop":13},"geometry":{"type":"Polygon","coordinates":[[[-79.86384630203246,40.456090923107865],[-79.86382484436034,40.45594397799611],[-79.86382484436034,40.45584601440972],[-79.86358880996704,40.45582968713144],[-79.86346006393431,40.45578070527278],[-79.86326694488525,40.45563375948256],[-79.86318111419676,40.45560110481887],[-79.86058473587036,40.45558477748107],[-79.8602843284607,40.45565008680846],[-79.86013412475585,40.45565008680846],[-79.85811710357666,40.45529088472227],[-79.85805273056029,40.45543783126236],[-79.85783815383911,40.45587866895439],[-79.85777378082274,40.456025614208976],[-79.85899686813354,40.456025614208976],[-79.86107826232909,40.45604194143964],[-79.86384630203246,40.456090923107865]]]}},{"type":"Feature","properties":{"GEOID":"420035614002012","NAME":"Block 2012, Block Group 2, Census Tract 5614, Allegheny County, Pennsylvania","housing_units":38,"pop":69,"merged_road_artifact_geoids":["420035614002017"]},"geometry":{"type":"Polygon","coordinates":[[[-79.85901832580566,40.45347851763722],[-79.85858917236327,40.4531519598118],[-79.85809564590453,40.453102976001105],[-79.85796689987181,40.45302133623728],[-79.85788106918334,40.45287438441242],[-79.85790252685545,40.452417198902126],[-79.85779523849487,40.45240087079066],[-79.85777378082274,40.45240087079066],[-79.8574948310852,40.45236821455581],[-79.85734462738037,40.452351886432446],[-79.85721588134764,40.45233555830511],[-79.8571729660034,40.45258047979859],[-79.85706567764281,40.45346218978364],[-79.8570442199707,40.45354382901186],[-79.85708713531493,40.45447450920294],[-79.85708713531493,40.45468676779216],[-79.85700130462646,40.456090923107865],[-79.85695838928223,40.456335830913304],[-79.85697984695435,40.45636848521991],[-79.85697984695435,40.45640113951065],[-79.85700130462646,40.456417466650066],[-79.85702276229858,40.45646644804452],[-79.8570442199707,40.45648277516806],[-79.8571729660034,40.45666237326523],[-79.8573875427246,40.456907278987686],[-79.85755920410155,40.45648277516806],[-79.8576235771179,40.456335830913304],[-79.85768795013428,40.456205213528165],[-79.8577094078064,40.456172559142196],[-79.85775232315062,40.45605826866636],[-79.85777378082274,40.456025614208976],[-79.85783815383911,40.45587866895439],[-79.85805273056029,40.45543783126236],[-79.85811710357666,40.45529088472227],[-79.85880374908447,40.45382140164588],[-79.85899686813354,40.45349484548684],[-79.85901832580566,40.45347851763722]]]}},{"type":"Feature","properties":{"GEOID":"420035614002013","NAME":"Block 2013, Block Group 2, Census Tract 5614, Allegheny County, Pennsylvania","housing_units":22,"pop":30},"geometry":{"type":"Polygon","coordinates":[[[-79.86021995544434,40.45757668340756],[-79.8601770401001,40.456744008605234],[-79.8601770401001,40.456417466650066],[-79.8582887649536,40.45630317659082],[-79.85803127288818,40.456254195077356],[-79.85768795013428,40.456205213528165],[-79.8576235771179,40.456335830913304],[-79.85755920410155,40.45648277516806],[-79.8573875427246,40.456907278987686],[-79.85755920410155,40.45684197088231],[-79.85854625701904,40.456776662713466],[-79.85854625701904,40.456727681545175],[-79.85981225967406,40.456711354481136],[-79.85983371734619,40.457593010261306],[-79.86021995544434,40.45757668340756]]]}},{"type":"Feature","properties":{"GEOID":"420035614002014","NAME":"Block 2014, Block Group 2, Census Tract 5614, Allegheny County, Pennsylvania","housing_units":16,"pop":32},"geometry":{"type":"Polygon","coordinates":[[[-79.86021995544434,40.45757668340756],[-79.85983371734619,40.457593010261306],[-79.85981225967406,40.456711354481136],[-79.85854625701904,40.456727681545175],[-79.85854625701904,40.456776662713466],[-79.85755920410155,40.45684197088231],[-79.8573875427246,40.456907278987686],[-79.85755920410155,40.45711952989169],[-79.8581600189209,40.45778893219683],[-79.85833168029785,40.4579195465031],[-79.85858917236327,40.457968526802496],[-79.85949039459229,40.457968526802496],[-79.85985517501831,40.45800118031558],[-79.8600912094116,40.45805016055545],[-79.86019849777222,40.45806648729415],[-79.86021995544434,40.457968526802496],[-79.86021995544434,40.45757668340756]]]}},{"type":"Feature","properties":{"GEOID":"420035614002015","NAME":"Block 2015, Block Group 2, Census Tract 5614, Allegheny County, Pennsylvania","housing_units":8,"pop":20},"geometry":{"type":"Polygon","coordinates":[[[-79.8600912094116,40.45805016055545],[-79.85985517501831,40.45800118031558],[-79.85949039459229,40.457968526802496],[-79.85858917236327,40.457968526802496],[-79.85833168029785,40.4579195465031],[-79.85837459564208,40.458017507066174],[-79.85843896865843,40.45818077435386],[-79.85854625701904,40.45847465447189],[-79.85884666442871,40.45845832783239],[-79.85979080200194,40.45844200118892],[-79.8600912094116,40.45844200118892],[-79.8600912094116,40.45805016055545]]]}},{"type":"Feature","properties":{"GEOID":"420035614002016","NAME":"Block 2016, Block Group 2, Census Tract 5614, Allegheny County, Pennsylvania","housing_units":6,"pop":12},"geometry":{"type":"Polygon","coordinates":[[[-79.85800981521606,40.45155180352711],[-79.85732316970825,40.45150281854997],[-79.85730171203613,40.45166610166823],[-79.85723733901976,40.45217227681351],[-79.85721588134764,40.45233555830511],[-79.85734462738037,40.452351886432446],[-79.8574948310852,40.45236821455581],[-79.85777378082274,40.45240087079066],[-79.85779523849487,40.45240087079066],[-79.85790252685545,40.452417198902126],[-79.85800981521606,40.45155180352711]]]}},{"type":"Feature","properties":{"GEOID":"420035614002018","NAME":"Block 2018, Block Group 2, Census Tract 5614, Allegheny County, Pennsylvania","housing_units":3,"pop":9},"geometry":{"type":"Polygon","coordinates":[[[-79.86103534698485,40.45808281402886],[-79.86101388931273,40.457821585797205],[-79.86094951629639,40.45787056616801],[-79.86060619354248,40.45787056616801],[-79.86060619354248,40.457560356549834],[-79.86021995544434,40.45757668340756],[-79.86021995544434,40.457968526802496],[-79.86019849777222,40.45806648729415],[-79.86058473587036,40.45813179420922],[-79.86086368560791,40.45816444764295],[-79.86103534698485,40.45816444764295],[-79.86103534698485,40.45808281402886]]]}},{"type":"Feature","properties":{"GEOID":"420035614002019","NAME":"Block 2019, Block Group 2, Census Tract 5614, Allegheny County, Pennsylvania","housing_units":9,"pop":11},"geometry":{"type":"Polygon","coordinates":[[[-79.85927581787108,40.453282583132406],[-79.85901832580566,40.45318461566576],[-79.85884666442871,40.45298868030397],[-79.85876083374022,40.4528090723871],[-79.85871791839598,40.452417198902126],[-79.85867500305176,40.45243352700962],[-79.8583960533142,40.45243352700962],[-79.85790252685545,40.452417198902126],[-79.85788106918334,40.45287438441242],[-79.85796689987181,40.45302133623728],[-79.85809564590453,40.453102976001105],[-79.85858917236327,40.4531519598118],[-79.85901832580566,40.45347851763722],[-79.85906124114989,40.45342953406458],[-79.85925436019896,40.453282583132406],[-79.85927581787108,40.453282583132406]]]}},{"type":"Feature","properties":{"GEOID":"420035614002020","NAME":"Block 2020, Block Group 2, Census Tract 5614, Allegheny County, Pennsylvania","housing_units":36,"pop":65},"geometry":{"type":"Polygon","coordinates":[[[-79.86165761947632,40.45143750519158],[-79.86159324645996,40.451421176842054],[-79.86155033111572,40.45140484848857],[-79.86101388931273,40.45124156473551],[-79.86071348190306,40.4511272658723],[-79.86060619354248,40.45109460901853],[-79.86047744750975,40.45125789312866],[-79.86006975173949,40.45173141480445],[-79.85989809036255,40.451862040886446],[-79.85955476760864,40.452090635918935],[-79.85914707183838,40.45230290203852],[-79.85893249511717,40.45238454267522],[-79.85871791839598,40.452417198902126],[-79.85876083374022,40.4528090723871],[-79.85884666442871,40.45298868030397],[-79.85901832580566,40.45318461566576],[-79.85927581787108,40.453282583132406],[-79.85931873321532,40.45324992732606],[-79.86045598983763,40.45251516748761],[-79.86107826232909,40.452090635918935],[-79.86131429672241,40.451845712640086],[-79.86165761947632,40.45143750519158]]]}},{"type":"Feature","properties":{"GEOID":"420035614002021","NAME":"Block 2021, Block Group 2, Census Tract 5614, Allegheny County, Pennsylvania","housing_units":37,"pop":65},"geometry":{"type":"Polygon","coordinates":[[[-79.86298799514769,40.451421176842054],[-79.8627734184265,40.451339535034954],[-79.86273050308228,40.45130687828434],[-79.86204385757443,40.45098030990537],[-79.86165761947632,40.45143750519158],[-79.86131429672241,40.451845712640086],[-79.86107826232909,40.452090635918935],[-79.86045598983763,40.45251516748761],[-79.86047744750975,40.453005008272605],[-79.86049890518188,40.45308664805628],[-79.86049890518188,40.45331523892288],[-79.86086368560791,40.45326625523121],[-79.86112117767333,40.45318461566576],[-79.86193656921387,40.452645792046084],[-79.8621082305908,40.45248251130832],[-79.86298799514769,40.451421176842054]]]}},{"type":"Feature","properties":{"GEOID":"420035614002022","NAME":"Block 2022, Block Group 2, Census Tract 5614, Allegheny County, Pennsylvania","housing_units":41,"pop":62},"geometry":{"type":"Polygon","coordinates":[[[-79.86371755599976,40.45179672787718],[-79.86298799514769,40.451421176842054],[-79.8621082305908,40.45248251130832],[-79.86193656921387,40.452645792046084],[-79.86112117767333,40.45318461566576],[-79.86086368560791,40.45326625523121],[-79.86049890518188,40.45331523892288],[-79.86049890518188,40.45383772941218],[-79.86135721206664,40.45382140164588],[-79.86157178878784,40.45375609054103],[-79.86258029937744,40.453119303941975],[-79.86371755599976,40.45179672787718]]]}},{"type":"Feature","properties":{"GEOID":"420035614002023","NAME":"Block 2023, Block Group 2, Census Tract 5614, Allegheny County, Pennsylvania","housing_units":35,"pop":64},"geometry":{"type":"Polygon","coordinates":[[[-79.86330986022948,40.44893922158168],[-79.86298799514769,40.44884124778292],[-79.8626661300659,40.44875960284155],[-79.86251592636107,40.44875960284155],[-79.86195802688599,40.4487106158291],[-79.86195802688599,40.44947807492172],[-79.86060619354248,40.45109460901853],[-79.86071348190306,40.4511272658723],[-79.86101388931273,40.45124156473551],[-79.86112117767333,40.451274221517856],[-79.862322807312,40.44985363681581],[-79.86320257186888,40.44905352416636],[-79.86330986022948,40.44893922158168]]]}},{"type":"Feature","properties":{"GEOID":"420035614002024","NAME":"Block 2024, Block Group 2, Census Tract 5614, Allegheny County, Pennsylvania","housing_units":24,"pop":25},"geometry":{"type":"Polygon","coordinates":[[[-79.8638892173767,40.449200484346726],[-79.86382484436034,40.44911883984175],[-79.863760471344,40.449102510928846],[-79.86330986022948,40.44893922158168],[-79.86320257186888,40.44905352416636],[-79.862322807312,40.44985363681581],[-79.86112117767333,40.451274221517856],[-79.86155033111572,40.45140484848857],[-79.86159324645996,40.451421176842054],[-79.86165761947632,40.45143750519158],[-79.86204385757443,40.45098030990537],[-79.86283779144286,40.45006591000148],[-79.86371755599976,40.449265799879285],[-79.8638892173767,40.449200484346726]]]}},{"type":"Feature","properties":{"GEOID":"420035614002025","NAME":"Block 2025, Block Group 2, Census Tract 5614, Allegheny County, Pennsylvania","housing_units":11,"pop":28},"geometry":{"type":"Polygon","coordinates":[[[-79.86403942108153,40.4487106158291],[-79.86401796340941,40.4484166930046],[-79.86290216445923,40.4484166930046],[-79.86279487609862,40.44844935115969],[-79.86270904541016,40.44844935115969],[-79.86240863800047,40.448563654577534],[-79.86247301101683,40.448612641697096],[-79.86260175704956,40.448743273841366],[-79.86298799514769,40.44884124778292],[-79.86330986022948,40.44893922158168],[-79.863760471344,40.449102510928846],[-79.86382484436034,40.44911883984175],[-79.8638892173767,40.449200484346726],[-79.86401796340941,40.44916782655663],[-79.86403942108153,40.44908618201199],[-79.86403942108153,40.4487106158291]]]}},{"type":"Feature","properties":{"GEOID":"420035614002026","NAME":"Block 2026, Block Group 2, Census Tract 5614, Allegheny County, Pennsylvania","housing_units":71,"pop":104},"geometry":{"type":"Polygon","coordinates":[[[-79.86195802688599,40.449184155453665],[-79.86182928085326,40.449102510928846],[-79.86157178878784,40.449020866304856],[-79.8609709739685,40.449184155453665],[-79.8607563972473,40.44916782655663],[-79.860520362854,40.44908618201199],[-79.86032724380492,40.448922892625134],[-79.8601770401001,40.4487106158291],[-79.8601770401001,40.448563654577534],[-79.86019849777222,40.44846568023128],[-79.85972642898558,40.44884124778292],[-79.85959768295288,40.448922892625134],[-79.85861063003539,40.44923314212093],[-79.85987663269043,40.45001692394122],[-79.85994100570679,40.450131224692946],[-79.85989809036255,40.45035982561317],[-79.85934019088745,40.45102929526339],[-79.85989809036255,40.451862040886446],[-79.86006975173949,40.45173141480445],[-79.86047744750975,40.45125789312866],[-79.86060619354248,40.45109460901853],[-79.86195802688599,40.44947807492172],[-79.86195802688599,40.449184155453665]]]}},{"type":"Feature","properties":{"GEOID":"420035614002027","NAME":"Block 2027, Block Group 2, Census Tract 5614, Allegheny County, Pennsylvania","housing_units":49,"pop":84},"geometry":{"type":"Polygon","coordinates":[[[-79.85994100570679,40.450131224692946],[-79.85987663269043,40.45001692394122],[-79.85861063003539,40.44923314212093],[-79.8583960533142,40.449102510928846],[-79.85835313796997,40.44908618201199],[-79.8582887649536,40.44905352416636],[-79.85822439193724,40.44913516875068],[-79.85818147659302,40.44951073256104],[-79.85813856124878,40.449543390184495],[-79.8585033416748,40.44970667806372],[-79.85854625701904,40.44975566435013],[-79.85880374908447,40.45052311150867],[-79.85858917236327,40.45086601059781],[-79.8585033416748,40.451486490216325],[-79.85846042633057,40.45155180352711],[-79.85837459564208,40.45158446015869],[-79.85800981521606,40.45155180352711],[-79.85790252685545,40.452417198902126],[-79.8583960533142,40.45243352700962],[-79.85867500305176,40.45243352700962],[-79.85871791839598,40.452417198902126],[-79.85893249511717,40.45238454267522],[-79.85914707183838,40.45230290203852],[-79.85955476760864,40.452090635918935],[-79.85989809036255,40.451862040886446],[-79.85934019088745,40.45102929526339],[-79.85989809036255,40.45035982561317],[-79.85994100570679,40.450131224692946]]]}},{"type":"Feature","properties":{"GEOID":"420035614002028","NAME":"Block 2028, Block Group 2, Census Tract 5614, Allegheny County, Pennsylvania","housing_units":15,"pop":24},"geometry":{"type":"Polygon","coordinates":[[[-79.85880374908447,40.45052311150867],[-79.85854625701904,40.44975566435013],[-79.8585033416748,40.44970667806372],[-79.85813856124878,40.449543390184495],[-79.85811710357666,40.449576047792085],[-79.85805273056029,40.44962503417371],[-79.85796689987181,40.44965769174161],[-79.85803127288818,40.449951609138665],[-79.85809564590453,40.449951609138665],[-79.85813856124878,40.450474125781675],[-79.85800981521606,40.45155180352711],[-79.85837459564208,40.45158446015869],[-79.85846042633057,40.45155180352711],[-79.8585033416748,40.451486490216325],[-79.85858917236327,40.45086601059781],[-79.85880374908447,40.45052311150867]]]}},{"type":"Feature","properties":{"GEOID":"420035614002029","NAME":"Block 2029, Block Group 2, Census Tract 5614, Allegheny County, Pennsylvania","housing_units":9,"pop":10},"geometry":{"type":"Polygon","coordinates":[[[-79.85813856124878,40.450474125781675],[-79.85809564590453,40.449951609138665],[-79.85803127288818,40.449951609138665],[-79.85796689987181,40.44965769174161],[-79.85790252685545,40.449690349293654],[-79.85768795013428,40.44970667806372],[-79.85755920410155,40.44972300682982],[-79.85751628875731,40.45006591000148],[-79.85736608505249,40.451143594293235],[-79.85732316970825,40.45150281854997],[-79.85800981521606,40.45155180352711],[-79.85813856124878,40.450474125781675]]]}},{"type":"Feature","properties":{"GEOID":"420035614003000","NAME":"Block 3000, Block Group 3, Census Tract 5614, Allegheny County, Pennsylvania","housing_units":308,"pop":319,"merged_road_artifact_geoids":["420031306002013"]},"geometry":{"type":"Polygon","coordinates":[[[-79.8675814122458,40.449422937111486],[-79.86755847930908,40.44938010190853],[-79.86749410629272,40.44928212875251],[-79.86742973327635,40.44916782655663],[-79.86738681793211,40.449102510928846],[-79.86672163009642,40.449102510928846],[-79.86416816711424,40.44915149765564],[-79.86401796340941,40.44916782655663],[-79.8638892173767,40.449200484346726],[-79.86371755599976,40.449265799879285],[-79.86283779144286,40.45006591000148],[-79.86204385757443,40.45098030990537],[-79.86273050308228,40.45130687828434],[-79.8627734184265,40.451339535034954],[-79.86298799514769,40.451421176842054],[-79.86371755599976,40.45179672787718],[-79.86258029937744,40.453119303941975],[-79.86157178878784,40.45375609054103],[-79.86135721206664,40.45382140164588],[-79.86049890518188,40.45383772941218],[-79.86049890518188,40.45308664805628],[-79.86047744750975,40.453005008272605],[-79.86045598983763,40.45251516748761],[-79.85931873321532,40.45324992732606],[-79.85927581787108,40.453282583132406],[-79.85925436019896,40.453282583132406],[-79.85906124114989,40.45342953406458],[-79.85901832580566,40.45347851763722],[-79.85899686813354,40.45349484548684],[-79.85880374908447,40.45382140164588],[-79.85811710357666,40.45529088472227],[-79.86013412475585,40.45565008680846],[-79.8602843284607,40.45565008680846],[-79.86058473587036,40.45558477748107],[-79.86318111419676,40.45560110481887],[-79.86326694488525,40.45563375948256],[-79.86346006393431,40.45578070527278],[-79.86358880996704,40.45582968713144],[-79.86382484436034,40.45584601440972],[-79.86382484436034,40.45465411266824],[-79.86386775970458,40.45447450920294],[-79.86403942108153,40.45414795621792],[-79.86416816711424,40.45398467913028],[-79.86457586288452,40.4536744515707],[-79.86607308765315,40.4529575935456],[-79.86613759382612,40.4527855481838],[-79.86640738051241,40.45268648034757],[-79.866469,40.452404],[-79.86673548117706,40.451190914044716],[-79.866737,40.451184],[-79.866827,40.450777],[-79.866852,40.450656],[-79.866871,40.450568],[-79.86696903470444,40.450568],[-79.86739760165361,40.44942496279247],[-79.8675814122458,40.449422937111486]]]}},{"type":"Feature","properties":{"GEOID":"420035614003001","NAME":"Block 3001, Block Group 3, Census Tract 5614, Allegheny County, Pennsylvania","housing_units":25,"pop":23},"geometry":{"type":"Polygon","coordinates":[[[-79.86777305603026,40.448792260830004],[-79.86745119094849,40.448563654577534],[-79.86736536026,40.44851466742226],[-79.86554145812987,40.448563654577534],[-79.86513376235962,40.44840036392111],[-79.86401796340941,40.4484166930046],[-79.86403942108153,40.4487106158291],[-79.86403942108153,40.44908618201199],[-79.86401796340941,40.44916782655663],[-79.86416816711424,40.44915149765564],[-79.86672163009642,40.449102510928846],[-79.86738681793211,40.449102510928846],[-79.86753702163696,40.44898820842749],[-79.86777305603026,40.448792260830004]]]}},{"type":"Feature","properties":{"GEOID":"420035614003002","NAME":"Block 3002, Block Group 3, Census Tract 5614, Allegheny County, Pennsylvania","housing_units":38,"pop":72},"geometry":{"type":"Polygon","coordinates":[[[-79.87049818038939,40.44781251427294],[-79.87045526504515,40.44776352657018],[-79.87034797668457,40.4476982095776],[-79.86974716186522,40.44724098885218],[-79.86777305603026,40.448792260830004],[-79.86753702163696,40.44898820842749],[-79.86738681793211,40.449102510928846],[-79.86755847930908,40.44908618201199],[-79.86818075180054,40.44908618201199],[-79.8693823814392,40.4481390980456],[-79.86944675445555,40.4481390980456],[-79.86989736557005,40.448335047547445],[-79.87024068832396,40.44797580635764],[-79.87049818038939,40.44781251427294]]]}},{"type":"Feature","properties":{"GEOID":"420035614003003","NAME":"Block 3003, Block Group 3, Census Tract 5614, Allegheny County, Pennsylvania","housing_units":13,"pop":28,"original_geoid":"420035614003003","split_part":1,"split_part_count":2},"geometry":{"type":"Polygon","coordinates":[[[-79.87185454917528,40.44996232794887],[-79.87180536698908,40.44954520337988],[-79.87170816972419,40.449399486460095],[-79.87118006056535,40.449383278279065],[-79.87093044940595,40.449386029113896],[-79.87092733383177,40.44938010190853],[-79.8691212039321,40.44938010190853],[-79.86987452662311,40.45013427993713],[-79.869966,40.450106],[-79.870158,40.450047],[-79.870347,40.450064],[-79.870917,40.450117],[-79.871107,40.450135],[-79.871197,40.450141],[-79.87147,40.450162],[-79.871561,40.450169],[-79.871775,40.450018],[-79.87185454917528,40.44996232794887]]]}},{"type":"Feature","properties":{"GEOID":"420035614003003__part2","NAME":"Block 3003, Block Group 3, Census Tract 5614, Allegheny County, Pennsylvania","housing_units":13,"pop":28,"original_geoid":"420035614003003","split_part":2,"split_part_count":2},"geometry":{"type":"Polygon","coordinates":[[[-79.86989736557005,40.448335047547445],[-79.86944675445555,40.4481390980456],[-79.8693823814392,40.4481390980456],[-79.86818075180054,40.44908618201199],[-79.86835241317748,40.44906985309115],[-79.86888885498047,40.44906985309115],[-79.86899614334106,40.44905352416636],[-79.86899614334106,40.44898820842749],[-79.869704246521,40.44846568023128],[-79.86989736557005,40.448335047547445]]]}},{"type":"Feature","properties":{"GEOID":"420035614003004","NAME":"Block 3004, Block Group 3, Census Tract 5614, Allegheny County, Pennsylvania","housing_units":154,"pop":304},"geometry":{"type":"Polygon","coordinates":[[[-79.87043380737303,40.44670211757548],[-79.86976861953734,40.44619590122839],[-79.86959695816039,40.44608159378365],[-79.86946821212767,40.44598361581914],[-79.86906051635741,40.445608032298736],[-79.86903905868529,40.44554271321138],[-79.86873865127562,40.445722340548855],[-79.86773014068602,40.44637552682021],[-79.86755847930908,40.446457174657816],[-79.86811637878417,40.44694705960049],[-79.86822366714478,40.44704503616055],[-79.86768722534178,40.44750225821901],[-79.86734390258788,40.448106439739746],[-79.86727952957152,40.448335047547445],[-79.86736536026,40.44851466742226],[-79.86745119094849,40.448563654577534],[-79.86777305603026,40.448792260830004],[-79.86974716186522,40.44724098885218],[-79.86987590789795,40.447143012577776],[-79.87011194229125,40.44694705960049],[-79.87043380737303,40.44670211757548]]]}},{"type":"Feature","properties":{"GEOID":"420035614003005","NAME":"Block 3005, Block Group 3, Census Tract 5614, Allegheny County, Pennsylvania","housing_units":180,"pop":334},"geometry":{"type":"Polygon","coordinates":[[[-79.86822366714478,40.44704503616055],[-79.86811637878417,40.44694705960049],[-79.86755847930908,40.446457174657816],[-79.8674726486206,40.446555151931996],[-79.86734390258788,40.44678376501633],[-79.86717224121094,40.44694705960049],[-79.86693620681761,40.4471103537879],[-79.86571311950682,40.447632892521554],[-79.86455440521239,40.447665551057504],[-79.86399650573729,40.44753491681845],[-79.86399650573729,40.447632892521554],[-79.86401796340941,40.447747197327985],[-79.86401796340941,40.4484166930046],[-79.86513376235962,40.44840036392111],[-79.86554145812987,40.448563654577534],[-79.86736536026,40.44851466742226],[-79.86727952957152,40.448335047547445],[-79.86734390258788,40.448106439739746],[-79.86768722534178,40.44750225821901],[-79.86822366714478,40.44704503616055]]]}},{"type":"Feature","properties":{"GEOID":"420035614003006","NAME":"Block 3006, Block Group 3, Census Tract 5614, Allegheny County, Pennsylvania","housing_units":18,"pop":33},"geometry":{"type":"Polygon","coordinates":[[[-79.87112045288085,40.446114253073404],[-79.87099170684814,40.446032604819244],[-79.87099170684814,40.4459999454898],[-79.87045526504515,40.44552638342964],[-79.8702836036682,40.44564069181861],[-79.86976861953734,40.445967286144494],[-79.86959695816039,40.44608159378365],[-79.86976861953734,40.44619590122839],[-79.87043380737303,40.44670211757548],[-79.87064838409422,40.44653882239622],[-79.87099170684814,40.446244890073764],[-79.87112045288085,40.446114253073404]]]}},{"type":"Feature","properties":{"GEOID":"420035614003007","NAME":"Block 3007, Block Group 3, Census Tract 5614, Allegheny County, Pennsylvania","housing_units":38,"pop":74},"geometry":{"type":"Polygon","coordinates":[[[-79.87202167510986,40.4468000944926],[-79.87169981002808,40.446555151931996],[-79.8716354370117,40.44652249285647],[-79.87154960632323,40.44644084509823],[-79.87112045288085,40.446114253073404],[-79.87099170684814,40.446244890073764],[-79.87064838409422,40.44653882239622],[-79.87043380737303,40.44670211757548],[-79.87054109573363,40.446767435536096],[-79.87077713012694,40.44694705960049],[-79.87124919891356,40.44730630628911],[-79.87180709838867,40.44694705960049],[-79.87187147140502,40.446898071266894],[-79.87197875976561,40.446832753433235],[-79.87202167510986,40.4468000944926]]]}},{"type":"Feature","properties":{"GEOID":"420035614003008","NAME":"Block 3008, Block Group 3, Census Tract 5614, Allegheny County, Pennsylvania","housing_units":36,"pop":68},"geometry":{"type":"Polygon","coordinates":[[[-79.87124919891356,40.44730630628911],[-79.87077713012694,40.44694705960049],[-79.87054109573363,40.446767435536096],[-79.87043380737303,40.44670211757548],[-79.87011194229125,40.44694705960049],[-79.86987590789795,40.447143012577776],[-79.86974716186522,40.44724098885218],[-79.87034797668457,40.4476982095776],[-79.87045526504515,40.44776352657018],[-79.87049818038939,40.44781251427294],[-79.87064838409422,40.4477145388317],[-79.87109899520874,40.44740428232547],[-79.87124919891356,40.44730630628911]]]}},{"type":"Feature","properties":{"GEOID":"420035614003009","NAME":"Block 3009, Block Group 3, Census Tract 5614, Allegheny County, Pennsylvania","housing_units":36,"pop":64},"geometry":{"type":"Polygon","coordinates":[[[-79.86903905868529,40.44554271321138],[-79.86895322799683,40.44541207484625],[-79.86876010894774,40.445003828318676],[-79.86867427825926,40.44484052901336],[-79.86865282058716,40.44477520918015],[-79.86854553222656,40.44457924929965],[-79.86852407455444,40.444513929212526],[-79.86843824386595,40.44454658926403],[-79.86800909042357,40.44480786910469],[-79.86704349517821,40.44542840465577],[-79.86715078353882,40.445624362060656],[-79.86749410629272,40.446408185967165],[-79.86755847930908,40.446457174657816],[-79.86773014068602,40.44637552682021],[-79.86873865127562,40.445722340548855],[-79.86903905868529,40.44554271321138]]]}},{"type":"Feature","properties":{"GEOID":"420035614003010","NAME":"Block 3010, Block Group 3, Census Tract 5614, Allegheny County, Pennsylvania","housing_units":8,"pop":4},"geometry":{"type":"Polygon","coordinates":[[[-79.86852407455444,40.444513929212526],[-79.8684811592102,40.444432279014364],[-79.86835241317748,40.44417099771373],[-79.86830949783325,40.44408934709899],[-79.86800909042357,40.44426897832048],[-79.86697912216185,40.44492217871561],[-79.86691474914551,40.44508547782256],[-79.86704349517821,40.44542840465577],[-79.86800909042357,40.44480786910469],[-79.86843824386595,40.44454658926403],[-79.86852407455444,40.444513929212526]]]}},{"type":"Feature","properties":{"GEOID":"420035614003011","NAME":"Block 3011, Block Group 3, Census Tract 5614, Allegheny County, Pennsylvania","housing_units":20,"pop":46},"geometry":{"type":"Polygon","coordinates":[[[-79.87045526504515,40.44552638342964],[-79.87032651901245,40.44542840465577],[-79.86998319625854,40.445118137596346],[-79.86987590789795,40.445003828318676],[-79.869704246521,40.445118137596346],[-79.86921072006226,40.44542840465577],[-79.86903905868529,40.44554271321138],[-79.86906051635741,40.445608032298736],[-79.86946821212767,40.44598361581914],[-79.86959695816039,40.44608159378365],[-79.86976861953734,40.445967286144494],[-79.8702836036682,40.44564069181861],[-79.87045526504515,40.44552638342964]]]}},{"type":"Feature","properties":{"GEOID":"420035614003012","NAME":"Block 3012, Block Group 3, Census Tract 5614, Allegheny County, Pennsylvania","housing_units":9,"pop":21},"geometry":{"type":"Polygon","coordinates":[[[-79.86987590789795,40.445003828318676],[-79.86974716186522,40.444905848783094],[-79.86940383911131,40.44459557931152],[-79.86929655075073,40.444481269145165],[-79.86880302429199,40.444791539144404],[-79.86876010894774,40.44482419906101],[-79.86867427825926,40.44484052901336],[-79.86876010894774,40.445003828318676],[-79.86895322799683,40.44541207484625],[-79.86903905868529,40.44554271321138],[-79.86921072006226,40.44542840465577],[-79.869704246521,40.445118137596346],[-79.86987590789795,40.445003828318676]]]}},{"type":"Feature","properties":{"GEOID":"420035614004000","NAME":"Block 4000, Block Group 4, Census Tract 5614, Allegheny County, Pennsylvania","housing_units":114,"pop":234},"geometry":{"type":"Polygon","coordinates":[[[-79.86135721206664,40.447420611650976],[-79.86127138137817,40.447224659483034],[-79.86116409301756,40.44694705960049],[-79.86112117767333,40.446832753433235],[-79.86088514328003,40.446408185967165],[-79.86073493957518,40.44648983376508],[-79.86039161682127,40.446685788075406],[-79.85989809036255,40.44694705960049],[-79.85837459564208,40.44776352657018],[-79.85813856124878,40.44794314797244],[-79.85790252685545,40.44826973111031],[-79.85779523849487,40.44844935115969],[-79.8577094078064,40.44875960284155],[-79.85768795013428,40.448873905731716],[-79.85766649246216,40.44895555053425],[-79.85755920410155,40.44972300682982],[-79.85768795013428,40.44970667806372],[-79.85790252685545,40.449690349293654],[-79.85796689987181,40.44965769174161],[-79.85805273056029,40.44962503417371],[-79.85811710357666,40.449576047792085],[-79.85813856124878,40.449543390184495],[-79.85818147659302,40.44951073256104],[-79.85822439193724,40.44913516875068],[-79.8582887649536,40.44905352416636],[-79.8586320877075,40.448792260830004],[-79.85979080200194,40.448171756335576],[-79.8601770401001,40.44797580635764],[-79.86043453216551,40.44781251427294],[-79.8610997200012,40.4474695996037],[-79.86114263534544,40.44745327029009],[-79.86135721206664,40.447420611650976]]]}},{"type":"Feature","properties":{"GEOID":"420035614004001","NAME":"Block 4001, Block Group 4, Census Tract 5614, Allegheny County, Pennsylvania","housing_units":10,"pop":18},"geometry":{"type":"Polygon","coordinates":[[[-79.86019849777222,40.44846568023128],[-79.8601770401001,40.44836770574221],[-79.8601770401001,40.44797580635764],[-79.85979080200194,40.448171756335576],[-79.8586320877075,40.448792260830004],[-79.8582887649536,40.44905352416636],[-79.85835313796997,40.44908618201199],[-79.8583960533142,40.449102510928846],[-79.85861063003539,40.44923314212093],[-79.85959768295288,40.448922892625134],[-79.85972642898558,40.44884124778292],[-79.86019849777222,40.44846568023128]]]}},{"type":"Feature","properties":{"GEOID":"420035614004002","NAME":"Block 4002, Block Group 4, Census Tract 5614, Allegheny County, Pennsylvania","housing_units":11,"pop":21},"geometry":{"type":"Polygon","coordinates":[[[-79.86187219619751,40.44756757540202],[-79.86180782318114,40.44753491681845],[-79.8616361618042,40.447420611650976],[-79.86157178878784,40.44737162366256],[-79.86144304275511,40.447387952995996],[-79.86135721206664,40.447420611650976],[-79.86114263534544,40.44745327029009],[-79.8610997200012,40.4474695996037],[-79.86043453216551,40.44781251427294],[-79.8601770401001,40.44797580635764],[-79.8601770401001,40.44836770574221],[-79.86019849777222,40.44846568023128],[-79.860520362854,40.44828606022555],[-79.8615288734436,40.447747197327985],[-79.86187219619751,40.44756757540202]]]}},{"type":"Feature","properties":{"GEOID":"420035614004003","NAME":"Block 4003, Block Group 4, Census Tract 5614, Allegheny County, Pennsylvania","housing_units":17,"pop":26},"geometry":{"type":"Polygon","coordinates":[[[-79.86212968826293,40.44786150194002],[-79.86204385757443,40.4476982095776],[-79.86195802688599,40.447616563247614],[-79.86187219619751,40.44756757540202],[-79.8615288734436,40.447747197327985],[-79.860520362854,40.44828606022555],[-79.86019849777222,40.44846568023128],[-79.8601770401001,40.448563654577534],[-79.8601770401001,40.4487106158291],[-79.86032724380492,40.448922892625134],[-79.8617649078369,40.4481390980456],[-79.86202239990234,40.448008464726975],[-79.86212968826293,40.44799213554429],[-79.86212968826293,40.44786150194002]]]}},{"type":"Feature","properties":{"GEOID":"420035614004004","NAME":"Block 4004, Block Group 4, Census Tract 5614, Allegheny County, Pennsylvania","housing_units":20,"pop":32},"geometry":{"type":"Polygon","coordinates":[[[-79.8626661300659,40.44875960284155],[-79.86260175704956,40.448743273841366],[-79.86247301101683,40.448612641697096],[-79.86240863800047,40.448563654577534],[-79.86230134963989,40.44846568023128],[-79.86223697662354,40.44835137664681],[-79.86215114593504,40.448155427192575],[-79.86212968826293,40.44799213554429],[-79.86202239990234,40.448008464726975],[-79.8617649078369,40.4481390980456],[-79.86032724380492,40.448922892625134],[-79.860520362854,40.44908618201199],[-79.8607563972473,40.44916782655663],[-79.8609709739685,40.449184155453665],[-79.86157178878784,40.449020866304856],[-79.86182928085326,40.449102510928846],[-79.86195802688599,40.449184155453665],[-79.86195802688599,40.4487106158291],[-79.86251592636107,40.44875960284155],[-79.8626661300659,40.44875960284155]]]}},{"type":"Feature","properties":{"GEOID":"420035614004005","NAME":"Block 4005, Block Group 4, Census Tract 5614, Allegheny County, Pennsylvania","housing_units":19,"pop":41},"geometry":{"type":"Polygon","coordinates":[[[-79.86318111419676,40.44805745225121],[-79.86315965652464,40.44791048957137],[-79.86315965652464,40.44732263563842],[-79.8624300956726,40.44732263563842],[-79.86189365386963,40.447338964983764],[-79.86157178878784,40.44737162366256],[-79.8616361618042,40.447420611650976],[-79.86180782318114,40.44753491681845],[-79.86187219619751,40.44756757540202],[-79.86195802688599,40.447616563247614],[-79.86204385757443,40.4476982095776],[-79.86212968826293,40.44786150194002],[-79.86212968826293,40.44799213554429],[-79.86215114593504,40.448155427192575],[-79.86223697662354,40.44835137664681],[-79.86230134963989,40.44846568023128],[-79.86240863800047,40.448563654577534],[-79.86270904541016,40.44844935115969],[-79.86279487609862,40.44844935115969],[-79.86279487609862,40.44840036392111],[-79.8627734184265,40.44805745225121],[-79.86318111419676,40.44805745225121]]]}},{"type":"Feature","properties":{"GEOID":"420035614004006","NAME":"Block 4006, Block Group 4, Census Tract 5614, Allegheny County, Pennsylvania","housing_units":11,"pop":21},"geometry":{"type":"Polygon","coordinates":[[[-79.86401796340941,40.448008464726975],[-79.86384630203246,40.44802479390569],[-79.8633313179016,40.448041123080436],[-79.86318111419676,40.44805745225121],[-79.8627734184265,40.44805745225121],[-79.86279487609862,40.44840036392111],[-79.86279487609862,40.44844935115969],[-79.86290216445923,40.4484166930046],[-79.86401796340941,40.4484166930046],[-79.86401796340941,40.448008464726975]]]}},{"type":"Feature","properties":{"GEOID":"420035614004007","NAME":"Block 4007, Block Group 4, Census Tract 5614, Allegheny County, Pennsylvania","housing_units":10,"pop":42},"geometry":{"type":"Polygon","coordinates":[[[-79.86401796340941,40.447747197327985],[-79.86399650573729,40.447632892521554],[-79.86399650573729,40.44753491681845],[-79.86350297927855,40.447387952995996],[-79.86322402954102,40.447338964983764],[-79.86315965652464,40.44732263563842],[-79.86315965652464,40.44791048957137],[-79.86318111419676,40.44805745225121],[-79.8633313179016,40.448041123080436],[-79.86384630203246,40.44802479390569],[-79.86401796340941,40.448008464726975],[-79.86401796340941,40.447747197327985]]]}},{"type":"Feature","properties":{"GEOID":"420035614004008","NAME":"Block 4008, Block Group 4, Census Tract 5614, Allegheny County, Pennsylvania","housing_units":884,"pop":1272},"geometry":{"type":"Polygon","coordinates":[[[-79.87174272537231,40.44065993171837],[-79.87161397933959,40.44074158649876],[-79.87144231796265,40.4408395721043],[-79.86925363540648,40.44186841233966],[-79.86944675445555,40.442129702590535],[-79.86953258514404,40.44255429708206],[-79.86891031265257,40.442978888891716],[-79.86882448196411,40.44301154968907],[-79.86815929412842,40.44296255848709],[-79.86790180206299,40.44270127147352],[-79.86781597137451,40.44255429708206],[-79.8667860031128,40.44312586235482],[-79.86676454544067,40.44312586235482],[-79.86663579940794,40.44320751413991],[-79.8665928840637,40.44324017482617],[-79.86650705337524,40.44328916582582],[-79.86607789993285,40.443501459745015],[-79.86631393432616,40.44408934709899],[-79.8663568496704,40.44433429864565],[-79.86633539199828,40.444481269145165],[-79.86627101898192,40.44462823932333],[-79.86607789993285,40.44480786910469],[-79.86599206924437,40.445003828318676],[-79.86592769622801,40.44519978696136],[-79.86592769622801,40.44541207484625],[-79.86582040786743,40.44549372385421],[-79.86573457717894,40.44549372385421],[-79.86543416976929,40.44539574503276],[-79.86552000045776,40.445608032298736],[-79.8654556274414,40.4457713297394],[-79.86539125442503,40.44583664860457],[-79.8651123046875,40.44593462678332],[-79.86483335494995,40.445885637711804],[-79.86436128616332,40.44554271321138],[-79.86397504806517,40.44537941521529],[-79.86382484436034,40.44524877653277],[-79.86335277557372,40.444301638491],[-79.8626661300659,40.444481269145165],[-79.86230134963989,40.44456291928382],[-79.86155033111572,40.44467722931131],[-79.86124992370605,40.44470988928346],[-79.86157178878784,40.44591829709678],[-79.86191511154175,40.445967286144494],[-79.86206531524657,40.4459999454898],[-79.86178636550902,40.4461632419783],[-79.86155033111572,40.446261219680956],[-79.86105680465697,40.44632653807006],[-79.86088514328003,40.446408185967165],[-79.86112117767333,40.446832753433235],[-79.86116409301756,40.44694705960049],[-79.86127138137817,40.447224659483034],[-79.86135721206664,40.447420611650976],[-79.86144304275511,40.447387952995996],[-79.86157178878784,40.44737162366256],[-79.86189365386963,40.447338964983764],[-79.8624300956726,40.44732263563842],[-79.86315965652464,40.44732263563842],[-79.86322402954102,40.447338964983764],[-79.86350297927855,40.447387952995996],[-79.86399650573729,40.44753491681845],[-79.86455440521239,40.447665551057504],[-79.86571311950682,40.447632892521554],[-79.86693620681761,40.4471103537879],[-79.86717224121094,40.44694705960049],[-79.86734390258788,40.44678376501633],[-79.8674726486206,40.446555151931996],[-79.86755847930908,40.446457174657816],[-79.86749410629272,40.446408185967165],[-79.86715078353882,40.445624362060656],[-79.86704349517821,40.44542840465577],[-79.86691474914551,40.44508547782256],[-79.86697912216185,40.44492217871561],[-79.86800909042357,40.44426897832048],[-79.86830949783325,40.44408934709899],[-79.86858844757079,40.44394237574252],[-79.86991882324217,40.44374641343402],[-79.87032651901245,40.44369742276763],[-79.87058401107787,40.44324017482617],[-79.87066984176636,40.442439983444324],[-79.87077713012694,40.44227667791033],[-79.87148523330687,40.4415254673441],[-79.8716354370117,40.44141115195679],[-79.8717212677002,40.44103554288692],[-79.87174272537231,40.440774248383136],[-79.87174272537231,40.44065993171837]]]}},{"type":"Feature","properties":{"GEOID":"420035614004009","NAME":"Block 4009, Block Group 4, Census Tract 5614, Allegheny County, Pennsylvania","housing_units":77,"pop":93},"geometry":{"type":"Polygon","coordinates":[[[-79.86953258514404,40.44255429708206],[-79.86944675445555,40.442129702590535],[-79.86925363540648,40.44186841233966],[-79.86903905868529,40.44196639630276],[-79.86901760101318,40.441982726949384],[-79.86886739730835,40.442048049496236],[-79.868266582489,40.44232566961218],[-79.86781597137451,40.44255429708206],[-79.86790180206299,40.44270127147352],[-79.86815929412842,40.44296255848709],[-79.86882448196411,40.44301154968907],[-79.86891031265257,40.442978888891716],[-79.86953258514404,40.44255429708206]]]}},{"type":"Feature","properties":{"GEOID":"420035614004010","NAME":"Block 4010, Block Group 4, Census Tract 5614, Allegheny County, Pennsylvania","housing_units":3,"pop":19},"geometry":{"type":"Polygon","coordinates":[[[-79.86157178878784,40.44591829709678],[-79.86124992370605,40.44470988928346],[-79.86094951629639,40.444758879211925],[-79.86095074907838,40.44477013743066],[-79.8609516,40.4447705],[-79.8609508006496,40.44477060839799],[-79.8609709739685,40.444954838568734],[-79.86124992370605,40.44586930801336],[-79.86157178878784,40.44591829709678]]]}},{"type":"Feature","properties":{"GEOID":"420035614004011","NAME":"Block 4011, Block Group 4, Census Tract 5614, Allegheny County, Pennsylvania","housing_units":100,"pop":131},"geometry":{"type":"Polygon","coordinates":[[[-79.86552000045776,40.445608032298736],[-79.86543416976929,40.44539574503276],[-79.86485481262206,40.444105677229864],[-79.8647689819336,40.44392604557196],[-79.8638892173767,40.44415466759871],[-79.86335277557372,40.444301638491],[-79.86382484436034,40.44524877653277],[-79.86397504806517,40.44537941521529],[-79.86436128616332,40.44554271321138],[-79.86483335494995,40.445885637711804],[-79.8651123046875,40.44593462678332],[-79.86539125442503,40.44583664860457],[-79.8654556274414,40.4457713297394],[-79.86552000045776,40.445608032298736]]]}},{"type":"Feature","properties":{"GEOID":"420035614004012","NAME":"Block 4012, Block Group 4, Census Tract 5614, Allegheny County, Pennsylvania","housing_units":161,"pop":175},"geometry":{"type":"Polygon","coordinates":[[[-79.8663568496704,40.44433429864565],[-79.86631393432616,40.44408934709899],[-79.86607789993285,40.443501459745015],[-79.86594915390013,40.44356678081602],[-79.86547708511353,40.44371375299373],[-79.86530542373656,40.443762743648215],[-79.8647689819336,40.44392604557196],[-79.86485481262206,40.444105677229864],[-79.86543416976929,40.44539574503276],[-79.86573457717894,40.44549372385421],[-79.86582040786743,40.44549372385421],[-79.86592769622801,40.44541207484625],[-79.86592769622801,40.44519978696136],[-79.86599206924437,40.445003828318676],[-79.86607789993285,40.44480786910469],[-79.86627101898192,40.44462823932333],[-79.86633539199828,40.444481269145165],[-79.8663568496704,40.44433429864565]]]}},{"type":"Feature","properties":{"GEOID":"420035614004013","NAME":"Block 4013, Block Group 4, Census Tract 5614, Allegheny County, Pennsylvania","housing_units":0,"pop":0},"geometry":{"type":"Polygon","coordinates":[[[-79.8716354370117,40.44141115195679],[-79.87148523330687,40.4415254673441],[-79.87077713012694,40.44227667791033],[-79.87066984176636,40.442439983444324],[-79.87058401107787,40.44324017482617],[-79.87032651901245,40.44369742276763],[-79.87058401107787,40.443681092537574],[-79.87073421478271,40.44358311107387],[-79.87088441848753,40.44340347801947],[-79.87094879150389,40.44315852308076],[-79.87097024917601,40.44301154968907],[-79.87116336822508,40.442390991825775],[-79.87122774124144,40.44226034733511],[-79.87131357192992,40.44208071074586],[-79.87139940261841,40.441950065652165],[-79.87161397933959,40.4415254673441],[-79.8716354370117,40.44141115195679]]]}},{"type":"Feature","properties":{"GEOID":"420035614004014","NAME":"Block 4014, Block Group 4, Census Tract 5614, Allegheny County, Pennsylvania","housing_units":76,"pop":142,"merged_road_artifact_geoids":["420035615001000"],"original_geoid":"420035614004014","split_part":1,"split_part_count":3},"geometry":{"type":"Polygon","coordinates":[[[-79.86206531524657,40.4459999454898],[-79.86191511154175,40.445967286144494],[-79.86157178878784,40.44591829709678],[-79.86124992370605,40.44586930801336],[-79.8609709739685,40.444954838568734],[-79.8609508006496,40.44477060839799],[-79.86078406885922,40.444793218496514],[-79.8603624,40.4448504],[-79.85860203868717,40.44515031708823],[-79.8585904,40.4451523],[-79.8584914,40.445171],[-79.8583862,40.4451908],[-79.8583663,40.4451937],[-79.85767633408378,40.44529447941583],[-79.85775684410189,40.44534564839903],[-79.85851894992567,40.44523839683536],[-79.85858917236327,40.44555904298917],[-79.85861063003539,40.44694705960049],[-79.85858917236327,40.447224659483034],[-79.85848188400269,40.4474695996037],[-79.85813856124878,40.44794314797244],[-79.85837459564208,40.44776352657018],[-79.85989809036255,40.44694705960049],[-79.86039161682127,40.446685788075406],[-79.86073493957518,40.44648983376508],[-79.86088514328003,40.446408185967165],[-79.86105680465697,40.44632653807006],[-79.86155033111572,40.446261219680956],[-79.86178636550902,40.4461632419783],[-79.86206531524657,40.4459999454898]]]}},{"type":"Feature","properties":{"GEOID":"420035615001001","NAME":"Block 1001, Block Group 1, Census Tract 5615, Allegheny County, Pennsylvania","housing_units":18,"pop":41,"merged_road_artifact_geoids":["420035614004014__part3","420035614004014__part2","420035615001004__part2"]},"geometry":{"type":"Polygon","coordinates":[[[-79.86095074907838,40.44477013743066],[-79.86094951629639,40.444758879211925],[-79.86092805862427,40.4426196190735],[-79.86084222793579,40.4424563139759],[-79.86062853720374,40.44205712746776],[-79.8602572782938,40.442126032239464],[-79.85942272548422,40.44228092325831],[-79.859293,40.442305],[-79.85923714131704,40.442329856375494],[-79.85845678821252,40.44267710319118],[-79.85831597064605,40.44273976514673],[-79.8583096,40.4427426],[-79.85844697145376,40.442877942552606],[-79.85856020644007,40.44298950512018],[-79.8585872,40.4430161],[-79.8591368,40.4435579],[-79.8593053,40.443724],[-79.8595174,40.4439006],[-79.8599236,40.4442387],[-79.8600677,40.4443431],[-79.8602287,40.4444489],[-79.8604104,40.4445399],[-79.860681,40.4446552],[-79.86093257785963,40.444762394852965],[-79.86095074907838,40.44477013743066]],[[-79.85989809036255,40.442929897665934],[-79.85957622528076,40.443762743648215],[-79.85949039459229,40.44384439465968],[-79.85899686813354,40.44340347801947],[-79.85869646072388,40.443109531985904],[-79.85858917236327,40.44301154968907],[-79.85959768295288,40.442684941001446],[-79.8597478866577,40.44270127147352],[-79.85985517501831,40.442766593322126],[-79.85989809036255,40.442929897665934]]]}},{"type":"Feature","properties":{"GEOID":"420035615001002","NAME":"Block 1002, Block Group 1, Census Tract 5615, Allegheny County, Pennsylvania","housing_units":2,"pop":13},"geometry":{"type":"Polygon","coordinates":[[[-79.85989809036255,40.442929897665934],[-79.85985517501831,40.442766593322126],[-79.8597478866577,40.44270127147352],[-79.85959768295288,40.442684941001446],[-79.85858917236327,40.44301154968907],[-79.85869646072388,40.443109531985904],[-79.85899686813354,40.44340347801947],[-79.85949039459229,40.44384439465968],[-79.85957622528076,40.443762743648215],[-79.85989809036255,40.442929897665934]]]}},{"type":"Feature","properties":{"GEOID":"420035615001003","NAME":"Block 1003, Block Group 1, Census Tract 5615, Allegheny County, Pennsylvania","housing_units":19,"pop":32},"geometry":{"type":"Polygon","coordinates":[[[-79.86191511154175,40.44382806446532],[-79.86185073852538,40.44273393240576],[-79.86166095321872,40.44169076806523],[-79.8618563662814,40.44163924335576],[-79.86185290324386,40.441605563122955],[-79.86178726238985,40.440967164256485],[-79.86152674636773,40.44074109413579],[-79.86165549950883,40.44169220604903],[-79.861664,40.441755],[-79.861507,40.441786],[-79.861455,40.441801],[-79.861226,40.44187],[-79.860841,40.441985],[-79.860792,40.442],[-79.86064,40.442055],[-79.86062853720374,40.44205712746776],[-79.86084222793579,40.4424563139759],[-79.86092805862427,40.4426196190735],[-79.86094951629639,40.444758879211925],[-79.86124992370605,40.44470988928346],[-79.86155033111572,40.44467722931131],[-79.86150741577147,40.44413833747973],[-79.86159324645996,40.44405668682533],[-79.86182928085326,40.44392604557196],[-79.86191511154175,40.44382806446532]]]}},{"type":"Feature","properties":{"GEOID":"420035615001004","NAME":"Block 1004, Block Group 1, Census Tract 5615, Allegheny County, Pennsylvania","housing_units":316,"pop":416,"merged_road_artifact_geoids":["420035190003026","420035615002003","420035615002000__part2"],"original_geoid":"420035615001004","split_part":1,"split_part_count":4},"geometry":{"type":"Polygon","coordinates":[[[-79.86886739730835,40.442048049496236],[-79.86867427825926,40.44180308961825],[-79.8684811592102,40.441672443985],[-79.86869573593138,40.44118252059898],[-79.86873865127562,40.44106820462848],[-79.8687171936035,40.44103554288692],[-79.86854553222656,40.440349642648385],[-79.8684811592102,40.44015366986628],[-79.86835241317748,40.43956574809226],[-79.86818075180054,40.438977821176714],[-79.8681378364563,40.438749181543265],[-79.86779451370239,40.43729566854693],[-79.86779451370239,40.43672405370366],[-79.86560583114623,40.436707721779584],[-79.86549854278564,40.43693636835561],[-79.86530542373656,40.43714868233711],[-79.86506938934326,40.4373120003282],[-79.86468293528804,40.43751254750509],[-79.864737,40.437492],[-79.86462323278474,40.43755204603198],[-79.86448806848263,40.43762338538918],[-79.86374328824338,40.43801647840778],[-79.863316,40.438242],[-79.862202,40.43887],[-79.861993,40.438958],[-79.861574,40.439072],[-79.861323,40.439236],[-79.86152674636773,40.44074109413579],[-79.86178726238985,40.440967164256485],[-79.86185290324386,40.441605563122955],[-79.8618563662814,40.44163924335576],[-79.86166095321872,40.44169076806523],[-79.86185073852538,40.44273393240576],[-79.86191511154175,40.44382806446532],[-79.86182928085326,40.44392604557196],[-79.86159324645996,40.44405668682533],[-79.86150741577147,40.44413833747973],[-79.86155033111572,40.44467722931131],[-79.86230134963989,40.44456291928382],[-79.8626661300659,40.444481269145165],[-79.86335277557372,40.444301638491],[-79.8638892173767,40.44415466759871],[-79.8647689819336,40.44392604557196],[-79.8643398284912,40.443027880081786],[-79.86418962478636,40.442913567249406],[-79.86354589462279,40.442766593322126],[-79.86330986022948,40.442635949561435],[-79.86309528350829,40.44240732236926],[-79.86296653747559,40.44216236380048],[-79.86296653747559,40.44209704136472],[-79.86346006393431,40.441950065652165],[-79.8636746406555,40.44180308961825],[-79.86380338668822,40.44163978253702],[-79.86386775970458,40.44139482117131],[-79.8647689819336,40.44154179809785],[-79.86539125442503,40.4415254673441],[-79.86547708511353,40.44371375299373],[-79.86594915390013,40.44356678081602],[-79.86607789993285,40.443501459745015],[-79.86601352691649,40.44312586235482],[-79.86597061157225,40.44203171886548],[-79.86599206924437,40.44150913658638],[-79.8661208152771,40.44150913658638],[-79.8665714263916,40.4414928058247],[-79.86717224121094,40.4414928058247],[-79.86719369888306,40.44159079033529],[-79.8677086830139,40.44159079033529],[-79.86775159835814,40.44162345180707],[-79.86781597137451,40.44255429708206],[-79.868266582489,40.44232566961218],[-79.86886739730835,40.442048049496236]],[[-79.8633313179016,40.44025165632873],[-79.8633313179016,40.44054561485922],[-79.86326694488525,40.44070892459851],[-79.86313819885252,40.4408395721043],[-79.86292362213135,40.44095388846359],[-79.8626446723938,40.4410192120102],[-79.862322807312,40.43999035877812],[-79.862322807312,40.43990870308527],[-79.86240863800047,40.43977805377042],[-79.8626446723938,40.4396147417698],[-79.86279487609862,40.43954941685847],[-79.86309528350829,40.43956574809226],[-79.86322402954102,40.439598410547916],[-79.8633313179016,40.44025165632873]]]}},{"type":"Feature","properties":{"GEOID":"420035615001005","NAME":"Block 1005, Block Group 1, Census Tract 5615, Allegheny County, Pennsylvania","housing_units":30,"pop":31},"geometry":{"type":"Polygon","coordinates":[[[-79.86781597137451,40.44255429708206],[-79.86775159835814,40.44162345180707],[-79.8677086830139,40.44159079033529],[-79.86719369888306,40.44159079033529],[-79.86717224121094,40.4414928058247],[-79.8665714263916,40.4414928058247],[-79.8665928840637,40.441688774703046],[-79.8665928840637,40.44232566961218],[-79.86663579940794,40.44320751413991],[-79.86676454544067,40.44312586235482],[-79.8667860031128,40.44312586235482],[-79.86781597137451,40.44255429708206]]]}},{"type":"Feature","properties":{"GEOID":"420035615001006","NAME":"Block 1006, Block Group 1, Census Tract 5615, Allegheny County, Pennsylvania","housing_units":100,"pop":133},"geometry":{"type":"Polygon","coordinates":[[[-79.86547708511353,40.44371375299373],[-79.86539125442503,40.4415254673441],[-79.8647689819336,40.44154179809785],[-79.86386775970458,40.44139482117131],[-79.86380338668822,40.44163978253702],[-79.8636746406555,40.44180308961825],[-79.86346006393431,40.441950065652165],[-79.86296653747559,40.44209704136472],[-79.86296653747559,40.44216236380048],[-79.86309528350829,40.44240732236926],[-79.86330986022948,40.442635949561435],[-79.86354589462279,40.442766593322126],[-79.86418962478636,40.442913567249406],[-79.8643398284912,40.443027880081786],[-79.8647689819336,40.44392604557196],[-79.86530542373656,40.443762743648215],[-79.86547708511353,40.44371375299373]]]}},{"type":"Feature","properties":{"GEOID":"420035615001007","NAME":"Block 1007, Block Group 1, Census Tract 5615, Allegheny County, Pennsylvania","housing_units":38,"pop":63},"geometry":{"type":"Polygon","coordinates":[[[-79.86663579940794,40.44320751413991],[-79.8665928840637,40.44232566961218],[-79.8665928840637,40.441688774703046],[-79.8665714263916,40.4414928058247],[-79.8661208152771,40.44150913658638],[-79.86599206924437,40.44150913658638],[-79.86597061157225,40.44203171886548],[-79.86601352691649,40.44312586235482],[-79.86607789993285,40.443501459745015],[-79.86650705337524,40.44328916582582],[-79.8665928840637,40.44324017482617],[-79.86663579940794,40.44320751413991]]]}},{"type":"Feature","properties":{"GEOID":"420035615001008","NAME":"Block 1008, Block Group 1, Census Tract 5615, Allegheny County, Pennsylvania","housing_units":12,"pop":12},"geometry":{"type":"Polygon","coordinates":[[[-79.86882448196411,40.438340894549505],[-79.86841678619383,40.43793260507625],[-79.86783742904663,40.4373120003282],[-79.86779451370239,40.43723034138224],[-79.86779451370239,40.43729566854693],[-79.8681378364563,40.438749181543265],[-79.86818075180054,40.43870018723493],[-79.86865282058716,40.438438883654136],[-79.86882448196411,40.438340894549505]]]}},{"type":"Feature","properties":{"GEOID":"420035615001009","NAME":"Block 1009, Block Group 1, Census Tract 5615, Allegheny County, Pennsylvania","housing_units":30,"pop":56},"geometry":{"type":"Polygon","coordinates":[[[-79.8633313179016,40.44025165632873],[-79.86322402954102,40.439598410547916],[-79.86309528350829,40.43956574809226],[-79.86279487609862,40.43954941685847],[-79.8626446723938,40.4396147417698],[-79.86240863800047,40.43977805377042],[-79.862322807312,40.43990870308527],[-79.862322807312,40.43999035877812],[-79.8626446723938,40.4410192120102],[-79.86292362213135,40.44095388846359],[-79.86313819885252,40.4408395721043],[-79.86326694488525,40.44070892459851],[-79.8633313179016,40.44054561485922],[-79.8633313179016,40.44025165632873]]]}},{"type":"Feature","properties":{"GEOID":"420035615001010","NAME":"Block 1010, Block Group 1, Census Tract 5615, Allegheny County, Pennsylvania","housing_units":42,"pop":78},"geometry":{"type":"Polygon","coordinates":[[[-79.87174272537231,40.44065993171837],[-79.8717212677002,40.440578276838814],[-79.87165689468382,40.440529283863455],[-79.87124919891356,40.440414966782136],[-79.87109899520874,40.44039863575465],[-79.87060546874999,40.440414966782136],[-79.86991882324217,40.44080691025166],[-79.86942529678343,40.4410192120102],[-79.86916780471802,40.44106820462848],[-79.86873865127562,40.44106820462848],[-79.86869573593138,40.44118252059898],[-79.8684811592102,40.441672443985],[-79.86867427825926,40.44180308961825],[-79.86886739730835,40.442048049496236],[-79.86901760101318,40.441982726949384],[-79.86903905868529,40.44196639630276],[-79.86925363540648,40.44186841233966],[-79.87144231796265,40.4408395721043],[-79.87161397933959,40.44074158649876],[-79.87174272537231,40.44065993171837]]]}},{"type":"Feature","properties":{"GEOID":"420035615001011","NAME":"Block 1011, Block Group 1, Census Tract 5615, Allegheny County, Pennsylvania","housing_units":68,"pop":123},"geometry":{"type":"Polygon","coordinates":[[[-79.87382411956787,40.43860219851115],[-79.87348079681396,40.43829189994363],[-79.87341642379761,40.43822657374693],[-79.87333059310912,40.43812858433285],[-79.87251520156859,40.43860219851115],[-79.86925363540648,40.44043129780565],[-79.86931800842285,40.44051295286374],[-79.86942529678343,40.440578276838814],[-79.86968278884888,40.44065993171837],[-79.87017631530762,40.44065993171837],[-79.87060546874999,40.440414966782136],[-79.87082004547118,40.44030064950641],[-79.87142086029053,40.439957696512884],[-79.8716354370117,40.43984337845958],[-79.8720645904541,40.439598410547916],[-79.87339496612549,40.43884717005281],[-79.87382411956787,40.43860219851115]]]}},{"type":"Feature","properties":{"GEOID":"420035615001012","NAME":"Block 1012, Block Group 1, Census Tract 5615, Allegheny County, Pennsylvania","housing_units":6,"pop":32},"geometry":{"type":"Polygon","coordinates":[[[-79.8720645904541,40.44043129780565],[-79.87178564071655,40.440023021027486],[-79.8717212677002,40.439957696512884],[-79.8716354370117,40.43984337845958],[-79.87142086029053,40.439957696512884],[-79.87082004547118,40.44030064950641],[-79.87060546874999,40.440414966782136],[-79.87109899520874,40.44039863575465],[-79.87124919891356,40.440414966782136],[-79.87165689468382,40.440529283863455],[-79.8717212677002,40.440578276838814],[-79.87174272537231,40.44065993171837],[-79.87193584442137,40.440529283863455],[-79.8720645904541,40.44043129780565]]]}},{"type":"Feature","properties":{"GEOID":"420035615001013","NAME":"Block 1013, Block Group 1, Census Tract 5615, Allegheny County, Pennsylvania","housing_units":40,"pop":62},"geometry":{"type":"Polygon","coordinates":[[[-79.87333059310912,40.43812858433285],[-79.87326622009276,40.43807958957226],[-79.87309455871582,40.437899941811274],[-79.87303018569946,40.43785094688406],[-79.87223625183104,40.438308231482885],[-79.86933946609497,40.43992503423178],[-79.86912488937377,40.44003935214622],[-79.86903905868529,40.44005568326099],[-79.86908197402953,40.44021899419045],[-79.86916780471802,40.440365973687776],[-79.86925363540648,40.44043129780565],[-79.87251520156859,40.43860219851115],[-79.87333059310912,40.43812858433285]]]}},{"type":"Feature","properties":{"GEOID":"420035615001014","NAME":"Block 1014, Block Group 1, Census Tract 5615, Allegheny County, Pennsylvania","housing_units":2,"pop":9},"geometry":{"type":"Polygon","coordinates":[[[-79.87393140792845,40.43785094688406],[-79.87384557723998,40.43765496681816],[-79.8737382888794,40.43747531792256],[-79.87339496612549,40.43765496681816],[-79.87328767776488,40.437720293570266],[-79.87309455871582,40.437801951921145],[-79.87303018569946,40.43785094688406],[-79.87309455871582,40.437899941811274],[-79.87326622009276,40.43807958957226],[-79.87333059310912,40.43812858433285],[-79.87358808517455,40.43798159994396],[-79.87363100051878,40.437965268325364],[-79.87378120422363,40.43791627344575],[-79.87393140792845,40.43785094688406]]]}},{"type":"Feature","properties":{"GEOID":"420035615001016","NAME":"Block 1016, Block Group 1, Census Tract 5615, Allegheny County, Pennsylvania","housing_units":20,"pop":25,"merged_road_artifact_geoids":["420035615001015"]},"geometry":{"type":"Polygon","coordinates":[[[-79.87637758255003,40.440006689904784],[-79.87633466720581,40.43990870308527],[-79.87620592117308,40.43966373541164],[-79.87586259841918,40.439320779168945],[-79.87515449523924,40.43892882703501],[-79.87502574920653,40.43881450723216],[-79.8748755455017,40.43870018723493],[-79.87403869628905,40.43798159994396],[-79.87393140792845,40.43785094688406],[-79.87378120422363,40.43791627344575],[-79.87363100051878,40.437965268325364],[-79.87358808517455,40.43798159994396],[-79.87333059310912,40.43812858433285],[-79.87341642379761,40.43822657374693],[-79.87348079681396,40.43829189994363],[-79.87382411956787,40.43860219851115],[-79.87403869628905,40.43878184439564],[-79.8746609687805,40.43933711045827],[-79.8748755455017,40.43951675437901],[-79.87554073333739,40.43951675437901],[-79.87584114074706,40.439598410547916],[-79.8759913444519,40.43969639781971],[-79.87629175186157,40.43992503423178],[-79.87637758255003,40.440006689904784]]]}},{"type":"Feature","properties":{"GEOID":"420035615001017","NAME":"Block 1017, Block Group 1, Census Tract 5615, Allegheny County, Pennsylvania","housing_units":41,"pop":63},"geometry":{"type":"Polygon","coordinates":[[[-79.8748755455017,40.43951675437901],[-79.8746609687805,40.43933711045827],[-79.87403869628905,40.43878184439564],[-79.87382411956787,40.43860219851115],[-79.87339496612549,40.43884717005281],[-79.8720645904541,40.439598410547916],[-79.8716354370117,40.43984337845958],[-79.8717212677002,40.439957696512884],[-79.87178564071655,40.440023021027486],[-79.8720645904541,40.44043129780565],[-79.87294435501097,40.43982704729324],[-79.87371683120728,40.43950042313332],[-79.87418889999388,40.43948409188366],[-79.87433910369872,40.43950042313332],[-79.874746799469,40.43951675437901],[-79.8748755455017,40.43951675437901]]]}},{"type":"Feature","properties":{"GEOID":"420035615002000","NAME":"Block 2000, Block Group 2, Census Tract 5615, Allegheny County, Pennsylvania","housing_units":192,"pop":232,"merged_road_artifact_geoids":["420035190002003","420035180012014","420035180012002","420035615002001","420035615001004__part4","420035615001004__part3"],"original_geoid":"420035615002000","split_part":1,"split_part_count":2},"geometry":{"type":"Polygon","coordinates":[[[-79.86865282058716,40.434437545733],[-79.86852407455444,40.43438854828268],[-79.86779451370239,40.433996567394786],[-79.86616373062134,40.43324526430596],[-79.86554145812987,40.43288594247002],[-79.86532524030358,40.432746051138466],[-79.86516382171376,40.432976111096465],[-79.86517667770386,40.43298393952478],[-79.86532688140868,40.43314726763204],[-79.86522610530497,40.43328263205274],[-79.8647712881716,40.43295105460756],[-79.864347,40.433679],[-79.864178,40.433972],[-79.864114,40.434192],[-79.8640591,40.4343811],[-79.863922,40.434853],[-79.86386162495542,40.43506479182305],[-79.863859,40.435074],[-79.863675,40.435272],[-79.86316301802725,40.435827733159506],[-79.863125,40.435869],[-79.862942,40.436068],[-79.8626734,40.4363978],[-79.862587,40.436504],[-79.862034,40.437187],[-79.861405,40.437692],[-79.860967,40.438045],[-79.860552,40.438413],[-79.8608982,40.4383435],[-79.86147986382119,40.43822662901412],[-79.861487010508,40.43822519306383],[-79.861806,40.4381611],[-79.861946,40.438133],[-79.86194979762284,40.43813243207755],[-79.86320081552827,40.43794534631828],[-79.86327,40.437935],[-79.86292662959718,40.43816686351943],[-79.862882,40.438197],[-79.8629582018046,40.43816803920634],[-79.86420502841393,40.43769417788042],[-79.8645199953987,40.43757447344686],[-79.86380338668822,40.43773662524837],[-79.86734390258788,40.43540115500009],[-79.86796617507935,40.43497651533004],[-79.86865282058716,40.434437545733]]]}},{"type":"Feature","properties":{"GEOID":"420035615002002","NAME":"Block 2002, Block Group 2, Census Tract 5615, Allegheny County, Pennsylvania","housing_units":21,"pop":38,"merged_road_artifact_geoids":["420035647002010"]},"geometry":{"type":"Polygon","coordinates":[[[-79.87150669097899,40.43564613820523],[-79.87139940261841,40.4355154806069],[-79.8691463470459,40.4344538782085],[-79.86884593963623,40.43430688578614],[-79.8687171936035,40.43425788824061],[-79.86852407455444,40.43438854828268],[-79.86865282058716,40.434437545733],[-79.86796617507935,40.43497651533004],[-79.86734390258788,40.43540115500009],[-79.86380338668822,40.43773662524837],[-79.86451999539872,40.43757447344685],[-79.86468293528804,40.43751254750509],[-79.86506938934326,40.4373120003282],[-79.86530542373656,40.43714868233711],[-79.86549854278564,40.43693636835561],[-79.86560583114623,40.436707721779584],[-79.86779451370239,40.43672405370366],[-79.86779451370239,40.43678938136028],[-79.86785888671875,40.43678938136028],[-79.8683738708496,40.43672405370366],[-79.86854553222656,40.436707721779584],[-79.86856698989867,40.43667505791954],[-79.86860990524292,40.43667505791954],[-79.86912488937377,40.43675671753991],[-79.86929655075073,40.43672405370366],[-79.86936092376709,40.43672405370366],[-79.8697257041931,40.436642394043616],[-79.86983299255371,40.43660973015183],[-79.86994028091429,40.43659339819998],[-79.87024068832396,40.436511738381256],[-79.87034797668457,40.43649540640561],[-79.87047672271727,40.43646274244241],[-79.87088441848753,40.436381082465005],[-79.87101316452026,40.43636475045762],[-79.8710560798645,40.43626675832999],[-79.87118482589722,40.436070773646314],[-79.87122774124144,40.43598911319284],[-79.87127065658568,40.43592378475865],[-79.87144231796265,40.43571146690918],[-79.87150669097899,40.43564613820523]]]}},{"type":"Feature","properties":{"GEOID":"420035615002004","NAME":"Block 2004, Block Group 2, Census Tract 5615, Allegheny County, Pennsylvania","housing_units":10,"pop":24},"geometry":{"type":"Polygon","coordinates":[[[-79.87101316452026,40.43742632268591],[-79.87088441848753,40.43723034138224],[-79.87047672271727,40.43667505791954],[-79.87034797668457,40.43649540640561],[-79.87024068832396,40.436511738381256],[-79.86994028091429,40.43659339819998],[-79.86983299255371,40.43660973015183],[-79.86985445022583,40.436658725983555],[-79.86994028091429,40.43678938136028],[-79.87041234970093,40.43742632268591],[-79.87043380737303,40.43744265443542],[-79.87051963806152,40.43744265443542],[-79.87101316452026,40.43742632268591]]]}},{"type":"Feature","properties":{"GEOID":"420035615002005","NAME":"Block 2005, Block Group 2, Census Tract 5615, Allegheny County, Pennsylvania","housing_units":12,"pop":30},"geometry":{"type":"Polygon","coordinates":[[[-79.87043380737303,40.43754064484923],[-79.87041234970093,40.43742632268591],[-79.86994028091429,40.43678938136028],[-79.86985445022583,40.436658725983555],[-79.86983299255371,40.43660973015183],[-79.8697257041931,40.436642394043616],[-79.86936092376709,40.43672405370366],[-79.86929655075073,40.43672405370366],[-79.86931800842285,40.43677304945208],[-79.87013339996336,40.437899941811274],[-79.87019777297974,40.437965268325364],[-79.87041234970093,40.437622303418294],[-79.87043380737303,40.43754064484923]]]}},{"type":"Feature","properties":{"GEOID":"420035615002006","NAME":"Block 2006, Block Group 2, Census Tract 5615, Allegheny County, Pennsylvania","housing_units":24,"pop":28},"geometry":{"type":"Polygon","coordinates":[[[-79.87103462219238,40.43754064484923],[-79.87101316452026,40.43742632268591],[-79.87051963806152,40.43744265443542],[-79.87043380737303,40.43744265443542],[-79.87041234970093,40.43742632268591],[-79.87043380737303,40.43754064484923],[-79.87041234970093,40.437622303418294],[-79.87019777297974,40.437965268325364],[-79.87011194229125,40.43811225274996],[-79.87000465393066,40.43819391062477],[-79.86951112747192,40.4384878781529],[-79.86916780471802,40.43865119289088],[-79.86899614334106,40.43878184439564],[-79.86884593963623,40.43902681528272],[-79.86884593963623,40.43930444787566],[-79.86996173858641,40.43866752434286],[-79.87097024917601,40.437720293570266],[-79.87103462219238,40.43754064484923]]]}},{"type":"Feature","properties":{"GEOID":"420035615002007","NAME":"Block 2007, Block Group 2, Census Tract 5615, Allegheny County, Pennsylvania","housing_units":26,"pop":36},"geometry":{"type":"Polygon","coordinates":[[[-79.86966133117676,40.43799793155859],[-79.8696184158325,40.437899941811274],[-79.86918926239014,40.43814491591178],[-79.86888885498047,40.43829189994363],[-79.86882448196411,40.438340894549505],[-79.86865282058716,40.438438883654136],[-79.86818075180054,40.43870018723493],[-79.8681378364563,40.438749181543265],[-79.86818075180054,40.438977821176714],[-79.86835241317748,40.43956574809226],[-79.8684811592102,40.44015366986628],[-79.86903905868529,40.44005568326099],[-79.86901760101318,40.43997402764749],[-79.86897468566895,40.43974539140203],[-79.86895322799683,40.43966373541164],[-79.86893177032469,40.439598410547916],[-79.86886739730835,40.43938610430244],[-79.86884593963623,40.43930444787566],[-79.86884593963623,40.43902681528272],[-79.86899614334106,40.43878184439564],[-79.86916780471802,40.43865119289088],[-79.86951112747192,40.4384878781529],[-79.86966133117676,40.43812858433285],[-79.86966133117676,40.43799793155859]]]}},{"type":"Feature","properties":{"GEOID":"420035615002008","NAME":"Block 2008, Block Group 2, Census Tract 5615, Allegheny County, Pennsylvania","housing_units":12,"pop":32},"geometry":{"type":"Polygon","coordinates":[[[-79.87017631530762,40.44065993171837],[-79.86968278884888,40.44065993171837],[-79.86942529678343,40.440578276838814],[-79.86931800842285,40.44051295286374],[-79.86925363540648,40.44043129780565],[-79.86916780471802,40.440365973687776],[-79.86908197402953,40.44021899419045],[-79.86903905868529,40.44005568326099],[-79.8684811592102,40.44015366986628],[-79.86854553222656,40.440349642648385],[-79.8687171936035,40.44103554288692],[-79.86873865127562,40.44106820462848],[-79.86916780471802,40.44106820462848],[-79.86942529678343,40.4410192120102],[-79.86991882324217,40.44080691025166],[-79.87017631530762,40.44065993171837]]]}},{"type":"Feature","properties":{"GEOID":"420035615002009","NAME":"Block 2009, Block Group 2, Census Tract 5615, Allegheny County, Pennsylvania","housing_units":32,"pop":62},"geometry":{"type":"Polygon","coordinates":[[[-79.87152814865111,40.43752431312352],[-79.87150669097899,40.43740999093242],[-79.87139940261841,40.43740999093242],[-79.8712921142578,40.43742632268591],[-79.87101316452026,40.43742632268591],[-79.87103462219238,40.43754064484923],[-79.87097024917601,40.437720293570266],[-79.86996173858641,40.43866752434286],[-79.86884593963623,40.43930444787566],[-79.86886739730835,40.43938610430244],[-79.86893177032469,40.439598410547916],[-79.86895322799683,40.43966373541164],[-79.86903905868529,40.439647404201665],[-79.87013339996336,40.43904314664346],[-79.8702836036682,40.438912495646505],[-79.87137794494629,40.437899941811274],[-79.87148523330687,40.4377039618882],[-79.87152814865111,40.43752431312352]]]}},{"type":"Feature","properties":{"GEOID":"420035615002010","NAME":"Block 2010, Block Group 2, Census Tract 5615, Allegheny County, Pennsylvania","housing_units":53,"pop":88},"geometry":{"type":"Polygon","coordinates":[[[-79.87303018569946,40.43785094688406],[-79.87193584442137,40.43677304945208],[-79.87180709838867,40.43672405370366],[-79.8716354370117,40.436740385623764],[-79.87124919891356,40.43690370460664],[-79.87131357192992,40.436985363949304],[-79.87144231796265,40.43716501415407],[-79.87150669097899,40.43740999093242],[-79.87152814865111,40.43752431312352],[-79.87148523330687,40.4377039618882],[-79.87137794494629,40.437899941811274],[-79.8702836036682,40.438912495646505],[-79.87013339996336,40.43904314664346],[-79.86903905868529,40.439647404201665],[-79.86895322799683,40.43966373541164],[-79.86897468566895,40.43974539140203],[-79.86901760101318,40.43997402764749],[-79.86903905868529,40.44005568326099],[-79.86912488937377,40.44003935214622],[-79.86933946609497,40.43992503423178],[-79.87223625183104,40.438308231482885],[-79.87303018569946,40.43785094688406]]]}},{"type":"Feature","properties":{"GEOID":"420035615002011","NAME":"Block 2011, Block Group 2, Census Tract 5615, Allegheny County, Pennsylvania","housing_units":17,"pop":31},"geometry":{"type":"Polygon","coordinates":[[[-79.8737382888794,40.43747531792256],[-79.87367391586302,40.437344663878804],[-79.87350225448607,40.4370833550296],[-79.87324476242064,40.43680571326452],[-79.87298727035521,40.43654440232065],[-79.87253665924071,40.43616876605956],[-79.8723006248474,40.436021777386124],[-79.87178564071655,40.435776795549664],[-79.8717212677002,40.43574413123735],[-79.87154960632323,40.435678802565135],[-79.87150669097899,40.43564613820523],[-79.87144231796265,40.43571146690918],[-79.87127065658568,40.43592378475865],[-79.87122774124144,40.43598911319284],[-79.87204313278198,40.436381082465005],[-79.87221479415892,40.436479074425996],[-79.8726439476013,40.43687104084181],[-79.87339496612549,40.43765496681816],[-79.8737382888794,40.43747531792256]]]}},{"type":"Feature","properties":{"GEOID":"420035615002012","NAME":"Block 2012, Block Group 2, Census Tract 5615, Allegheny County, Pennsylvania","housing_units":28,"pop":44},"geometry":{"type":"Polygon","coordinates":[[[-79.87339496612549,40.43765496681816],[-79.8726439476013,40.43687104084181],[-79.87221479415892,40.436479074425996],[-79.87204313278198,40.436381082465005],[-79.87122774124144,40.43598911319284],[-79.87118482589722,40.436070773646314],[-79.8710560798645,40.43626675832999],[-79.87101316452026,40.43636475045762],[-79.87107753753662,40.436511738381256],[-79.87118482589722,40.43680571326452],[-79.87124919891356,40.43690370460664],[-79.8716354370117,40.436740385623764],[-79.87180709838867,40.43672405370366],[-79.87193584442137,40.43677304945208],[-79.87303018569946,40.43785094688406],[-79.87309455871582,40.437801951921145],[-79.87328767776488,40.437720293570266],[-79.87339496612549,40.43765496681816]]]}},{"type":"Feature","properties":{"GEOID":"420035615002013","NAME":"Block 2013, Block Group 2, Census Tract 5615, Allegheny County, Pennsylvania","housing_units":10,"pop":13},"geometry":{"type":"Polygon","coordinates":[[[-79.87150669097899,40.43740999093242],[-79.87144231796265,40.43716501415407],[-79.87131357192992,40.436985363949304],[-79.87124919891356,40.43690370460664],[-79.87118482589722,40.43680571326452],[-79.87107753753662,40.436511738381256],[-79.87101316452026,40.43636475045762],[-79.87088441848753,40.436381082465005],[-79.87047672271727,40.43646274244241],[-79.87034797668457,40.43649540640561],[-79.87047672271727,40.43667505791954],[-79.87088441848753,40.43723034138224],[-79.87101316452026,40.43742632268591],[-79.8712921142578,40.43742632268591],[-79.87139940261841,40.43740999093242],[-79.87150669097899,40.43740999093242]]]}},{"type":"Feature","properties":{"GEOID":"420035615002014","NAME":"Block 2014, Block Group 2, Census Tract 5615, Allegheny County, Pennsylvania","housing_units":39,"pop":69},"geometry":{"type":"Polygon","coordinates":[[[-79.8696184158325,40.437899941811274],[-79.86944675445555,40.43763863512021],[-79.86878156661986,40.43693636835561],[-79.86854553222656,40.436707721779584],[-79.8683738708496,40.43672405370366],[-79.86785888671875,40.43678938136028],[-79.86779451370239,40.43678938136028],[-79.86779451370239,40.43723034138224],[-79.86783742904663,40.4373120003282],[-79.86841678619383,40.43793260507625],[-79.86882448196411,40.438340894549505],[-79.86888885498047,40.43829189994363],[-79.86918926239014,40.43814491591178],[-79.8696184158325,40.437899941811274]]]}},{"type":"Feature","properties":{"GEOID":"420035615002015","NAME":"Block 2015, Block Group 2, Census Tract 5615, Allegheny County, Pennsylvania","housing_units":21,"pop":25},"geometry":{"type":"Polygon","coordinates":[[[-79.87019777297974,40.437965268325364],[-79.87013339996336,40.437899941811274],[-79.86931800842285,40.43677304945208],[-79.86929655075073,40.43672405370366],[-79.86912488937377,40.43675671753991],[-79.86860990524292,40.43667505791954],[-79.86856698989867,40.43667505791954],[-79.86854553222656,40.436707721779584],[-79.86878156661986,40.43693636835561],[-79.86944675445555,40.43763863512021],[-79.8696184158325,40.437899941811274],[-79.86966133117676,40.43799793155859],[-79.86966133117676,40.43812858433285],[-79.86951112747192,40.4384878781529],[-79.87000465393066,40.43819391062477],[-79.87011194229125,40.43811225274996],[-79.87019777297974,40.437965268325364]]]}},{"type":"Feature","properties":{"GEOID":"420035615003000","NAME":"Block 3000, Block Group 3, Census Tract 5615, Allegheny County, Pennsylvania","housing_units":22,"pop":29},"geometry":{"type":"Polygon","coordinates":[[[-79.87526178359985,40.44573867028299],[-79.87468242645262,40.44554271321138],[-79.87463951110838,40.44554271321138],[-79.87328767776488,40.44590196740628],[-79.87285852432251,40.446032604819244],[-79.87249374389648,40.44617957160533],[-79.87180709838867,40.44644084509823],[-79.87169981002808,40.44647350421343],[-79.8716354370117,40.44652249285647],[-79.87169981002808,40.446555151931996],[-79.87202167510986,40.4468000944926],[-79.87380266189575,40.446130582712335],[-79.87459659576416,40.44591829709678],[-79.87526178359985,40.44573867028299]]]}},{"type":"Feature","properties":{"GEOID":"420035615003001","NAME":"Block 3001, Block Group 3, Census Tract 5615, Allegheny County, Pennsylvania","housing_units":10,"pop":21},"geometry":{"type":"Polygon","coordinates":[[[-79.87249374389648,40.44617957160533],[-79.87232208251952,40.44585297831095],[-79.8723006248474,40.4457713297394],[-79.87178564071655,40.44591829709678],[-79.87135648727417,40.44604893447801],[-79.87112045288085,40.446114253073404],[-79.87154960632323,40.44644084509823],[-79.8716354370117,40.44652249285647],[-79.87169981002808,40.44647350421343],[-79.87180709838867,40.44644084509823],[-79.87249374389648,40.44617957160533]]]}},{"type":"Feature","properties":{"GEOID":"420035615003002","NAME":"Block 3002, Block Group 3, Census Tract 5615, Allegheny County, Pennsylvania","housing_units":24,"pop":35},"geometry":{"type":"Polygon","coordinates":[[[-79.87556219100952,40.445216116822465],[-79.87526178359985,40.445118137596346],[-79.87459659576416,40.44488951884661],[-79.87433910369872,40.44482419906101],[-79.87423181533813,40.44502015822739],[-79.87410306930542,40.44516712722725],[-79.87397432327269,40.44524877653277],[-79.87378120422363,40.44533042573911],[-79.8723006248474,40.4457713297394],[-79.87232208251952,40.44585297831095],[-79.87249374389648,40.44617957160533],[-79.87285852432251,40.446032604819244],[-79.87328767776488,40.44590196740628],[-79.87463951110838,40.44554271321138],[-79.87468242645262,40.44554271321138],[-79.87526178359985,40.44573867028299],[-79.87526178359985,40.445722340548855],[-79.8753261566162,40.44564069181861],[-79.87556219100952,40.445216116822465]]]}},{"type":"Feature","properties":{"GEOID":"420035615003003","NAME":"Block 3003, Block Group 3, Census Tract 5615, Allegheny County, Pennsylvania","housing_units":23,"pop":34},"geometry":{"type":"Polygon","coordinates":[[[-79.8744249343872,40.44469355929937],[-79.87367391586302,40.44469355929937],[-79.87341642379761,40.44470988928346],[-79.8731803894043,40.444758879211925],[-79.87292289733885,40.444873188906165],[-79.87154960632323,40.44573867028299],[-79.87112045288085,40.446114253073404],[-79.87135648727417,40.44604893447801],[-79.87178564071655,40.44591829709678],[-79.8723006248474,40.4457713297394],[-79.87378120422363,40.44533042573911],[-79.87397432327269,40.44524877653277],[-79.87410306930542,40.44516712722725],[-79.87423181533813,40.44502015822739],[-79.87433910369872,40.44482419906101],[-79.8744249343872,40.44469355929937]]]}},{"type":"Feature","properties":{"GEOID":"420035615003004","NAME":"Block 3004, Block Group 3, Census Tract 5615, Allegheny County, Pennsylvania","housing_units":30,"pop":50},"geometry":{"type":"Polygon","coordinates":[[[-79.87468242645262,40.44421998803495],[-79.87371683120728,40.443893385218956],[-79.87363100051878,40.443877055036495],[-79.87335205078124,40.443779073858444],[-79.87326622009276,40.44374641343402],[-79.87322330474852,40.443762743648215],[-79.87101316452026,40.44516712722725],[-79.87045526504515,40.44552638342964],[-79.87099170684814,40.4459999454898],[-79.87099170684814,40.446032604819244],[-79.87112045288085,40.446114253073404],[-79.87154960632323,40.44573867028299],[-79.87292289733885,40.444873188906165],[-79.8731803894043,40.444758879211925],[-79.87341642379761,40.44470988928346],[-79.87367391586302,40.44469355929937],[-79.8744249343872,40.44469355929937],[-79.87446784973145,40.44459557931152],[-79.87463951110838,40.4443179685703],[-79.87468242645262,40.44421998803495]]]}},{"type":"Feature","properties":{"GEOID":"420035615003005","NAME":"Block 3005, Block Group 3, Census Tract 5615, Allegheny County, Pennsylvania","housing_units":30,"pop":50},"geometry":{"type":"Polygon","coordinates":[[[-79.87375974655151,40.442880906404454],[-79.87358808517455,40.442831915107256],[-79.87305164337158,40.4426522800454],[-79.87285852432251,40.44258695808571],[-79.87277269363403,40.442766593322126],[-79.87247228622437,40.4433054961511],[-79.87232208251952,40.4434524689001],[-79.87215042114258,40.443534120288454],[-79.87107753753662,40.444236318134095],[-79.86987590789795,40.445003828318676],[-79.86998319625854,40.445118137596346],[-79.87032651901245,40.44542840465577],[-79.87045526504515,40.44552638342964],[-79.87101316452026,40.44516712722725],[-79.87322330474852,40.443762743648215],[-79.87326622009276,40.44374641343402],[-79.87337350845337,40.44358311107387],[-79.8736524581909,40.443060540855335],[-79.87375974655151,40.442880906404454]]]}},{"type":"Feature","properties":{"GEOID":"420035615003006","NAME":"Block 3006, Block Group 3, Census Tract 5615, Allegheny County, Pennsylvania","housing_units":40,"pop":68},"geometry":{"type":"Polygon","coordinates":[[[-79.87232208251952,40.4434524689001],[-79.87217187881468,40.44338714771799],[-79.87178564071655,40.44327283549658],[-79.87154960632323,40.44319118379083],[-79.87144231796265,40.443142192719776],[-79.87133502960205,40.44312586235482],[-79.87097024917601,40.44301154968907],[-79.87094879150389,40.44315852308076],[-79.87088441848753,40.44340347801947],[-79.87073421478271,40.44358311107387],[-79.87058401107787,40.443681092537574],[-79.87032651901245,40.44382806446532],[-79.86929655075073,40.444481269145165],[-79.86940383911131,40.44459557931152],[-79.86974716186522,40.444905848783094],[-79.86987590789795,40.445003828318676],[-79.87107753753662,40.444236318134095],[-79.87215042114258,40.443534120288454],[-79.87232208251952,40.4434524689001]]]}},{"type":"Feature","properties":{"GEOID":"420035615003007","NAME":"Block 3007, Block Group 3, Census Tract 5615, Allegheny County, Pennsylvania","housing_units":5,"pop":14},"geometry":{"type":"Polygon","coordinates":[[[-79.87058401107787,40.443681092537574],[-79.87032651901245,40.44369742276763],[-79.86991882324217,40.44374641343402],[-79.86858844757079,40.44394237574252],[-79.86830949783325,40.44408934709899],[-79.86835241317748,40.44417099771373],[-79.8684811592102,40.444432279014364],[-79.86852407455444,40.444513929212526],[-79.86854553222656,40.44457924929965],[-79.86865282058716,40.44477520918015],[-79.86867427825926,40.44484052901336],[-79.86876010894774,40.44482419906101],[-79.86880302429199,40.444791539144404],[-79.86929655075073,40.444481269145165],[-79.87032651901245,40.44382806446532],[-79.87058401107787,40.443681092537574]]]}},{"type":"Feature","properties":{"GEOID":"420035615003008","NAME":"Block 3008, Block Group 3, Census Tract 5615, Allegheny County, Pennsylvania","housing_units":32,"pop":47},"geometry":{"type":"Polygon","coordinates":[[[-79.87506866455077,40.44237466127833],[-79.874746799469,40.44227667791033],[-79.87384557723998,40.44196639630276],[-79.8735237121582,40.44188474301009],[-79.87251520156859,40.44163978253702],[-79.87238645553589,40.44159079033529],[-79.87234354019164,40.44159079033529],[-79.8721933364868,40.44188474301009],[-79.8720645904541,40.44214603319749],[-79.87197875976561,40.44229300848158],[-79.87200021743773,40.44229300848158],[-79.87221479415892,40.44237466127833],[-79.87223625183104,40.44237466127833],[-79.87285852432251,40.44258695808571],[-79.87305164337158,40.4426522800454],[-79.87358808517455,40.442831915107256],[-79.87375974655151,40.442880906404454],[-79.87384557723998,40.442913567249406],[-79.87412452697754,40.44299521929237],[-79.87429618835448,40.443060540855335],[-79.87453222274779,40.443142192719776],[-79.87461805343627,40.44315852308076],[-79.87470388412474,40.44301154968907],[-79.87496137619017,40.44253796657429],[-79.87506866455077,40.44237466127833]]]}},{"type":"Feature","properties":{"GEOID":"420035615003009","NAME":"Block 3009, Block Group 3, Census Tract 5615, Allegheny County, Pennsylvania","housing_units":8,"pop":6},"geometry":{"type":"Polygon","coordinates":[[[-79.87517595291136,40.44335448710314],[-79.87506866455077,40.4433054961511],[-79.87472534179686,40.44319118379083],[-79.87461805343627,40.44315852308076],[-79.87453222274779,40.443142192719776],[-79.87429618835448,40.443060540855335],[-79.87421035766602,40.443027880081786],[-79.87416744232176,40.44312586235482],[-79.87401723861693,40.44338714771799],[-79.87397432327269,40.4434687991857],[-79.87416744232176,40.44351779001872],[-79.87418889999388,40.443534120288454],[-79.87493991851807,40.443779073858444],[-79.87498283386229,40.44369742276763],[-79.87513303756714,40.443436138610515],[-79.87517595291136,40.44335448710314]]]}},{"type":"Feature","properties":{"GEOID":"420035615003010","NAME":"Block 3010, Block Group 3, Census Tract 5615, Allegheny County, Pennsylvania","housing_units":10,"pop":18},"geometry":{"type":"Polygon","coordinates":[[[-79.87637758255003,40.443730083215854],[-79.87614154815672,40.443664762303534],[-79.87541198730469,40.44341980831698],[-79.87517595291136,40.44335448710314],[-79.87513303756714,40.443436138610515],[-79.87498283386229,40.44369742276763],[-79.87493991851807,40.443779073858444],[-79.8748755455017,40.44386072485007],[-79.87472534179686,40.44413833747973],[-79.87468242645262,40.44421998803495],[-79.87491846084595,40.444301638491],[-79.875648021698,40.44453025924027],[-79.8758840560913,40.44461190931941],[-79.87596988677979,40.444432279014364],[-79.87627029418945,40.443909715397446],[-79.87637758255003,40.443730083215854]]]}},{"type":"Feature","properties":{"GEOID":"420035615003011","NAME":"Block 3011, Block Group 3, Census Tract 5615, Allegheny County, Pennsylvania","housing_units":1,"pop":3},"geometry":{"type":"Polygon","coordinates":[[[-79.8758840560913,40.44461190931941],[-79.875648021698,40.44453025924027],[-79.87491846084595,40.444301638491],[-79.87468242645262,40.44421998803495],[-79.87463951110838,40.4443179685703],[-79.87446784973145,40.44459557931152],[-79.8744249343872,40.44469355929937],[-79.87584114074706,40.44469355929937],[-79.8758840560913,40.44461190931941]]]}},{"type":"Feature","properties":{"GEOID":"420035615003012","NAME":"Block 3012, Block Group 3, Census Tract 5615, Allegheny County, Pennsylvania","housing_units":3,"pop":7},"geometry":{"type":"Polygon","coordinates":[[[-79.87584114074706,40.44469355929937],[-79.8744249343872,40.44469355929937],[-79.87433910369872,40.44482419906101],[-79.87459659576416,40.44488951884661],[-79.87526178359985,40.445118137596346],[-79.87556219100952,40.445216116822465],[-79.8757553100586,40.44485685896175],[-79.87577676773071,40.444791539144404],[-79.87584114074706,40.44469355929937]]]}},{"type":"Feature","properties":{"GEOID":"420035615003013","NAME":"Block 3013, Block Group 3, Census Tract 5615, Allegheny County, Pennsylvania","housing_units":8,"pop":22},"geometry":{"type":"Polygon","coordinates":[[[-79.87421035766602,40.443027880081786],[-79.87412452697754,40.44299521929237],[-79.87384557723998,40.442913567249406],[-79.87375974655151,40.442880906404454],[-79.8736524581909,40.443060540855335],[-79.87337350845337,40.44358311107387],[-79.87326622009276,40.44374641343402],[-79.87335205078124,40.443779073858444],[-79.87363100051878,40.443877055036495],[-79.87371683120728,40.443893385218956],[-79.87378120422363,40.443811734267],[-79.87390995025633,40.44355045055423],[-79.87397432327269,40.4434687991857],[-79.87401723861693,40.44338714771799],[-79.87416744232176,40.44312586235482],[-79.87421035766602,40.443027880081786]]]}},{"type":"Feature","properties":{"GEOID":"420035615003014","NAME":"Block 3014, Block Group 3, Census Tract 5615, Allegheny County, Pennsylvania","housing_units":5,"pop":13},"geometry":{"type":"Polygon","coordinates":[[[-79.87493991851807,40.443779073858444],[-79.87418889999388,40.443534120288454],[-79.87416744232176,40.44351779001872],[-79.87397432327269,40.4434687991857],[-79.87390995025633,40.44355045055423],[-79.87378120422363,40.443811734267],[-79.87371683120728,40.443893385218956],[-79.87468242645262,40.44421998803495],[-79.87472534179686,40.44413833747973],[-79.8748755455017,40.44386072485007],[-79.87493991851807,40.443779073858444]]]}},{"type":"Feature","properties":{"GEOID":"420035615003015","NAME":"Block 3015, Block Group 3, Census Tract 5615, Allegheny County, Pennsylvania","housing_units":19,"pop":17},"geometry":{"type":"Polygon","coordinates":[[[-79.87421035766602,40.44043129780565],[-79.87418889999388,40.43948409188366],[-79.87371683120728,40.43950042313332],[-79.87294435501097,40.43982704729324],[-79.8720645904541,40.44043129780565],[-79.87193584442137,40.440529283863455],[-79.87174272537231,40.44065993171837],[-79.87174272537231,40.440774248383136],[-79.8717212677002,40.44103554288692],[-79.8716354370117,40.44141115195679],[-79.87178564071655,40.44144381351586],[-79.8721933364868,40.44155812884763],[-79.87234354019164,40.44159079033529],[-79.87238645553589,40.44159079033529],[-79.87251520156859,40.44163978253702],[-79.8735237121582,40.44188474301009],[-79.87382411956787,40.44139482117131],[-79.87421035766602,40.44137849038186],[-79.87421035766602,40.44043129780565]]]}},{"type":"Feature","properties":{"GEOID":"420035615003016","NAME":"Block 3016, Block Group 3, Census Tract 5615, Allegheny County, Pennsylvania","housing_units":2,"pop":1},"geometry":{"type":"Polygon","coordinates":[[[-79.87234354019164,40.44159079033529],[-79.8721933364868,40.44155812884763],[-79.87178564071655,40.44144381351586],[-79.8716354370117,40.44141115195679],[-79.87161397933959,40.4415254673441],[-79.87139940261841,40.441950065652165],[-79.87131357192992,40.44208071074586],[-79.87146377563477,40.4421133719796],[-79.8718500137329,40.44224401675592],[-79.87197875976561,40.44229300848158],[-79.8720645904541,40.44214603319749],[-79.8721933364868,40.44188474301009],[-79.87234354019164,40.44159079033529]]]}},{"type":"Feature","properties":{"GEOID":"420035615003017","NAME":"Block 3017, Block Group 3, Census Tract 5615, Allegheny County, Pennsylvania","housing_units":2,"pop":7},"geometry":{"type":"Polygon","coordinates":[[[-79.87204313278198,40.44230933904887],[-79.87200021743773,40.44229300848158],[-79.87197875976561,40.44229300848158],[-79.8718500137329,40.44224401675592],[-79.87146377563477,40.4421133719796],[-79.87131357192992,40.44208071074586],[-79.87122774124144,40.44226034733511],[-79.87116336822508,40.442390991825775],[-79.87097024917601,40.44301154968907],[-79.87133502960205,40.44312586235482],[-79.87144231796265,40.443142192719776],[-79.87154960632323,40.44319118379083],[-79.87165689468382,40.44301154968907],[-79.87195730209349,40.44248897502716],[-79.87204313278198,40.44230933904887]]]}},{"type":"Feature","properties":{"GEOID":"420035615003018","NAME":"Block 3018, Block Group 3, Census Tract 5615, Allegheny County, Pennsylvania","housing_units":7,"pop":14},"geometry":{"type":"Polygon","coordinates":[[[-79.87285852432251,40.44258695808571],[-79.87223625183104,40.44237466127833],[-79.87221479415892,40.44237466127833],[-79.87204313278198,40.44230933904887],[-79.87195730209349,40.44248897502716],[-79.87165689468382,40.44301154968907],[-79.87154960632323,40.44319118379083],[-79.87178564071655,40.44327283549658],[-79.87217187881468,40.44338714771799],[-79.87232208251952,40.4434524689001],[-79.87247228622437,40.4433054961511],[-79.87277269363403,40.442766593322126],[-79.87285852432251,40.44258695808571]]]}},{"type":"Feature","properties":{"GEOID":"420035615003019","NAME":"Block 3019, Block Group 3, Census Tract 5615, Allegheny County, Pennsylvania","housing_units":5,"pop":16},"geometry":{"type":"Polygon","coordinates":[[[-79.87680673599242,40.44294622807849],[-79.87663507461548,40.442897236828905],[-79.8765707015991,40.44286457597602],[-79.87562656402588,40.44255429708206],[-79.87554073333739,40.44271760194162],[-79.87539052963255,40.44299521929237],[-79.87517595291136,40.44335448710314],[-79.87541198730469,40.44341980831698],[-79.87614154815672,40.443664762303534],[-79.87637758255003,40.443730083215854],[-79.87646341323851,40.44358311107387],[-79.87672090530394,40.443109531985904],[-79.87680673599242,40.44294622807849]]]}},{"type":"Feature","properties":{"GEOID":"420035615003020","NAME":"Block 3020, Block Group 3, Census Tract 5615, Allegheny County, Pennsylvania","housing_units":2,"pop":7},"geometry":{"type":"Polygon","coordinates":[[[-79.87562656402588,40.44255429708206],[-79.87551927566527,40.442521636062544],[-79.87517595291136,40.44240732236926],[-79.87506866455077,40.44237466127833],[-79.87496137619017,40.44253796657429],[-79.87470388412474,40.44301154968907],[-79.87461805343627,40.44315852308076],[-79.87472534179686,40.44319118379083],[-79.87506866455077,40.4433054961511],[-79.87517595291136,40.44335448710314],[-79.87539052963255,40.44299521929237],[-79.87554073333739,40.44271760194162],[-79.87562656402588,40.44255429708206]]]}},{"type":"Feature","properties":{"GEOID":"420035615003021","NAME":"Block 3021, Block Group 3, Census Tract 5615, Allegheny County, Pennsylvania","housing_units":58,"pop":83},"geometry":{"type":"Polygon","coordinates":[[[-79.87663507461548,40.4408395721043],[-79.87637758255003,40.440006689904784],[-79.87629175186157,40.43992503423178],[-79.8759913444519,40.43969639781971],[-79.87584114074706,40.439598410547916],[-79.87554073333739,40.43951675437901],[-79.874746799469,40.43951675437901],[-79.87433910369872,40.43950042313332],[-79.87418889999388,40.43948409188366],[-79.87421035766602,40.44043129780565],[-79.87421035766602,40.44137849038186],[-79.87382411956787,40.44139482117131],[-79.8735237121582,40.44188474301009],[-79.87384557723998,40.44196639630276],[-79.874746799469,40.44227667791033],[-79.87517595291136,40.44240732236926],[-79.87551927566527,40.442521636062544],[-79.87562656402588,40.44255429708206],[-79.87571239471434,40.442390991825775],[-79.87596988677979,40.441917404339065],[-79.87605571746825,40.441770428233745],[-79.87612009048462,40.441688774703046],[-79.87629175186157,40.44136215958844],[-79.87663507461548,40.4408395721043]]]}},{"type":"Feature","properties":{"GEOID":"420035615003022","NAME":"Block 3022, Block Group 3, Census Tract 5615, Allegheny County, Pennsylvania","housing_units":21,"pop":21},"geometry":{"type":"Polygon","coordinates":[[[-79.87725734710693,40.44214603319749],[-79.87710714340209,40.4421133719796],[-79.87702131271362,40.44208071074586],[-79.87605571746825,40.441770428233745],[-79.87596988677979,40.441917404339065],[-79.87571239471434,40.442390991825775],[-79.87562656402588,40.44255429708206],[-79.8765707015991,40.44286457597602],[-79.87663507461548,40.442897236828905],[-79.87680673599242,40.44294622807849],[-79.87684965133666,40.44286457597602],[-79.8769998550415,40.4426196190735],[-79.87708568572997,40.4424563139759],[-79.87721443176268,40.44222768617277],[-79.87725734710693,40.44214603319749]]]}},{"type":"Feature","properties":{"GEOID":"420035615003023","NAME":"Block 3023, Block Group 3, Census Tract 5615, Allegheny County, Pennsylvania","housing_units":10,"pop":25},"geometry":{"type":"Polygon","coordinates":[[[-79.87749338150023,40.44175409753554],[-79.87736463546753,40.441705105417114],[-79.87652778625487,40.44142748273831],[-79.87629175186157,40.44136215958844],[-79.87612009048462,40.441688774703046],[-79.87605571746825,40.441770428233745],[-79.87702131271362,40.44208071074586],[-79.87710714340209,40.4421133719796],[-79.87725734710693,40.44214603319749],[-79.87730026245117,40.44208071074586],[-79.87745046615599,40.44183575098688],[-79.87749338150023,40.44175409753554]]]}},{"type":"Feature","properties":{"GEOID":"420035615003024","NAME":"Block 3024, Block Group 3, Census Tract 5615, Allegheny County, Pennsylvania","housing_units":0,"pop":0},"geometry":{"type":"Polygon","coordinates":[[[-79.87770795822144,40.44134582879104],[-79.87680673599242,40.44100288112949],[-79.87663507461548,40.4408395721043],[-79.87629175186157,40.44136215958844],[-79.87652778625487,40.44142748273831],[-79.87736463546753,40.441705105417114],[-79.87749338150023,40.44175409753554],[-79.87770795822144,40.44134582879104]]]}},{"type":"Feature","properties":{"GEOID":"420035647001000","NAME":"Block 1000, Block Group 1, Census Tract 5647, Allegheny County, Pennsylvania","housing_units":11,"pop":31},"geometry":{"type":"Polygon","coordinates":[[[-79.87818002700804,40.44054561485922],[-79.8765707015991,40.440006689904784],[-79.87652778625487,40.43999035877812],[-79.87633466720581,40.43990870308527],[-79.87637758255003,40.440006689904784],[-79.87663507461548,40.4408395721043],[-79.87680673599242,40.44100288112949],[-79.87770795822144,40.44134582879104],[-79.87794399261475,40.440937557567025],[-79.87802982330322,40.44080691025166],[-79.87818002700804,40.44054561485922]]]}},{"type":"Feature","properties":{"GEOID":"420035647001001","NAME":"Block 1001, Block Group 1, Census Tract 5647, Allegheny County, Pennsylvania","housing_units":15,"pop":33},"geometry":{"type":"Polygon","coordinates":[[[-79.87957477569579,40.44147647505906],[-79.87865209579468,40.441166189757965],[-79.87802982330322,40.440970219356196],[-79.87794399261475,40.440937557567025],[-79.87770795822144,40.44134582879104],[-79.87936019897461,40.44188474301009],[-79.87957477569579,40.44147647505906]]]}},{"type":"Feature","properties":{"GEOID":"420035647001002","NAME":"Block 1002, Block Group 1, Census Tract 5647, Allegheny County, Pennsylvania","housing_units":14,"pop":21},"geometry":{"type":"Polygon","coordinates":[[[-79.87981081008911,40.44108453549332],[-79.87818002700804,40.44054561485922],[-79.87802982330322,40.44080691025166],[-79.87794399261475,40.440937557567025],[-79.87802982330322,40.440970219356196],[-79.87865209579468,40.441166189757965],[-79.87957477569579,40.44147647505906],[-79.87981081008911,40.44108453549332]]]}},{"type":"Feature","properties":{"GEOID":"420035647001003","NAME":"Block 1003, Block Group 1, Census Tract 5647, Allegheny County, Pennsylvania","housing_units":27,"pop":54},"geometry":{"type":"Polygon","coordinates":[[[-79.8802614212036,40.44030064950641],[-79.87993955612181,40.4401863320363],[-79.87895250320433,40.43985970962195],[-79.87863063812256,40.43974539140203],[-79.87818002700804,40.44054561485922],[-79.87981081008911,40.44108453549332],[-79.87989664077757,40.44092122666648],[-79.88017559051514,40.44044762882521],[-79.8802614212036,40.44030064950641]]]}},{"type":"Feature","properties":{"GEOID":"420035647001004","NAME":"Block 1004, Block Group 1, Census Tract 5647, Allegheny County, Pennsylvania","housing_units":29,"pop":63},"geometry":{"type":"Polygon","coordinates":[[[-79.87863063812256,40.43974539140203],[-79.87637758255003,40.43901048391802],[-79.87607717514037,40.43889616425403],[-79.87562656402588,40.438765512971436],[-79.87521886825562,40.438749181543265],[-79.87502574920653,40.43881450723216],[-79.87515449523924,40.43892882703501],[-79.87586259841918,40.439320779168945],[-79.87620592117308,40.43966373541164],[-79.87633466720581,40.43990870308527],[-79.87652778625487,40.43999035877812],[-79.8765707015991,40.440006689904784],[-79.87818002700804,40.44054561485922],[-79.87863063812256,40.43974539140203]]]}},{"type":"Feature","properties":{"GEOID":"420035647001005","NAME":"Block 1005, Block Group 1, Census Tract 5647, Allegheny County, Pennsylvania","housing_units":48,"pop":77},"geometry":{"type":"Polygon","coordinates":[[[-79.87905979156494,40.43896148980011],[-79.87734317779541,40.43838988911967],[-79.87659215927124,40.43812858433285],[-79.87639904022215,40.43807958957226],[-79.87637758255003,40.43812858433285],[-79.87633466720581,40.43840622063512],[-79.87631320953369,40.4384878781529],[-79.87607717514037,40.43889616425403],[-79.87637758255003,40.43901048391802],[-79.87863063812256,40.43974539140203],[-79.87871646881104,40.439582079322065],[-79.87897396087646,40.43910847204671],[-79.87905979156494,40.43896148980011]]]}},{"type":"Feature","properties":{"GEOID":"420035647001006","NAME":"Block 1006, Block Group 1, Census Tract 5647, Allegheny County, Pennsylvania","housing_units":39,"pop":55},"geometry":{"type":"Polygon","coordinates":[[[-79.88071203231812,40.43950042313332],[-79.88039016723633,40.4394024355759],[-79.87940311431885,40.43907580935302],[-79.87905979156494,40.43896148980011],[-79.87897396087646,40.43910847204671],[-79.87871646881104,40.439582079322065],[-79.87863063812256,40.43974539140203],[-79.87895250320433,40.43985970962195],[-79.87993955612181,40.4401863320363],[-79.8802614212036,40.44030064950641],[-79.88034725189209,40.44013733877531],[-79.88062620162962,40.43966373541164],[-79.88071203231812,40.43950042313332]]]}},{"type":"Feature","properties":{"GEOID":"420035647001007","NAME":"Block 1007, Block Group 1, Census Tract 5647, Allegheny County, Pennsylvania","housing_units":26,"pop":22},"geometry":{"type":"Polygon","coordinates":[[[-79.88116264343262,40.438716518675],[-79.88084077835083,40.43860219851115],[-79.87989664077757,40.43829189994363],[-79.87957477569579,40.43819391062477],[-79.87916707992552,40.43879817581588],[-79.8791241645813,40.43884717005281],[-79.87905979156494,40.43896148980011],[-79.87940311431885,40.43907580935302],[-79.88039016723633,40.4394024355759],[-79.88071203231812,40.43950042313332],[-79.88077640533446,40.43941876684539],[-79.88079786300658,40.43935344174363],[-79.88116264343262,40.438716518675]]]}},{"type":"Feature","properties":{"GEOID":"420035647001008","NAME":"Block 1008, Block Group 1, Census Tract 5647, Allegheny County, Pennsylvania","housing_units":34,"pop":50},"geometry":{"type":"Polygon","coordinates":[[[-79.87957477569579,40.43819391062477],[-79.87942457199095,40.43814491591178],[-79.87897396087646,40.43798159994396],[-79.87882375717162,40.43793260507625],[-79.87860918045043,40.43786727853043],[-79.87798690795898,40.43765496681816],[-79.87777233123778,40.437589640002564],[-79.87775087356566,40.43763863512021],[-79.87742900848387,40.43822657374693],[-79.87734317779541,40.43838988911967],[-79.87905979156494,40.43896148980011],[-79.8791241645813,40.43884717005281],[-79.87916707992552,40.43879817581588],[-79.87957477569579,40.43819391062477]]]}},{"type":"Feature","properties":{"GEOID":"420035647001009","NAME":"Block 1009, Block Group 1, Census Tract 5647, Allegheny County, Pennsylvania","housing_units":38,"pop":32},"geometry":{"type":"Polygon","coordinates":[[[-79.87777233123778,40.437589640002564],[-79.87648487091063,40.43716501415407],[-79.87637758255003,40.43714868233711],[-79.87590551376343,40.43709968686242],[-79.87586259841918,40.43709968686242],[-79.8757553100586,40.4370833550296],[-79.87571239471434,40.4370833550296],[-79.87562656402588,40.437491649660174],[-79.87646341323851,40.43765496681816],[-79.87639904022215,40.43807958957226],[-79.87659215927124,40.43812858433285],[-79.87734317779541,40.43838988911967],[-79.87742900848387,40.43822657374693],[-79.87775087356566,40.43763863512021],[-79.87777233123778,40.437589640002564]]]}},{"type":"Feature","properties":{"GEOID":"420035647001010","NAME":"Block 1010, Block Group 1, Census Tract 5647, Allegheny County, Pennsylvania","housing_units":2,"pop":5},"geometry":{"type":"Polygon","coordinates":[[[-79.87646341323851,40.43765496681816],[-79.87562656402588,40.437491649660174],[-79.87551927566527,40.43798159994396],[-79.87637758255003,40.43812858433285],[-79.87639904022215,40.43807958957226],[-79.87646341323851,40.43765496681816]]]}},{"type":"Feature","properties":{"GEOID":"420035647001011","NAME":"Block 1011, Block Group 1, Census Tract 5647, Allegheny County, Pennsylvania","housing_units":28,"pop":43},"geometry":{"type":"Polygon","coordinates":[[[-79.87637758255003,40.43812858433285],[-79.87551927566527,40.43798159994396],[-79.87399578094481,40.43781828357942],[-79.87393140792845,40.43785094688406],[-79.87403869628905,40.43798159994396],[-79.8748755455017,40.43870018723493],[-79.87502574920653,40.43881450723216],[-79.87521886825562,40.438749181543265],[-79.87562656402588,40.438765512971436],[-79.87607717514037,40.43889616425403],[-79.87631320953369,40.4384878781529],[-79.87633466720581,40.43840622063512],[-79.87637758255003,40.43812858433285]]]}},{"type":"Feature","properties":{"GEOID":"420035647001012","NAME":"Block 1012, Block Group 1, Census Tract 5647, Allegheny County, Pennsylvania","housing_units":29,"pop":42},"geometry":{"type":"Polygon","coordinates":[[[-79.87571239471434,40.4370833550296],[-79.87539052963255,40.43703435950731],[-79.87438201904295,40.436920036483116],[-79.87406015396118,40.436887372726204],[-79.87388849258423,40.43687104084181],[-79.87339496612549,40.43682204516479],[-79.87324476242064,40.43680571326452],[-79.87350225448607,40.4370833550296],[-79.87367391586302,40.437344663878804],[-79.8737382888794,40.43747531792256],[-79.87384557723998,40.43765496681816],[-79.87393140792845,40.43785094688406],[-79.87399578094481,40.43781828357942],[-79.87551927566527,40.43798159994396],[-79.87562656402588,40.437491649660174],[-79.87571239471434,40.4370833550296]]]}},{"type":"Feature","properties":{"GEOID":"420035647002000","NAME":"Block 2000, Block Group 2, Census Tract 5647, Allegheny County, Pennsylvania","housing_units":0,"pop":0},"geometry":{"type":"Polygon","coordinates":[[[-79.87339496612549,40.43682204516479],[-79.87335205078124,40.43667505791954],[-79.87303018569946,40.43626675832999],[-79.87266540527342,40.43598911319284],[-79.87245082855225,40.43587478839136],[-79.87221479415892,40.43579312769986],[-79.87178564071655,40.435776795549664],[-79.8723006248474,40.436021777386124],[-79.87253665924071,40.43616876605956],[-79.87298727035521,40.43654440232065],[-79.87324476242064,40.43680571326452],[-79.87339496612549,40.43682204516479]]]}},{"type":"Feature","properties":{"GEOID":"420035647002001","NAME":"Block 2001, Block Group 2, Census Tract 5647, Allegheny County, Pennsylvania","housing_units":35,"pop":55,"merged_road_artifact_geoids":["420035162001000"]},"geometry":{"type":"Polygon","coordinates":[[[-79.87666229098272,40.43554367498744],[-79.875758,40.435265],[-79.875739,40.435261],[-79.87503273450908,40.43511415271971],[-79.874931,40.435093],[-79.874398,40.43454],[-79.874097,40.4341294],[-79.87404291581666,40.434060084102406],[-79.8739571,40.4339501],[-79.8734185,40.4339461],[-79.87272519655345,40.4338786751405],[-79.872709,40.4338771],[-79.8722429,40.4338193],[-79.87226927817179,40.43376972572989],[-79.87246517252841,40.43340156830688],[-79.87240337643779,40.43338492424996],[-79.87237928868379,40.43337649820558],[-79.8721933364868,40.43375157817947],[-79.87191438674925,40.43437221579131],[-79.87178564071655,40.43520516779331],[-79.8717212677002,40.4353684905053],[-79.87150669097899,40.43564613820523],[-79.87154960632323,40.435678802565135],[-79.8717212677002,40.43574413123735],[-79.87178564071655,40.435776795549664],[-79.87221479415892,40.43579312769986],[-79.87245082855225,40.43587478839136],[-79.87266540527342,40.43598911319284],[-79.87303018569946,40.43626675832999],[-79.87335205078124,40.43667505791954],[-79.87339496612549,40.43682204516479],[-79.87388849258423,40.43687104084181],[-79.87406015396118,40.436887372726204],[-79.87399578094481,40.436740385623764],[-79.87386703491211,40.436511738381256],[-79.87380266189575,40.43641374646786],[-79.8736524581909,40.43616876605956],[-79.8736524581909,40.436152434000604],[-79.87358808517455,40.43608710572511],[-79.87309455871582,40.435597141635604],[-79.8731803894043,40.435597141635604],[-79.87345933914185,40.4355154806069],[-79.87401723861693,40.435433819479016],[-79.87639904022215,40.43549914838926],[-79.87666229098272,40.43554367498744]]]}},{"type":"Feature","properties":{"GEOID":"420035647002002","NAME":"Block 2002, Block Group 2, Census Tract 5647, Allegheny County, Pennsylvania","housing_units":15,"pop":19},"geometry":{"type":"Polygon","coordinates":[[[-79.8760986328125,40.436217762212635],[-79.87403869628905,40.43597278109025],[-79.87388849258423,40.43598911319284],[-79.87358808517455,40.43608710572511],[-79.8736524581909,40.436152434000604],[-79.8736524581909,40.43616876605956],[-79.87380266189575,40.43641374646786],[-79.87425327301025,40.43644641045486],[-79.87592697143555,40.436642394043616],[-79.8759913444519,40.43667505791954],[-79.8760986328125,40.436217762212635]]]}},{"type":"Feature","properties":{"GEOID":"420035647002003","NAME":"Block 2003, Block Group 2, Census Tract 5647, Allegheny County, Pennsylvania","housing_units":19,"pop":34},"geometry":{"type":"Polygon","coordinates":[[[-79.8759913444519,40.43667505791954],[-79.87592697143555,40.436642394043616],[-79.87425327301025,40.43644641045486],[-79.87380266189575,40.43641374646786],[-79.87386703491211,40.436511738381256],[-79.87399578094481,40.436740385623764],[-79.87406015396118,40.436887372726204],[-79.87438201904295,40.436920036483116],[-79.87539052963255,40.43703435950731],[-79.87571239471434,40.4370833550296],[-79.8757553100586,40.4370833550296],[-79.87586259841918,40.43709968686242],[-79.87590551376343,40.43709968686242],[-79.87592697143555,40.4370180276586],[-79.8759913444519,40.43675671753991],[-79.8759913444519,40.43667505791954]]]}},{"type":"Feature","properties":{"GEOID":"420035647002004","NAME":"Block 2004, Block Group 2, Census Tract 5647, Allegheny County, Pennsylvania","housing_units":160,"pop":184,"merged_road_artifact_geoids":["420035162001007","420035162001003","420035647002005__part2"]},"geometry":{"type":"Polygon","coordinates":[[[-79.88041636459661,40.434746072274024],[-79.88037152014451,40.434718661557746],[-79.87999329257897,40.434496855887936],[-79.87959805182027,40.434250534882466],[-79.87947741309185,40.43417628265569],[-79.87948381201721,40.43416185421799],[-79.879331,40.43407],[-79.879244,40.434023],[-79.879153,40.433975],[-79.87915004207011,40.43397747202765],[-79.87914638767623,40.43398052611042],[-79.87914210044008,40.43398410907779],[-79.87914210043996,40.4339841090779],[-79.8788190552652,40.434254087283506],[-79.878666,40.434382],[-79.87753916694543,40.43532462436782],[-79.87741580645245,40.43542781854218],[-79.877204,40.435605],[-79.876982,40.435792],[-79.876725,40.435563],[-79.87666229098272,40.43554367498744],[-79.87639904022215,40.43549914838926],[-79.87401723861693,40.435433819479016],[-79.87345933914185,40.4355154806069],[-79.8731803894043,40.435597141635604],[-79.87309455871582,40.435597141635604],[-79.87358808517455,40.43608710572511],[-79.87388849258423,40.43598911319284],[-79.87403869628905,40.43597278109025],[-79.8760986328125,40.436217762212635],[-79.8759913444519,40.43667505791954],[-79.8759913444519,40.43675671753991],[-79.87592697143555,40.4370180276586],[-79.87590551376343,40.43709968686242],[-79.87637758255003,40.43714868233711],[-79.87648487091063,40.43716501415407],[-79.87777233123778,40.437589640002564],[-79.8777937889099,40.43754064484923],[-79.87905979156494,40.43636475045762],[-79.87914562225339,40.43594011687315],[-79.87920999526976,40.435776795549664],[-79.87983226776123,40.43525416464856],[-79.88041636459661,40.434746072274024]]]}},{"type":"Feature","properties":{"GEOID":"420035647002005","NAME":"Block 2005, Block Group 2, Census Tract 5647, Allegheny County, Pennsylvania","housing_units":112,"pop":173,"original_geoid":"420035647002005","split_part":1,"split_part_count":2},"geometry":{"type":"Polygon","coordinates":[[[-79.88187677267672,40.43562521936254],[-79.8818686739566,40.43562034895019],[-79.88112130708124,40.43517125851754],[-79.8810243904594,40.43511281946585],[-79.88102226274121,40.43508981816757],[-79.880919,40.435027],[-79.880559,40.434811],[-79.88044,40.434739],[-79.880369,40.434696],[-79.880272,40.434637],[-79.87977,40.434334],[-79.879603,40.434234],[-79.879514,40.43418],[-79.87948381201721,40.43416185421799],[-79.87947741309185,40.43417628265569],[-79.87959805182027,40.434250534882466],[-79.87999329257897,40.434496855887936],[-79.88037152014451,40.434718661557746],[-79.88041636459661,40.434746072274024],[-79.87983226776123,40.43525416464856],[-79.87920999526976,40.435776795549664],[-79.87914562225339,40.43594011687315],[-79.87905979156494,40.43636475045762],[-79.8777937889099,40.43754064484923],[-79.87777233123778,40.437589640002564],[-79.87798690795898,40.43765496681816],[-79.87860918045043,40.43786727853043],[-79.87882375717162,40.43793260507625],[-79.87929582595825,40.43716501415407],[-79.87991809844969,40.43625042629484],[-79.88034725189209,40.43587478839136],[-79.88041162490843,40.43592378475865],[-79.88107681274413,40.43631575441165],[-79.88111972808836,40.43626675832999],[-79.8812699317932,40.43613610193768],[-79.88144159317015,40.436005445291464],[-79.88176345825194,40.43571146690918],[-79.88187677267672,40.43562521936254]]]}},{"type":"Feature","properties":{"GEOID":"420035647002006","NAME":"Block 2006, Block Group 2, Census Tract 5647, Allegheny County, Pennsylvania","housing_units":51,"pop":107},"geometry":{"type":"Polygon","coordinates":[[[-79.88107681274413,40.43631575441165],[-79.88041162490843,40.43592378475865],[-79.88034725189209,40.43587478839136],[-79.87991809844969,40.43625042629484],[-79.87929582595825,40.43716501415407],[-79.87882375717162,40.43793260507625],[-79.87897396087646,40.43798159994396],[-79.87942457199095,40.43814491591178],[-79.87957477569579,40.43819391062477],[-79.88019704818724,40.437116018691285],[-79.88051891326904,40.43677304945208],[-79.88107681274413,40.43631575441165]]]}},{"type":"Feature","properties":{"GEOID":"420035647002007","NAME":"Block 2007, Block Group 2, Census Tract 5647, Allegheny County, Pennsylvania","housing_units":2,"pop":7},"geometry":{"type":"Polygon","coordinates":[[[-79.88245010375975,40.43644641045486],[-79.88221406936646,40.436381082465005],[-79.88154888153076,40.43616876605956],[-79.88131284713744,40.43610343779993],[-79.8812699317932,40.43613610193768],[-79.88111972808836,40.43626675832999],[-79.88107681274413,40.43631575441165],[-79.88051891326904,40.43677304945208],[-79.88019704818724,40.437116018691285],[-79.87957477569579,40.43819391062477],[-79.87989664077757,40.43829189994363],[-79.88084077835083,40.43860219851115],[-79.88116264343262,40.438716518675],[-79.88133430480956,40.43838988911967],[-79.88137722015381,40.43832456301818],[-79.88142013549803,40.438242905302054],[-79.88157033920288,40.43801426316926],[-79.8816132545471,40.43793260507625],[-79.88163471221922,40.43786727853043],[-79.88174200057982,40.43768763020215],[-79.88178491592406,40.437622303418294],[-79.8820424079895,40.43716501415407],[-79.88210678100585,40.43703435950731],[-79.88217115402222,40.436920036483116],[-79.8823857307434,40.43656073428439],[-79.88245010375975,40.43644641045486]]]}},{"type":"Feature","properties":{"GEOID":"420035647002008","NAME":"Block 2008, Block Group 2, Census Tract 5647, Allegheny County, Pennsylvania","housing_units":9,"pop":27},"geometry":{"type":"Polygon","coordinates":[[[-79.88298520110624,40.436023017380016],[-79.882728,40.435958],[-79.882669,40.435957],[-79.882494,40.435954],[-79.882436,40.435954],[-79.882325,40.435887],[-79.881994,40.435687],[-79.881977,40.435677],[-79.881887,40.435617],[-79.881762,40.435535],[-79.881719,40.435509],[-79.881209,40.435202],[-79.881039,40.4351],[-79.88102226274121,40.43508981816757],[-79.8810243904594,40.43511281946585],[-79.88112130708124,40.43517125851754],[-79.8818686739566,40.43562034895019],[-79.88187677267672,40.43562521936254],[-79.88176345825194,40.43571146690918],[-79.88144159317015,40.436005445291464],[-79.88131284713744,40.43610343779993],[-79.88154888153076,40.43616876605956],[-79.88221406936646,40.436381082465005],[-79.88245010375975,40.43644641045486],[-79.88249301910399,40.436381082465005],[-79.88262176513672,40.436152434000604],[-79.88265875367937,40.43609612785305],[-79.88275096958427,40.4361538440804],[-79.88282193787202,40.436169392942666],[-79.88298520110624,40.436023017380016]]]}},{"type":"Feature","properties":{"GEOID":"420035647002009","NAME":"Block 2009, Block Group 2, Census Tract 5647, Allegheny County, Pennsylvania","housing_units":0,"pop":0},"geometry":{"type":"Polygon","coordinates":[[[-79.8721933364868,40.43375157817947],[-79.87191438674925,40.4336862475713],[-79.87200021743773,40.43353925347086],[-79.87159252166747,40.43337592631571],[-79.87054109573363,40.43291860817081],[-79.86884593963623,40.43430688578614],[-79.8691463470459,40.4344538782085],[-79.87139940261841,40.4355154806069],[-79.87150669097899,40.43564613820523],[-79.8717212677002,40.4353684905053],[-79.87178564071655,40.43520516779331],[-79.87191438674925,40.43437221579131],[-79.8721933364868,40.43375157817947]]]}},{"type":"Feature","properties":{"GEOID":"420035647002012","NAME":"Block 2012, Block Group 2, Census Tract 5647, Allegheny County, Pennsylvania","housing_units":0,"pop":0,"merged_road_artifact_geoids":["420035647002011","420035180011001","420035647002013"]},"geometry":{"type":"Polygon","coordinates":[[[-79.87054109573363,40.43291860817081],[-79.87041234970093,40.432869609613675],[-79.8699835773359,40.432689544655055],[-79.8701698179913,40.4319881800486],[-79.869548,40.431914],[-79.86777010240891,40.43170251915446],[-79.86760640375321,40.431683047206086],[-79.86656041494423,40.43155862688016],[-79.8661893501137,40.43151448873379],[-79.865891,40.431479],[-79.865833,40.431546],[-79.865253,40.432232],[-79.865132,40.432375],[-79.865028,40.432512],[-79.864857,40.432804],[-79.8647712881716,40.43295105460756],[-79.86522610530497,40.43328263205274],[-79.86532688140868,40.43314726763204],[-79.86517667770386,40.43298393952478],[-79.86516382171376,40.432976111096465],[-79.86532524030358,40.432746051138466],[-79.86554145812987,40.43288594247002],[-79.86616373062134,40.43324526430596],[-79.86779451370239,40.433996567394786],[-79.86852407455444,40.43438854828268],[-79.8687171936035,40.43425788824061],[-79.86884593963623,40.43430688578614],[-79.87054109573363,40.43291860817081]]]}},{"type":"Feature","properties":{"GEOID":"420035647003000","NAME":"Block 3000, Block Group 3, Census Tract 5647, Allegheny County, Pennsylvania","housing_units":0,"pop":0},"geometry":{"type":"Polygon","coordinates":[[[-79.88094806671141,40.44193373499759],[-79.88075494766234,40.44186841233966],[-79.87957477569579,40.44147647505906],[-79.87936019897461,40.44188474301009],[-79.87961769104002,40.441982726949384],[-79.88045454025267,40.44224401675592],[-79.88071203231812,40.442342000171536],[-79.88077640533446,40.44226034733511],[-79.88094806671141,40.44193373499759]]]}},{"type":"Feature","properties":{"GEOID":"420035647003001","NAME":"Block 3001, Block Group 3, Census Tract 5647, Allegheny County, Pennsylvania","housing_units":16,"pop":10},"geometry":{"type":"Polygon","coordinates":[[[-79.88214969635008,40.44235833072692],[-79.8817205429077,40.44222768617277],[-79.88157033920288,40.44214603319749],[-79.88094806671141,40.44193373499759],[-79.88077640533446,40.44226034733511],[-79.88071203231812,40.442342000171536],[-79.88096952438353,40.44242365290878],[-79.88167762756348,40.4426522800454],[-79.88191366195679,40.44273393240576],[-79.88195657730101,40.442668610525416],[-79.88210678100585,40.44242365290878],[-79.88214969635008,40.44235833072692]]]}},{"type":"Feature","properties":{"GEOID":"420035647003002","NAME":"Block 3002, Block Group 3, Census Tract 5647, Allegheny County, Pennsylvania","housing_units":19,"pop":25},"geometry":{"type":"Polygon","coordinates":[[[-79.88498210906982,40.44324017482617],[-79.88270759582518,40.442521636062544],[-79.88247156143187,40.442439983444324],[-79.88214969635008,40.44235833072692],[-79.88210678100585,40.44242365290878],[-79.88195657730101,40.442668610525416],[-79.88191366195679,40.44273393240576],[-79.88249301910399,40.442929897665934],[-79.88416671752928,40.44348512946734],[-79.8847246170044,40.443664762303534],[-79.88478899002074,40.44358311107387],[-79.88491773605347,40.44333815678976],[-79.88498210906982,40.44324017482617]]]}},{"type":"Feature","properties":{"GEOID":"420035647003003","NAME":"Block 3003, Block Group 3, Census Tract 5647, Allegheny County, Pennsylvania","housing_units":0,"pop":0},"geometry":{"type":"Polygon","coordinates":[[[-79.88631248474121,40.44325650516336],[-79.88566875457762,40.443027880081786],[-79.88530397415161,40.442913567249406],[-79.885196685791,40.442880906404454],[-79.88502502441405,40.443174853437775],[-79.88500356674194,40.44319118379083],[-79.88498210906982,40.44324017482617],[-79.88491773605347,40.44333815678976],[-79.88478899002074,40.44358311107387],[-79.8847246170044,40.443664762303534],[-79.8849606513977,40.44374641343402],[-79.88564729690552,40.44397503607173],[-79.8858618736267,40.44405668682533],[-79.88611936569214,40.443599441327734],[-79.88618373870848,40.443501459745015],[-79.88622665405272,40.4434524689001],[-79.88631248474121,40.44325650516336]]]}},{"type":"Feature","properties":{"GEOID":"420035647003004","NAME":"Block 3004, Block Group 3, Census Tract 5647, Allegheny County, Pennsylvania","housing_units":0,"pop":0},"geometry":{"type":"Polygon","coordinates":[[[-79.88712787628174,40.444464939105536],[-79.88684892654418,40.443730083215854],[-79.88672018051146,40.443664762303534],[-79.88618373870848,40.443501459745015],[-79.88611936569214,40.443599441327734],[-79.8858618736267,40.44405668682533],[-79.88611936569214,40.44413833747973],[-79.88661289215088,40.444301638491],[-79.88712787628174,40.444464939105536]]]}},{"type":"Feature","properties":{"GEOID":"420035647003005","NAME":"Block 3005, Block Group 3, Census Tract 5647, Allegheny County, Pennsylvania","housing_units":0,"pop":0},"geometry":{"type":"Polygon","coordinates":[[[-79.88747119903564,40.44457924929965],[-79.8874282836914,40.44444860906193],[-79.88736391067503,40.44436695878442],[-79.88727807998657,40.444301638491],[-79.88699913024901,40.44361577157763],[-79.88689184188841,40.44312586235482],[-79.88680601119995,40.442978888891716],[-79.88669872283934,40.44294622807849],[-79.88652706146239,40.442978888891716],[-79.88646268844604,40.44301154968907],[-79.88631248474121,40.44325650516336],[-79.88622665405272,40.4434524689001],[-79.88618373870848,40.443501459745015],[-79.88672018051146,40.443664762303534],[-79.88684892654418,40.443730083215854],[-79.88712787628174,40.444464939105536],[-79.88734245300292,40.44453025924027],[-79.88747119903564,40.44457924929965]]]}},{"type":"Feature","properties":{"GEOID":"420035647003006","NAME":"Block 3006, Block Group 3, Census Tract 5647, Allegheny County, Pennsylvania","housing_units":0,"pop":0,"merged_road_artifact_geoids":["420035647003007"]},"geometry":{"type":"Polygon","coordinates":[[[-79.88768577575682,40.44466089931929],[-79.88757848739623,40.444236318134095],[-79.88723516464232,40.44299521929237],[-79.88712787628174,40.44257062758587],[-79.88706350326537,40.44255429708206],[-79.8869776725769,40.442521636062544],[-79.88680601119995,40.44247264450352],[-79.88672018051146,40.44257062758587],[-79.8866558074951,40.442684941001446],[-79.88676309585571,40.44279925422263],[-79.88669872283934,40.44294622807849],[-79.88680601119995,40.442978888891716],[-79.88689184188841,40.44312586235482],[-79.88699913024901,40.44361577157763],[-79.88727807998657,40.444301638491],[-79.88736391067503,40.44436695878442],[-79.8874282836914,40.44444860906193],[-79.88747119903564,40.44457924929965],[-79.88757848739623,40.44461190931941],[-79.88764286041258,40.44464456932329],[-79.88768577575682,40.44466089931929]]]}},{"type":"Feature","properties":{"GEOID":"420035647003009","NAME":"Block 3009, Block Group 3, Census Tract 5647, Allegheny County, Pennsylvania","housing_units":2,"pop":4},"geometry":{"type":"Polygon","coordinates":[[[-79.88680601119995,40.44237466127833],[-79.88676309585571,40.44222768617277],[-79.88644123077393,40.4404639598408],[-79.88631248474121,40.44043129780565],[-79.88624811172485,40.44039863575465],[-79.88624811172485,40.44049662186007],[-79.88633394241332,40.440888564853516],[-79.88609790802002,40.44129683637509],[-79.88601207733153,40.44144381351586],[-79.885733127594,40.441917404339065],[-79.88564729690552,40.44208071074586],[-79.8858618736267,40.44216236380048],[-79.88656997680663,40.442390991825775],[-79.88680601119995,40.44247264450352],[-79.88680601119995,40.44237466127833]]]}},{"type":"Feature","properties":{"GEOID":"420035647003010","NAME":"Block 3010, Block Group 3, Census Tract 5647, Allegheny County, Pennsylvania","housing_units":16,"pop":34},"geometry":{"type":"Polygon","coordinates":[[[-79.88680601119995,40.44247264450352],[-79.88656997680663,40.442390991825775],[-79.8858618736267,40.44216236380048],[-79.88564729690552,40.44208071074586],[-79.88554000854491,40.44224401675592],[-79.88528251647949,40.44271760194162],[-79.885196685791,40.442880906404454],[-79.88530397415161,40.442913567249406],[-79.88566875457762,40.443027880081786],[-79.88631248474121,40.44325650516336],[-79.88646268844604,40.44301154968907],[-79.88652706146239,40.442978888891716],[-79.88669872283934,40.44294622807849],[-79.88676309585571,40.44279925422263],[-79.8866558074951,40.442684941001446],[-79.88672018051146,40.44257062758587],[-79.88680601119995,40.44247264450352]]]}},{"type":"Feature","properties":{"GEOID":"420035647003011","NAME":"Block 3011, Block Group 3, Census Tract 5647, Allegheny County, Pennsylvania","housing_units":125,"pop":135},"geometry":{"type":"Polygon","coordinates":[[[-79.88564729690552,40.44208071074586],[-79.88554000854491,40.442048049496236],[-79.88523960113525,40.441950065652165],[-79.88513231277464,40.441917404339065],[-79.88504648208618,40.44206438012302],[-79.88476753234862,40.44253796657429],[-79.88468170166014,40.44270127147352],[-79.88476753234862,40.44273393240576],[-79.8850893974304,40.442831915107256],[-79.885196685791,40.442880906404454],[-79.88528251647949,40.44271760194162],[-79.88554000854491,40.44224401675592],[-79.88564729690552,40.44208071074586]]]}},{"type":"Feature","properties":{"GEOID":"420035647003012","NAME":"Block 3012, Block Group 3, Census Tract 5647, Allegheny County, Pennsylvania","housing_units":19,"pop":30},"geometry":{"type":"Polygon","coordinates":[[[-79.885196685791,40.442880906404454],[-79.8850893974304,40.442831915107256],[-79.88476753234862,40.44273393240576],[-79.88468170166014,40.44270127147352],[-79.8828363418579,40.44209704136472],[-79.88262176513672,40.44201538823074],[-79.8823857307434,40.44193373499759],[-79.88232135772704,40.44201538823074],[-79.88219261169434,40.44227667791033],[-79.88214969635008,40.44235833072692],[-79.88247156143187,40.442439983444324],[-79.88270759582518,40.442521636062544],[-79.88498210906982,40.44324017482617],[-79.88500356674194,40.44319118379083],[-79.88502502441405,40.443174853437775],[-79.885196685791,40.442880906404454]]]}},{"type":"Feature","properties":{"GEOID":"420035647003013","NAME":"Block 3013, Block Group 3, Census Tract 5647, Allegheny County, Pennsylvania","housing_units":0,"pop":0},"geometry":{"type":"Polygon","coordinates":[[[-79.88513231277464,40.441917404339065],[-79.8849606513977,40.44185208166525],[-79.88442420959471,40.441672443985],[-79.88425254821777,40.44162345180707],[-79.88397359848022,40.4415254673441],[-79.88311529159544,40.44124784392342],[-79.8828363418579,40.441149858912965],[-79.8827290534973,40.44129683637509],[-79.88247156143187,40.44178675892798],[-79.8823857307434,40.44193373499759],[-79.88262176513672,40.44201538823074],[-79.8828363418579,40.44209704136472],[-79.88468170166014,40.44270127147352],[-79.88476753234862,40.44253796657429],[-79.88504648208618,40.44206438012302],[-79.88513231277464,40.441917404339065]]]}},{"type":"Feature","properties":{"GEOID":"420035647003014","NAME":"Block 3014, Block Group 3, Census Tract 5647, Allegheny County, Pennsylvania","housing_units":19,"pop":12},"geometry":{"type":"Polygon","coordinates":[[[-79.8823857307434,40.44193373499759],[-79.88223552703857,40.44188474301009],[-79.88180637359618,40.44175409753554],[-79.88165616989134,40.441705105417114],[-79.88157033920288,40.441672443985],[-79.8812699317932,40.44157445959344],[-79.88118410110474,40.44154179809785],[-79.88114118576048,40.44162345180707],[-79.88099098205565,40.44185208166525],[-79.88094806671141,40.44193373499759],[-79.88157033920288,40.44214603319749],[-79.8817205429077,40.44222768617277],[-79.88214969635008,40.44235833072692],[-79.88219261169434,40.44227667791033],[-79.88232135772704,40.44201538823074],[-79.8823857307434,40.44193373499759]]]}},{"type":"Feature","properties":{"GEOID":"420035647003015","NAME":"Block 3015, Block Group 3, Census Tract 5647, Allegheny County, Pennsylvania","housing_units":0,"pop":0},"geometry":{"type":"Polygon","coordinates":[[[-79.88214969635008,40.44092122666648],[-79.8820424079895,40.440888564853516],[-79.88174200057982,40.440774248383136],[-79.88163471221922,40.44074158649876],[-79.88152742385864,40.44090489576199],[-79.8812699317932,40.44137849038186],[-79.88118410110474,40.44154179809785],[-79.8812699317932,40.44157445959344],[-79.88157033920288,40.441672443985],[-79.88165616989134,40.441705105417114],[-79.8820638656616,40.44108453549332],[-79.88214969635008,40.44092122666648]]]}},{"type":"Feature","properties":{"GEOID":"420035647003016","NAME":"Block 3016, Block Group 3, Census Tract 5647, Allegheny County, Pennsylvania","housing_units":21,"pop":26},"geometry":{"type":"Polygon","coordinates":[[[-79.8828363418579,40.441149858912965],[-79.88268613815306,40.441100866354176],[-79.88229990005492,40.440970219356196],[-79.88214969635008,40.44092122666648],[-79.8820638656616,40.44108453549332],[-79.88165616989134,40.441705105417114],[-79.88180637359618,40.44175409753554],[-79.88223552703857,40.44188474301009],[-79.8823857307434,40.44193373499759],[-79.88247156143187,40.44178675892798],[-79.8827290534973,40.44129683637509],[-79.8828363418579,40.441149858912965]]]}},{"type":"Feature","properties":{"GEOID":"420035647003017","NAME":"Block 3017, Block Group 3, Census Tract 5647, Allegheny County, Pennsylvania","housing_units":14,"pop":17},"geometry":{"type":"Polygon","coordinates":[[[-79.88305091857909,40.44075791744294],[-79.88298654556273,40.44072525555062],[-79.88281488418578,40.44067626268239],[-79.88184928894043,40.440349642648385],[-79.88180637359618,40.44043129780565],[-79.88167762756348,40.44065993171837],[-79.88163471221922,40.44074158649876],[-79.88174200057982,40.440774248383136],[-79.8820424079895,40.440888564853516],[-79.88214969635008,40.44092122666648],[-79.88229990005492,40.440970219356196],[-79.88268613815306,40.441100866354176],[-79.8828363418579,40.441149858912965],[-79.88287925720215,40.44106820462848],[-79.88300800323485,40.4408395721043],[-79.88305091857909,40.44075791744294]]]}},{"type":"Feature","properties":{"GEOID":"420035647003018","NAME":"Block 3018, Block Group 3, Census Tract 5647, Allegheny County, Pennsylvania","housing_units":14,"pop":28},"geometry":{"type":"Polygon","coordinates":[[[-79.88470315933228,40.44082324117996],[-79.8844027519226,40.44072525555062],[-79.88356590270996,40.44044762882521],[-79.88328695297241,40.440365973687776],[-79.88324403762817,40.44043129780565],[-79.88309383392333,40.44067626268239],[-79.88300800323485,40.4408395721043],[-79.88287925720215,40.44106820462848],[-79.8828363418579,40.441149858912965],[-79.88311529159544,40.44124784392342],[-79.88397359848022,40.4415254673441],[-79.88425254821777,40.44162345180707],[-79.88433837890625,40.44146014428944],[-79.8846173286438,40.44098655024483],[-79.88470315933228,40.44082324117996]]]}},{"type":"Feature","properties":{"GEOID":"420035647003019","NAME":"Block 3019, Block Group 3, Census Tract 5647, Allegheny County, Pennsylvania","housing_units":19,"pop":11},"geometry":{"type":"Polygon","coordinates":[[[-79.88558292388916,40.44111719721108],[-79.8854112625122,40.44106820462848],[-79.88487482070921,40.440888564853516],[-79.88470315933228,40.44082324117996],[-79.8846173286438,40.44098655024483],[-79.88433837890625,40.44146014428944],[-79.88425254821777,40.44162345180707],[-79.88442420959471,40.441672443985],[-79.8849606513977,40.44185208166525],[-79.88513231277464,40.441917404339065],[-79.88521814346312,40.44175409753554],[-79.88549709320067,40.441280505561835],[-79.88558292388916,40.44111719721108]]]}},{"type":"Feature","properties":{"GEOID":"420035647003020","NAME":"Block 3020, Block Group 3, Census Tract 5647, Allegheny County, Pennsylvania","housing_units":37,"pop":42},"geometry":{"type":"Polygon","coordinates":[[[-79.88609790802002,40.44129683637509],[-79.88599061965942,40.44124784392342],[-79.88569021224974,40.441149858912965],[-79.88558292388916,40.44111719721108],[-79.88549709320067,40.441280505561835],[-79.88521814346312,40.44175409753554],[-79.88513231277464,40.441917404339065],[-79.88523960113525,40.441950065652165],[-79.88554000854491,40.442048049496236],[-79.88564729690552,40.44208071074586],[-79.885733127594,40.441917404339065],[-79.88601207733153,40.44144381351586],[-79.88609790802002,40.44129683637509]]]}},{"type":"Feature","properties":{"GEOID":"420035647003021","NAME":"Block 3021, Block Group 3, Census Tract 5647, Allegheny County, Pennsylvania","housing_units":2,"pop":3},"geometry":{"type":"Polygon","coordinates":[[[-79.88633394241332,40.440888564853516],[-79.88624811172485,40.44049662186007],[-79.88624811172485,40.44039863575465],[-79.8862051963806,40.440382304723194],[-79.8860764503479,40.440349642648385],[-79.88603353500365,40.44033331160502],[-79.88594770431519,40.44049662186007],[-79.88566875457762,40.440970219356196],[-79.88558292388916,40.44111719721108],[-79.88569021224974,40.441149858912965],[-79.88599061965942,40.44124784392342],[-79.88609790802002,40.44129683637509],[-79.88633394241332,40.440888564853516]]]}},{"type":"Feature","properties":{"GEOID":"420035647003022","NAME":"Block 3022, Block Group 3, Census Tract 5647, Allegheny County, Pennsylvania","housing_units":0,"pop":3},"geometry":{"type":"Polygon","coordinates":[[[-79.88603353500365,40.44033331160502],[-79.8858618736267,40.440267987391934],[-79.88532543182373,40.440104676581484],[-79.88515377044676,40.44003935214622],[-79.88511085510252,40.440104676581484],[-79.88504648208618,40.4401863320363],[-79.88470315933228,40.44082324117996],[-79.88487482070921,40.440888564853516],[-79.8854112625122,40.44106820462848],[-79.88558292388916,40.44111719721108],[-79.88566875457762,40.440970219356196],[-79.88594770431519,40.44049662186007],[-79.88603353500365,40.44033331160502]]]}},{"type":"Feature","properties":{"GEOID":"420035647003023","NAME":"Block 3023, Block Group 3, Census Tract 5647, Allegheny County, Pennsylvania","housing_units":18,"pop":38},"geometry":{"type":"Polygon","coordinates":[[[-79.88515377044676,40.44003935214622],[-79.8850893974304,40.440023021027486],[-79.88487482070921,40.439957696512884],[-79.88481044769286,40.43992503423178],[-79.88459587097168,40.43985970962195],[-79.8839521408081,40.439647404201665],[-79.8837375640869,40.43956574809226],[-79.88365173339844,40.43972906021188],[-79.88337278366087,40.44020266311536],[-79.88328695297241,40.440365973687776],[-79.88356590270996,40.44044762882521],[-79.8844027519226,40.44072525555062],[-79.88470315933228,40.44082324117996],[-79.88504648208618,40.4401863320363],[-79.88511085510252,40.440104676581484],[-79.88515377044676,40.44003935214622]]]}},{"type":"Feature","properties":{"GEOID":"420035647003024","NAME":"Block 3024, Block Group 3, Census Tract 5647, Allegheny County, Pennsylvania","housing_units":23,"pop":12},"geometry":{"type":"Polygon","coordinates":[[[-79.8837375640869,40.43956574809226],[-79.88350152969359,40.43948409188366],[-79.88277196884154,40.43925545397198],[-79.88251447677612,40.43917379738651],[-79.88242864608763,40.439320779168945],[-79.88217115402222,40.43979438494866],[-79.88208532333373,40.439957696512884],[-79.88232135772704,40.44003935214622],[-79.88305091857909,40.440284318451155],[-79.88328695297241,40.440365973687776],[-79.88337278366087,40.44020266311536],[-79.88365173339844,40.43972906021188],[-79.8837375640869,40.43956574809226]]]}},{"type":"Feature","properties":{"GEOID":"420035647003025","NAME":"Block 3025, Block Group 3, Census Tract 5647, Allegheny County, Pennsylvania","housing_units":11,"pop":13},"geometry":{"type":"Polygon","coordinates":[[[-79.88328695297241,40.440365973687776],[-79.88305091857909,40.440284318451155],[-79.88232135772704,40.44003935214622],[-79.88208532333373,40.439957696512884],[-79.8820424079895,40.44003935214622],[-79.88189220428467,40.440267987391934],[-79.88184928894043,40.440349642648385],[-79.88281488418578,40.44067626268239],[-79.88298654556273,40.44072525555062],[-79.88305091857909,40.44075791744294],[-79.88309383392333,40.44067626268239],[-79.88324403762817,40.44043129780565],[-79.88328695297241,40.440365973687776]]]}},{"type":"Feature","properties":{"GEOID":"420035647003026","NAME":"Block 3026, Block Group 3, Census Tract 5647, Allegheny County, Pennsylvania","housing_units":46,"pop":44},"geometry":{"type":"Polygon","coordinates":[[[-79.88208532333373,40.439957696512884],[-79.88180637359618,40.43985970962195],[-79.88099098205565,40.439598410547916],[-79.88071203231812,40.43950042313332],[-79.88062620162962,40.43966373541164],[-79.88034725189209,40.44013733877531],[-79.8802614212036,40.44030064950641],[-79.88054037094115,40.440382304723194],[-79.88135576248169,40.44065993171837],[-79.88163471221922,40.44074158649876],[-79.88167762756348,40.44065993171837],[-79.88180637359618,40.44043129780565],[-79.88189220428467,40.440267987391934],[-79.8820424079895,40.44003935214622],[-79.88208532333373,40.439957696512884]]]}},{"type":"Feature","properties":{"GEOID":"420035647003027","NAME":"Block 3027, Block Group 3, Census Tract 5647, Allegheny County, Pennsylvania","housing_units":16,"pop":24},"geometry":{"type":"Polygon","coordinates":[[[-79.88163471221922,40.44074158649876],[-79.88135576248169,40.44065993171837],[-79.88054037094115,40.440382304723194],[-79.8802614212036,40.44030064950641],[-79.88017559051514,40.44044762882521],[-79.87989664077757,40.44092122666648],[-79.87981081008911,40.44108453549332],[-79.88008975982665,40.44118252059898],[-79.88090515136717,40.44144381351586],[-79.88118410110474,40.44154179809785],[-79.8812699317932,40.44137849038186],[-79.88152742385864,40.44090489576199],[-79.88163471221922,40.44074158649876]]]}},{"type":"Feature","properties":{"GEOID":"420035647003028","NAME":"Block 3028, Block Group 3, Census Tract 5647, Allegheny County, Pennsylvania","housing_units":19,"pop":41},"geometry":{"type":"Polygon","coordinates":[[[-79.88118410110474,40.44154179809785],[-79.88090515136717,40.44144381351586],[-79.88008975982665,40.44118252059898],[-79.87981081008911,40.44108453549332],[-79.87957477569579,40.44147647505906],[-79.88075494766234,40.44186841233966],[-79.88094806671141,40.44193373499759],[-79.88099098205565,40.44185208166525],[-79.88114118576048,40.44162345180707],[-79.88118410110474,40.44154179809785]]]}},{"type":"Feature","properties":{"GEOID":"420035647003029","NAME":"Block 3029, Block Group 3, Census Tract 5647, Allegheny County, Pennsylvania","housing_units":34,"pop":37},"geometry":{"type":"Polygon","coordinates":[[[-79.88386631011963,40.439124803387614],[-79.88369464874266,40.43909214070185],[-79.88337278366087,40.438977821176714],[-79.88137722015381,40.43832456301818],[-79.88133430480956,40.43838988911967],[-79.88116264343262,40.438716518675],[-79.88144159317015,40.43879817581588],[-79.8822569847107,40.43907580935302],[-79.88251447677612,40.43917379738651],[-79.88277196884154,40.43925545397198],[-79.88350152969359,40.43948409188366],[-79.8837375640869,40.43956574809226],[-79.8838448524475,40.43923912266281],[-79.88386631011963,40.439222791349685],[-79.88386631011963,40.439124803387614]]]}},{"type":"Feature","properties":{"GEOID":"420035647003030","NAME":"Block 3030, Block Group 3, Census Tract 5647, Allegheny County, Pennsylvania","housing_units":20,"pop":24},"geometry":{"type":"Polygon","coordinates":[[[-79.88515377044676,40.43838988911967],[-79.88502502441405,40.43838988911967],[-79.88455295562744,40.43845521515769],[-79.88444566726683,40.439141134724544],[-79.8844027519226,40.439320779168945],[-79.88386631011963,40.439124803387614],[-79.88386631011963,40.439222791349685],[-79.8838448524475,40.43923912266281],[-79.8837375640869,40.43956574809226],[-79.8839521408081,40.439647404201665],[-79.88459587097168,40.43985970962195],[-79.88481044769286,40.43992503423178],[-79.88489627838135,40.439467760630045],[-79.88500356674194,40.43902681528272],[-79.88511085510252,40.43845521515769],[-79.88515377044676,40.43838988911967]]]}},{"type":"Feature","properties":{"GEOID":"420035647003031","NAME":"Block 3031, Block Group 3, Census Tract 5647, Allegheny County, Pennsylvania","housing_units":25,"pop":48},"geometry":{"type":"Polygon","coordinates":[[[-79.88554000854491,40.439124803387614],[-79.88551855087279,40.438765512971436],[-79.88513231277464,40.43879817581588],[-79.88504648208618,40.43879817581588],[-79.88500356674194,40.43902681528272],[-79.88489627838135,40.439467760630045],[-79.88481044769286,40.43992503423178],[-79.88487482070921,40.439957696512884],[-79.8850893974304,40.440023021027486],[-79.88515377044676,40.44003935214622],[-79.88521814346312,40.43997402764749],[-79.88532543182373,40.43976172258821],[-79.88543272018431,40.43969639781971],[-79.88547563552855,40.43969639781971],[-79.88547563552855,40.43938610430244],[-79.88554000854491,40.439124803387614]]]}},{"type":"Feature","properties":{"GEOID":"420035647003032","NAME":"Block 3032, Block Group 3, Census Tract 5647, Allegheny County, Pennsylvania","housing_units":2,"pop":1},"geometry":{"type":"Polygon","coordinates":[[[-79.88654851913451,40.44049662186007],[-79.88652706146239,40.44039863575465],[-79.88648414611815,40.44008834547863],[-79.88646268844604,40.439957696512884],[-79.88639831542969,40.43974539140203],[-79.88639831542969,40.43968006661765],[-79.88588333129881,40.43968006661765],[-79.88547563552855,40.43969639781971],[-79.88543272018431,40.43969639781971],[-79.88532543182373,40.43976172258821],[-79.88521814346312,40.43997402764749],[-79.88515377044676,40.44003935214622],[-79.88532543182373,40.440104676581484],[-79.8858618736267,40.440267987391934],[-79.8860764503479,40.440349642648385],[-79.8862051963806,40.440382304723194],[-79.88624811172485,40.44039863575465],[-79.88631248474121,40.44043129780565],[-79.88644123077393,40.4404639598408],[-79.88648414611815,40.44048029085242],[-79.88654851913451,40.44049662186007]]]}},{"type":"Feature","properties":{"GEOID":"420035647003033","NAME":"Block 3033, Block Group 3, Census Tract 5647, Allegheny County, Pennsylvania","housing_units":38,"pop":47},"geometry":{"type":"Polygon","coordinates":[[[-79.8839521408081,40.43870018723493],[-79.88388776779175,40.43868385579088],[-79.8820638656616,40.4380959211631],[-79.8816132545471,40.43793260507625],[-79.88157033920288,40.43801426316926],[-79.88142013549803,40.438242905302054],[-79.88137722015381,40.43832456301818],[-79.88337278366087,40.438977821176714],[-79.88369464874266,40.43909214070185],[-79.88386631011963,40.439124803387614],[-79.88388776779175,40.43904314664346],[-79.88393068313599,40.43878184439564],[-79.8839521408081,40.43870018723493]]]}},{"type":"Feature","properties":{"GEOID":"420035647003034","NAME":"Block 3034, Block Group 3, Census Tract 5647, Allegheny County, Pennsylvania","housing_units":15,"pop":29},"geometry":{"type":"Polygon","coordinates":[[[-79.88455295562744,40.4380959211631],[-79.88453149795531,40.43801426316926],[-79.88444566726683,40.43801426316926],[-79.8841881752014,40.438046926378696],[-79.8840808868408,40.438046926378696],[-79.88405942916869,40.438177579057744],[-79.88397359848022,40.43856953557148],[-79.8839521408081,40.43870018723493],[-79.88393068313599,40.43878184439564],[-79.88388776779175,40.43904314664346],[-79.88386631011963,40.439124803387614],[-79.8844027519226,40.439320779168945],[-79.88444566726683,40.439141134724544],[-79.88455295562744,40.43845521515769],[-79.88455295562744,40.4380959211631]]]}},{"type":"Feature","properties":{"GEOID":"420035647003035","NAME":"Block 3035, Block Group 3, Census Tract 5647, Allegheny County, Pennsylvania","housing_units":36,"pop":67,"merged_road_artifact_geoids":["420035647003036"]},"geometry":{"type":"Polygon","coordinates":[[[-79.88639831542969,40.43968006661765],[-79.88622665405272,40.43887983285759],[-79.88603353500365,40.43816124748675],[-79.88599061965942,40.43791627344575],[-79.8858618736267,40.43793260507625],[-79.88569021224974,40.43793260507625],[-79.88453149795531,40.43801426316926],[-79.88455295562744,40.4380959211631],[-79.88455295562744,40.43845521515769],[-79.88502502441405,40.43838988911967],[-79.88515377044676,40.43838988911967],[-79.88511085510252,40.43845521515769],[-79.88504648208618,40.43879817581588],[-79.88513231277464,40.43879817581588],[-79.88551855087279,40.438765512971436],[-79.88554000854491,40.439124803387614],[-79.88547563552855,40.43938610430244],[-79.88547563552855,40.43969639781971],[-79.88588333129881,40.43968006661765],[-79.88639831542969,40.43968006661765]]]}},{"type":"Feature","properties":{"GEOID":"420035647003038","NAME":"Block 3038, Block Group 3, Census Tract 5647, Allegheny County, Pennsylvania","housing_units":21,"pop":40,"merged_road_artifact_geoids":["420035162001011","420035162001012","420035161001000","420035647003037","420035605002006","420035605002007__part2","420035605002007"]},"geometry":{"type":"Polygon","coordinates":[[[-79.89064693450928,40.435172503203304],[-79.89058511401969,40.43507839500288],[-79.890575,40.435082],[-79.890317,40.435174],[-79.889546,40.435453],[-79.889289,40.435547],[-79.889147,40.435597],[-79.888951,40.435667],[-79.888724,40.435746],[-79.888583,40.435796],[-79.888381,40.435846],[-79.887774,40.435999],[-79.88757434001333,40.43604965999662],[-79.887573,40.43605],[-79.887231,40.436127],[-79.88645079512821,40.436302489119164],[-79.886204,40.436358],[-79.885863,40.436436],[-79.885832,40.43644],[-79.885739,40.436454],[-79.885709,40.43646],[-79.885546,40.436444],[-79.885381,40.436428],[-79.88451764126047,40.436343512294606],[-79.88441692811652,40.436518848797],[-79.88497677859417,40.43664150975223],[-79.8840808868408,40.436445223524686],[-79.8840808868408,40.43646274244241],[-79.88414525985716,40.436920036483116],[-79.88416671752928,40.4370833550296],[-79.88416671752928,40.43757330828876],[-79.88414525985716,40.437671298512136],[-79.88410234451293,40.43794893670279],[-79.8840808868408,40.438046926378696],[-79.8841881752014,40.438046926378696],[-79.88444566726683,40.43801426316926],[-79.88453149795531,40.43801426316926],[-79.88569021224974,40.43793260507625],[-79.8858618736267,40.43793260507625],[-79.88599061965942,40.43791627344575],[-79.88603353500365,40.43791627344575],[-79.88614082336424,40.437899941811274],[-79.88616228103636,40.437899941811274],[-79.88614082336424,40.437752956922516],[-79.88603353500365,40.43729566854693],[-79.88601207733153,40.43714868233711],[-79.88648414611815,40.43709968686242],[-79.88678455352783,40.437050691352034],[-79.88699913024901,40.43703435950731],[-79.88717079162596,40.43700169580594],[-79.88772869110106,40.43695270022415],[-79.88792181015013,40.436920036483116],[-79.88790035247801,40.43685470895343],[-79.88781452178955,40.436642394043616],[-79.88779306411743,40.43657706624417],[-79.88772869110106,40.43643007846335],[-79.88764286041258,40.43625042629484],[-79.88717079162596,40.43643007846335],[-79.88772869110106,40.436217762212635],[-79.88860845565794,40.43592378475865],[-79.8886728286743,40.43589112051775],[-79.8895525932312,40.435597141635604],[-79.88957405090332,40.43561347382945],[-79.88996028900146,40.43546648394207],[-79.8905611038208,40.43520516779331],[-79.89064693450928,40.435172503203304]],[[-79.88757434001333,40.43604965999662],[-79.8859105463239,40.436685017789536],[-79.88654977263481,40.43644091455687],[-79.88757434001333,40.43604965999662]]]}},{"type":"Feature","properties":{"GEOID":"420035647003039","NAME":"Block 3039, Block Group 3, Census Tract 5647, Allegheny County, Pennsylvania","housing_units":34,"pop":33},"geometry":{"type":"Polygon","coordinates":[[[-79.88416671752928,40.43757330828876],[-79.8840808868408,40.43757330828876],[-79.88345861434935,40.43765496681816],[-79.88178491592406,40.437622303418294],[-79.88174200057982,40.43768763020215],[-79.88163471221922,40.43786727853043],[-79.8816132545471,40.43793260507625],[-79.8820638656616,40.4380959211631],[-79.88388776779175,40.43868385579088],[-79.8839521408081,40.43870018723493],[-79.88397359848022,40.43856953557148],[-79.88405942916869,40.438177579057744],[-79.8840808868408,40.438046926378696],[-79.88410234451293,40.43794893670279],[-79.88414525985716,40.437671298512136],[-79.88416671752928,40.43757330828876]]]}},{"type":"Feature","properties":{"GEOID":"420035647003040","NAME":"Block 3040, Block Group 3, Census Tract 5647, Allegheny County, Pennsylvania","housing_units":23,"pop":30},"geometry":{"type":"Polygon","coordinates":[[[-79.88416671752928,40.4370833550296],[-79.88255739212036,40.43718134596707],[-79.88242864608763,40.43714868233711],[-79.88210678100585,40.43703435950731],[-79.8820424079895,40.43716501415407],[-79.88178491592406,40.437622303418294],[-79.88345861434935,40.43765496681816],[-79.8840808868408,40.43757330828876],[-79.88416671752928,40.43757330828876],[-79.88416671752928,40.4370833550296]]]}},{"type":"Feature","properties":{"GEOID":"420035647003041","NAME":"Block 3041, Block Group 3, Census Tract 5647, Allegheny County, Pennsylvania","housing_units":37,"pop":69},"geometry":{"type":"Polygon","coordinates":[[[-79.88451764126047,40.436343512294606],[-79.8844,40.436332],[-79.884073,40.436301],[-79.883804,40.436232],[-79.882997,40.436026],[-79.88298520110624,40.436023017380016],[-79.88282193787202,40.436169392942666],[-79.88275096958427,40.4361538440804],[-79.88265875367937,40.43609612785305],[-79.88262176513672,40.436152434000604],[-79.88249301910399,40.436381082465005],[-79.88245010375975,40.43644641045486],[-79.8823857307434,40.43656073428439],[-79.88217115402222,40.436920036483116],[-79.88210678100585,40.43703435950731],[-79.88242864608763,40.43714868233711],[-79.88255739212036,40.43718134596707],[-79.88416671752928,40.4370833550296],[-79.88414525985716,40.436920036483116],[-79.8840808868408,40.43646274244241],[-79.8840808868408,40.436445223524686],[-79.88441692811652,40.436518848797],[-79.88451764126047,40.436343512294606]]]}},{"type":"Feature","properties":{"GEOID":"420035647003042","NAME":"Block 3042, Block Group 3, Census Tract 5647, Allegheny County, Pennsylvania","housing_units":27,"pop":73},"geometry":{"type":"Polygon","coordinates":[[[-79.88251447677612,40.43917379738651],[-79.8822569847107,40.43907580935302],[-79.88144159317015,40.43879817581588],[-79.88116264343262,40.438716518675],[-79.88079786300658,40.43935344174363],[-79.88077640533446,40.43941876684539],[-79.88071203231812,40.43950042313332],[-79.88099098205565,40.439598410547916],[-79.88180637359618,40.43985970962195],[-79.88208532333373,40.439957696512884],[-79.88217115402222,40.43979438494866],[-79.88242864608763,40.439320779168945],[-79.88251447677612,40.43917379738651]]]}},{"type":"Feature","properties":{"GEOID":"420035648001000","NAME":"Block 1000, Block Group 1, Census Tract 5648, Allegheny County, Pennsylvania","housing_units":3,"pop":8,"merged_road_artifact_geoids":["420031306002014"]},"geometry":{"type":"Polygon","coordinates":[[[-79.86987452662311,40.45013427993713],[-79.8691212039321,40.44938010190853],[-79.86903905868529,40.44938010190853],[-79.86899614334106,40.44913516875068],[-79.86899614334106,40.44905352416636],[-79.86888885498047,40.44906985309115],[-79.86835241317748,40.44906985309115],[-79.86818075180054,40.44908618201199],[-79.86755847930908,40.44908618201199],[-79.86738681793211,40.449102510928846],[-79.86742973327635,40.44916782655663],[-79.86749410629272,40.44928212875251],[-79.86755847930908,40.44938010190853],[-79.8675814122458,40.449422937111486],[-79.86739760165361,40.44942496279247],[-79.86696903470444,40.450568],[-79.867271,40.450568],[-79.867442,40.450544],[-79.867958,40.450476],[-79.86813,40.450454],[-79.868238,40.450448],[-79.868565,40.450431],[-79.868674,40.450426],[-79.868779,40.450409],[-79.869095,40.450359],[-79.869201,40.450343],[-79.869392,40.450283],[-79.869704,40.450187],[-79.86987452662311,40.45013427993713]]]}},{"type":"Feature","properties":{"GEOID":"420035648001001","NAME":"Block 1001, Block Group 1, Census Tract 5648, Allegheny County, Pennsylvania","housing_units":178,"pop":306,"original_geoid":"420035648001001","split_part":1,"split_part_count":2},"geometry":{"type":"Polygon","coordinates":[[[-79.87526178359985,40.44573867028299],[-79.87459659576416,40.44591829709678],[-79.87380266189575,40.446130582712335],[-79.87202167510986,40.4468000944926],[-79.87197875976561,40.446832753433235],[-79.87187147140502,40.446898071266894],[-79.87180709838867,40.44694705960049],[-79.87124919891356,40.44730630628911],[-79.87109899520874,40.44740428232547],[-79.87064838409422,40.4477145388317],[-79.87049818038939,40.44781251427294],[-79.87024068832396,40.44797580635764],[-79.86989736557005,40.448335047547445],[-79.869704246521,40.44846568023128],[-79.86899614334106,40.44898820842749],[-79.86899614334106,40.44913516875068],[-79.86903905868529,40.44938010190853],[-79.87092733383177,40.44938010190853],[-79.87122774124144,40.44905352416636],[-79.87200021743773,40.44836770574221],[-79.87253665924071,40.447877831154436],[-79.87320184707642,40.44727364757858],[-79.87416744232176,40.44743694097252],[-79.87461805343627,40.44751858752071],[-79.87472534179686,40.44719200073284],[-79.87476825714111,40.44701237732306],[-79.87478971481323,40.44694705960049],[-79.87498283386229,40.446359197240795],[-79.87515449523924,40.44593462678332],[-79.87519741058348,40.44586930801336],[-79.87526178359985,40.44573867028299]]]}},{"type":"Feature","properties":{"GEOID":"420035648001002","NAME":"Block 1002, Block Group 1, Census Tract 5648, Allegheny County, Pennsylvania","housing_units":20,"pop":32},"geometry":{"type":"Polygon","coordinates":[[[-79.87461805343627,40.44751858752071],[-79.87416744232176,40.44743694097252],[-79.87320184707642,40.44727364757858],[-79.87253665924071,40.447877831154436],[-79.87285852432251,40.44809011058087],[-79.87436056137084,40.44836770574221],[-79.87438201904295,40.44828606022555],[-79.87461805343627,40.44751858752071]]]}},{"type":"Feature","properties":{"GEOID":"420035648001003","NAME":"Block 1003, Block Group 1, Census Tract 5648, Allegheny County, Pennsylvania","housing_units":72,"pop":134,"merged_road_artifact_geoids":["420031306002005","420035648001001__part2"]},"geometry":{"type":"Polygon","coordinates":[[[-79.8765707015991,40.44931478648705],[-79.87654924392699,40.44699604789837],[-79.87654924392699,40.44688174181443],[-79.87637758255003,40.4468164239649],[-79.8758840560913,40.44665312906335],[-79.87573385238646,40.44658781099166],[-79.87513303756714,40.44639185639567],[-79.87506866455077,40.446359197240795],[-79.87498283386229,40.446359197240795],[-79.87478971481323,40.44694705960049],[-79.87476825714111,40.44701237732306],[-79.87472534179686,40.44719200073284],[-79.87461805343627,40.44751858752071],[-79.87438201904295,40.44828606022555],[-79.87436056137084,40.44836770574221],[-79.87285852432251,40.44809011058087],[-79.87253665924071,40.447877831154436],[-79.87200021743773,40.44836770574221],[-79.87122774124144,40.44905352416636],[-79.87092733383177,40.44938010190853],[-79.87093044940595,40.449386029113896],[-79.87118006056535,40.449383278279065],[-79.87170816972419,40.449399486460095],[-79.87180536698908,40.44954520337989],[-79.87185454917528,40.44996232794887],[-79.872418,40.449568],[-79.8726194485652,40.449427454489395],[-79.872633,40.449418],[-79.87268106045022,40.449429345417755],[-79.872938,40.44949],[-79.873855,40.449708],[-79.874161,40.449781],[-79.87451,40.449882],[-79.87461933562402,40.44987675189005],[-79.8749341790532,40.44951076650378],[-79.8765707015991,40.4496866735052],[-79.8765707015991,40.44931478648705]]]}},{"type":"Feature","properties":{"GEOID":"420035648001004","NAME":"Block 1004, Block Group 1, Census Tract 5648, Allegheny County, Pennsylvania","housing_units":1,"pop":7},"geometry":{"type":"Polygon","coordinates":[[[-79.87716698678263,40.449750767176795],[-79.8771286010742,40.44974664116284],[-79.8771286010742,40.44929845762176],[-79.8765707015991,40.44931478648705],[-79.8765707015991,40.4496866735052],[-79.8749341790532,40.44951076650378],[-79.87461933562402,40.44987675189005],[-79.874635,40.449876],[-79.875714,40.449829],[-79.876095,40.44989],[-79.876578,40.449969],[-79.876688,40.449968],[-79.87713,40.449968],[-79.87715308275578,40.44996758780793],[-79.87716698678263,40.449750767176795]]]}},{"type":"Feature","properties":{"GEOID":"420035648001005","NAME":"Block 1005, Block Group 1, Census Tract 5648, Allegheny County, Pennsylvania","housing_units":2,"pop":6},"geometry":{"type":"Polygon","coordinates":[[[-79.87768737538543,40.44980670285511],[-79.87768650054932,40.44980660882048],[-79.87768650054932,40.44929845762176],[-79.8771286010742,40.44929845762176],[-79.8771286010742,40.44974664116284],[-79.87716698678263,40.449750767176795],[-79.87715308275578,40.44996758780793],[-79.877242,40.449966],[-79.87758,40.449964],[-79.87764101464636,40.449964],[-79.87768737538543,40.44980670285511]]]}},{"type":"Feature","properties":{"GEOID":"420035648001006","NAME":"Block 1006, Block Group 1, Census Tract 5648, Allegheny County, Pennsylvania","housing_units":8,"pop":17},"geometry":{"type":"Polygon","coordinates":[[[-79.87828731536865,40.44929845762176],[-79.87768650054932,40.44929845762176],[-79.87768650054932,40.44980660882048],[-79.87768737538543,40.44980670285511],[-79.87764101464636,40.449964],[-79.877693,40.449964],[-79.877812,40.449927],[-79.878169,40.449818],[-79.87828731536865,40.4497825053894],[-79.87828731536865,40.44929845762176]]]}},{"type":"Feature","properties":{"GEOID":"420035648001007","NAME":"Block 1007, Block Group 1, Census Tract 5648, Allegheny County, Pennsylvania","housing_units":3,"pop":0},"geometry":{"type":"Polygon","coordinates":[[[-79.87981970094148,40.449650310803385],[-79.87978511864952,40.449634359553656],[-79.87924312823797,40.44973333190553],[-79.87923145294188,40.44970667806372],[-79.87914562225339,40.44934744420573],[-79.8791241645813,40.44928212875251],[-79.87903833389282,40.44929845762176],[-79.87828731536865,40.44929845762176],[-79.87828731536865,40.4497825053894],[-79.878289,40.449782],[-79.878437,40.449785],[-79.878881,40.449794],[-79.87889297127629,40.449804905770016],[-79.879072,40.449968],[-79.879029,40.449797],[-79.879255,40.449756],[-79.8793,40.449747],[-79.879435,40.449721],[-79.879481,40.449713],[-79.879562,40.449697],[-79.879805,40.449653],[-79.87981970094148,40.449650310803385]]]}},{"type":"Feature","properties":{"GEOID":"420035648001008","NAME":"Block 1008, Block Group 1, Census Tract 5648, Allegheny County, Pennsylvania","housing_units":17,"pop":28},"geometry":{"type":"Polygon","coordinates":[[[-79.8791241645813,40.44928212875251],[-79.87903833389282,40.44895555053425],[-79.87895250320433,40.44857998362135],[-79.87893104553221,40.44844935115969],[-79.8789095878601,40.44830238933681],[-79.87880229949948,40.447877831154436],[-79.87878084182739,40.44773086808182],[-79.8786735534668,40.4476982095776],[-79.87833023071289,40.447600233969716],[-79.87822294235228,40.44756757540202],[-79.87822294235228,40.44791048957137],[-79.8782444000244,40.44895555053425],[-79.8782444000244,40.44929845762176],[-79.87903833389282,40.44929845762176],[-79.8791241645813,40.44928212875251]]]}},{"type":"Feature","properties":{"GEOID":"420035648001009","NAME":"Block 1009, Block Group 1, Census Tract 5648, Allegheny County, Pennsylvania","housing_units":19,"pop":33},"geometry":{"type":"Polygon","coordinates":[[[-79.8782444000244,40.44895555053425],[-79.87822294235228,40.44791048957137],[-79.87822294235228,40.44756757540202],[-79.87811565399169,40.44753491681845],[-79.8777937889099,40.447420611650976],[-79.8776650428772,40.44737162366256],[-79.87768650054932,40.44776352657018],[-79.87768650054932,40.44929845762176],[-79.8782444000244,40.44929845762176],[-79.8782444000244,40.44895555053425]]]}},{"type":"Feature","properties":{"GEOID":"420035648001010","NAME":"Block 1010, Block Group 1, Census Tract 5648, Allegheny County, Pennsylvania","housing_units":12,"pop":21},"geometry":{"type":"Polygon","coordinates":[[[-79.87768650054932,40.44776352657018],[-79.8776650428772,40.44737162366256],[-79.8775792121887,40.447338964983764],[-79.87730026245117,40.44725731821737],[-79.87719297409056,40.447224659483034],[-79.8771286010742,40.44719200073284],[-79.87710714340209,40.44727364757858],[-79.8771286010742,40.44916782655663],[-79.8771286010742,40.44929845762176],[-79.87768650054932,40.44929845762176],[-79.87768650054932,40.44776352657018]]]}},{"type":"Feature","properties":{"GEOID":"420035648001011","NAME":"Block 1011, Block Group 1, Census Tract 5648, Allegheny County, Pennsylvania","housing_units":7,"pop":11},"geometry":{"type":"Polygon","coordinates":[[[-79.8771286010742,40.44719200073284],[-79.87667798995972,40.44704503616055],[-79.87654924392699,40.44699604789837],[-79.8765707015991,40.44931478648705],[-79.8771286010742,40.44929845762176],[-79.8771286010742,40.44916782655663],[-79.87710714340209,40.44727364757858],[-79.8771286010742,40.44719200073284]]]}},{"type":"Feature","properties":{"GEOID":"420035648001013","NAME":"Block 1013, Block Group 1, Census Tract 5648, Allegheny County, Pennsylvania","housing_units":64,"pop":120},"geometry":{"type":"Polygon","coordinates":[[[-79.87884521484374,40.445624362060656],[-79.87869501113892,40.44555904298917],[-79.87822294235228,40.44541207484625],[-79.87736463546753,40.44694705960049],[-79.87730026245117,40.44704503616055],[-79.8772358894348,40.44715934196676],[-79.87721443176268,40.447175671351786],[-79.87719297409056,40.447224659483034],[-79.87730026245117,40.44725731821737],[-79.8775792121887,40.447338964983764],[-79.8777937889099,40.447420611650976],[-79.87811565399169,40.44753491681845],[-79.87833023071289,40.447600233969716],[-79.8786735534668,40.4476982095776],[-79.87878084182739,40.44773086808182],[-79.8786735534668,40.44730630628911],[-79.87865209579468,40.44694705960049],[-79.87865209579468,40.4469144007154],[-79.87880229949948,40.445673351322604],[-79.87884521484374,40.445624362060656]]]}},{"type":"Feature","properties":{"GEOID":"420035648001014","NAME":"Block 1014, Block Group 1, Census Tract 5648, Allegheny County, Pennsylvania","housing_units":28,"pop":56,"merged_road_artifact_geoids":["420035648001012"]},"geometry":{"type":"Polygon","coordinates":[[[-79.87936019897461,40.444726219263586],[-79.87908124923706,40.44464456932329],[-79.87826585769652,40.44436695878442],[-79.87798690795898,40.44426897832048],[-79.8779010772705,40.44444860906193],[-79.87760066986084,40.44497116848935],[-79.87749338150023,40.44515079735425],[-79.87736463546753,40.44537941521529],[-79.87697839736938,40.44604893447801],[-79.87684965133666,40.44627754928419],[-79.87661361694336,40.44671844707159],[-79.87654924392699,40.4468000944926],[-79.87654924392699,40.44699604789837],[-79.87667798995972,40.44704503616055],[-79.8771286010742,40.44719200073284],[-79.87719297409056,40.447224659483034],[-79.87721443176268,40.447175671351786],[-79.8772358894348,40.44715934196676],[-79.87730026245117,40.44704503616055],[-79.87736463546753,40.44694705960049],[-79.87822294235228,40.44541207484625],[-79.87869501113892,40.44555904298917],[-79.87884521484374,40.445624362060656],[-79.8789095878601,40.44549372385421],[-79.87895250320433,40.44544473446133],[-79.87936019897461,40.444726219263586]]]}},{"type":"Feature","properties":{"GEOID":"420035648001015","NAME":"Block 1015, Block Group 1, Census Tract 5648, Allegheny County, Pennsylvania","housing_units":9,"pop":16},"geometry":{"type":"Polygon","coordinates":[[[-79.87684965133666,40.44627754928419],[-79.87667798995972,40.446228560462615],[-79.87620592117308,40.44606526413282],[-79.87603425979613,40.44601627515651],[-79.87577676773071,40.44647350421343],[-79.87573385238646,40.44658781099166],[-79.8758840560913,40.44665312906335],[-79.87637758255003,40.4468164239649],[-79.87654924392699,40.44688174181443],[-79.87654924392699,40.4468000944926],[-79.87661361694336,40.44671844707159],[-79.87684965133666,40.44627754928419]]]}},{"type":"Feature","properties":{"GEOID":"420035648001016","NAME":"Block 1016, Block Group 1, Census Tract 5648, Allegheny County, Pennsylvania","housing_units":2,"pop":1},"geometry":{"type":"Polygon","coordinates":[[[-79.87603425979613,40.44601627515651],[-79.87541198730469,40.44580398917992],[-79.87539052963255,40.445787659461644],[-79.87526178359985,40.44573867028299],[-79.87519741058348,40.44586930801336],[-79.87515449523924,40.44593462678332],[-79.87498283386229,40.446359197240795],[-79.87506866455077,40.446359197240795],[-79.87513303756714,40.44639185639567],[-79.87573385238646,40.44658781099166],[-79.87577676773071,40.44647350421343],[-79.87603425979613,40.44601627515651]]]}},{"type":"Feature","properties":{"GEOID":"420035648001017","NAME":"Block 1017, Block Group 1, Census Tract 5648, Allegheny County, Pennsylvania","housing_units":12,"pop":13},"geometry":{"type":"Polygon","coordinates":[[[-79.87667798995972,40.44488951884661],[-79.87659215927124,40.44485685896175],[-79.87635612487792,40.44477520918015],[-79.87629175186157,40.444758879211925],[-79.87620592117308,40.444726219263586],[-79.87594842910767,40.44464456932329],[-79.8758840560913,40.44461190931941],[-79.87584114074706,40.44469355929937],[-79.87577676773071,40.444791539144404],[-79.8757553100586,40.44485685896175],[-79.87556219100952,40.445216116822465],[-79.8753261566162,40.44564069181861],[-79.87526178359985,40.445722340548855],[-79.87526178359985,40.44573867028299],[-79.87539052963255,40.445787659461644],[-79.87541198730469,40.44580398917992],[-79.87603425979613,40.44601627515651],[-79.87654924392699,40.44510180771143],[-79.87667798995972,40.44488951884661]]]}},{"type":"Feature","properties":{"GEOID":"420035648001018","NAME":"Block 1018, Block Group 1, Census Tract 5648, Allegheny County, Pennsylvania","housing_units":5,"pop":8},"geometry":{"type":"Polygon","coordinates":[[[-79.87749338150023,40.44515079735425],[-79.87732172012329,40.44510180771143],[-79.87684965133666,40.44493850864416],[-79.87667798995972,40.44488951884661],[-79.87654924392699,40.44510180771143],[-79.87603425979613,40.44601627515651],[-79.87620592117308,40.44606526413282],[-79.87667798995972,40.446228560462615],[-79.87684965133666,40.44627754928419],[-79.87697839736938,40.44604893447801],[-79.87736463546753,40.44537941521529],[-79.87749338150023,40.44515079735425]]]}},{"type":"Feature","properties":{"GEOID":"420035648001019","NAME":"Block 1019, Block Group 1, Census Tract 5648, Allegheny County, Pennsylvania","housing_units":6,"pop":10},"geometry":{"type":"Polygon","coordinates":[[[-79.87798690795898,40.44426897832048],[-79.87762212753296,40.44415466759871],[-79.87734317779541,40.44405668682533],[-79.87719297409056,40.444007696385064],[-79.87708568572997,40.44417099771373],[-79.87678527832031,40.44470988928346],[-79.87667798995972,40.44488951884661],[-79.87684965133666,40.44493850864416],[-79.87732172012329,40.44510180771143],[-79.87749338150023,40.44515079735425],[-79.87760066986084,40.44497116848935],[-79.8779010772705,40.44444860906193],[-79.87798690795898,40.44426897832048]]]}},{"type":"Feature","properties":{"GEOID":"420035648001020","NAME":"Block 1020, Block Group 1, Census Tract 5648, Allegheny County, Pennsylvania","housing_units":3,"pop":8},"geometry":{"type":"Polygon","coordinates":[[[-79.87719297409056,40.444007696385064],[-79.87697839736938,40.44392604557196],[-79.87682819366454,40.443877055036495],[-79.87678527832031,40.443877055036495],[-79.87667798995972,40.44404035668254],[-79.87637758255003,40.44457924929965],[-79.87629175186157,40.444758879211925],[-79.87635612487792,40.44477520918015],[-79.87659215927124,40.44485685896175],[-79.87667798995972,40.44488951884661],[-79.87678527832031,40.44470988928346],[-79.87708568572997,40.44417099771373],[-79.87719297409056,40.444007696385064]]]}},{"type":"Feature","properties":{"GEOID":"420035648001021","NAME":"Block 1021, Block Group 1, Census Tract 5648, Allegheny County, Pennsylvania","housing_units":5,"pop":25},"geometry":{"type":"Polygon","coordinates":[[[-79.87678527832031,40.443877055036495],[-79.87669944763184,40.44384439465968],[-79.87646341323851,40.443762743648215],[-79.87637758255003,40.443730083215854],[-79.87627029418945,40.443909715397446],[-79.87596988677979,40.444432279014364],[-79.8758840560913,40.44461190931941],[-79.87594842910767,40.44464456932329],[-79.87620592117308,40.444726219263586],[-79.87629175186157,40.444758879211925],[-79.87637758255003,40.44457924929965],[-79.87667798995972,40.44404035668254],[-79.87678527832031,40.443877055036495]]]}},{"type":"Feature","properties":{"GEOID":"420035648001022","NAME":"Block 1022, Block Group 1, Census Tract 5648, Allegheny County, Pennsylvania","housing_units":4,"pop":5},"geometry":{"type":"Polygon","coordinates":[[[-79.87747192382811,40.44315852308076],[-79.87734317779541,40.443109531985904],[-79.87693548202515,40.442978888891716],[-79.87680673599242,40.44294622807849],[-79.87672090530394,40.443109531985904],[-79.87646341323851,40.44358311107387],[-79.87637758255003,40.443730083215854],[-79.87646341323851,40.443762743648215],[-79.87669944763184,40.44384439465968],[-79.87678527832031,40.443877055036495],[-79.87682819366454,40.443877055036495],[-79.87697839736938,40.44392604557196],[-79.87702131271362,40.44394237574252],[-79.87727880477905,40.4434687991857],[-79.87742900848387,40.44320751413991],[-79.87747192382811,40.44315852308076]]]}},{"type":"Feature","properties":{"GEOID":"420035648001023","NAME":"Block 1023, Block Group 1, Census Tract 5648, Allegheny County, Pennsylvania","housing_units":16,"pop":16},"geometry":{"type":"Polygon","coordinates":[[[-79.87843751907349,40.44348512946734],[-79.87807273864746,40.44335448710314],[-79.8776650428772,40.443223844485026],[-79.87747192382811,40.44315852308076],[-79.87742900848387,40.44320751413991],[-79.87727880477905,40.4434687991857],[-79.87702131271362,40.44394237574252],[-79.87719297409056,40.444007696385064],[-79.87734317779541,40.44405668682533],[-79.87762212753296,40.44415466759871],[-79.87798690795898,40.44426897832048],[-79.8780083656311,40.44425264822927],[-79.87802982330322,40.444187327824764],[-79.87843751907349,40.44348512946734]]]}},{"type":"Feature","properties":{"GEOID":"420035648001024","NAME":"Block 1024, Block Group 1, Census Tract 5648, Allegheny County, Pennsylvania","housing_units":19,"pop":36},"geometry":{"type":"Polygon","coordinates":[[[-79.87981081008911,40.44394237574252],[-79.87953186035155,40.44384439465968],[-79.87871646881104,40.44356678081602],[-79.87843751907349,40.44348512946734],[-79.87802982330322,40.444187327824764],[-79.8780083656311,40.44425264822927],[-79.87798690795898,40.44426897832048],[-79.87826585769652,40.44436695878442],[-79.87908124923706,40.44464456932329],[-79.87936019897461,40.444726219263586],[-79.87957477569579,40.44433429864565],[-79.87972497940063,40.44408934709899],[-79.87981081008911,40.44394237574252]]]}},{"type":"Feature","properties":{"GEOID":"420035648001025","NAME":"Block 1025, Block Group 1, Census Tract 5648, Allegheny County, Pennsylvania","housing_units":7,"pop":19},"geometry":{"type":"Polygon","coordinates":[[[-79.8800253868103,40.44358311107387],[-79.87974643707274,40.44348512946734],[-79.87893104553221,40.44319118379083],[-79.8786735534668,40.44307687123616],[-79.87865209579468,40.44312586235482],[-79.87848043441771,40.44340347801947],[-79.87843751907349,40.44348512946734],[-79.87871646881104,40.44356678081602],[-79.87953186035155,40.44384439465968],[-79.87981081008911,40.44394237574252],[-79.87985372543334,40.44386072485007],[-79.87998247146606,40.44364843206553],[-79.8800253868103,40.44358311107387]]]}},{"type":"Feature","properties":{"GEOID":"420035648001026","NAME":"Block 1026, Block Group 1, Census Tract 5648, Allegheny County, Pennsylvania","housing_units":0,"pop":0},"geometry":{"type":"Polygon","coordinates":[[[-79.8802614212036,40.443142192719776],[-79.88004684448242,40.44307687123616],[-79.87940311431885,40.44286457597602],[-79.87918853759764,40.44278292377435],[-79.8791241645813,40.442766593322126],[-79.87895250320433,40.44271760194162],[-79.87888813018797,40.442684941001446],[-79.87871646881104,40.44301154968907],[-79.8786735534668,40.443060540855335],[-79.8786735534668,40.44307687123616],[-79.87893104553221,40.44319118379083],[-79.87974643707274,40.44348512946734],[-79.8800253868103,40.44358311107387],[-79.88006830215454,40.443501459745015],[-79.88023996353148,40.44320751413991],[-79.8802614212036,40.443142192719776]]]}},{"type":"Feature","properties":{"GEOID":"420035648001027","NAME":"Block 1027, Block Group 1, Census Tract 5648, Allegheny County, Pennsylvania","housing_units":2,"pop":13,"merged_road_artifact_geoids":["420035648001029"]},"geometry":{"type":"Polygon","coordinates":[[[-79.88049745559692,40.44273393240576],[-79.8802614212036,40.442668610525416],[-79.8795962333679,40.44242365290878],[-79.87936019897461,40.442342000171536],[-79.87920999526976,40.44229300848158],[-79.87916707992552,40.44229300848158],[-79.8791241645813,40.44227667791033],[-79.87908124923706,40.44235833072692],[-79.87893104553221,40.442603288581594],[-79.87888813018797,40.442684941001446],[-79.87895250320433,40.44271760194162],[-79.8791241645813,40.442766593322126],[-79.87918853759764,40.44278292377435],[-79.87940311431885,40.44286457597602],[-79.88004684448242,40.44307687123616],[-79.8802614212036,40.443142192719776],[-79.88030433654784,40.443060540855335],[-79.88045454025267,40.442815584666924],[-79.88049745559692,40.44273393240576]]]}},{"type":"Feature","properties":{"GEOID":"420035648001028","NAME":"Block 1028, Block Group 1, Census Tract 5648, Allegheny County, Pennsylvania","housing_units":1,"pop":6},"geometry":{"type":"Polygon","coordinates":[[[-79.88071203231812,40.442342000171536],[-79.88045454025267,40.44224401675592],[-79.87961769104002,40.441982726949384],[-79.87936019897461,40.44188474301009],[-79.87929582595825,40.44196639630276],[-79.87916707992552,40.442195024994554],[-79.8791241645813,40.44227667791033],[-79.87916707992552,40.44229300848158],[-79.87920999526976,40.44229300848158],[-79.87936019897461,40.442342000171536],[-79.8795962333679,40.44242365290878],[-79.8802614212036,40.442668610525416],[-79.88049745559692,40.44273393240576],[-79.88054037094115,40.442668610525416],[-79.88071203231812,40.442342000171536]]]}},{"type":"Feature","properties":{"GEOID":"420035648001030","NAME":"Block 1030, Block Group 1, Census Tract 5648, Allegheny County, Pennsylvania","housing_units":22,"pop":27},"geometry":{"type":"Polygon","coordinates":[[[-79.8791241645813,40.44227667791033],[-79.87903833389282,40.44226034733511],[-79.87781524658202,40.44186841233966],[-79.87749338150023,40.44175409753554],[-79.87745046615599,40.44183575098688],[-79.87730026245117,40.44208071074586],[-79.87725734710693,40.44214603319749],[-79.8775792121887,40.44226034733511],[-79.87856626510619,40.44258695808571],[-79.87888813018797,40.442684941001446],[-79.87893104553221,40.442603288581594],[-79.87908124923706,40.44235833072692],[-79.8791241645813,40.44227667791033]]]}},{"type":"Feature","properties":{"GEOID":"420035648001031","NAME":"Block 1031, Block Group 1, Census Tract 5648, Allegheny County, Pennsylvania","housing_units":10,"pop":11},"geometry":{"type":"Polygon","coordinates":[[[-79.87888813018797,40.442684941001446],[-79.87856626510619,40.44258695808571],[-79.8775792121887,40.44226034733511],[-79.87725734710693,40.44214603319749],[-79.87721443176268,40.44222768617277],[-79.87708568572997,40.4424563139759],[-79.87704277038574,40.44253796657429],[-79.87736463546753,40.4426522800454],[-79.87833023071289,40.442978888891716],[-79.8786735534668,40.44307687123616],[-79.8786735534668,40.443060540855335],[-79.87871646881104,40.44301154968907],[-79.87888813018797,40.442684941001446]]]}},{"type":"Feature","properties":{"GEOID":"420035648001032","NAME":"Block 1032, Block Group 1, Census Tract 5648, Allegheny County, Pennsylvania","housing_units":12,"pop":5},"geometry":{"type":"Polygon","coordinates":[[[-79.8786735534668,40.44307687123616],[-79.87833023071289,40.442978888891716],[-79.87736463546753,40.4426522800454],[-79.87704277038574,40.44253796657429],[-79.8769998550415,40.4426196190735],[-79.87684965133666,40.44286457597602],[-79.87680673599242,40.44294622807849],[-79.87693548202515,40.442978888891716],[-79.87734317779541,40.443109531985904],[-79.87747192382811,40.44315852308076],[-79.8776650428772,40.443223844485026],[-79.87807273864746,40.44335448710314],[-79.87843751907349,40.44348512946734],[-79.87848043441771,40.44340347801947],[-79.87865209579468,40.44312586235482],[-79.8786735534668,40.44307687123616]]]}},{"type":"Feature","properties":{"GEOID":"420035648001033","NAME":"Block 1033, Block Group 1, Census Tract 5648, Allegheny County, Pennsylvania","housing_units":9,"pop":18},"geometry":{"type":"Polygon","coordinates":[[[-79.87936019897461,40.44188474301009],[-79.87770795822144,40.44134582879104],[-79.87749338150023,40.44175409753554],[-79.87781524658202,40.44186841233966],[-79.87903833389282,40.44226034733511],[-79.8791241645813,40.44227667791033],[-79.87916707992552,40.442195024994554],[-79.87929582595825,40.44196639630276],[-79.87936019897461,40.44188474301009]]]}},{"type":"Feature","properties":{"GEOID":"420035648002000","NAME":"Block 2000, Block Group 2, Census Tract 5648, Allegheny County, Pennsylvania","housing_units":11,"pop":36},"geometry":{"type":"Polygon","coordinates":[[[-79.8799629909987,40.449623662075716],[-79.87995369182043,40.449603576567775],[-79.8798696539577,40.4496189226417],[-79.87981081008911,40.44938010190853],[-79.87961769104002,40.44857998362135],[-79.87955331802367,40.44831871844411],[-79.87942457199095,40.44835137664681],[-79.87905979156494,40.4484166930046],[-79.87893104553221,40.44844935115969],[-79.87895250320433,40.44857998362135],[-79.87903833389282,40.44895555053425],[-79.8791241645813,40.44928212875251],[-79.87914562225339,40.44934744420573],[-79.87923145294188,40.44970667806372],[-79.87924312823797,40.44973333190553],[-79.87978511864952,40.449634359553656],[-79.87981970094148,40.449650310803385],[-79.879887,40.449638],[-79.8799629909987,40.449623662075716]]]}},{"type":"Feature","properties":{"GEOID":"420035648002001","NAME":"Block 2001, Block Group 2, Census Tract 5648, Allegheny County, Pennsylvania","housing_units":10,"pop":21},"geometry":{"type":"Polygon","coordinates":[[[-79.88040942206518,40.449520356102646],[-79.88032579421997,40.449265799879285],[-79.8800253868103,40.44849833836257],[-79.87993955612181,40.44823707286794],[-79.87985372543334,40.4482534019911],[-79.87961769104002,40.44830238933681],[-79.87955331802367,40.44831871844411],[-79.87961769104002,40.44857998362135],[-79.87981081008911,40.44938010190853],[-79.8798696539577,40.4496189226417],[-79.87995369182043,40.449603576567775],[-79.8799629909987,40.449623662075716],[-79.879993,40.449618],[-79.880132,40.449592],[-79.88027699436657,40.44955595620266],[-79.88027727206118,40.44954448788878],[-79.88040942206518,40.449520356102646]]]}},{"type":"Feature","properties":{"GEOID":"420035648002002","NAME":"Block 2002, Block Group 2, Census Tract 5648, Allegheny County, Pennsylvania","housing_units":23,"pop":59},"geometry":{"type":"Polygon","coordinates":[[[-79.88212556723546,40.449208121845984],[-79.88208063534928,40.44921255942857],[-79.88142552784043,40.44927725944272],[-79.88118924357362,40.44930116787031],[-79.88096952438353,40.448677957800975],[-79.88081932067871,40.44831871844411],[-79.88071203231812,40.44805745225121],[-79.88056182861327,40.44809011058087],[-79.88008975982665,40.44820441460969],[-79.87993955612181,40.44823707286794],[-79.8800253868103,40.44849833836257],[-79.88032579421997,40.449265799879285],[-79.88040942206518,40.449520356102646],[-79.88027727206118,40.44954448788878],[-79.88027699436657,40.44955595620266],[-79.880309,40.449548],[-79.880414,40.449523],[-79.880477,40.449508],[-79.880372,40.449768],[-79.880589,40.44948],[-79.880681,40.449458],[-79.880927,40.449407],[-79.881041,40.449385],[-79.881075,40.449378],[-79.881181,40.449358],[-79.881216,40.449352],[-79.881299,40.449338],[-79.881472,40.44931],[-79.881534,40.449319],[-79.881548,40.449327],[-79.881592,40.449352],[-79.881614,40.449379],[-79.881728,40.44934],[-79.88207,40.449226],[-79.88212556723546,40.449208121845984]]]}},{"type":"Feature","properties":{"GEOID":"420035648002003","NAME":"Block 2003, Block Group 2, Census Tract 5648, Allegheny County, Pennsylvania","housing_units":94,"pop":184,"merged_road_artifact_geoids":["420031306001038"]},"geometry":{"type":"Polygon","coordinates":[[[-79.88226816471204,40.449184155453665],[-79.88219261169434,40.449184155453665],[-79.88208532333373,40.44893922158168],[-79.88176345825194,40.44857998362135],[-79.8816132545471,40.448335047547445],[-79.88133430480956,40.44724098885218],[-79.88129138946532,40.44694705960049],[-79.88131284713744,40.44678376501633],[-79.88146305084227,40.44648983376508],[-79.88118410110474,40.44639185639567],[-79.88034725189209,40.446114253073404],[-79.88006830215454,40.44601627515651],[-79.87993955612181,40.446228560462615],[-79.87957477569579,40.44684908289761],[-79.87953186035155,40.44694705960049],[-79.87948894500732,40.44707769498216],[-79.8796820640564,40.44704503616055],[-79.88011121749877,40.44694705960049],[-79.88028287887572,40.4469144007154],[-79.88030433654784,40.44694705960049],[-79.88071203231812,40.44805745225121],[-79.88081932067871,40.44831871844411],[-79.88096952438353,40.448677957800975],[-79.88118924357362,40.44930116787031],[-79.88142552784043,40.44927725944272],[-79.88208063534928,40.44921255942857],[-79.88212556723546,40.449208121845984],[-79.882185,40.449189],[-79.88226816471204,40.449184155453665]]]}},{"type":"Feature","properties":{"GEOID":"420035648002004","NAME":"Block 2004, Block Group 2, Census Tract 5648, Allegheny County, Pennsylvania","housing_units":24,"pop":14},"geometry":{"type":"Polygon","coordinates":[[[-79.88071203231812,40.44805745225121],[-79.88030433654784,40.44694705960049],[-79.88028287887572,40.4469144007154],[-79.88011121749877,40.44694705960049],[-79.8796820640564,40.44704503616055],[-79.87948894500732,40.44707769498216],[-79.87957477569579,40.44730630628911],[-79.87985372543334,40.448008464726975],[-79.87993955612181,40.44823707286794],[-79.88008975982665,40.44820441460969],[-79.88056182861327,40.44809011058087],[-79.88071203231812,40.44805745225121]]]}},{"type":"Feature","properties":{"GEOID":"420035648002005","NAME":"Block 2005, Block Group 2, Census Tract 5648, Allegheny County, Pennsylvania","housing_units":122,"pop":178},"geometry":{"type":"Polygon","coordinates":[[[-79.883394241333,40.44606526413282],[-79.88309383392333,40.445967286144494],[-79.8822569847107,40.44568968106866],[-79.88195657730101,40.445591702532845],[-79.88187074661255,40.4457713297394],[-79.88157033920288,40.44631020847873],[-79.88146305084227,40.44648983376508],[-79.88131284713744,40.44678376501633],[-79.88129138946532,40.44694705960049],[-79.88133430480956,40.44724098885218],[-79.8816132545471,40.448335047547445],[-79.88176345825194,40.44857998362135],[-79.88208532333373,40.44893922158168],[-79.88219261169434,40.449184155453665],[-79.88226816471204,40.449184155453665],[-79.882288,40.449183],[-79.88248057009649,40.44917306089825],[-79.882598,40.449167],[-79.8826791,40.4491548],[-79.8827371,40.4491505],[-79.8828176502779,40.44913977003803],[-79.8828437,40.4491363],[-79.8829401,40.4491133],[-79.88295884193474,40.449109691927],[-79.88242864608763,40.44694705960049],[-79.88232135772704,40.446555151931996],[-79.88266468048094,40.446506163312755],[-79.883394241333,40.44639185639567],[-79.88335132598876,40.446212230847486],[-79.88335132598876,40.446130582712335],[-79.883394241333,40.44606526413282]]]}},{"type":"Feature","properties":{"GEOID":"420035648002006","NAME":"Block 2006, Block Group 2, Census Tract 5648, Allegheny County, Pennsylvania","housing_units":66,"pop":86,"merged_road_artifact_geoids":["420031306001037","420031306001036"],"original_geoid":"420035648002006","split_part":1,"split_part_count":2},"geometry":{"type":"Polygon","coordinates":[[[-79.88401616087421,40.44892020672474],[-79.88399505615234,40.44875960284155],[-79.88382339477538,40.448106439739746],[-79.88380193710326,40.448008464726975],[-79.88371610641478,40.4476982095776],[-79.88369464874266,40.447600233969716],[-79.88367319107056,40.44748592891334],[-79.88358736038208,40.447175671351786],[-79.88356590270996,40.44707769498216],[-79.88352298736572,40.44694705960049],[-79.88352298736572,40.44693073015993],[-79.88343715667723,40.44652249285647],[-79.883394241333,40.44639185639567],[-79.88266468048094,40.446506163312755],[-79.88232135772704,40.446555151931996],[-79.88242864608763,40.44694705960049],[-79.88295884193474,40.449109691927],[-79.8831084,40.4490809],[-79.88314796742355,40.44907331624382],[-79.8831564,40.4490717],[-79.88317599192904,40.4490679196518],[-79.8832813,40.4490476],[-79.8834049,40.4490238],[-79.88349196222246,40.44901240724233],[-79.883518,40.449009],[-79.88354031315922,40.449004537368154],[-79.883568,40.448999],[-79.883901,40.44894],[-79.88401616087421,40.44892020672474]]]}},{"type":"Feature","properties":{"GEOID":"420035648002007","NAME":"Block 2007, Block Group 2, Census Tract 5648, Allegheny County, Pennsylvania","housing_units":16,"pop":18,"merged_road_artifact_geoids":["420031308001035","420031308001034","420035648002006__part2"]},"geometry":{"type":"Polygon","coordinates":[[[-79.88503333097135,40.44848501939233],[-79.88502502441405,40.448482009298914],[-79.88478899002074,40.4484166930046],[-79.88399505615234,40.4481390980456],[-79.88382339477538,40.448106439739746],[-79.88399505615234,40.44875960284155],[-79.88401616087421,40.44892020672474],[-79.884029,40.448918],[-79.88403924528222,40.44895991251822],[-79.88403974638108,40.448961962468054],[-79.88404,40.448963],[-79.884075,40.449098],[-79.884087,40.449144],[-79.8841748,40.4491692],[-79.8841966,40.4491755],[-79.88450159840811,40.44926299719444],[-79.8845159,40.4492671],[-79.88458105706354,40.44928581817147],[-79.884589,40.4492881],[-79.884666,40.44914],[-79.88483317434304,40.44884178056753],[-79.884939,40.448653],[-79.88503,40.448491],[-79.88503333097135,40.44848501939233]]]}},{"type":"Feature","properties":{"GEOID":"420035648002008","NAME":"Block 2008, Block Group 2, Census Tract 5648, Allegheny County, Pennsylvania","housing_units":9,"pop":25,"merged_road_artifact_geoids":["420031308001036"],"original_geoid":"420035648002008","split_part":1,"split_part_count":2},"geometry":{"type":"Polygon","coordinates":[[[-79.88527022743257,40.44806759567541],[-79.88523960113525,40.448106439739746],[-79.88523960113525,40.44809011058087],[-79.88382339477538,40.447616563247614],[-79.88369464874266,40.447600233969716],[-79.88371610641478,40.4476982095776],[-79.88380193710326,40.448008464726975],[-79.88382339477538,40.448106439739746],[-79.88399505615234,40.4481390980456],[-79.88478899002074,40.4484166930046],[-79.88502502441405,40.448482009298914],[-79.88503333097135,40.44848501939233],[-79.885074,40.448412],[-79.885207,40.448178],[-79.885252,40.4481],[-79.88527022743257,40.44806759567541]]]}},{"type":"Feature","properties":{"GEOID":"420035648002009","NAME":"Block 2009, Block Group 2, Census Tract 5648, Allegheny County, Pennsylvania","housing_units":12,"pop":19,"merged_road_artifact_geoids":["420035648002008__part2"]},"geometry":{"type":"Polygon","coordinates":[[[-79.88546115574049,40.44770048535764],[-79.88545417785643,40.4476982095776],[-79.885196685791,40.447600233969716],[-79.88438129425047,40.44732263563842],[-79.88410234451293,40.44724098885218],[-79.88399505615234,40.447208330109916],[-79.88367319107056,40.44709402438701],[-79.88356590270996,40.44707769498216],[-79.88358736038208,40.447175671351786],[-79.88367319107056,40.44748592891334],[-79.88369464874266,40.447600233969716],[-79.88382339477538,40.447616563247614],[-79.88523960113525,40.44809011058087],[-79.88523960113525,40.448106439739746],[-79.88527022743257,40.44806759567541],[-79.885297,40.44802],[-79.885322,40.447977],[-79.88534379355929,40.44793388665447],[-79.885368,40.447886],[-79.885422,40.447776],[-79.88546115574049,40.44770048535764]]]}},{"type":"Feature","properties":{"GEOID":"420035648002010","NAME":"Block 2010, Block Group 2, Census Tract 5648, Allegheny County, Pennsylvania","housing_units":26,"pop":44,"merged_road_artifact_geoids":["420035648002015__part2"]},"geometry":{"type":"Polygon","coordinates":[[[-79.88569021224974,40.44730630628911],[-79.88543272018431,40.447208330109916],[-79.88463878631592,40.44694705960049],[-79.88459587097168,40.44693073015993],[-79.88431692123413,40.44684908289761],[-79.88425254821777,40.44694705960049],[-79.88414525985716,40.44715934196676],[-79.88410234451293,40.44724098885218],[-79.88438129425047,40.44732263563842],[-79.885196685791,40.447600233969716],[-79.88545417785643,40.4476982095776],[-79.88546115574049,40.44770048535764],[-79.885464,40.447695],[-79.885513,40.447619],[-79.88554234186773,40.44757520616758],[-79.88558,40.447519],[-79.88560049878924,40.44748292213093],[-79.88564729690552,40.447387952995996],[-79.88569021224974,40.44730630628911]]]}},{"type":"Feature","properties":{"GEOID":"420035648002011","NAME":"Block 2011, Block Group 2, Census Tract 5648, Allegheny County, Pennsylvania","housing_units":105,"pop":113},"geometry":{"type":"Polygon","coordinates":[[[-79.88382339477538,40.445265106381974],[-79.8837375640869,40.445232446679604],[-79.88343715667723,40.44513446747728],[-79.88332986831665,40.44510180771143],[-79.88313674926756,40.44503648813213],[-79.88257884979248,40.44485685896175],[-79.88240718841551,40.44480786910469],[-79.8820638656616,40.44467722931131],[-79.88129138946532,40.444432279014364],[-79.88101243972778,40.44433429864565],[-79.88092660903929,40.44449759918083],[-79.88064765930174,40.44497116848935],[-79.88056182861327,40.44513446747728],[-79.88084077835083,40.445216116822465],[-79.88167762756348,40.44549372385421],[-79.88195657730101,40.445591702532845],[-79.8822569847107,40.44568968106866],[-79.88309383392333,40.445967286144494],[-79.883394241333,40.44606526413282],[-79.88345861434935,40.44590196740628],[-79.8837375640869,40.44542840465577],[-79.88382339477538,40.445265106381974]]]}},{"type":"Feature","properties":{"GEOID":"420035648002012","NAME":"Block 2012, Block Group 2, Census Tract 5648, Allegheny County, Pennsylvania","housing_units":11,"pop":19},"geometry":{"type":"Polygon","coordinates":[[[-79.88354444503784,40.44470988928346],[-79.88335132598876,40.44464456932329],[-79.88281488418578,40.44444860906193],[-79.88264322280882,40.44438328884785],[-79.8826003074646,40.444464939105536],[-79.88245010375975,40.44470988928346],[-79.88240718841551,40.44480786910469],[-79.88257884979248,40.44485685896175],[-79.88313674926756,40.44503648813213],[-79.88332986831665,40.44510180771143],[-79.88341569900511,40.44493850864416],[-79.88350152969359,40.444791539144404],[-79.88354444503784,40.44470988928346]]]}},{"type":"Feature","properties":{"GEOID":"420035648002013","NAME":"Block 2013, Block Group 2, Census Tract 5648, Allegheny County, Pennsylvania","housing_units":24,"pop":46},"geometry":{"type":"Polygon","coordinates":[[[-79.88500356674194,40.445657021572586],[-79.88487482070921,40.445624362060656],[-79.88446712493895,40.44547739406055],[-79.88433837890625,40.44544473446133],[-79.88423109054565,40.44541207484625],[-79.88393068313599,40.445297766068464],[-79.88382339477538,40.445265106381974],[-79.8837375640869,40.44542840465577],[-79.88345861434935,40.44590196740628],[-79.883394241333,40.44606526413282],[-79.8836088180542,40.4461469123473],[-79.88431692123413,40.44637552682021],[-79.88455295562744,40.44644084509823],[-79.88459587097168,40.44637552682021],[-79.88481044769286,40.445967286144494],[-79.8849606513977,40.44573867028299],[-79.88500356674194,40.445657021572586]]]}},{"type":"Feature","properties":{"GEOID":"420035648002014","NAME":"Block 2014, Block Group 2, Census Tract 5648, Allegheny County, Pennsylvania","housing_units":15,"pop":22},"geometry":{"type":"Polygon","coordinates":[[[-79.88616228103636,40.44652249285647],[-79.88588333129881,40.44642451553468],[-79.88504648208618,40.4461469123473],[-79.88476753234862,40.44604893447801],[-79.88459587097168,40.44637552682021],[-79.88455295562744,40.44644084509823],[-79.88483190536498,40.44653882239622],[-79.88564729690552,40.4468164239649],[-79.88592624664307,40.446898071266894],[-79.8859691619873,40.446832753433235],[-79.88609790802002,40.44658781099166],[-79.88616228103636,40.44652249285647]]]}},{"type":"Feature","properties":{"GEOID":"420035648002015","NAME":"Block 2015, Block Group 2, Census Tract 5648, Allegheny County, Pennsylvania","housing_units":44,"pop":74,"merged_road_artifact_geoids":["420031308001037"],"original_geoid":"420035648002015","split_part":1,"split_part_count":2},"geometry":{"type":"Polygon","coordinates":[[[-79.88646075255356,40.44708585783378],[-79.88645828380588,40.4470799820669],[-79.88643690182376,40.44707330823987],[-79.88621874062653,40.44700521244114],[-79.88605499267578,40.44694705960049],[-79.88592624664307,40.446898071266894],[-79.88564729690552,40.4468164239649],[-79.88483190536498,40.44653882239622],[-79.88455295562744,40.44644084509823],[-79.88438129425047,40.446767435536096],[-79.88431692123413,40.44684908289761],[-79.88459587097168,40.44693073015993],[-79.88463878631592,40.44694705960049],[-79.88543272018431,40.447208330109916],[-79.88569021222803,40.447306306280844],[-79.88564729690552,40.447387952995996],[-79.88560049878924,40.44748292213093],[-79.885655,40.447387],[-79.8857,40.447309],[-79.885745,40.447228],[-79.885884,40.446987],[-79.885901,40.446958],[-79.8859239,40.4469166],[-79.88593345446913,40.44691940834237],[-79.88611162919933,40.44697177918958],[-79.886143,40.446981],[-79.88617663760657,40.44699207060469],[-79.88638,40.447059],[-79.88646075255356,40.44708585783378]]]}},{"type":"Feature","properties":{"GEOID":"420035648002016","NAME":"Block 2016, Block Group 2, Census Tract 5648, Allegheny County, Pennsylvania","housing_units":80,"pop":112},"geometry":{"type":"Polygon","coordinates":[[[-79.88455295562744,40.44644084509823],[-79.88431692123413,40.44637552682021],[-79.8836088180542,40.4461469123473],[-79.883394241333,40.44606526413282],[-79.88335132598876,40.446130582712335],[-79.88335132598876,40.446212230847486],[-79.883394241333,40.44639185639567],[-79.88343715667723,40.44652249285647],[-79.88352298736572,40.44693073015993],[-79.88352298736572,40.44694705960049],[-79.88356590270996,40.44707769498216],[-79.88367319107056,40.44709402438701],[-79.88399505615234,40.447208330109916],[-79.88410234451293,40.44724098885218],[-79.88414525985716,40.44715934196676],[-79.88425254821777,40.44694705960049],[-79.88431692123413,40.44684908289761],[-79.88438129425047,40.446767435536096],[-79.88455295562744,40.44644084509823]]]}},{"type":"Feature","properties":{"GEOID":"420035648002017","NAME":"Block 2017, Block Group 2, Census Tract 5648, Allegheny County, Pennsylvania","housing_units":80,"pop":188},"geometry":{"type":"Polygon","coordinates":[[[-79.88006830215454,40.44601627515651],[-79.87908124923706,40.44570601081074],[-79.87895250320433,40.445657021572586],[-79.87884521484374,40.445624362060656],[-79.87880229949948,40.445673351322604],[-79.87865209579468,40.4469144007154],[-79.87865209579468,40.44694705960049],[-79.8786735534668,40.44730630628911],[-79.87878084182739,40.44773086808182],[-79.87880229949948,40.447877831154436],[-79.8789095878601,40.44830238933681],[-79.87893104553221,40.44844935115969],[-79.87905979156494,40.4484166930046],[-79.87942457199095,40.44835137664681],[-79.87961769104002,40.44830238933681],[-79.87985372543334,40.4482534019911],[-79.87993955612181,40.44823707286794],[-79.87985372543334,40.448008464726975],[-79.87957477569579,40.44730630628911],[-79.87948894500732,40.44707769498216],[-79.87953186035155,40.44694705960049],[-79.87957477569579,40.44684908289761],[-79.87993955612181,40.446228560462615],[-79.88006830215454,40.44601627515651]]]}},{"type":"Feature","properties":{"GEOID":"420035648002018","NAME":"Block 2018, Block Group 2, Census Tract 5648, Allegheny County, Pennsylvania","housing_units":18,"pop":31},"geometry":{"type":"Polygon","coordinates":[[[-79.88056182861327,40.44513446747728],[-79.88032579421997,40.445052818032906],[-79.8795962333679,40.44480786910469],[-79.87936019897461,40.444726219263586],[-79.87895250320433,40.44544473446133],[-79.8789095878601,40.44549372385421],[-79.87884521484374,40.445624362060656],[-79.87895250320433,40.445657021572586],[-79.87908124923706,40.44570601081074],[-79.88006830215454,40.44601627515651],[-79.88015413284302,40.44583664860457],[-79.88045454025267,40.44531409590577],[-79.88056182861327,40.44513446747728]]]}},{"type":"Feature","properties":{"GEOID":"420035648002019","NAME":"Block 2019, Block Group 2, Census Tract 5648, Allegheny County, Pennsylvania","housing_units":16,"pop":40},"geometry":{"type":"Polygon","coordinates":[[[-79.88195657730101,40.445591702532845],[-79.88167762756348,40.44549372385421],[-79.88084077835083,40.445216116822465],[-79.88056182861327,40.44513446747728],[-79.88045454025267,40.44531409590577],[-79.88015413284302,40.44583664860457],[-79.88006830215454,40.44601627515651],[-79.88034725189209,40.446114253073404],[-79.88118410110474,40.44639185639567],[-79.88146305084227,40.44648983376508],[-79.88157033920288,40.44631020847873],[-79.88187074661255,40.4457713297394],[-79.88195657730101,40.445591702532845]]]}},{"type":"Feature","properties":{"GEOID":"420035648002020","NAME":"Block 2020, Block Group 2, Census Tract 5648, Allegheny County, Pennsylvania","housing_units":25,"pop":28},"geometry":{"type":"Polygon","coordinates":[[[-79.88285779953003,40.444007696385064],[-79.88249301910399,40.443893385218956],[-79.88174200057982,40.44363210182357],[-79.88146305084227,40.44355045055423],[-79.88137722015381,40.44369742276763],[-79.88109827041625,40.44417099771373],[-79.88101243972778,40.44433429864565],[-79.88129138946532,40.444432279014364],[-79.8820638656616,40.44467722931131],[-79.88240718841551,40.44480786910469],[-79.88245010375975,40.44470988928346],[-79.8826003074646,40.444464939105536],[-79.88264322280882,40.44438328884785],[-79.88281488418578,40.44408934709899],[-79.88281488418578,40.44405668682533],[-79.88285779953003,40.444007696385064]]]}},{"type":"Feature","properties":{"GEOID":"420035648002021","NAME":"Block 2021, Block Group 2, Census Tract 5648, Allegheny County, Pennsylvania","housing_units":6,"pop":6},"geometry":{"type":"Polygon","coordinates":[[[-79.88378047943114,40.4443179685703],[-79.88358736038208,40.44425264822927],[-79.88302946090697,40.44407301696414],[-79.88285779953003,40.444007696385064],[-79.88281488418578,40.44405668682533],[-79.88281488418578,40.44408934709899],[-79.88264322280882,40.44438328884785],[-79.88281488418578,40.44444860906193],[-79.88335132598876,40.44464456932329],[-79.88354444503784,40.44470988928346],[-79.88358736038208,40.44462823932333],[-79.88371610641478,40.44439961890732],[-79.88378047943114,40.4443179685703]]]}},{"type":"Feature","properties":{"GEOID":"420035648002022","NAME":"Block 2022, Block Group 2, Census Tract 5648, Allegheny County, Pennsylvania","housing_units":13,"pop":13},"geometry":{"type":"Polygon","coordinates":[[[-79.88427400588989,40.444481269145165],[-79.88416671752928,40.44444860906193],[-79.88386631011963,40.44435062871702],[-79.88378047943114,40.4443179685703],[-79.88371610641478,40.44439961890732],[-79.88358736038208,40.44462823932333],[-79.88350152969359,40.444791539144404],[-79.88341569900511,40.44493850864416],[-79.88332986831665,40.44510180771143],[-79.88343715667723,40.44513446747728],[-79.8837375640869,40.445232446679604],[-79.88382339477538,40.445265106381974],[-79.88390922546387,40.445118137596346],[-79.8841881752014,40.44464456932329],[-79.88427400588989,40.444481269145165]]]}},{"type":"Feature","properties":{"GEOID":"420035648002023","NAME":"Block 2023, Block Group 2, Census Tract 5648, Allegheny County, Pennsylvania","housing_units":4,"pop":8},"geometry":{"type":"Polygon","coordinates":[[[-79.88543272018431,40.44485685896175],[-79.88530397415161,40.44482419906101],[-79.88478899002074,40.44464456932329],[-79.88427400588989,40.444481269145165],[-79.8841881752014,40.44464456932329],[-79.88390922546387,40.445118137596346],[-79.88382339477538,40.445265106381974],[-79.88393068313599,40.445297766068464],[-79.88423109054565,40.44541207484625],[-79.88433837890625,40.44544473446133],[-79.88451004028319,40.445118137596346],[-79.88457441329956,40.445052818032906],[-79.88470315933228,40.44508547782256],[-79.88521814346312,40.445265106381974],[-79.88538980484009,40.44497116848935],[-79.88538980484009,40.444954838568734],[-79.88543272018431,40.44485685896175]]]}},{"type":"Feature","properties":{"GEOID":"420035648002024","NAME":"Block 2024, Block Group 2, Census Tract 5648, Allegheny County, Pennsylvania","housing_units":4,"pop":13},"geometry":{"type":"Polygon","coordinates":[[[-79.88521814346312,40.445265106381974],[-79.88470315933228,40.44508547782256],[-79.88457441329956,40.445052818032906],[-79.88451004028319,40.445118137596346],[-79.88433837890625,40.44544473446133],[-79.88446712493895,40.44547739406055],[-79.88487482070921,40.445624362060656],[-79.88500356674194,40.445657021572586],[-79.88504648208618,40.445575372762995],[-79.88517522811888,40.445346755568465],[-79.88521814346312,40.445265106381974]]]}},{"type":"Feature","properties":{"GEOID":"420035648002025","NAME":"Block 2025, Block Group 2, Census Tract 5648, Allegheny County, Pennsylvania","housing_units":8,"pop":5},"geometry":{"type":"Polygon","coordinates":[[[-79.88616228103636,40.445591702532845],[-79.8854112625122,40.44533042573911],[-79.88530397415161,40.445297766068464],[-79.88521814346312,40.445265106381974],[-79.88517522811888,40.445346755568465],[-79.88504648208618,40.445575372762995],[-79.88500356674194,40.445657021572586],[-79.88517522811888,40.445722340548855],[-79.88575458526611,40.44590196740628],[-79.88592624664307,40.445967286144494],[-79.8859691619873,40.44590196740628],[-79.88611936569214,40.445657021572586],[-79.88616228103636,40.445591702532845]]]}},{"type":"Feature","properties":{"GEOID":"420035648002026","NAME":"Block 2026, Block Group 2, Census Tract 5648, Allegheny County, Pennsylvania","housing_units":10,"pop":11},"geometry":{"type":"Polygon","coordinates":[[[-79.88682746887206,40.44533042573911],[-79.8867416381836,40.445297766068464],[-79.88646268844604,40.44519978696136],[-79.88637685775755,40.44518345709629],[-79.88635540008544,40.445216116822465],[-79.88633394241332,40.445265106381974],[-79.88616228103636,40.445591702532845],[-79.88611936569214,40.445657021572586],[-79.8859691619873,40.44590196740628],[-79.88592624664307,40.445967286144494],[-79.88603353500365,40.4459999454898],[-79.88629102706909,40.44609792343051],[-79.88637685775755,40.446114253073404],[-79.88646268844604,40.445967286144494],[-79.8867416381836,40.44549372385421],[-79.88682746887206,40.44533042573911]]]}},{"type":"Feature","properties":{"GEOID":"420035648002027","NAME":"Block 2027, Block Group 2, Census Tract 5648, Allegheny County, Pennsylvania","housing_units":18,"pop":35},"geometry":{"type":"Polygon","coordinates":[[[-79.88637685775755,40.446114253073404],[-79.88629102706909,40.44609792343051],[-79.88603353500365,40.4459999454898],[-79.88592624664307,40.445967286144494],[-79.88575458526611,40.44590196740628],[-79.88517522811888,40.445722340548855],[-79.88500356674194,40.445657021572586],[-79.8849606513977,40.44573867028299],[-79.88481044769286,40.445967286144494],[-79.88476753234862,40.44604893447801],[-79.88504648208618,40.4461469123473],[-79.88588333129881,40.44642451553468],[-79.88616228103636,40.44652249285647],[-79.88637685775755,40.446114253073404]]]}},{"type":"Feature","properties":{"GEOID":"420035648002028","NAME":"Block 2028, Block Group 2, Census Tract 5648, Allegheny County, Pennsylvania","housing_units":14,"pop":8},"geometry":{"type":"Polygon","coordinates":[[[-79.8858618736267,40.44405668682533],[-79.88564729690552,40.44397503607173],[-79.8849606513977,40.44374641343402],[-79.8847246170044,40.443664762303534],[-79.88451004028319,40.44407301696414],[-79.88444566726683,40.44415466759871],[-79.88427400588989,40.444481269145165],[-79.88478899002074,40.44464456932329],[-79.88530397415161,40.44482419906101],[-79.88543272018431,40.44485685896175],[-79.88554000854491,40.44462823932333],[-79.88577604293822,40.44421998803495],[-79.8858618736267,40.44405668682533]]]}},{"type":"Feature","properties":{"GEOID":"420035648002029","NAME":"Block 2029, Block Group 2, Census Tract 5648, Allegheny County, Pennsylvania","housing_units":5,"pop":0},"geometry":{"type":"Polygon","coordinates":[[[-79.88717079162596,40.44461190931941],[-79.88712787628174,40.444464939105536],[-79.88661289215088,40.444301638491],[-79.88611936569214,40.44413833747973],[-79.8858618736267,40.44405668682533],[-79.88577604293822,40.44421998803495],[-79.88554000854491,40.44462823932333],[-79.88543272018431,40.44485685896175],[-79.8856258392334,40.44492217871561],[-79.88618373870848,40.445118137596346],[-79.88637685775755,40.44518345709629],[-79.88646268844604,40.44519978696136],[-79.8867416381836,40.445297766068464],[-79.88682746887206,40.44533042573911],[-79.88714933395386,40.444758879211925],[-79.88717079162596,40.44461190931941]]]}},{"type":"Feature","properties":{"GEOID":"420035648002030","NAME":"Block 2030, Block Group 2, Census Tract 5648, Allegheny County, Pennsylvania","housing_units":7,"pop":11},"geometry":{"type":"Polygon","coordinates":[[[-79.88637685775755,40.44518345709629],[-79.88618373870848,40.445118137596346],[-79.8856258392334,40.44492217871561],[-79.88543272018431,40.44485685896175],[-79.88538980484009,40.444954838568734],[-79.88538980484009,40.44497116848935],[-79.88521814346312,40.445265106381974],[-79.88530397415161,40.445297766068464],[-79.8854112625122,40.44533042573911],[-79.88616228103636,40.445591702532845],[-79.88633394241332,40.445265106381974],[-79.88635540008544,40.445216116822465],[-79.88637685775755,40.44518345709629]]]}},{"type":"Feature","properties":{"GEOID":"420035648002031","NAME":"Block 2031, Block Group 2, Census Tract 5648, Allegheny County, Pennsylvania","housing_units":14,"pop":17},"geometry":{"type":"Polygon","coordinates":[[[-79.88146305084227,40.44355045055423],[-79.88049745559692,40.443223844485026],[-79.88032579421997,40.443174853437775],[-79.8802614212036,40.443142192719776],[-79.88023996353148,40.44320751413991],[-79.88006830215454,40.443501459745015],[-79.8800253868103,40.44358311107387],[-79.87998247146606,40.44364843206553],[-79.87985372543334,40.44386072485007],[-79.87981081008911,40.44394237574252],[-79.88004684448242,40.444007696385064],[-79.88077640533446,40.44425264822927],[-79.88101243972778,40.44433429864565],[-79.88109827041625,40.44417099771373],[-79.88137722015381,40.44369742276763],[-79.88146305084227,40.44355045055423]]]}},{"type":"Feature","properties":{"GEOID":"420035648002032","NAME":"Block 2032, Block Group 2, Census Tract 5648, Allegheny County, Pennsylvania","housing_units":23,"pop":21},"geometry":{"type":"Polygon","coordinates":[[[-79.88101243972778,40.44433429864565],[-79.88077640533446,40.44425264822927],[-79.88004684448242,40.444007696385064],[-79.87981081008911,40.44394237574252],[-79.87972497940063,40.44408934709899],[-79.87957477569579,40.44433429864565],[-79.87936019897461,40.444726219263586],[-79.8795962333679,40.44480786910469],[-79.88032579421997,40.445052818032906],[-79.88056182861327,40.44513446747728],[-79.88064765930174,40.44497116848935],[-79.88092660903929,40.44449759918083],[-79.88101243972778,40.44433429864565]]]}},{"type":"Feature","properties":{"GEOID":"420035648002033","NAME":"Block 2033, Block Group 2, Census Tract 5648, Allegheny County, Pennsylvania","housing_units":1,"pop":2},"geometry":{"type":"Polygon","coordinates":[[[-79.88451004028319,40.44407301696414],[-79.88397359848022,40.443909715397446],[-79.8822569847107,40.44333815678976],[-79.88167762756348,40.44315852308076],[-79.88163471221922,40.443223844485026],[-79.88146305084227,40.44355045055423],[-79.88174200057982,40.44363210182357],[-79.88249301910399,40.443893385218956],[-79.88285779953003,40.444007696385064],[-79.88302946090697,40.44407301696414],[-79.88358736038208,40.44425264822927],[-79.88378047943114,40.4443179685703],[-79.88386631011963,40.44435062871702],[-79.88416671752928,40.44444860906193],[-79.88427400588989,40.444481269145165],[-79.88444566726683,40.44415466759871],[-79.88451004028319,40.44407301696414]]]}},{"type":"Feature","properties":{"GEOID":"420035648002034","NAME":"Block 2034, Block Group 2, Census Tract 5648, Allegheny County, Pennsylvania","housing_units":13,"pop":12},"geometry":{"type":"Polygon","coordinates":[[[-79.8847246170044,40.443664762303534],[-79.88416671752928,40.44348512946734],[-79.88249301910399,40.442929897665934],[-79.88191366195679,40.44273393240576],[-79.88187074661255,40.442815584666924],[-79.88174200057982,40.44307687123616],[-79.88167762756348,40.44315852308076],[-79.8822569847107,40.44333815678976],[-79.88397359848022,40.443909715397446],[-79.88451004028319,40.44407301696414],[-79.8847246170044,40.443664762303534]]]}},{"type":"Feature","properties":{"GEOID":"420035648002035","NAME":"Block 2035, Block Group 2, Census Tract 5648, Allegheny County, Pennsylvania","housing_units":2,"pop":4},"geometry":{"type":"Polygon","coordinates":[[[-79.88191366195679,40.44273393240576],[-79.88167762756348,40.4426522800454],[-79.88096952438353,40.44242365290878],[-79.88071203231812,40.442342000171536],[-79.88054037094115,40.442668610525416],[-79.88049745559692,40.44273393240576],[-79.88073348999022,40.442831915107256],[-79.88159179687499,40.44312586235482],[-79.88167762756348,40.44315852308076],[-79.88174200057982,40.44307687123616],[-79.88187074661255,40.442815584666924],[-79.88191366195679,40.44273393240576]]]}},{"type":"Feature","properties":{"GEOID":"420035648002036","NAME":"Block 2036, Block Group 2, Census Tract 5648, Allegheny County, Pennsylvania","housing_units":7,"pop":20},"geometry":{"type":"Polygon","coordinates":[[[-79.88167762756348,40.44315852308076],[-79.88159179687499,40.44312586235482],[-79.88073348999022,40.442831915107256],[-79.88049745559692,40.44273393240576],[-79.88045454025267,40.442815584666924],[-79.88030433654784,40.443060540855335],[-79.8802614212036,40.443142192719776],[-79.88032579421997,40.443174853437775],[-79.88049745559692,40.443223844485026],[-79.88146305084227,40.44355045055423],[-79.88163471221922,40.443223844485026],[-79.88167762756348,40.44315852308076]]]}}],"properties":{"survey_boundary_clip":{"source_blocks":"assets/wilkinsburg_blocks_base.geojson","boundary":"assets/wilkinsburg_survey_boundary.geojson","clipped_count":412,"dropped_count":7,"generated_at":"2026-06-28T20:49:29.657Z"},"road_artifact_merge":{"threshold_sq_m":3000,"tiny_sliver_threshold_sq_m":2000,"compactness_threshold":0.16,"skinny_feature_area_sq_m":20000,"skinny_feature_compactness_threshold":0.22,"thin_feature_area_sq_m":20000,"thin_feature_width_m":25,"split_part_area_sq_m":5000,"merged_count":16,"dropped_count":0,"generated_at":"2026-06-28T20:49:30.842Z","merges":[{"artifact_geoid":"420035648002006__part2","merged_into_geoid":"420035648002007","artifact_area_sq_m":0,"artifact_compactness":0.11,"target_area_after_sq_m":7662},{"artifact_geoid":"420035648002015__part2","merged_into_geoid":"420035648002010","artifact_area_sq_m":4,"artifact_compactness":0.052,"target_area_after_sq_m":6045},{"artifact_geoid":"420035615001004__part4","merged_into_geoid":"420035615002000","artifact_area_sq_m":5,"artifact_compactness":0.266,"target_area_after_sq_m":152832},{"artifact_geoid":"420035614004014__part3","merged_into_geoid":"420035615001001","artifact_area_sq_m":7,"artifact_compactness":0.062,"target_area_after_sq_m":30045},{"artifact_geoid":"420035614001004__part2","merged_into_geoid":"420035614001002","artifact_area_sq_m":13,"artifact_compactness":0.428,"target_area_after_sq_m":52026},{"artifact_geoid":"420035648002008__part2","merged_into_geoid":"420035648002009","artifact_area_sq_m":13,"artifact_compactness":0.052,"target_area_after_sq_m":7749},{"artifact_geoid":"420035647002005__part2","merged_into_geoid":"420035647002004","artifact_area_sq_m":25,"artifact_compactness":0.044,"target_area_after_sq_m":86946},{"artifact_geoid":"420035648001001__part2","merged_into_geoid":"420035648001003","artifact_area_sq_m":149,"artifact_compactness":0.604,"target_area_after_sq_m":97230},{"artifact_geoid":"420035615001004__part3","merged_into_geoid":"420035615002000","artifact_area_sq_m":311,"artifact_compactness":0.159,"target_area_after_sq_m":153143},{"artifact_geoid":"420035614004014__part2","merged_into_geoid":"420035615001001","artifact_area_sq_m":435,"artifact_compactness":0.017,"target_area_after_sq_m":30480},{"artifact_geoid":"420035605002007__part2","merged_into_geoid":"420035647003038","artifact_area_sq_m":849,"artifact_compactness":0.234,"target_area_after_sq_m":29544},{"artifact_geoid":"420035615002000__part2","merged_into_geoid":"420035615001004","artifact_area_sq_m":1056,"artifact_compactness":0.278,"target_area_after_sq_m":316185},{"artifact_geoid":"420035615001004__part2","merged_into_geoid":"420035615001001","artifact_area_sq_m":1072,"artifact_compactness":0.124,"target_area_after_sq_m":31551},{"artifact_geoid":"420035604001007__part2","merged_into_geoid":"420035604001005","artifact_area_sq_m":2229,"artifact_compactness":0.083,"target_area_after_sq_m":90173},{"artifact_geoid":"420035614002005","merged_into_geoid":"420035614002006","artifact_area_sq_m":3500,"artifact_compactness":0.164,"target_area_after_sq_m":65952},{"artifact_geoid":"420035605002007","merged_into_geoid":"420035647003038","artifact_area_sq_m":16528,"artifact_compactness":0.168,"target_area_after_sq_m":46072}],"dropped_artifacts":[]},"internal_gap_fill":{"boundary":"assets/wilkinsburg_survey_boundary.geojson","minimum_gap_area_sq_m":1,"nearby_distance_m":45,"filled_gap_count":26,"generated_at":"2026-06-28T20:49:30.608Z","fills":[{"strategy":"nearest-side-split","gap_area_sq_m":1817,"assigned_to":[{"geoid":"420035605002040","area_sq_m":1104},{"geoid":"420035605002039","area_sq_m":45},{"geoid":"420035605002041","area_sq_m":668}]},{"strategy":"nearest-side-split","gap_area_sq_m":3508,"assigned_to":[{"geoid":"420035605001006","area_sq_m":1912},{"geoid":"420035605001011","area_sq_m":476},{"geoid":"420035604002005","area_sq_m":578},{"geoid":"420035605001010","area_sq_m":522},{"geoid":"420035605001012","area_sq_m":19}]},{"strategy":"single-neighbor","gap_area_sq_m":180,"assigned_to":[{"geoid":"420035604001007","area_sq_m":180}]},{"strategy":"nearest-side-split","gap_area_sq_m":3957,"assigned_to":[{"geoid":"420035604001000","area_sq_m":1728},{"geoid":"420035604001007","area_sq_m":2229}]},{"strategy":"nearest-side-split","gap_area_sq_m":365,"assigned_to":[{"geoid":"420035604001002","area_sq_m":358},{"geoid":"420035648002015","area_sq_m":6}]},{"strategy":"nearest-side-split","gap_area_sq_m":9255,"assigned_to":[{"geoid":"420035647003038","area_sq_m":4827},{"geoid":"420035605002007","area_sq_m":849},{"geoid":"420035647002005","area_sq_m":331},{"geoid":"420035647002004","area_sq_m":41},{"geoid":"420035647003041","area_sq_m":2421},{"geoid":"420035647002008","area_sq_m":785}]},{"strategy":"single-neighbor","gap_area_sq_m":3,"assigned_to":[{"geoid":"420035648002015","area_sq_m":3}]},{"strategy":"nearest-side-split","gap_area_sq_m":151,"assigned_to":[{"geoid":"420035648002007","area_sq_m":151}]},{"strategy":"single-neighbor","gap_area_sq_m":8,"assigned_to":[{"geoid":"420035648002005","area_sq_m":8}]},{"strategy":"nearest-side-split","gap_area_sq_m":1143,"assigned_to":[{"geoid":"420035648002002","area_sq_m":765},{"geoid":"420035648002000","area_sq_m":33},{"geoid":"420035648002001","area_sq_m":57},{"geoid":"420035648001007","area_sq_m":289}]},{"strategy":"nearest-side-split","gap_area_sq_m":594,"assigned_to":[{"geoid":"420035647002004","area_sq_m":569},{"geoid":"420035647002005","area_sq_m":25}]},{"strategy":"nearest-side-split","gap_area_sq_m":11616,"assigned_to":[{"geoid":"420035648001003","area_sq_m":4269},{"geoid":"420035648001006","area_sq_m":320},{"geoid":"420035648001004","area_sq_m":6134},{"geoid":"420035648001005","area_sq_m":892}]},{"strategy":"nearest-side-split","gap_area_sq_m":3326,"assigned_to":[{"geoid":"420035647002001","area_sq_m":3326}]},{"strategy":"nearest-side-split","gap_area_sq_m":25760,"assigned_to":[{"geoid":"420035647002012","area_sq_m":8029},{"geoid":"420035170001000","area_sq_m":17731}]},{"strategy":"nearest-side-split","gap_area_sq_m":40813,"assigned_to":[{"geoid":"420035648001001","area_sq_m":149},{"geoid":"420035648001003","area_sq_m":2087},{"geoid":"420035648001000","area_sq_m":22799},{"geoid":"420035614003003","area_sq_m":15778}]},{"strategy":"nearest-side-split","gap_area_sq_m":1726,"assigned_to":[{"geoid":"420035614002009","area_sq_m":775},{"geoid":"420035614002005","area_sq_m":951}]},{"strategy":"nearest-side-split","gap_area_sq_m":12785,"assigned_to":[{"geoid":"420035614002010","area_sq_m":11042},{"geoid":"420035614003000","area_sq_m":1743}]},{"strategy":"nearest-side-split","gap_area_sq_m":14455,"assigned_to":[{"geoid":"420035615002000","area_sq_m":7695},{"geoid":"420035647002012","area_sq_m":6760}]},{"strategy":"nearest-side-split","gap_area_sq_m":10996,"assigned_to":[{"geoid":"420035615001004","area_sq_m":8258},{"geoid":"420035615001003","area_sq_m":1681},{"geoid":"420035615002000","area_sq_m":1056}]},{"strategy":"nearest-side-split","gap_area_sq_m":975,"assigned_to":[{"geoid":"420035615001004","area_sq_m":5},{"geoid":"420035615002000","area_sq_m":970}]},{"strategy":"single-neighbor","gap_area_sq_m":6351,"assigned_to":[{"geoid":"420035615002000","area_sq_m":6351}]},{"strategy":"single-neighbor","gap_area_sq_m":24,"assigned_to":[{"geoid":"420035614002002","area_sq_m":24}]},{"strategy":"single-neighbor","gap_area_sq_m":9,"assigned_to":[{"geoid":"420035615001004","area_sq_m":9}]},{"strategy":"nearest-side-split","gap_area_sq_m":3513,"assigned_to":[{"geoid":"420035614001013","area_sq_m":1286},{"geoid":"420035614001011","area_sq_m":762},{"geoid":"420035614001012","area_sq_m":907},{"geoid":"420035614004014","area_sq_m":559}]},{"strategy":"nearest-side-split","gap_area_sq_m":1263,"assigned_to":[{"geoid":"420035232004006","area_sq_m":413},{"geoid":"420035614001000","area_sq_m":850}]},{"strategy":"nearest-side-split","gap_area_sq_m":9446,"assigned_to":[{"geoid":"420035614001002","area_sq_m":7528},{"geoid":"420035614001000","area_sq_m":1905},{"geoid":"420035614001004","area_sq_m":13}]}]},"disconnected_part_split":{"split_feature_count":0,"generated_at":"2026-06-28T20:49:30.946Z","splits":[]}}}