{"type":"FeatureCollection","properties":{"generated_from":"assets/wilkinsburg_fluid_grid.geojson"},"features":[{"type":"Feature","properties":{"a":"FG0001","b":"FG0048"},"geometry":{"type":"LineString","coordinates":[[-79.88724299965408,40.43979700003046],[-79.88737023481164,40.43983885608487]]}},{"type":"Feature","properties":{"a":"FG0001","b":"FG0048"},"geometry":{"type":"LineString","coordinates":[[-79.88701500004844,40.43972199980218],[-79.88724299965408,40.43979700003046]]}},{"type":"Feature","properties":{"a":"FG0001","b":"FG0048"},"geometry":{"type":"LineString","coordinates":[[-79.88693100038286,40.43969400032449],[-79.88701500004844,40.43972199980218]]}},{"type":"Feature","properties":{"a":"FG0001","b":"FG0048"},"geometry":{"type":"LineString","coordinates":[[-79.88688199997905,40.4396900000075],[-79.88693100038286,40.43969400032449]]}},{"type":"Feature","properties":{"a":"FG0001","b":"FG0048"},"geometry":{"type":"LineString","coordinates":[[-79.88662599988601,40.43968800019073],[-79.88688199997905,40.4396900000075]]}},{"type":"Feature","properties":{"a":"FG0001","b":"FG0048"},"geometry":{"type":"LineString","coordinates":[[-79.88652799997672,40.43968800019073],[-79.88662599988601,40.43968800019073]]}},{"type":"Feature","properties":{"a":"FG0001","b":"FG0048"},"geometry":{"type":"LineString","coordinates":[[-79.88650100021255,40.43968699994051],[-79.88652799997672,40.43968800019073]]}},{"type":"Feature","properties":{"a":"FG0001","b":"FG0048"},"geometry":{"type":"LineString","coordinates":[[-79.8863930002575,40.43968699994051],[-79.88650100021255,40.43968699994051]]}},{"type":"Feature","properties":{"a":"FG0001","b":"FG0384"},"geometry":{"type":"LineString","coordinates":[[-79.8863930002575,40.43968699994051],[-79.88640599977799,40.43974200000798]]}},{"type":"Feature","properties":{"a":"FG0001","b":"FG0384"},"geometry":{"type":"LineString","coordinates":[[-79.88640599977799,40.43974200000798],[-79.88644500013605,40.439906999940376]]}},{"type":"Feature","properties":{"a":"FG0001","b":"FG0384"},"geometry":{"type":"LineString","coordinates":[[-79.88644500013605,40.439906999940376],[-79.88644892583595,40.439923911311816]]}},{"type":"Feature","properties":{"a":"FG0001","b":"FG0389"},"geometry":{"type":"LineString","coordinates":[[-79.88644892583595,40.439923911311816],[-79.88645799965651,40.43996300007403]]}},{"type":"Feature","properties":{"a":"FG0001","b":"FG0389"},"geometry":{"type":"LineString","coordinates":[[-79.88645799965651,40.43996300007403],[-79.88647600009818,40.440069999662484]]}},{"type":"Feature","properties":{"a":"FG0001","b":"FG0389"},"geometry":{"type":"LineString","coordinates":[[-79.88647600009818,40.440069999662484],[-79.88648000029615,40.44009400005794]]}},{"type":"Feature","properties":{"a":"FG0001","b":"FG0389"},"geometry":{"type":"LineString","coordinates":[[-79.88648000029615,40.44009400005794],[-79.88652999962655,40.4403940001763]]}},{"type":"Feature","properties":{"a":"FG0001","b":"FG0389"},"geometry":{"type":"LineString","coordinates":[[-79.88652999962655,40.4403940001763],[-79.8865480000682,40.44050200000056]]}},{"type":"Feature","properties":{"a":"FG0001","b":"FG0389"},"geometry":{"type":"LineString","coordinates":[[-79.8865480000682,40.44050200000056],[-79.88660800034268,40.44071799981228]]}},{"type":"Feature","properties":{"a":"FG0001","b":"FG0389"},"geometry":{"type":"LineString","coordinates":[[-79.88660800034268,40.44071799981228],[-79.88661599984027,40.44074600023083]]}},{"type":"Feature","properties":{"a":"FG0001","b":"FG0389"},"geometry":{"type":"LineString","coordinates":[[-79.88661599984027,40.44074600023083],[-79.88667762734873,40.44096922011207]]}},{"type":"Feature","properties":{"a":"FG0001","b":"FG0003"},"geometry":{"type":"LineString","coordinates":[[-79.88667762734873,40.44096922011207],[-79.88716287568252,40.4401772747604]]}},{"type":"Feature","properties":{"a":"FG0001","b":"FG0002"},"geometry":{"type":"LineString","coordinates":[[-79.88716287568252,40.4401772747604],[-79.88737023481164,40.43983885608487]]}},{"type":"Feature","properties":{"a":"FG0002","b":"FG0054"},"geometry":{"type":"LineString","coordinates":[[-79.88857900019575,40.44023800019979],[-79.88867143496412,40.4402688115376]]}},{"type":"Feature","properties":{"a":"FG0002","b":"FG0054"},"geometry":{"type":"LineString","coordinates":[[-79.88826399965316,40.44013299999863],[-79.88857900019575,40.44023800019979]]}},{"type":"Feature","properties":{"a":"FG0002","b":"FG0054"},"geometry":{"type":"LineString","coordinates":[[-79.88815900007118,40.44009899991133],[-79.88826399965316,40.44013299999863]]}},{"type":"Feature","properties":{"a":"FG0002","b":"FG0054"},"geometry":{"type":"LineString","coordinates":[[-79.88792999974234,40.44002299977475],[-79.88815900007118,40.44009899991133]]}},{"type":"Feature","properties":{"a":"FG0002","b":"FG0054"},"geometry":{"type":"LineString","coordinates":[[-79.88737023481164,40.43983885608487],[-79.88792999974234,40.44002299977475]]}},{"type":"Feature","properties":{"a":"FG0002","b":"FG0003"},"geometry":{"type":"LineString","coordinates":[[-79.88716287568252,40.4401772747604],[-79.88844806668322,40.44063335781104]]}},{"type":"Feature","properties":{"a":"FG0002","b":"FG0005"},"geometry":{"type":"LineString","coordinates":[[-79.88844806668322,40.44063335781104],[-79.88867143496412,40.4402688115376]]}},{"type":"Feature","properties":{"a":"FG0003","b":"FG0389"},"geometry":{"type":"LineString","coordinates":[[-79.88667762734873,40.44096922011208],[-79.88674698326741,40.44122043292789]]}},{"type":"Feature","properties":{"a":"FG0003","b":"FG0004"},"geometry":{"type":"LineString","coordinates":[[-79.88674698326741,40.44122043292789],[-79.8878487722774,40.44161143106946]]}},{"type":"Feature","properties":{"a":"FG0003","b":"FG0006"},"geometry":{"type":"LineString","coordinates":[[-79.8878487722774,40.44161143106946],[-79.88844806668322,40.44063335781104]]}},{"type":"Feature","properties":{"a":"FG0004","b":"FG0393"},"geometry":{"type":"LineString","coordinates":[[-79.88674698326741,40.44122043292789],[-79.88678800026773,40.44136899986118]]}},{"type":"Feature","properties":{"a":"FG0004","b":"FG0393"},"geometry":{"type":"LineString","coordinates":[[-79.88678800026773,40.44136899986118],[-79.88684799964386,40.44158700006586]]}},{"type":"Feature","properties":{"a":"FG0004","b":"FG0393"},"geometry":{"type":"LineString","coordinates":[[-79.88684799964386,40.44158700006586],[-79.88690200007053,40.44178499997158]]}},{"type":"Feature","properties":{"a":"FG0004","b":"FG0393"},"geometry":{"type":"LineString","coordinates":[[-79.88690200007053,40.44178499997158],[-79.88706699992699,40.44237999981806]]}},{"type":"Feature","properties":{"a":"FG0004","b":"FG0393"},"geometry":{"type":"LineString","coordinates":[[-79.88706699992699,40.44237999981806],[-79.88711135612225,40.44254048827598]]}},{"type":"Feature","properties":{"a":"FG0004","b":"FG0008"},"geometry":{"type":"LineString","coordinates":[[-79.88711135612225,40.44254048827598],[-79.88724947787158,40.442589504327884]]}},{"type":"Feature","properties":{"a":"FG0004","b":"FG0007"},"geometry":{"type":"LineString","coordinates":[[-79.88724947787158,40.442589504327884],[-79.8878487722774,40.44161143106946]]}},{"type":"Feature","properties":{"a":"FG0005","b":"FG0061"},"geometry":{"type":"LineString","coordinates":[[-79.8898920002729,40.44067300016511],[-79.88997210921436,40.44069962528462]]}},{"type":"Feature","properties":{"a":"FG0005","b":"FG0061"},"geometry":{"type":"LineString","coordinates":[[-79.88954999996614,40.44056000011314],[-79.8898920002729,40.44067300016511]]}},{"type":"Feature","properties":{"a":"FG0005","b":"FG0061"},"geometry":{"type":"LineString","coordinates":[[-79.88937599988887,40.44050200000056],[-79.88954999996614,40.44056000011314]]}},{"type":"Feature","properties":{"a":"FG0005","b":"FG0061"},"geometry":{"type":"LineString","coordinates":[[-79.88885700003011,40.440329999844046],[-79.88937599988887,40.44050200000056]]}},{"type":"Feature","properties":{"a":"FG0005","b":"FG0061"},"geometry":{"type":"LineString","coordinates":[[-79.88868399977774,40.4402729997746],[-79.88885700003011,40.440329999844046]]}},{"type":"Feature","properties":{"a":"FG0005","b":"FG0061"},"geometry":{"type":"LineString","coordinates":[[-79.88867143496412,40.4402688115376],[-79.88868399977774,40.4402729997746]]}},{"type":"Feature","properties":{"a":"FG0005","b":"FG0006"},"geometry":{"type":"LineString","coordinates":[[-79.88844806668322,40.44063335781104],[-79.88973325768394,40.441089440861674]]}},{"type":"Feature","properties":{"a":"FG0005","b":"FG0009"},"geometry":{"type":"LineString","coordinates":[[-79.88973325768394,40.441089440861674],[-79.88997210921436,40.44069962528462]]}},{"type":"Feature","properties":{"a":"FG0006","b":"FG0007"},"geometry":{"type":"LineString","coordinates":[[-79.8878487722774,40.44161143106946],[-79.88913396327811,40.4420675141201]]}},{"type":"Feature","properties":{"a":"FG0006","b":"FG0010"},"geometry":{"type":"LineString","coordinates":[[-79.88913396327811,40.4420675141201],[-79.88973325768394,40.441089440861674]]}},{"type":"Feature","properties":{"a":"FG0007","b":"FG0008"},"geometry":{"type":"LineString","coordinates":[[-79.88724947787158,40.442589504327884],[-79.8885346688723,40.44304558737851]]}},{"type":"Feature","properties":{"a":"FG0007","b":"FG0011"},"geometry":{"type":"LineString","coordinates":[[-79.8885346688723,40.44304558737851],[-79.88913396327811,40.4420675141201]]}},{"type":"Feature","properties":{"a":"FG0008","b":"FG0394"},"geometry":{"type":"LineString","coordinates":[[-79.88711135612225,40.44254048827598],[-79.88712200017856,40.44257900032993]]}},{"type":"Feature","properties":{"a":"FG0008","b":"FG0394"},"geometry":{"type":"LineString","coordinates":[[-79.88712200017856,40.44257900032993],[-79.88716320074764,40.44273031216276]]}},{"type":"Feature","properties":{"a":"FG0008","b":"FG0396"},"geometry":{"type":"LineString","coordinates":[[-79.88716320074764,40.44273031216276],[-79.88723500015647,40.44299400027166]]}},{"type":"Feature","properties":{"a":"FG0008","b":"FG0396"},"geometry":{"type":"LineString","coordinates":[[-79.88723500015647,40.44299400027166],[-79.88746981299289,40.44385844418506]]}},{"type":"Feature","properties":{"a":"FG0008","b":"FG0013"},"geometry":{"type":"LineString","coordinates":[[-79.88746981299289,40.44385844418506],[-79.88793537446647,40.444023660636944]]}},{"type":"Feature","properties":{"a":"FG0008","b":"FG0012"},"geometry":{"type":"LineString","coordinates":[[-79.88793537446647,40.444023660636944],[-79.8885346688723,40.44304558737851]]}},{"type":"Feature","properties":{"a":"FG0009","b":"FG0069"},"geometry":{"type":"LineString","coordinates":[[-79.89126200025146,40.44113800008023],[-79.89126704292418,40.441139807830986]]}},{"type":"Feature","properties":{"a":"FG0009","b":"FG0069"},"geometry":{"type":"LineString","coordinates":[[-79.89092099976962,40.44101499987302],[-79.89126200025146,40.44113800008023]]}},{"type":"Feature","properties":{"a":"FG0009","b":"FG0069"},"geometry":{"type":"LineString","coordinates":[[-79.88997210921436,40.44069962528462],[-79.89092099976962,40.44101499987302]]}},{"type":"Feature","properties":{"a":"FG0009","b":"FG0010"},"geometry":{"type":"LineString","coordinates":[[-79.88973325768394,40.441089440861674],[-79.89101844868463,40.44154552391232]]}},{"type":"Feature","properties":{"a":"FG0009","b":"FG0016"},"geometry":{"type":"LineString","coordinates":[[-79.89101844868463,40.44154552391232],[-79.89126704292418,40.441139807830986]]}},{"type":"Feature","properties":{"a":"FG0010","b":"FG0011"},"geometry":{"type":"LineString","coordinates":[[-79.88913396327811,40.4420675141201],[-79.89041915427882,40.442523597170734]]}},{"type":"Feature","properties":{"a":"FG0010","b":"FG0017"},"geometry":{"type":"LineString","coordinates":[[-79.89041915427882,40.442523597170734],[-79.89101844868463,40.44154552391232]]}},{"type":"Feature","properties":{"a":"FG0011","b":"FG0012"},"geometry":{"type":"LineString","coordinates":[[-79.8885346688723,40.44304558737851],[-79.889819859873,40.44350167042916]]}},{"type":"Feature","properties":{"a":"FG0011","b":"FG0018"},"geometry":{"type":"LineString","coordinates":[[-79.889819859873,40.44350167042916],[-79.89041915427882,40.442523597170734]]}},{"type":"Feature","properties":{"a":"FG0012","b":"FG0013"},"geometry":{"type":"LineString","coordinates":[[-79.88793537446647,40.444023660636944],[-79.88922056546718,40.44447974368758]]}},{"type":"Feature","properties":{"a":"FG0012","b":"FG0019"},"geometry":{"type":"LineString","coordinates":[[-79.88922056546718,40.44447974368758],[-79.889819859873,40.44350167042916]]}},{"type":"Feature","properties":{"a":"FG0013","b":"FG0397"},"geometry":{"type":"LineString","coordinates":[[-79.88746981299289,40.44385844418506],[-79.88757400009018,40.44424200031208]]}},{"type":"Feature","properties":{"a":"FG0013","b":"FG0397"},"geometry":{"type":"LineString","coordinates":[[-79.88757400009018,40.44424200031208],[-79.88764433272043,40.44449865280459]]}},{"type":"Feature","properties":{"a":"FG0013","b":"FG0397"},"geometry":{"type":"LineString","coordinates":[[-79.88764433272043,40.44449865280459],[-79.887687999893,40.44465799973419]]}},{"type":"Feature","properties":{"a":"FG0013","b":"FG0397"},"geometry":{"type":"LineString","coordinates":[[-79.8876390003875,40.4446420003299],[-79.887687999893,40.44465799973419]]}},{"type":"Feature","properties":{"a":"FG0013","b":"FG0397"},"geometry":{"type":"LineString","coordinates":[[-79.88757599974,40.44461800019086],[-79.8876390003875,40.4446420003299]]}},{"type":"Feature","properties":{"a":"FG0013","b":"FG0397"},"geometry":{"type":"LineString","coordinates":[[-79.8875720821298,40.44461656875694],[-79.88757599974,40.44461800019086]]}},{"type":"Feature","properties":{"a":"FG0013","b":"FG0397"},"geometry":{"type":"LineString","coordinates":[[-79.88747199998294,40.44458000029498],[-79.8875720821298,40.44461656875694]]}},{"type":"Feature","properties":{"a":"FG0013","b":"FG0397"},"geometry":{"type":"LineString","coordinates":[[-79.8873509996091,40.444534999814884],[-79.88747199998294,40.44458000029498]]}},{"type":"Feature","properties":{"a":"FG0013","b":"FG0397"},"geometry":{"type":"LineString","coordinates":[[-79.88724000017933,40.44449900022946],[-79.8873509996091,40.444534999814884]]}},{"type":"Feature","properties":{"a":"FG0013","b":"FG0397"},"geometry":{"type":"LineString","coordinates":[[-79.88712800002634,40.44446400012025],[-79.88724000017933,40.44449900022946]]}},{"type":"Feature","properties":{"a":"FG0013","b":"FG0460"},"geometry":{"type":"LineString","coordinates":[[-79.88712800002634,40.44446400012025],[-79.8871819995547,40.44461100031958]]}},{"type":"Feature","properties":{"a":"FG0013","b":"FG0460"},"geometry":{"type":"LineString","coordinates":[[-79.88717599970693,40.444645999668595],[-79.8871819995547,40.44461100031958]]}},{"type":"Feature","properties":{"a":"FG0013","b":"FG0460"},"geometry":{"type":"LineString","coordinates":[[-79.88715800016358,40.44475700002261],[-79.88717599970693,40.444645999668595]]}},{"type":"Feature","properties":{"a":"FG0013","b":"FG0460"},"geometry":{"type":"LineString","coordinates":[[-79.88713399987414,40.4448109998699],[-79.88715800016358,40.44475700002261]]}},{"type":"Feature","properties":{"a":"FG0013","b":"FG0460"},"geometry":{"type":"LineString","coordinates":[[-79.88707842839382,40.44491029958082],[-79.88713399987414,40.4448109998699]]}},{"type":"Feature","properties":{"a":"FG0013","b":"FG0014"},"geometry":{"type":"LineString","coordinates":[[-79.88707842839382,40.44491029958082],[-79.88733608006065,40.44500173389536]]}},{"type":"Feature","properties":{"a":"FG0013","b":"FG0014"},"geometry":{"type":"LineString","coordinates":[[-79.88733608006065,40.44500173389536],[-79.88862127106137,40.445457816946]]}},{"type":"Feature","properties":{"a":"FG0013","b":"FG0020"},"geometry":{"type":"LineString","coordinates":[[-79.88862127106137,40.445457816946],[-79.88922056546718,40.44447974368758]]}},{"type":"Feature","properties":{"a":"FG0014","b":"FG0461"},"geometry":{"type":"LineString","coordinates":[[-79.88695099957602,40.44513799991737],[-79.88707842839382,40.44491029958082]]}},{"type":"Feature","properties":{"a":"FG0014","b":"FG0461"},"geometry":{"type":"LineString","coordinates":[[-79.88693399985758,40.4451649996934],[-79.88695099957602,40.44513799991737]]}},{"type":"Feature","properties":{"a":"FG0014","b":"FG0461"},"geometry":{"type":"LineString","coordinates":[[-79.88683699977322,40.44533100015427],[-79.88693399985758,40.4451649996934]]}},{"type":"Feature","properties":{"a":"FG0014","b":"FG0461"},"geometry":{"type":"LineString","coordinates":[[-79.8867449997117,40.44548900026152],[-79.88683699977322,40.44533100015427]]}},{"type":"Feature","properties":{"a":"FG0014","b":"FG0461"},"geometry":{"type":"LineString","coordinates":[[-79.88650931070349,40.44589908182214],[-79.8867449997117,40.44548900026152]]}},{"type":"Feature","properties":{"a":"FG0014","b":"FG0015"},"geometry":{"type":"LineString","coordinates":[[-79.88650931070349,40.44589908182214],[-79.88673678565483,40.44597980715378]]}},{"type":"Feature","properties":{"a":"FG0014","b":"FG0015"},"geometry":{"type":"LineString","coordinates":[[-79.88673678565483,40.44597980715378],[-79.88802197665552,40.44643589020442]]}},{"type":"Feature","properties":{"a":"FG0014","b":"FG0021"},"geometry":{"type":"LineString","coordinates":[[-79.88802197665552,40.44643589020442],[-79.88862127106137,40.445457816946]]}},{"type":"Feature","properties":{"a":"FG0015","b":"FG0462"},"geometry":{"type":"LineString","coordinates":[[-79.88647199990022,40.44596399987899],[-79.88650931070349,40.44589908182214]]}},{"type":"Feature","properties":{"a":"FG0015","b":"FG0462"},"geometry":{"type":"LineString","coordinates":[[-79.88638099966363,40.44612300001999],[-79.88647199990022,40.44596399987899]]}},{"type":"Feature","properties":{"a":"FG0015","b":"FG0462"},"geometry":{"type":"LineString","coordinates":[[-79.88633499963288,40.446200999719515],[-79.88638099966363,40.44612300001999]]}},{"type":"Feature","properties":{"a":"FG0015","b":"FG0462"},"geometry":{"type":"LineString","coordinates":[[-79.88619900008877,40.446436999941795],[-79.88633499963288,40.446200999719515]]}},{"type":"Feature","properties":{"a":"FG0015","b":"FG0462"},"geometry":{"type":"LineString","coordinates":[[-79.88615499970783,40.44651600010912],[-79.88619900008877,40.446436999941795]]}},{"type":"Feature","properties":{"a":"FG0015","b":"FG0462"},"geometry":{"type":"LineString","coordinates":[[-79.8861100004003,40.4465940000362],[-79.88615499970783,40.44651600010912]]}},{"type":"Feature","properties":{"a":"FG0015","b":"FG0462"},"geometry":{"type":"LineString","coordinates":[[-79.88597399995786,40.44682799995782],[-79.8861100004003,40.4465940000362]]}},{"type":"Feature","properties":{"a":"FG0015","b":"FG0462"},"geometry":{"type":"LineString","coordinates":[[-79.88594058085381,40.446888001698696],[-79.88597399995786,40.44682799995782]]}},{"type":"Feature","properties":{"a":"FG0015","b":"FG0463"},"geometry":{"type":"LineString","coordinates":[[-79.88592999957693,40.44690699966562],[-79.88594058085381,40.446888001698696]]}},{"type":"Feature","properties":{"a":"FG0015","b":null},"geometry":{"type":"LineString","coordinates":[[-79.88592999957693,40.44690699966562],[-79.88612677838603,40.446975364247685]]}},{"type":"Feature","properties":{"a":"FG0015","b":null},"geometry":{"type":"LineString","coordinates":[[-79.88612677838603,40.446975364247685],[-79.88614300001224,40.44698099993936]]}},{"type":"Feature","properties":{"a":"FG0015","b":"FG0467"},"geometry":{"type":"LineString","coordinates":[[-79.88614300001224,40.44698099993936],[-79.8862626028646,40.4470203629681]]}},{"type":"Feature","properties":{"a":"FG0015","b":null},"geometry":{"type":"LineString","coordinates":[[-79.8862626028646,40.4470203629681],[-79.88638,40.447059]]}},{"type":"Feature","properties":{"a":"FG0015","b":null},"geometry":{"type":"LineString","coordinates":[[-79.88638,40.447059],[-79.88705585901054,40.4472837868106]]}},{"type":"Feature","properties":{"a":"FG0015","b":null},"geometry":{"type":"LineString","coordinates":[[-79.88705585901054,40.4472837868106],[-79.88742684249074,40.44740717377741]]}},{"type":"Feature","properties":{"a":"FG0015","b":"FG0022"},"geometry":{"type":"LineString","coordinates":[[-79.88742684249074,40.44740717377741],[-79.88802197665552,40.44643589020442]]}},{"type":"Feature","properties":{"a":"FG0016","b":"FG0076"},"geometry":{"type":"LineString","coordinates":[[-79.89257500032862,40.44124400030614],[-79.89276864674059,40.4412426962151]]}},{"type":"Feature","properties":{"a":"FG0016","b":"FG0076"},"geometry":{"type":"LineString","coordinates":[[-79.89254299964325,40.441244999849545],[-79.89257500032862,40.44124400030614]]}},{"type":"Feature","properties":{"a":"FG0016","b":"FG0076"},"geometry":{"type":"LineString","coordinates":[[-79.8923769999619,40.44125200007134],[-79.89254299964325,40.441244999849545]]}},{"type":"Feature","properties":{"a":"FG0016","b":"FG0076"},"geometry":{"type":"LineString","coordinates":[[-79.892263999984,40.44125600029537],[-79.8923769999619,40.44125200007134]]}},{"type":"Feature","properties":{"a":"FG0016","b":"FG0076"},"geometry":{"type":"LineString","coordinates":[[-79.89221299993038,40.4412580000655],[-79.892263999984,40.44125600029537]]}},{"type":"Feature","properties":{"a":"FG0016","b":"FG0076"},"geometry":{"type":"LineString","coordinates":[[-79.89192800042332,40.44124199985195],[-79.89221299993038,40.4412580000655]]}},{"type":"Feature","properties":{"a":"FG0016","b":"FG0076"},"geometry":{"type":"LineString","coordinates":[[-79.89181600027032,40.44123700008356],[-79.89192800042332,40.44124199985195]]}},{"type":"Feature","properties":{"a":"FG0016","b":"FG0076"},"geometry":{"type":"LineString","coordinates":[[-79.89170199956922,40.441229999860205],[-79.89181600027032,40.44123700008356]]}},{"type":"Feature","properties":{"a":"FG0016","b":"FG0076"},"geometry":{"type":"LineString","coordinates":[[-79.89155500015443,40.441223000319816],[-79.89170199956922,40.441229999860205]]}},{"type":"Feature","properties":{"a":"FG0016","b":"FG0076"},"geometry":{"type":"LineString","coordinates":[[-79.89150199955266,40.44121600009501],[-79.89155500015443,40.441223000319816]]}},{"type":"Feature","properties":{"a":"FG0016","b":"FG0076"},"geometry":{"type":"LineString","coordinates":[[-79.89143700015364,40.4412010000992],[-79.89150199955266,40.44121600009501]]}},{"type":"Feature","properties":{"a":"FG0016","b":"FG0076"},"geometry":{"type":"LineString","coordinates":[[-79.89136799965836,40.44117599987084],[-79.89143700015364,40.4412010000992]]}},{"type":"Feature","properties":{"a":"FG0016","b":"FG0076"},"geometry":{"type":"LineString","coordinates":[[-79.89126704292418,40.441139807830986],[-79.89136799965836,40.44117599987084]]}},{"type":"Feature","properties":{"a":"FG0016","b":"FG0017"},"geometry":{"type":"LineString","coordinates":[[-79.89101844868463,40.44154552391232],[-79.89230363968535,40.44200160696295]]}},{"type":"Feature","properties":{"a":"FG0016","b":"FG0023"},"geometry":{"type":"LineString","coordinates":[[-79.89230363968535,40.44200160696295],[-79.89276864674059,40.4412426962151]]}},{"type":"Feature","properties":{"a":"FG0017","b":"FG0018"},"geometry":{"type":"LineString","coordinates":[[-79.89041915427882,40.442523597170734],[-79.89170434527952,40.44297968022137]]}},{"type":"Feature","properties":{"a":"FG0017","b":"FG0024"},"geometry":{"type":"LineString","coordinates":[[-79.89170434527952,40.44297968022137],[-79.89230363968535,40.44200160696295]]}},{"type":"Feature","properties":{"a":"FG0018","b":"FG0019"},"geometry":{"type":"LineString","coordinates":[[-79.889819859873,40.44350167042916],[-79.8911050508737,40.44395775347979]]}},{"type":"Feature","properties":{"a":"FG0018","b":"FG0025"},"geometry":{"type":"LineString","coordinates":[[-79.8911050508737,40.44395775347979],[-79.89170434527952,40.44297968022137]]}},{"type":"Feature","properties":{"a":"FG0019","b":"FG0020"},"geometry":{"type":"LineString","coordinates":[[-79.88922056546718,40.44447974368758],[-79.89050575646787,40.44493582673821]]}},{"type":"Feature","properties":{"a":"FG0019","b":"FG0026"},"geometry":{"type":"LineString","coordinates":[[-79.89050575646787,40.44493582673821],[-79.8911050508737,40.44395775347979]]}},{"type":"Feature","properties":{"a":"FG0020","b":"FG0021"},"geometry":{"type":"LineString","coordinates":[[-79.88862127106137,40.445457816946],[-79.88990646206206,40.44591389999663]]}},{"type":"Feature","properties":{"a":"FG0020","b":"FG0027"},"geometry":{"type":"LineString","coordinates":[[-79.88990646206206,40.44591389999663],[-79.89050575646787,40.44493582673821]]}},{"type":"Feature","properties":{"a":"FG0021","b":"FG0022"},"geometry":{"type":"LineString","coordinates":[[-79.88802197665552,40.44643589020442],[-79.88930716765624,40.446891973255056]]}},{"type":"Feature","properties":{"a":"FG0021","b":"FG0028"},"geometry":{"type":"LineString","coordinates":[[-79.88930716765624,40.446891973255056],[-79.88990646206206,40.44591389999663]]}},{"type":"Feature","properties":{"a":"FG0022","b":null},"geometry":{"type":"LineString","coordinates":[[-79.88742684249074,40.44740717377741],[-79.887733,40.447509]]}},{"type":"Feature","properties":{"a":"FG0022","b":null},"geometry":{"type":"LineString","coordinates":[[-79.887733,40.447509],[-79.888184,40.447659]]}},{"type":"Feature","properties":{"a":"FG0022","b":null},"geometry":{"type":"LineString","coordinates":[[-79.888184,40.447659],[-79.888315,40.44766]]}},{"type":"Feature","properties":{"a":"FG0022","b":null},"geometry":{"type":"LineString","coordinates":[[-79.888315,40.44766],[-79.888329,40.447661]]}},{"type":"Feature","properties":{"a":"FG0022","b":null},"geometry":{"type":"LineString","coordinates":[[-79.888329,40.447661],[-79.888384,40.447702]]}},{"type":"Feature","properties":{"a":"FG0022","b":null},"geometry":{"type":"LineString","coordinates":[[-79.888384,40.447702],[-79.88853771839982,40.44780966269248]]}},{"type":"Feature","properties":{"a":"FG0022","b":null},"geometry":{"type":"LineString","coordinates":[[-79.88853771839982,40.44780966269248],[-79.888641,40.447882]]}},{"type":"Feature","properties":{"a":"FG0022","b":null},"geometry":{"type":"LineString","coordinates":[[-79.888641,40.447882],[-79.8886826083183,40.44791127992769]]}},{"type":"Feature","properties":{"a":"FG0022","b":"FG0030"},"geometry":{"type":"LineString","coordinates":[[-79.8886826083183,40.44791127992769],[-79.88870787325041,40.44787004651348]]}},{"type":"Feature","properties":{"a":"FG0022","b":"FG0029"},"geometry":{"type":"LineString","coordinates":[[-79.88870787325041,40.44787004651348],[-79.88930716765624,40.446891973255056]]}},{"type":"Feature","properties":{"a":"FG0023","b":"FG0079"},"geometry":{"type":"LineString","coordinates":[[-79.894271999647,40.44123700008356],[-79.8943629998836,40.44117500032641]]}},{"type":"Feature","properties":{"a":"FG0023","b":"FG0079"},"geometry":{"type":"LineString","coordinates":[[-79.8941789997606,40.44123700008356],[-79.894271999647,40.44123700008356]]}},{"type":"Feature","properties":{"a":"FG0023","b":"FG0079"},"geometry":{"type":"LineString","coordinates":[[-79.89357000038845,40.44123800031071],[-79.8941789997606,40.44123700008356]]}},{"type":"Feature","properties":{"a":"FG0023","b":"FG0079"},"geometry":{"type":"LineString","coordinates":[[-79.89350813954718,40.44123830641185],[-79.89357000038845,40.44123800031071]]}},{"type":"Feature","properties":{"a":"FG0023","b":"FG0079"},"geometry":{"type":"LineString","coordinates":[[-79.89336799982378,40.441238999854214],[-79.89350813954718,40.44123830641185]]}},{"type":"Feature","properties":{"a":"FG0023","b":"FG0079"},"geometry":{"type":"LineString","coordinates":[[-79.89316899963215,40.441240000081386],[-79.89336799982378,40.441238999854214]]}},{"type":"Feature","properties":{"a":"FG0023","b":"FG0079"},"geometry":{"type":"LineString","coordinates":[[-79.89276864674059,40.4412426962151],[-79.89316899963215,40.441240000081386]]}},{"type":"Feature","properties":{"a":"FG0023","b":"FG0024"},"geometry":{"type":"LineString","coordinates":[[-79.89230363968535,40.44200160696295],[-79.89358883068604,40.44245769001359]]}},{"type":"Feature","properties":{"a":"FG0023","b":"FG0031"},"geometry":{"type":"LineString","coordinates":[[-79.89358883068604,40.44245769001359],[-79.89394596814657,40.442584429418396]]}},{"type":"Feature","properties":{"a":"FG0023","b":null},"geometry":{"type":"LineString","coordinates":[[-79.89394596814657,40.442584429418396],[-79.894009,40.442374]]}},{"type":"Feature","properties":{"a":"FG0023","b":null},"geometry":{"type":"LineString","coordinates":[[-79.894009,40.442374],[-79.894032,40.442302]]}},{"type":"Feature","properties":{"a":"FG0023","b":null},"geometry":{"type":"LineString","coordinates":[[-79.894032,40.442302],[-79.894054,40.442226]]}},{"type":"Feature","properties":{"a":"FG0023","b":null},"geometry":{"type":"LineString","coordinates":[[-79.894054,40.442226],[-79.894114,40.44203]]}},{"type":"Feature","properties":{"a":"FG0023","b":null},"geometry":{"type":"LineString","coordinates":[[-79.894114,40.44203],[-79.894119,40.441997]]}},{"type":"Feature","properties":{"a":"FG0023","b":null},"geometry":{"type":"LineString","coordinates":[[-79.894119,40.441997],[-79.894134,40.441919]]}},{"type":"Feature","properties":{"a":"FG0023","b":null},"geometry":{"type":"LineString","coordinates":[[-79.894134,40.441919],[-79.894158,40.441847]]}},{"type":"Feature","properties":{"a":"FG0023","b":null},"geometry":{"type":"LineString","coordinates":[[-79.894158,40.441847],[-79.89423061872697,40.44163979456574]]}},{"type":"Feature","properties":{"a":"FG0023","b":null},"geometry":{"type":"LineString","coordinates":[[-79.89423061872697,40.44163979456574],[-79.89423099963912,40.44163799974514]]}},{"type":"Feature","properties":{"a":"FG0023","b":null},"geometry":{"type":"LineString","coordinates":[[-79.89423099963912,40.44163799974514],[-79.89424192828601,40.4416101832691]]}},{"type":"Feature","properties":{"a":"FG0023","b":null},"geometry":{"type":"LineString","coordinates":[[-79.89424192828601,40.4416101832691],[-79.894242,40.44161]]}},{"type":"Feature","properties":{"a":"FG0023","b":null},"geometry":{"type":"LineString","coordinates":[[-79.894242,40.44161],[-79.89424834908502,40.44158968292797]]}},{"type":"Feature","properties":{"a":"FG0023","b":null},"geometry":{"type":"LineString","coordinates":[[-79.89424834908502,40.44158968292797],[-79.8942569995784,40.44156199998105]]}},{"type":"Feature","properties":{"a":"FG0023","b":null},"geometry":{"type":"LineString","coordinates":[[-79.8942569995784,40.44156199998105],[-79.89427185541668,40.44150933061245]]}},{"type":"Feature","properties":{"a":"FG0023","b":null},"geometry":{"type":"LineString","coordinates":[[-79.89427185541668,40.44150933061245],[-79.89427389758654,40.44150209037496]]}},{"type":"Feature","properties":{"a":"FG0023","b":null},"geometry":{"type":"LineString","coordinates":[[-79.89427389758654,40.44150209037496],[-79.894279,40.441484]]}},{"type":"Feature","properties":{"a":"FG0023","b":null},"geometry":{"type":"LineString","coordinates":[[-79.894279,40.441484],[-79.894336,40.44129]]}},{"type":"Feature","properties":{"a":"FG0023","b":null},"geometry":{"type":"LineString","coordinates":[[-79.894336,40.44129],[-79.89433753544598,40.4412828985623]]}},{"type":"Feature","properties":{"a":"FG0023","b":null},"geometry":{"type":"LineString","coordinates":[[-79.89433753544598,40.4412828985623],[-79.89434399961702,40.44125300029827]]}},{"type":"Feature","properties":{"a":"FG0023","b":null},"geometry":{"type":"LineString","coordinates":[[-79.89434399961702,40.44125300029827],[-79.8943552310719,40.44120689288391]]}},{"type":"Feature","properties":{"a":"FG0023","b":"FG0079"},"geometry":{"type":"LineString","coordinates":[[-79.8943552310719,40.44120689288391],[-79.8943629998836,40.44117500032641]]}},{"type":"Feature","properties":{"a":"FG0024","b":"FG0025"},"geometry":{"type":"LineString","coordinates":[[-79.89170434527952,40.44297968022137],[-79.89298953628023,40.443435763272014]]}},{"type":"Feature","properties":{"a":"FG0024","b":"FG0031"},"geometry":{"type":"LineString","coordinates":[[-79.89298953628023,40.443435763272014],[-79.89358883068604,40.44245769001359]]}},{"type":"Feature","properties":{"a":"FG0025","b":"FG0026"},"geometry":{"type":"LineString","coordinates":[[-79.8911050508737,40.44395775347979],[-79.89239024187441,40.44441383653044]]}},{"type":"Feature","properties":{"a":"FG0025","b":"FG0032"},"geometry":{"type":"LineString","coordinates":[[-79.89239024187441,40.44441383653044],[-79.89298953628023,40.443435763272014]]}},{"type":"Feature","properties":{"a":"FG0026","b":"FG0027"},"geometry":{"type":"LineString","coordinates":[[-79.89050575646787,40.44493582673821],[-79.89179094746858,40.44539190978885]]}},{"type":"Feature","properties":{"a":"FG0026","b":"FG0033"},"geometry":{"type":"LineString","coordinates":[[-79.89179094746858,40.44539190978885],[-79.89239024187441,40.44441383653044]]}},{"type":"Feature","properties":{"a":"FG0027","b":"FG0028"},"geometry":{"type":"LineString","coordinates":[[-79.88990646206206,40.44591389999663],[-79.89119165306276,40.446369983047276]]}},{"type":"Feature","properties":{"a":"FG0027","b":"FG0034"},"geometry":{"type":"LineString","coordinates":[[-79.89119165306276,40.446369983047276],[-79.89179094746858,40.44539190978885]]}},{"type":"Feature","properties":{"a":"FG0028","b":"FG0029"},"geometry":{"type":"LineString","coordinates":[[-79.88930716765624,40.446891973255056],[-79.89059235865695,40.4473480563057]]}},{"type":"Feature","properties":{"a":"FG0028","b":"FG0035"},"geometry":{"type":"LineString","coordinates":[[-79.89059235865695,40.4473480563057],[-79.89119165306276,40.446369983047276]]}},{"type":"Feature","properties":{"a":"FG0029","b":"FG0030"},"geometry":{"type":"LineString","coordinates":[[-79.88870787325041,40.44787004651348],[-79.88999306425113,40.44832612956412]]}},{"type":"Feature","properties":{"a":"FG0029","b":"FG0036"},"geometry":{"type":"LineString","coordinates":[[-79.88999306425113,40.44832612956412],[-79.89059235865695,40.4473480563057]]}},{"type":"Feature","properties":{"a":"FG0030","b":null},"geometry":{"type":"LineString","coordinates":[[-79.8886826083183,40.44791127992769],[-79.888749,40.447958]]}},{"type":"Feature","properties":{"a":"FG0030","b":null},"geometry":{"type":"LineString","coordinates":[[-79.888749,40.447958],[-79.889069,40.448337]]}},{"type":"Feature","properties":{"a":"FG0030","b":null},"geometry":{"type":"LineString","coordinates":[[-79.889069,40.448337],[-79.88924082258256,40.44853995163818]]}},{"type":"Feature","properties":{"a":"FG0030","b":"FG0467"},"geometry":{"type":"LineString","coordinates":[[-79.88924082258256,40.44853995163818],[-79.88924199999457,40.4485409998836]]}},{"type":"Feature","properties":{"a":"FG0030","b":null},"geometry":{"type":"LineString","coordinates":[[-79.88924199999457,40.4485409998836],[-79.8896430633219,40.44889734555743]]}},{"type":"Feature","properties":{"a":"FG0030","b":"FG0037"},"geometry":{"type":"LineString","coordinates":[[-79.8896430633219,40.44889734555743],[-79.88999306425113,40.44832612956412]]}},{"type":"Feature","properties":{"a":"FG0031","b":"FG0032"},"geometry":{"type":"LineString","coordinates":[[-79.89298953628023,40.443435763272014],[-79.89362416718788,40.44366097835696]]}},{"type":"Feature","properties":{"a":"FG0031","b":null},"geometry":{"type":"LineString","coordinates":[[-79.89362416718788,40.44366097835696],[-79.893678,40.443481]]}},{"type":"Feature","properties":{"a":"FG0031","b":null},"geometry":{"type":"LineString","coordinates":[[-79.893678,40.443481],[-79.893701,40.443407]]}},{"type":"Feature","properties":{"a":"FG0031","b":null},"geometry":{"type":"LineString","coordinates":[[-79.893701,40.443407],[-79.893724,40.443333]]}},{"type":"Feature","properties":{"a":"FG0031","b":null},"geometry":{"type":"LineString","coordinates":[[-79.893724,40.443333],[-79.893795,40.443111]]}},{"type":"Feature","properties":{"a":"FG0031","b":null},"geometry":{"type":"LineString","coordinates":[[-79.893795,40.443111],[-79.893819,40.443038]]}},{"type":"Feature","properties":{"a":"FG0031","b":null},"geometry":{"type":"LineString","coordinates":[[-79.893819,40.443038],[-79.893839,40.442963]]}},{"type":"Feature","properties":{"a":"FG0031","b":null},"geometry":{"type":"LineString","coordinates":[[-79.893839,40.442963],[-79.893902,40.442738]]}},{"type":"Feature","properties":{"a":"FG0031","b":null},"geometry":{"type":"LineString","coordinates":[[-79.893902,40.442738],[-79.893923,40.442664]]}},{"type":"Feature","properties":{"a":"FG0031","b":null},"geometry":{"type":"LineString","coordinates":[[-79.893923,40.442664],[-79.893944,40.442591]]}},{"type":"Feature","properties":{"a":"FG0031","b":null},"geometry":{"type":"LineString","coordinates":[[-79.893944,40.442591],[-79.89394596814657,40.442584429418396]]}},{"type":"Feature","properties":{"a":"FG0032","b":"FG0033"},"geometry":{"type":"LineString","coordinates":[[-79.89239024187441,40.44441383653044],[-79.89339764922717,40.44477134091572]]}},{"type":"Feature","properties":{"a":"FG0032","b":null},"geometry":{"type":"LineString","coordinates":[[-79.89339764922717,40.44477134091572],[-79.893402,40.444741]]}},{"type":"Feature","properties":{"a":"FG0032","b":null},"geometry":{"type":"LineString","coordinates":[[-79.893402,40.444741],[-79.893428,40.444565]]}},{"type":"Feature","properties":{"a":"FG0032","b":null},"geometry":{"type":"LineString","coordinates":[[-79.893428,40.444565],[-79.89346,40.444407]]}},{"type":"Feature","properties":{"a":"FG0032","b":null},"geometry":{"type":"LineString","coordinates":[[-79.89346,40.444407],[-79.893556,40.443936]]}},{"type":"Feature","properties":{"a":"FG0032","b":null},"geometry":{"type":"LineString","coordinates":[[-79.893556,40.443936],[-79.893589,40.44378]]}},{"type":"Feature","properties":{"a":"FG0032","b":null},"geometry":{"type":"LineString","coordinates":[[-79.893589,40.44378],[-79.893611,40.443705]]}},{"type":"Feature","properties":{"a":"FG0032","b":null},"geometry":{"type":"LineString","coordinates":[[-79.893611,40.443705],[-79.89362416718788,40.44366097835696]]}},{"type":"Feature","properties":{"a":"FG0033","b":"FG0034"},"geometry":{"type":"LineString","coordinates":[[-79.89179094746858,40.44539190978885],[-79.8930761384693,40.4458479928395]]}},{"type":"Feature","properties":{"a":"FG0033","b":"FG0038"},"geometry":{"type":"LineString","coordinates":[[-79.8930761384693,40.4458479928395],[-79.8932056195606,40.44589394253187]]}},{"type":"Feature","properties":{"a":"FG0033","b":null},"geometry":{"type":"LineString","coordinates":[[-79.8932056195606,40.44589394253187],[-79.893258,40.445648]]}},{"type":"Feature","properties":{"a":"FG0033","b":null},"geometry":{"type":"LineString","coordinates":[[-79.893258,40.445648],[-79.89329006651441,40.44549885342134]]}},{"type":"Feature","properties":{"a":"FG0033","b":null},"geometry":{"type":"LineString","coordinates":[[-79.89329006651441,40.44549885342134],[-79.893301,40.445448]]}},{"type":"Feature","properties":{"a":"FG0033","b":null},"geometry":{"type":"LineString","coordinates":[[-79.893301,40.445448],[-79.893326,40.445271]]}},{"type":"Feature","properties":{"a":"FG0033","b":null},"geometry":{"type":"LineString","coordinates":[[-79.893326,40.445271],[-79.89339764922717,40.44477134091572]]}},{"type":"Feature","properties":{"a":"FG0034","b":"FG0035"},"geometry":{"type":"LineString","coordinates":[[-79.89119165306276,40.446369983047276],[-79.89247684406347,40.44682606609791]]}},{"type":"Feature","properties":{"a":"FG0034","b":"FG0038"},"geometry":{"type":"LineString","coordinates":[[-79.89247684406347,40.44682606609791],[-79.8930761384693,40.4458479928395]]}},{"type":"Feature","properties":{"a":"FG0035","b":"FG0036"},"geometry":{"type":"LineString","coordinates":[[-79.89059235865695,40.4473480563057],[-79.89187754965765,40.44780413935633]]}},{"type":"Feature","properties":{"a":"FG0035","b":"FG0039"},"geometry":{"type":"LineString","coordinates":[[-79.89187754965765,40.44780413935633],[-79.89247684406347,40.44682606609791]]}},{"type":"Feature","properties":{"a":"FG0036","b":"FG0037"},"geometry":{"type":"LineString","coordinates":[[-79.88999306425113,40.44832612956412],[-79.89127825525183,40.44878221261475]]}},{"type":"Feature","properties":{"a":"FG0036","b":"FG0040"},"geometry":{"type":"LineString","coordinates":[[-79.89127825525183,40.44878221261475],[-79.89187754965765,40.44780413935633]]}},{"type":"Feature","properties":{"a":"FG0037","b":null},"geometry":{"type":"LineString","coordinates":[[-79.8896430633219,40.44889734555743],[-79.88981600010493,40.44905100028045]]}},{"type":"Feature","properties":{"a":"FG0037","b":"FG0467"},"geometry":{"type":"LineString","coordinates":[[-79.88981600010493,40.44905100028045],[-79.89044399974364,40.449458999862166]]}},{"type":"Feature","properties":{"a":"FG0037","b":null},"geometry":{"type":"LineString","coordinates":[[-79.89044399974364,40.449458999862166],[-79.89076386008755,40.44962172679939]]}},{"type":"Feature","properties":{"a":"FG0037","b":"FG0041"},"geometry":{"type":"LineString","coordinates":[[-79.89076386008755,40.44962172679939],[-79.89127825525183,40.44878221261475]]}},{"type":"Feature","properties":{"a":"FG0038","b":"FG0039"},"geometry":{"type":"LineString","coordinates":[[-79.89247684406347,40.44682606609791],[-79.89304133970484,40.44702639188144]]}},{"type":"Feature","properties":{"a":"FG0038","b":null},"geometry":{"type":"LineString","coordinates":[[-79.89304133970484,40.44702639188144],[-79.893071,40.44666]]}},{"type":"Feature","properties":{"a":"FG0038","b":null},"geometry":{"type":"LineString","coordinates":[[-79.893071,40.44666],[-79.8930909,40.4464608]]}},{"type":"Feature","properties":{"a":"FG0038","b":null},"geometry":{"type":"LineString","coordinates":[[-79.8930909,40.4464608],[-79.89313,40.446249]]}},{"type":"Feature","properties":{"a":"FG0038","b":null},"geometry":{"type":"LineString","coordinates":[[-79.89313,40.446249],[-79.8932056195606,40.44589394253187]]}},{"type":"Feature","properties":{"a":"FG0039","b":"FG0040"},"geometry":{"type":"LineString","coordinates":[[-79.89187754965765,40.44780413935633],[-79.8927001651314,40.448096065594974]]}},{"type":"Feature","properties":{"a":"FG0039","b":null},"geometry":{"type":"LineString","coordinates":[[-79.8927001651314,40.448096065594974],[-79.89278,40.447895]]}},{"type":"Feature","properties":{"a":"FG0039","b":null},"geometry":{"type":"LineString","coordinates":[[-79.89278,40.447895],[-79.892808,40.447827]]}},{"type":"Feature","properties":{"a":"FG0039","b":null},"geometry":{"type":"LineString","coordinates":[[-79.892808,40.447827],[-79.892846,40.447761]]}},{"type":"Feature","properties":{"a":"FG0039","b":null},"geometry":{"type":"LineString","coordinates":[[-79.892846,40.447761],[-79.892963,40.447565]]}},{"type":"Feature","properties":{"a":"FG0039","b":null},"geometry":{"type":"LineString","coordinates":[[-79.892963,40.447565],[-79.8929969,40.4475068]]}},{"type":"Feature","properties":{"a":"FG0039","b":null},"geometry":{"type":"LineString","coordinates":[[-79.8929969,40.4475068],[-79.89302,40.44729]]}},{"type":"Feature","properties":{"a":"FG0039","b":null},"geometry":{"type":"LineString","coordinates":[[-79.89302,40.44729],[-79.89304133970484,40.44702639188144]]}},{"type":"Feature","properties":{"a":"FG0040","b":null},"geometry":{"type":"LineString","coordinates":[[-79.892723,40.448492],[-79.892759,40.448701]]}},{"type":"Feature","properties":{"a":"FG0040","b":null},"geometry":{"type":"LineString","coordinates":[[-79.892712,40.448427],[-79.892723,40.448492]]}},{"type":"Feature","properties":{"a":"FG0040","b":null},"geometry":{"type":"LineString","coordinates":[[-79.892682,40.448232],[-79.892712,40.448427]]}},{"type":"Feature","properties":{"a":"FG0040","b":null},"geometry":{"type":"LineString","coordinates":[[-79.892672,40.448168],[-79.892682,40.448232]]}},{"type":"Feature","properties":{"a":"FG0040","b":null},"geometry":{"type":"LineString","coordinates":[[-79.892672,40.448168],[-79.892699,40.448099]]}},{"type":"Feature","properties":{"a":"FG0040","b":null},"geometry":{"type":"LineString","coordinates":[[-79.892699,40.448099],[-79.8927001651314,40.448096065594974]]}},{"type":"Feature","properties":{"a":"FG0040","b":"FG0041"},"geometry":{"type":"LineString","coordinates":[[-79.89127825525183,40.44878221261475],[-79.89256344625254,40.44923829566539]]}},{"type":"Feature","properties":{"a":"FG0040","b":"FG0041"},"geometry":{"type":"LineString","coordinates":[[-79.89256344625254,40.44923829566539],[-79.89261180094921,40.449255455572015]]}},{"type":"Feature","properties":{"a":"FG0040","b":null},"geometry":{"type":"LineString","coordinates":[[-79.89261180094921,40.449255455572015],[-79.89265664202036,40.44908619631754]]}},{"type":"Feature","properties":{"a":"FG0040","b":null},"geometry":{"type":"LineString","coordinates":[[-79.89265664202036,40.44908619631754],[-79.892742,40.448764]]}},{"type":"Feature","properties":{"a":"FG0040","b":null},"geometry":{"type":"LineString","coordinates":[[-79.892742,40.448764],[-79.892759,40.448701]]}},{"type":"Feature","properties":{"a":"FG0041","b":null},"geometry":{"type":"LineString","coordinates":[[-79.89076386008755,40.44962172679939],[-79.89107300010559,40.449778999838294]]}},{"type":"Feature","properties":{"a":"FG0041","b":"FG0467"},"geometry":{"type":"LineString","coordinates":[[-79.89107300010559,40.449778999838294],[-79.89115400029644,40.449820999927134]]}},{"type":"Feature","properties":{"a":"FG0041","b":"FG0467"},"geometry":{"type":"LineString","coordinates":[[-79.89115400029644,40.449820999927134],[-79.89176799969144,40.45009800024618]]}},{"type":"Feature","properties":{"a":"FG0041","b":null},"geometry":{"type":"LineString","coordinates":[[-79.89176799969144,40.45009800024618],[-79.89199583377875,40.45016466270031]]}},{"type":"Feature","properties":{"a":"FG0041","b":null},"geometry":{"type":"LineString","coordinates":[[-79.89199583377875,40.45016466270031],[-79.8920380000282,40.4501770002118]]}},{"type":"Feature","properties":{"a":"FG0041","b":"FG0467"},"geometry":{"type":"LineString","coordinates":[[-79.8920380000282,40.4501770002118],[-79.89237199993903,40.45025199971252]]}},{"type":"Feature","properties":{"a":"FG0041","b":"FG0467"},"geometry":{"type":"LineString","coordinates":[[-79.89237199993903,40.45025199971252],[-79.89242299999265,40.45026600033012]]}},{"type":"Feature","properties":{"a":"FG0041","b":null},"geometry":{"type":"LineString","coordinates":[[-79.892423,40.45026600030012],[-79.89242299999265,40.45026600033012]]}},{"type":"Feature","properties":{"a":"FG0041","b":null},"geometry":{"type":"LineString","coordinates":[[-79.892423,40.450103],[-79.892423,40.45026600030012]]}},{"type":"Feature","properties":{"a":"FG0041","b":null},"geometry":{"type":"LineString","coordinates":[[-79.892423,40.450103],[-79.892424,40.45007]]}},{"type":"Feature","properties":{"a":"FG0041","b":null},"geometry":{"type":"LineString","coordinates":[[-79.892424,40.45007],[-79.892429,40.449972]]}},{"type":"Feature","properties":{"a":"FG0041","b":null},"geometry":{"type":"LineString","coordinates":[[-79.892429,40.449972],[-79.892431,40.44994]]}},{"type":"Feature","properties":{"a":"FG0041","b":null},"geometry":{"type":"LineString","coordinates":[[-79.892431,40.44994],[-79.892436,40.449919]]}},{"type":"Feature","properties":{"a":"FG0041","b":null},"geometry":{"type":"LineString","coordinates":[[-79.892436,40.449919],[-79.892452,40.449857]]}},{"type":"Feature","properties":{"a":"FG0041","b":null},"geometry":{"type":"LineString","coordinates":[[-79.892452,40.449857],[-79.892458,40.449837]]}},{"type":"Feature","properties":{"a":"FG0041","b":null},"geometry":{"type":"LineString","coordinates":[[-79.892458,40.449837],[-79.8924622,40.4498211]]}},{"type":"Feature","properties":{"a":"FG0041","b":null},"geometry":{"type":"LineString","coordinates":[[-79.8924622,40.4498211],[-79.892529,40.449568]]}},{"type":"Feature","properties":{"a":"FG0041","b":null},"geometry":{"type":"LineString","coordinates":[[-79.892529,40.449568],[-79.8926118009492,40.449255455572015]]}},{"type":"Feature","properties":{"a":"FG0042","b":"FG0045"},"geometry":{"type":"LineString","coordinates":[[-79.88691917799761,40.43651854754183],[-79.88767556789928,40.4367869719345]]}},{"type":"Feature","properties":{"a":"FG0042","b":null},"geometry":{"type":"LineString","coordinates":[[-79.88609669674824,40.43681018703645],[-79.88691917799761,40.43651854754183]]}},{"type":"Feature","properties":{"a":"FG0042","b":null},"geometry":{"type":"LineString","coordinates":[[-79.88603800043026,40.436830999868995],[-79.88609669674824,40.43681018703645]]}},{"type":"Feature","properties":{"a":"FG0042","b":"FG0468"},"geometry":{"type":"LineString","coordinates":[[-79.88596599956195,40.436855000053335],[-79.88603800043026,40.436830999868995]]}},{"type":"Feature","properties":{"a":"FG0042","b":"FG0468"},"geometry":{"type":"LineString","coordinates":[[-79.88594800001857,40.43685899985532],[-79.88596599956195,40.436855000053335]]}},{"type":"Feature","properties":{"a":"FG0042","b":"FG0468"},"geometry":{"type":"LineString","coordinates":[[-79.8858989996148,40.436872000235695],[-79.88594800001857,40.43685899985532]]}},{"type":"Feature","properties":{"a":"FG0042","b":"FG0468"},"geometry":{"type":"LineString","coordinates":[[-79.88578200033722,40.43684299996226],[-79.8858989996148,40.436872000235695]]}},{"type":"Feature","properties":{"a":"FG0042","b":"FG0376"},"geometry":{"type":"LineString","coordinates":[[-79.88578200033722,40.43684299996226],[-79.88585253516366,40.437208668841535]]}},{"type":"Feature","properties":{"a":"FG0042","b":"FG0376"},"geometry":{"type":"LineString","coordinates":[[-79.88585253516366,40.437208668841535],[-79.88587781831973,40.43733974257923]]}},{"type":"Feature","properties":{"a":"FG0042","b":"FG0043"},"geometry":{"type":"LineString","coordinates":[[-79.88587781831973,40.43733974257923],[-79.88707627349346,40.437765045192926]]}},{"type":"Feature","properties":{"a":"FG0042","b":"FG0046"},"geometry":{"type":"LineString","coordinates":[[-79.88707627349346,40.437765045192926],[-79.88767556789928,40.4367869719345]]}},{"type":"Feature","properties":{"a":"FG0043","b":"FG0383"},"geometry":{"type":"LineString","coordinates":[[-79.88587781831973,40.43733974257923],[-79.88593399977489,40.437631000256864]]}},{"type":"Feature","properties":{"a":"FG0043","b":"FG0383"},"geometry":{"type":"LineString","coordinates":[[-79.88593399977489,40.437631000256864],[-79.8859909996763,40.437923999859066]]}},{"type":"Feature","properties":{"a":"FG0043","b":"FG0383"},"geometry":{"type":"LineString","coordinates":[[-79.8859909996763,40.437923999859066],[-79.88604599992789,40.43816400015004]]}},{"type":"Feature","properties":{"a":"FG0043","b":"FG0383"},"geometry":{"type":"LineString","coordinates":[[-79.88604599992789,40.43816400015004],[-79.88611399969994,40.43846099987095]]}},{"type":"Feature","properties":{"a":"FG0043","b":"FG0383"},"geometry":{"type":"LineString","coordinates":[[-79.88611399969994,40.43846099987095],[-79.88615551029147,40.43862903698861]]}},{"type":"Feature","properties":{"a":"FG0043","b":"FG0048"},"geometry":{"type":"LineString","coordinates":[[-79.88615551029147,40.43862903698861],[-79.88647697908765,40.438743118451335]]}},{"type":"Feature","properties":{"a":"FG0043","b":"FG0047"},"geometry":{"type":"LineString","coordinates":[[-79.88647697908765,40.438743118451335],[-79.88707627349346,40.437765045192926]]}},{"type":"Feature","properties":{"a":"FG0044","b":null},"geometry":{"type":"LineString","coordinates":[[-79.88996599989275,40.43546000024388],[-79.89008363920469,40.43541046788309]]}},{"type":"Feature","properties":{"a":"FG0044","b":"FG0468"},"geometry":{"type":"LineString","coordinates":[[-79.88975199963251,40.435543999829385],[-79.88996599989275,40.43546000024388]]}},{"type":"Feature","properties":{"a":"FG0044","b":"FG0468"},"geometry":{"type":"LineString","coordinates":[[-79.88957900027847,40.43561300011861],[-79.88975199963251,40.435543999829385]]}},{"type":"Feature","properties":{"a":"FG0044","b":"FG0468"},"geometry":{"type":"LineString","coordinates":[[-79.88954400011836,40.43559699992905],[-79.88957900027847,40.43561300011861]]}},{"type":"Feature","properties":{"a":"FG0044","b":"FG0468"},"geometry":{"type":"LineString","coordinates":[[-79.88940699985102,40.435642999865564],[-79.88954400011836,40.43559699992905]]}},{"type":"Feature","properties":{"a":"FG0044","b":"FG0468"},"geometry":{"type":"LineString","coordinates":[[-79.88921799970512,40.43570800018298],[-79.88940699985102,40.435642999865564]]}},{"type":"Feature","properties":{"a":"FG0044","b":"FG0468"},"geometry":{"type":"LineString","coordinates":[[-79.88877900021231,40.435865000038234],[-79.88921799970512,40.43570800018298]]}},{"type":"Feature","properties":{"a":"FG0044","b":"FG0468"},"geometry":{"type":"LineString","coordinates":[[-79.88868499960266,40.43589299974309],[-79.88877900021231,40.435865000038234]]}},{"type":"Feature","properties":{"a":"FG0044","b":"FG0468"},"geometry":{"type":"LineString","coordinates":[[-79.88860699978484,40.43591999981373],[-79.88868499960266,40.43589299974309]]}},{"type":"Feature","properties":{"a":"FG0044","b":null},"geometry":{"type":"LineString","coordinates":[[-79.88859745583345,40.43592337927892],[-79.88860699978484,40.43591999981373]]}},{"type":"Feature","properties":{"a":"FG0044","b":"FG0045"},"geometry":{"type":"LineString","coordinates":[[-79.88859745583345,40.43592337927892],[-79.88956005330581,40.436264981726715]]}},{"type":"Feature","properties":{"a":"FG0044","b":"FG0050"},"geometry":{"type":"LineString","coordinates":[[-79.88956005330581,40.436264981726715],[-79.89008363920469,40.43541046788309]]}},{"type":"Feature","properties":{"a":"FG0045","b":null},"geometry":{"type":"LineString","coordinates":[[-79.88809589599596,40.43610097909503],[-79.88859745583345,40.43592337927892]]}},{"type":"Feature","properties":{"a":"FG0045","b":null},"geometry":{"type":"LineString","coordinates":[[-79.88773999977154,40.4362270001583],[-79.88809589599596,40.43610097909503]]}},{"type":"Feature","properties":{"a":"FG0045","b":"FG0468"},"geometry":{"type":"LineString","coordinates":[[-79.88765500028104,40.436256000013735],[-79.88773999977154,40.4362270001583]]}},{"type":"Feature","properties":{"a":"FG0045","b":"FG0468"},"geometry":{"type":"LineString","coordinates":[[-79.88718300027794,40.436425000124714],[-79.88765500028104,40.436256000013735]]}},{"type":"Feature","properties":{"a":"FG0045","b":null},"geometry":{"type":"LineString","coordinates":[[-79.88691917799761,40.43651854754183],[-79.88718300027794,40.436425000124714]]}},{"type":"Feature","properties":{"a":"FG0045","b":"FG0046"},"geometry":{"type":"LineString","coordinates":[[-79.88767556789928,40.4367869719345],[-79.8889607589,40.43724305498514]]}},{"type":"Feature","properties":{"a":"FG0045","b":"FG0051"},"geometry":{"type":"LineString","coordinates":[[-79.8889607589,40.43724305498514],[-79.88956005330581,40.436264981726715]]}},{"type":"Feature","properties":{"a":"FG0046","b":"FG0047"},"geometry":{"type":"LineString","coordinates":[[-79.88707627349346,40.437765045192926],[-79.88836146449417,40.438221128243555]]}},{"type":"Feature","properties":{"a":"FG0046","b":"FG0052"},"geometry":{"type":"LineString","coordinates":[[-79.88836146449417,40.438221128243555],[-79.8889607589,40.43724305498514]]}},{"type":"Feature","properties":{"a":"FG0047","b":"FG0048"},"geometry":{"type":"LineString","coordinates":[[-79.88647697908765,40.438743118451335],[-79.88776217008835,40.43919920150198]]}},{"type":"Feature","properties":{"a":"FG0047","b":"FG0053"},"geometry":{"type":"LineString","coordinates":[[-79.88776217008835,40.43919920150198],[-79.88836146449417,40.438221128243555]]}},{"type":"Feature","properties":{"a":"FG0048","b":"FG0384"},"geometry":{"type":"LineString","coordinates":[[-79.88615551029147,40.43862903698861],[-79.88621800035533,40.43888200014393]]}},{"type":"Feature","properties":{"a":"FG0048","b":"FG0384"},"geometry":{"type":"LineString","coordinates":[[-79.88621800035533,40.43888200014393],[-79.88626778792892,40.439084527074975]]}},{"type":"Feature","properties":{"a":"FG0048","b":"FG0384"},"geometry":{"type":"LineString","coordinates":[[-79.88626778792892,40.439084527074975],[-79.88627699990654,40.43912199974982]]}},{"type":"Feature","properties":{"a":"FG0048","b":"FG0384"},"geometry":{"type":"LineString","coordinates":[[-79.88627699990654,40.43912199974982],[-79.8863000003711,40.43923500016782]]}},{"type":"Feature","properties":{"a":"FG0048","b":"FG0384"},"geometry":{"type":"LineString","coordinates":[[-79.8863000003711,40.43923500016782],[-79.88636899996807,40.439574000282256]]}},{"type":"Feature","properties":{"a":"FG0048","b":"FG0384"},"geometry":{"type":"LineString","coordinates":[[-79.88636899996807,40.439574000282256],[-79.8863930002575,40.43968699994051]]}},{"type":"Feature","properties":{"a":"FG0048","b":"FG0054"},"geometry":{"type":"LineString","coordinates":[[-79.88737023481164,40.43983885608487],[-79.88776217008835,40.43919920150198]]}},{"type":"Feature","properties":{"a":"FG0049","b":"FG0055"},"geometry":{"type":"LineString","coordinates":[[-79.89181892471348,40.434685103733905],[-79.89204383311815,40.43476491826051]]}},{"type":"Feature","properties":{"a":"FG0049","b":null},"geometry":{"type":"LineString","coordinates":[[-79.8916949998965,40.43473499972805],[-79.89181892471348,40.434685103733905]]}},{"type":"Feature","properties":{"a":"FG0049","b":"FG0468"},"geometry":{"type":"LineString","coordinates":[[-79.89161500042889,40.43476899979306],[-79.8916949998965,40.43473499972805]]}},{"type":"Feature","properties":{"a":"FG0049","b":"FG0468"},"geometry":{"type":"LineString","coordinates":[[-79.89153699971276,40.434804000163766],[-79.89161500042889,40.43476899979306]]}},{"type":"Feature","properties":{"a":"FG0049","b":"FG0468"},"geometry":{"type":"LineString","coordinates":[[-79.89116000014421,40.434961999715405],[-79.89153699971276,40.434804000163766]]}},{"type":"Feature","properties":{"a":"FG0049","b":"FG0468"},"geometry":{"type":"LineString","coordinates":[[-79.8911309998319,40.434972999821845],[-79.89116000014421,40.434961999715405]]}},{"type":"Feature","properties":{"a":"FG0049","b":"FG0468"},"geometry":{"type":"LineString","coordinates":[[-79.89109800021996,40.43498599988318],[-79.8911309998319,40.434972999821845]]}},{"type":"Feature","properties":{"a":"FG0049","b":"FG0468"},"geometry":{"type":"LineString","coordinates":[[-79.89072199957799,40.43514600032656],[-79.89109800021996,40.43498599988318]]}},{"type":"Feature","properties":{"a":"FG0049","b":"FG0468"},"geometry":{"type":"LineString","coordinates":[[-79.89064299993525,40.435176000281885],[-79.89072199957799,40.43514600032656]]}},{"type":"Feature","properties":{"a":"FG0049","b":"FG0468"},"geometry":{"type":"LineString","coordinates":[[-79.89055500007171,40.435212000073776],[-79.89064299993525,40.435176000281885]]}},{"type":"Feature","properties":{"a":"FG0049","b":null},"geometry":{"type":"LineString","coordinates":[[-79.89027750568356,40.435328839860794],[-79.89055500007171,40.435212000073776]]}},{"type":"Feature","properties":{"a":"FG0049","b":"FG0050"},"geometry":{"type":"LineString","coordinates":[[-79.89027750568356,40.435328839860794],[-79.89144453871234,40.435742991518936]]}},{"type":"Feature","properties":{"a":"FG0049","b":"FG0056"},"geometry":{"type":"LineString","coordinates":[[-79.89144453871234,40.435742991518936],[-79.89204383311815,40.43476491826051]]}},{"type":"Feature","properties":{"a":"FG0050","b":null},"geometry":{"type":"LineString","coordinates":[[-79.89008363920469,40.43541046788308],[-79.89027750568356,40.435328839860794]]}},{"type":"Feature","properties":{"a":"FG0050","b":"FG0051"},"geometry":{"type":"LineString","coordinates":[[-79.88956005330581,40.436264981726715],[-79.8908452443065,40.43672106477735]]}},{"type":"Feature","properties":{"a":"FG0050","b":"FG0057"},"geometry":{"type":"LineString","coordinates":[[-79.8908452443065,40.43672106477735],[-79.89144453871234,40.435742991518936]]}},{"type":"Feature","properties":{"a":"FG0051","b":"FG0052"},"geometry":{"type":"LineString","coordinates":[[-79.8889607589,40.43724305498514],[-79.89024594990069,40.437699138035775]]}},{"type":"Feature","properties":{"a":"FG0051","b":"FG0058"},"geometry":{"type":"LineString","coordinates":[[-79.89024594990069,40.437699138035775],[-79.8908452443065,40.43672106477735]]}},{"type":"Feature","properties":{"a":"FG0052","b":"FG0053"},"geometry":{"type":"LineString","coordinates":[[-79.88836146449417,40.438221128243555],[-79.88964665549487,40.4386772112942]]}},{"type":"Feature","properties":{"a":"FG0052","b":"FG0059"},"geometry":{"type":"LineString","coordinates":[[-79.88964665549487,40.4386772112942],[-79.89024594990069,40.437699138035775]]}},{"type":"Feature","properties":{"a":"FG0053","b":"FG0054"},"geometry":{"type":"LineString","coordinates":[[-79.88776217008835,40.43919920150198],[-79.88904736108904,40.43965528455262]]}},{"type":"Feature","properties":{"a":"FG0053","b":"FG0060"},"geometry":{"type":"LineString","coordinates":[[-79.88904736108904,40.43965528455262],[-79.88964665549487,40.4386772112942]]}},{"type":"Feature","properties":{"a":"FG0054","b":"FG0061"},"geometry":{"type":"LineString","coordinates":[[-79.88867143496412,40.4402688115376],[-79.88904736108904,40.43965528455262]]}},{"type":"Feature","properties":{"a":"FG0055","b":"FG0062"},"geometry":{"type":"LineString","coordinates":[[-79.89336109614833,40.43404163461723],[-79.89392831852467,40.434242928052726]]}},{"type":"Feature","properties":{"a":"FG0055","b":null},"geometry":{"type":"LineString","coordinates":[[-79.89325727329039,40.43407624223654],[-79.89336109614833,40.43404163461723]]}},{"type":"Feature","properties":{"a":"FG0055","b":"FG0468"},"geometry":{"type":"LineString","coordinates":[[-79.89307999994368,40.434157000095624],[-79.89325727329039,40.43407624223654]]}},{"type":"Feature","properties":{"a":"FG0055","b":"FG0468"},"geometry":{"type":"LineString","coordinates":[[-79.89305200035459,40.434163000039234],[-79.89307999994368,40.434157000095624]]}},{"type":"Feature","properties":{"a":"FG0055","b":"FG0468"},"geometry":{"type":"LineString","coordinates":[[-79.8926730002379,40.43432099972962],[-79.89305200035459,40.434163000039234]]}},{"type":"Feature","properties":{"a":"FG0055","b":"FG0468"},"geometry":{"type":"LineString","coordinates":[[-79.89259100022215,40.43436099992992],[-79.8926730002379,40.43432099972962]]}},{"type":"Feature","properties":{"a":"FG0055","b":null},"geometry":{"type":"LineString","coordinates":[[-79.89218540850406,40.434533861374845],[-79.89259100022215,40.43436099992992]]}},{"type":"Feature","properties":{"a":"FG0055","b":null},"geometry":{"type":"LineString","coordinates":[[-79.89210999999821,40.43456600015554],[-79.89218540850406,40.434533861374845]]}},{"type":"Feature","properties":{"a":"FG0055","b":"FG0468"},"geometry":{"type":"LineString","coordinates":[[-79.89207499983812,40.43458199990668],[-79.89210999999821,40.43456600015554]]}},{"type":"Feature","properties":{"a":"FG0055","b":null},"geometry":{"type":"LineString","coordinates":[[-79.89181892471348,40.434685103733905],[-79.89207499983812,40.43458199990668]]}},{"type":"Feature","properties":{"a":"FG0055","b":"FG0056"},"geometry":{"type":"LineString","coordinates":[[-79.89204383311815,40.43476491826051],[-79.89332902411886,40.435221001311156]]}},{"type":"Feature","properties":{"a":"FG0055","b":"FG0063"},"geometry":{"type":"LineString","coordinates":[[-79.89332902411886,40.435221001311156],[-79.89392831852467,40.434242928052726]]}},{"type":"Feature","properties":{"a":"FG0056","b":"FG0057"},"geometry":{"type":"LineString","coordinates":[[-79.89144453871234,40.435742991518936],[-79.89272972971304,40.436199074569565]]}},{"type":"Feature","properties":{"a":"FG0056","b":"FG0064"},"geometry":{"type":"LineString","coordinates":[[-79.89272972971304,40.436199074569565],[-79.89332902411886,40.435221001311156]]}},{"type":"Feature","properties":{"a":"FG0057","b":"FG0058"},"geometry":{"type":"LineString","coordinates":[[-79.8908452443065,40.43672106477735],[-79.89213043530722,40.43717714782799]]}},{"type":"Feature","properties":{"a":"FG0057","b":"FG0065"},"geometry":{"type":"LineString","coordinates":[[-79.89213043530722,40.43717714782799],[-79.89272972971304,40.436199074569565]]}},{"type":"Feature","properties":{"a":"FG0058","b":"FG0059"},"geometry":{"type":"LineString","coordinates":[[-79.89024594990069,40.437699138035775],[-79.8915311409014,40.43815522108641]]}},{"type":"Feature","properties":{"a":"FG0058","b":"FG0066"},"geometry":{"type":"LineString","coordinates":[[-79.8915311409014,40.43815522108641],[-79.89213043530722,40.43717714782799]]}},{"type":"Feature","properties":{"a":"FG0059","b":"FG0060"},"geometry":{"type":"LineString","coordinates":[[-79.88964665549487,40.4386772112942],[-79.89093184649558,40.43913329434483]]}},{"type":"Feature","properties":{"a":"FG0059","b":"FG0067"},"geometry":{"type":"LineString","coordinates":[[-79.89093184649558,40.43913329434483],[-79.8915311409014,40.43815522108641]]}},{"type":"Feature","properties":{"a":"FG0060","b":"FG0061"},"geometry":{"type":"LineString","coordinates":[[-79.88904736108904,40.43965528455262],[-79.89033255208976,40.44011136760325]]}},{"type":"Feature","properties":{"a":"FG0060","b":"FG0068"},"geometry":{"type":"LineString","coordinates":[[-79.89033255208976,40.44011136760325],[-79.89093184649558,40.43913329434483]]}},{"type":"Feature","properties":{"a":"FG0061","b":"FG0069"},"geometry":{"type":"LineString","coordinates":[[-79.88997210921436,40.44069962528462],[-79.89033255208976,40.44011136760325]]}},{"type":"Feature","properties":{"a":"FG0062","b":null},"geometry":{"type":"LineString","coordinates":[[-79.8951862361051,40.43439659615042],[-79.89530254783342,40.43455369690185]]}},{"type":"Feature","properties":{"a":"FG0062","b":null},"geometry":{"type":"LineString","coordinates":[[-79.8950663,40.4342346],[-79.8951862361051,40.43439659615042]]}},{"type":"Feature","properties":{"a":"FG0062","b":null},"geometry":{"type":"LineString","coordinates":[[-79.8950283,40.4341832],[-79.8950663,40.4342346]]}},{"type":"Feature","properties":{"a":"FG0062","b":null},"geometry":{"type":"LineString","coordinates":[[-79.8949966,40.4341395],[-79.8950283,40.4341832]]}},{"type":"Feature","properties":{"a":"FG0062","b":null},"geometry":{"type":"LineString","coordinates":[[-79.89455617523208,40.43353285081058],[-79.8949966,40.4341395]]}},{"type":"Feature","properties":{"a":"FG0062","b":"FG0468"},"geometry":{"type":"LineString","coordinates":[[-79.89448400025744,40.43356300029116],[-79.89455617523208,40.43353285081058]]}},{"type":"Feature","properties":{"a":"FG0062","b":null},"geometry":{"type":"LineString","coordinates":[[-79.8942957586792,40.4336432505224],[-79.89448400025744,40.43356300029116]]}},{"type":"Feature","properties":{"a":"FG0062","b":null},"geometry":{"type":"LineString","coordinates":[[-79.89410400031583,40.43372500001232],[-79.8942957586792,40.4336432505224]]}},{"type":"Feature","properties":{"a":"FG0062","b":"FG0468"},"geometry":{"type":"LineString","coordinates":[[-79.8940530002622,40.43374400029589],[-79.89410400031583,40.43372500001232]]}},{"type":"Feature","properties":{"a":"FG0062","b":"FG0468"},"geometry":{"type":"LineString","coordinates":[[-79.89364800020626,40.43391499987169],[-79.8940530002622,40.43374400029589]]}},{"type":"Feature","properties":{"a":"FG0062","b":"FG0468"},"geometry":{"type":"LineString","coordinates":[[-79.89360021052268,40.43393491188225],[-79.89364800020626,40.43391499987169]]}},{"type":"Feature","properties":{"a":"FG0062","b":null},"geometry":{"type":"LineString","coordinates":[[-79.893588,40.433967],[-79.89360021052268,40.43393491188225]]}},{"type":"Feature","properties":{"a":"FG0062","b":null},"geometry":{"type":"LineString","coordinates":[[-79.893483,40.434001],[-79.893588,40.433967]]}},{"type":"Feature","properties":{"a":"FG0062","b":null},"geometry":{"type":"LineString","coordinates":[[-79.89336109614833,40.43404163461723],[-79.893483,40.434001]]}},{"type":"Feature","properties":{"a":"FG0062","b":"FG0063"},"geometry":{"type":"LineString","coordinates":[[-79.89392831852467,40.434242928052726],[-79.89521350952539,40.43469901110337]]}},{"type":"Feature","properties":{"a":"FG0062","b":"FG0070"},"geometry":{"type":"LineString","coordinates":[[-79.89521350952539,40.43469901110337],[-79.89530254783342,40.43455369690185]]}},{"type":"Feature","properties":{"a":"FG0063","b":"FG0064"},"geometry":{"type":"LineString","coordinates":[[-79.89332902411886,40.435221001311156],[-79.89461421511956,40.435677084361785]]}},{"type":"Feature","properties":{"a":"FG0063","b":"FG0070"},"geometry":{"type":"LineString","coordinates":[[-79.89461421511956,40.435677084361785],[-79.89521350952539,40.43469901110337]]}},{"type":"Feature","properties":{"a":"FG0064","b":"FG0065"},"geometry":{"type":"LineString","coordinates":[[-79.89272972971304,40.436199074569565],[-79.89401492071374,40.43665515762021]]}},{"type":"Feature","properties":{"a":"FG0064","b":"FG0071"},"geometry":{"type":"LineString","coordinates":[[-79.89401492071374,40.43665515762021],[-79.89461421511956,40.435677084361785]]}},{"type":"Feature","properties":{"a":"FG0065","b":"FG0066"},"geometry":{"type":"LineString","coordinates":[[-79.89213043530722,40.43717714782799],[-79.89341562630793,40.43763323087863]]}},{"type":"Feature","properties":{"a":"FG0065","b":"FG0072"},"geometry":{"type":"LineString","coordinates":[[-79.89341562630793,40.43763323087863],[-79.89401492071374,40.43665515762021]]}},{"type":"Feature","properties":{"a":"FG0066","b":"FG0067"},"geometry":{"type":"LineString","coordinates":[[-79.8915311409014,40.43815522108641],[-79.89281633190211,40.43861130413705]]}},{"type":"Feature","properties":{"a":"FG0066","b":"FG0073"},"geometry":{"type":"LineString","coordinates":[[-79.89281633190211,40.43861130413705],[-79.89341562630793,40.43763323087863]]}},{"type":"Feature","properties":{"a":"FG0067","b":"FG0068"},"geometry":{"type":"LineString","coordinates":[[-79.89093184649558,40.43913329434483],[-79.8922170374963,40.43958937739547]]}},{"type":"Feature","properties":{"a":"FG0067","b":"FG0074"},"geometry":{"type":"LineString","coordinates":[[-79.8922170374963,40.43958937739547],[-79.89281633190211,40.43861130413705]]}},{"type":"Feature","properties":{"a":"FG0068","b":"FG0069"},"geometry":{"type":"LineString","coordinates":[[-79.89033255208976,40.44011136760325],[-79.89161774309048,40.440567450653894]]}},{"type":"Feature","properties":{"a":"FG0068","b":"FG0075"},"geometry":{"type":"LineString","coordinates":[[-79.89161774309048,40.440567450653894],[-79.8922170374963,40.43958937739547]]}},{"type":"Feature","properties":{"a":"FG0069","b":"FG0076"},"geometry":{"type":"LineString","coordinates":[[-79.89126704292418,40.441139807830986],[-79.89161774309048,40.440567450653894]]}},{"type":"Feature","properties":{"a":"FG0070","b":null},"geometry":{"type":"LineString","coordinates":[[-79.89530254783342,40.43455369690185],[-79.8954447,40.4347457]]}},{"type":"Feature","properties":{"a":"FG0070","b":"FG0071"},"geometry":{"type":"LineString","coordinates":[[-79.89461421511956,40.435677084361785],[-79.89534042022476,40.4359347969038]]}},{"type":"Feature","properties":{"a":"FG0070","b":null},"geometry":{"type":"LineString","coordinates":[[-79.89534042022476,40.4359347969038],[-79.895367,40.435884]]}},{"type":"Feature","properties":{"a":"FG0070","b":null},"geometry":{"type":"LineString","coordinates":[[-79.895367,40.435884],[-79.895382,40.435856]]}},{"type":"Feature","properties":{"a":"FG0070","b":null},"geometry":{"type":"LineString","coordinates":[[-79.895382,40.435856],[-79.895393,40.435634]]}},{"type":"Feature","properties":{"a":"FG0070","b":null},"geometry":{"type":"LineString","coordinates":[[-79.895393,40.435634],[-79.895427,40.434969]]}},{"type":"Feature","properties":{"a":"FG0070","b":null},"geometry":{"type":"LineString","coordinates":[[-79.895427,40.434969],[-79.89544197424135,40.43478008767841]]}},{"type":"Feature","properties":{"a":"FG0070","b":null},"geometry":{"type":"LineString","coordinates":[[-79.89544197424135,40.43478008767841],[-79.89544396656927,40.43475495282944]]}},{"type":"Feature","properties":{"a":"FG0070","b":null},"geometry":{"type":"LineString","coordinates":[[-79.89544396656927,40.43475495282944],[-79.8954447,40.4347457]]}},{"type":"Feature","properties":{"a":"FG0071","b":"FG0072"},"geometry":{"type":"LineString","coordinates":[[-79.89401492071374,40.43665515762021],[-79.89499275389973,40.43700216685248]]}},{"type":"Feature","properties":{"a":"FG0071","b":null},"geometry":{"type":"LineString","coordinates":[[-79.894977,40.436879],[-79.89499275389973,40.43700216685248]]}},{"type":"Feature","properties":{"a":"FG0071","b":null},"geometry":{"type":"LineString","coordinates":[[-79.894966,40.436793],[-79.894977,40.436879]]}},{"type":"Feature","properties":{"a":"FG0071","b":null},"geometry":{"type":"LineString","coordinates":[[-79.894966,40.436793],[-79.894984,40.436717]]}},{"type":"Feature","properties":{"a":"FG0071","b":null},"geometry":{"type":"LineString","coordinates":[[-79.894984,40.436717],[-79.895039,40.436493]]}},{"type":"Feature","properties":{"a":"FG0071","b":null},"geometry":{"type":"LineString","coordinates":[[-79.895039,40.436493],[-79.895058,40.436418]]}},{"type":"Feature","properties":{"a":"FG0071","b":null},"geometry":{"type":"LineString","coordinates":[[-79.895058,40.436418],[-79.895107,40.436334]]}},{"type":"Feature","properties":{"a":"FG0071","b":null},"geometry":{"type":"LineString","coordinates":[[-79.895107,40.436334],[-79.895258,40.436082]]}},{"type":"Feature","properties":{"a":"FG0071","b":null},"geometry":{"type":"LineString","coordinates":[[-79.895258,40.436082],[-79.895308,40.435999]]}},{"type":"Feature","properties":{"a":"FG0071","b":null},"geometry":{"type":"LineString","coordinates":[[-79.895308,40.435999],[-79.895322,40.43597]]}},{"type":"Feature","properties":{"a":"FG0071","b":null},"geometry":{"type":"LineString","coordinates":[[-79.895322,40.43597],[-79.89534042022476,40.4359347969038]]}},{"type":"Feature","properties":{"a":"FG0072","b":null},"geometry":{"type":"LineString","coordinates":[[-79.895042,40.43775],[-79.895044,40.437771]]}},{"type":"Feature","properties":{"a":"FG0072","b":null},"geometry":{"type":"LineString","coordinates":[[-79.895039,40.437688],[-79.895042,40.43775]]}},{"type":"Feature","properties":{"a":"FG0072","b":null},"geometry":{"type":"LineString","coordinates":[[-79.8950388804071,40.43768560814206],[-79.895039,40.437688]]}},{"type":"Feature","properties":{"a":"FG0072","b":null},"geometry":{"type":"LineString","coordinates":[[-79.895038,40.437668],[-79.8950388804071,40.43768560814206]]}},{"type":"Feature","properties":{"a":"FG0072","b":null},"geometry":{"type":"LineString","coordinates":[[-79.895034,40.437579],[-79.895038,40.437668]]}},{"type":"Feature","properties":{"a":"FG0072","b":null},"geometry":{"type":"LineString","coordinates":[[-79.89503293113785,40.43754729042305],[-79.895034,40.437579]]}},{"type":"Feature","properties":{"a":"FG0072","b":null},"geometry":{"type":"LineString","coordinates":[[-79.895025,40.437312],[-79.89503293113785,40.43754729042305]]}},{"type":"Feature","properties":{"a":"FG0072","b":null},"geometry":{"type":"LineString","coordinates":[[-79.895022,40.437223],[-79.895025,40.437312]]}},{"type":"Feature","properties":{"a":"FG0072","b":null},"geometry":{"type":"LineString","coordinates":[[-79.89501,40.437137],[-79.895022,40.437223]]}},{"type":"Feature","properties":{"a":"FG0072","b":null},"geometry":{"type":"LineString","coordinates":[[-79.89499275389973,40.43700216685248],[-79.89501,40.437137]]}},{"type":"Feature","properties":{"a":"FG0072","b":"FG0073"},"geometry":{"type":"LineString","coordinates":[[-79.89341562630793,40.43763323087863],[-79.89470081730865,40.43808931392927]]}},{"type":"Feature","properties":{"a":"FG0072","b":"FG0077"},"geometry":{"type":"LineString","coordinates":[[-79.89470081730865,40.43808931392927],[-79.89497139782458,40.43818533637813]]}},{"type":"Feature","properties":{"a":"FG0072","b":null},"geometry":{"type":"LineString","coordinates":[[-79.89497139782458,40.43818533637813],[-79.895011,40.43796]]}},{"type":"Feature","properties":{"a":"FG0072","b":null},"geometry":{"type":"LineString","coordinates":[[-79.895011,40.43796],[-79.895044,40.437771]]}},{"type":"Feature","properties":{"a":"FG0073","b":"FG0074"},"geometry":{"type":"LineString","coordinates":[[-79.89281633190211,40.43861130413705],[-79.89410152290282,40.43906738718769]]}},{"type":"Feature","properties":{"a":"FG0073","b":"FG0077"},"geometry":{"type":"LineString","coordinates":[[-79.89410152290282,40.43906738718769],[-79.89470081730865,40.43808931392927]]}},{"type":"Feature","properties":{"a":"FG0074","b":"FG0075"},"geometry":{"type":"LineString","coordinates":[[-79.8922170374963,40.43958937739547],[-79.89350222849698,40.440045460446115]]}},{"type":"Feature","properties":{"a":"FG0074","b":"FG0078"},"geometry":{"type":"LineString","coordinates":[[-79.89350222849698,40.440045460446115],[-79.89410152290282,40.43906738718769]]}},{"type":"Feature","properties":{"a":"FG0075","b":"FG0076"},"geometry":{"type":"LineString","coordinates":[[-79.89161774309048,40.440567450653894],[-79.89290293409117,40.44102353370453]]}},{"type":"Feature","properties":{"a":"FG0075","b":"FG0079"},"geometry":{"type":"LineString","coordinates":[[-79.89290293409117,40.44102353370453],[-79.89350222849698,40.440045460446115]]}},{"type":"Feature","properties":{"a":"FG0076","b":"FG0079"},"geometry":{"type":"LineString","coordinates":[[-79.89276864674059,40.4412426962151],[-79.89290293409117,40.44102353370453]]}},{"type":"Feature","properties":{"a":"FG0077","b":"FG0078"},"geometry":{"type":"LineString","coordinates":[[-79.89410152290282,40.43906738718769],[-79.89480407365622,40.43931670537515]]}},{"type":"Feature","properties":{"a":"FG0077","b":null},"geometry":{"type":"LineString","coordinates":[[-79.89480407365622,40.43931670537515],[-79.894806,40.439309]]}},{"type":"Feature","properties":{"a":"FG0077","b":null},"geometry":{"type":"LineString","coordinates":[[-79.894806,40.439309],[-79.89481757000122,40.439257210470714]]}},{"type":"Feature","properties":{"a":"FG0077","b":null},"geometry":{"type":"LineString","coordinates":[[-79.89481757000122,40.439257210470714],[-79.894827,40.439215]]}},{"type":"Feature","properties":{"a":"FG0077","b":null},"geometry":{"type":"LineString","coordinates":[[-79.894827,40.439215],[-79.89486232680333,40.43906282300106]]}},{"type":"Feature","properties":{"a":"FG0077","b":null},"geometry":{"type":"LineString","coordinates":[[-79.89486232680333,40.43906282300106],[-79.894892,40.438935]]}},{"type":"Feature","properties":{"a":"FG0077","b":null},"geometry":{"type":"LineString","coordinates":[[-79.894892,40.438935],[-79.89490498741262,40.43888248567943]]}},{"type":"Feature","properties":{"a":"FG0077","b":null},"geometry":{"type":"LineString","coordinates":[[-79.89490498741262,40.43888248567943],[-79.894915,40.438842]]}},{"type":"Feature","properties":{"a":"FG0077","b":null},"geometry":{"type":"LineString","coordinates":[[-79.89491024429125,40.438827138410176],[-79.894915,40.438842]]}},{"type":"Feature","properties":{"a":"FG0077","b":null},"geometry":{"type":"LineString","coordinates":[[-79.894907,40.438817],[-79.89491024429125,40.438827138410176]]}},{"type":"Feature","properties":{"a":"FG0077","b":null},"geometry":{"type":"LineString","coordinates":[[-79.89488609620592,40.43874333901136],[-79.894907,40.438817]]}},{"type":"Feature","properties":{"a":"FG0077","b":null},"geometry":{"type":"LineString","coordinates":[[-79.894886,40.438743],[-79.89488609620592,40.43874333901136]]}},{"type":"Feature","properties":{"a":"FG0077","b":null},"geometry":{"type":"LineString","coordinates":[[-79.894879,40.438719],[-79.894886,40.438743]]}},{"type":"Feature","properties":{"a":"FG0077","b":null},"geometry":{"type":"LineString","coordinates":[[-79.89487900003103,40.43871899981581],[-79.894879,40.438719]]}},{"type":"Feature","properties":{"a":"FG0077","b":null},"geometry":{"type":"LineString","coordinates":[[-79.89487900003103,40.43871899981581],[-79.894911,40.438529]]}},{"type":"Feature","properties":{"a":"FG0077","b":null},"geometry":{"type":"LineString","coordinates":[[-79.894911,40.438529],[-79.89497139782458,40.43818533637813]]}},{"type":"Feature","properties":{"a":"FG0078","b":"FG0079"},"geometry":{"type":"LineString","coordinates":[[-79.89350222849698,40.440045460446115],[-79.89454335011447,40.44041492920454]]}},{"type":"Feature","properties":{"a":"FG0078","b":null},"geometry":{"type":"LineString","coordinates":[[-79.89454335011447,40.44041492920454],[-79.894554,40.44037]]}},{"type":"Feature","properties":{"a":"FG0078","b":null},"geometry":{"type":"LineString","coordinates":[[-79.894554,40.44037],[-79.89463007324866,40.44004568772937]]}},{"type":"Feature","properties":{"a":"FG0078","b":null},"geometry":{"type":"LineString","coordinates":[[-79.89463007324866,40.44004568772937],[-79.894649,40.439965]]}},{"type":"Feature","properties":{"a":"FG0078","b":null},"geometry":{"type":"LineString","coordinates":[[-79.894649,40.439965],[-79.8946765,40.4398531]]}},{"type":"Feature","properties":{"a":"FG0078","b":null},"geometry":{"type":"LineString","coordinates":[[-79.8946765,40.4398531],[-79.89468198014944,40.43983107976316]]}},{"type":"Feature","properties":{"a":"FG0078","b":null},"geometry":{"type":"LineString","coordinates":[[-79.894682,40.439831],[-79.89468198014944,40.43983107976316]]}},{"type":"Feature","properties":{"a":"FG0078","b":null},"geometry":{"type":"LineString","coordinates":[[-79.894682,40.439831],[-79.8947020299801,40.439743368837064]]}},{"type":"Feature","properties":{"a":"FG0078","b":null},"geometry":{"type":"LineString","coordinates":[[-79.8947020299801,40.439743368837064],[-79.894706,40.439726]]}},{"type":"Feature","properties":{"a":"FG0078","b":null},"geometry":{"type":"LineString","coordinates":[[-79.894706,40.439726],[-79.89471324182536,40.439695369035995]]}},{"type":"Feature","properties":{"a":"FG0078","b":null},"geometry":{"type":"LineString","coordinates":[[-79.89471324182536,40.439695369035995],[-79.89478,40.439413]]}},{"type":"Feature","properties":{"a":"FG0078","b":null},"geometry":{"type":"LineString","coordinates":[[-79.89478,40.439413],[-79.89480407365622,40.43931670537515]]}},{"type":"Feature","properties":{"a":"FG0079","b":null},"geometry":{"type":"LineString","coordinates":[[-79.89435523131871,40.4412068924811],[-79.89435523107188,40.441206892883926]]}},{"type":"Feature","properties":{"a":"FG0079","b":null},"geometry":{"type":"LineString","coordinates":[[-79.894363,40.441175],[-79.894394,40.441041]]}},{"type":"Feature","properties":{"a":"FG0079","b":null},"geometry":{"type":"LineString","coordinates":[[-79.894394,40.441041],[-79.89445429422493,40.440787889868275]]}},{"type":"Feature","properties":{"a":"FG0079","b":null},"geometry":{"type":"LineString","coordinates":[[-79.89445429422493,40.440787889868275],[-79.89449,40.440638]]}},{"type":"Feature","properties":{"a":"FG0079","b":null},"geometry":{"type":"LineString","coordinates":[[-79.89449,40.440638],[-79.89450824053895,40.440562187759944]]}},{"type":"Feature","properties":{"a":"FG0079","b":null},"geometry":{"type":"LineString","coordinates":[[-79.89450824053895,40.440562187759944],[-79.894522,40.440505]]}},{"type":"Feature","properties":{"a":"FG0079","b":null},"geometry":{"type":"LineString","coordinates":[[-79.894522,40.440505],[-79.89454335011447,40.44041492920454]]}},{"type":"Feature","properties":{"a":"FG0080","b":null},"geometry":{"type":"LineString","coordinates":[[-79.85550197901397,40.44561206791247],[-79.85568561881612,40.44558523733665]]}},{"type":"Feature","properties":{"a":"FG0080","b":null},"geometry":{"type":"LineString","coordinates":[[-79.8553108,40.44564],[-79.85550197901397,40.44561206791247]]}},{"type":"Feature","properties":{"a":"FG0080","b":null},"geometry":{"type":"LineString","coordinates":[[-79.85404422759846,40.445824951998496],[-79.8553108,40.44564]]}},{"type":"Feature","properties":{"a":"FG0080","b":null},"geometry":{"type":"LineString","coordinates":[[-79.85404422759846,40.445824951998496],[-79.85405483117378,40.44628925859341]]}},{"type":"Feature","properties":{"a":"FG0080","b":"FG0081"},"geometry":{"type":"LineString","coordinates":[[-79.85405483117378,40.44628925859341],[-79.85504002158251,40.446638878725224]]}},{"type":"Feature","properties":{"a":"FG0080","b":"FG0083"},"geometry":{"type":"LineString","coordinates":[[-79.85504002158251,40.446638878725224],[-79.85563931598833,40.44566080546681]]}},{"type":"Feature","properties":{"a":"FG0080","b":"FG0082"},"geometry":{"type":"LineString","coordinates":[[-79.85563931598833,40.44566080546681],[-79.85568561881612,40.44558523733665]]}},{"type":"Feature","properties":{"a":"FG0081","b":null},"geometry":{"type":"LineString","coordinates":[[-79.85405483117378,40.44628925859341],[-79.85405792754138,40.44642484153126]]}},{"type":"Feature","properties":{"a":"FG0081","b":null},"geometry":{"type":"LineString","coordinates":[[-79.85405792754138,40.44642484153126],[-79.854084,40.446594]]}},{"type":"Feature","properties":{"a":"FG0081","b":null},"geometry":{"type":"LineString","coordinates":[[-79.854084,40.446594],[-79.854115,40.446786]]}},{"type":"Feature","properties":{"a":"FG0081","b":null},"geometry":{"type":"LineString","coordinates":[[-79.854115,40.446786],[-79.854126,40.446852]]}},{"type":"Feature","properties":{"a":"FG0081","b":null},"geometry":{"type":"LineString","coordinates":[[-79.854126,40.446852],[-79.854162,40.44705]]}},{"type":"Feature","properties":{"a":"FG0081","b":null},"geometry":{"type":"LineString","coordinates":[[-79.854162,40.44705],[-79.854175,40.447117]]}},{"type":"Feature","properties":{"a":"FG0081","b":null},"geometry":{"type":"LineString","coordinates":[[-79.854175,40.447117],[-79.85420794824188,40.44753434439719]]}},{"type":"Feature","properties":{"a":"FG0081","b":"FG0085"},"geometry":{"type":"LineString","coordinates":[[-79.85420794824188,40.44753434439719],[-79.8544407271767,40.447616951983655]]}},{"type":"Feature","properties":{"a":"FG0081","b":"FG0084"},"geometry":{"type":"LineString","coordinates":[[-79.8544407271767,40.447616951983655],[-79.85504002158251,40.446638878725224]]}},{"type":"Feature","properties":{"a":"FG0082","b":null},"geometry":{"type":"LineString","coordinates":[[-79.8571329,40.4453739],[-79.85740403902291,40.44533427240369]]}},{"type":"Feature","properties":{"a":"FG0082","b":null},"geometry":{"type":"LineString","coordinates":[[-79.8564316,40.4454763],[-79.8571329,40.4453739]]}},{"type":"Feature","properties":{"a":"FG0082","b":null},"geometry":{"type":"LineString","coordinates":[[-79.8560103,40.4455378],[-79.8564316,40.4454763]]}},{"type":"Feature","properties":{"a":"FG0082","b":null},"geometry":{"type":"LineString","coordinates":[[-79.85568561881612,40.44558523733665],[-79.8560103,40.4455378]]}},{"type":"Feature","properties":{"a":"FG0082","b":"FG0083"},"geometry":{"type":"LineString","coordinates":[[-79.85563931598833,40.44566080546681],[-79.85692450698903,40.446116888517444]]}},{"type":"Feature","properties":{"a":"FG0082","b":"FG0087"},"geometry":{"type":"LineString","coordinates":[[-79.85692450698903,40.446116888517444],[-79.85740403902291,40.44533427240369]]}},{"type":"Feature","properties":{"a":"FG0083","b":"FG0084"},"geometry":{"type":"LineString","coordinates":[[-79.85504002158251,40.446638878725224],[-79.85632521258322,40.44709496177585]]}},{"type":"Feature","properties":{"a":"FG0083","b":"FG0088"},"geometry":{"type":"LineString","coordinates":[[-79.85632521258322,40.44709496177585],[-79.85692450698903,40.446116888517444]]}},{"type":"Feature","properties":{"a":"FG0084","b":"FG0085"},"geometry":{"type":"LineString","coordinates":[[-79.8544407271767,40.447616951983655],[-79.85572591817738,40.44807303503429]]}},{"type":"Feature","properties":{"a":"FG0084","b":"FG0089"},"geometry":{"type":"LineString","coordinates":[[-79.85572591817738,40.44807303503429],[-79.85632521258322,40.44709496177585]]}},{"type":"Feature","properties":{"a":"FG0085","b":null},"geometry":{"type":"LineString","coordinates":[[-79.85420794824188,40.44753434439719],[-79.854214,40.447611]]}},{"type":"Feature","properties":{"a":"FG0085","b":null},"geometry":{"type":"LineString","coordinates":[[-79.854214,40.447611],[-79.85424029469132,40.447944066090095]]}},{"type":"Feature","properties":{"a":"FG0085","b":null},"geometry":{"type":"LineString","coordinates":[[-79.85424029469132,40.447944066090095],[-79.85430466433141,40.44875941486444]]}},{"type":"Feature","properties":{"a":"FG0085","b":"FG0086"},"geometry":{"type":"LineString","coordinates":[[-79.85430466433141,40.44875941486444],[-79.85512662377157,40.4490511082927]]}},{"type":"Feature","properties":{"a":"FG0085","b":"FG0090"},"geometry":{"type":"LineString","coordinates":[[-79.85512662377157,40.4490511082927],[-79.85572591817738,40.44807303503429]]}},{"type":"Feature","properties":{"a":"FG0086","b":null},"geometry":{"type":"LineString","coordinates":[[-79.85430466433141,40.44875941486444],[-79.854331,40.449093]]}},{"type":"Feature","properties":{"a":"FG0086","b":null},"geometry":{"type":"LineString","coordinates":[[-79.854331,40.449093],[-79.854371,40.449587]]}},{"type":"Feature","properties":{"a":"FG0086","b":null},"geometry":{"type":"LineString","coordinates":[[-79.854371,40.449587],[-79.854386,40.449745]]}},{"type":"Feature","properties":{"a":"FG0086","b":null},"geometry":{"type":"LineString","coordinates":[[-79.854386,40.449745],[-79.85441058236748,40.44998775087889]]}},{"type":"Feature","properties":{"a":"FG0086","b":"FG0092"},"geometry":{"type":"LineString","coordinates":[[-79.85441058236748,40.44998775087889],[-79.85452732936574,40.45002918155113]]}},{"type":"Feature","properties":{"a":"FG0086","b":"FG0091"},"geometry":{"type":"LineString","coordinates":[[-79.85452732936574,40.45002918155113],[-79.85512662377157,40.4490511082927]]}},{"type":"Feature","properties":{"a":"FG0087","b":"FG0241"},"geometry":{"type":"LineString","coordinates":[[-79.85878500027387,40.44512899976174],[-79.85912941894077,40.445071948934334]]}},{"type":"Feature","properties":{"a":"FG0087","b":"FG0241"},"geometry":{"type":"LineString","coordinates":[[-79.85859045684981,40.445152290314354],[-79.85878500027387,40.44512899976174]]}},{"type":"Feature","properties":{"a":"FG0087","b":null},"geometry":{"type":"LineString","coordinates":[[-79.8585904,40.4451523],[-79.85859045684981,40.445152290314354]]}},{"type":"Feature","properties":{"a":"FG0087","b":null},"geometry":{"type":"LineString","coordinates":[[-79.8584914,40.445171],[-79.8585904,40.4451523]]}},{"type":"Feature","properties":{"a":"FG0087","b":null},"geometry":{"type":"LineString","coordinates":[[-79.8583862,40.4451908],[-79.8584914,40.445171]]}},{"type":"Feature","properties":{"a":"FG0087","b":null},"geometry":{"type":"LineString","coordinates":[[-79.8583663,40.4451937],[-79.8583862,40.4451908]]}},{"type":"Feature","properties":{"a":"FG0087","b":null},"geometry":{"type":"LineString","coordinates":[[-79.85787902104335,40.44526487407895],[-79.8583663,40.4451937]]}},{"type":"Feature","properties":{"a":"FG0087","b":null},"geometry":{"type":"LineString","coordinates":[[-79.8576358,40.4453004],[-79.85787902104335,40.44526487407895]]}},{"type":"Feature","properties":{"a":"FG0087","b":null},"geometry":{"type":"LineString","coordinates":[[-79.85740403902291,40.44533427240369],[-79.8576358,40.4453004]]}},{"type":"Feature","properties":{"a":"FG0087","b":"FG0088"},"geometry":{"type":"LineString","coordinates":[[-79.85692450698903,40.446116888517444],[-79.85820969798974,40.44657297156808]]}},{"type":"Feature","properties":{"a":"FG0087","b":"FG0095"},"geometry":{"type":"LineString","coordinates":[[-79.85820969798974,40.44657297156808],[-79.85880899239555,40.44559489830966]]}},{"type":"Feature","properties":{"a":"FG0087","b":"FG0094"},"geometry":{"type":"LineString","coordinates":[[-79.85880899239555,40.44559489830966],[-79.85912941894077,40.445071948934334]]}},{"type":"Feature","properties":{"a":"FG0088","b":"FG0089"},"geometry":{"type":"LineString","coordinates":[[-79.85632521258322,40.44709496177585],[-79.8576104035839,40.4475510448265]]}},{"type":"Feature","properties":{"a":"FG0088","b":"FG0096"},"geometry":{"type":"LineString","coordinates":[[-79.8576104035839,40.4475510448265],[-79.85820969798974,40.44657297156808]]}},{"type":"Feature","properties":{"a":"FG0089","b":"FG0090"},"geometry":{"type":"LineString","coordinates":[[-79.85572591817738,40.44807303503429],[-79.85701110917809,40.44852911808492]]}},{"type":"Feature","properties":{"a":"FG0089","b":"FG0097"},"geometry":{"type":"LineString","coordinates":[[-79.85701110917809,40.44852911808492],[-79.8576104035839,40.4475510448265]]}},{"type":"Feature","properties":{"a":"FG0090","b":"FG0091"},"geometry":{"type":"LineString","coordinates":[[-79.85512662377157,40.4490511082927],[-79.85641181477227,40.44950719134334]]}},{"type":"Feature","properties":{"a":"FG0090","b":"FG0098"},"geometry":{"type":"LineString","coordinates":[[-79.85641181477227,40.44950719134334],[-79.85701110917809,40.44852911808492]]}},{"type":"Feature","properties":{"a":"FG0091","b":"FG0092"},"geometry":{"type":"LineString","coordinates":[[-79.85452732936574,40.45002918155113],[-79.85581252036644,40.45048526460177]]}},{"type":"Feature","properties":{"a":"FG0091","b":"FG0099"},"geometry":{"type":"LineString","coordinates":[[-79.85581252036644,40.45048526460177],[-79.85641181477227,40.44950719134334]]}},{"type":"Feature","properties":{"a":"FG0092","b":null},"geometry":{"type":"LineString","coordinates":[[-79.85441058236749,40.44998775087889],[-79.85443074103338,40.45018681770464]]}},{"type":"Feature","properties":{"a":"FG0092","b":null},"geometry":{"type":"LineString","coordinates":[[-79.85443074103338,40.45018681770464],[-79.854434,40.450219]]}},{"type":"Feature","properties":{"a":"FG0092","b":null},"geometry":{"type":"LineString","coordinates":[[-79.854434,40.450219],[-79.85445,40.450377]]}},{"type":"Feature","properties":{"a":"FG0092","b":null},"geometry":{"type":"LineString","coordinates":[[-79.854434,40.450555],[-79.85445,40.450377]]}},{"type":"Feature","properties":{"a":"FG0092","b":null},"geometry":{"type":"LineString","coordinates":[[-79.854387,40.451091],[-79.854434,40.450555]]}},{"type":"Feature","properties":{"a":"FG0092","b":null},"geometry":{"type":"LineString","coordinates":[[-79.85438056046537,40.451167845113176],[-79.854387,40.451091]]}},{"type":"Feature","properties":{"a":"FG0092","b":"FG0093"},"geometry":{"type":"LineString","coordinates":[[-79.85438056046537,40.451167845113176],[-79.85521322596061,40.45146333786018]]}},{"type":"Feature","properties":{"a":"FG0092","b":"FG0100"},"geometry":{"type":"LineString","coordinates":[[-79.85521322596061,40.45146333786018],[-79.85581252036644,40.45048526460177]]}},{"type":"Feature","properties":{"a":"FG0093","b":null},"geometry":{"type":"LineString","coordinates":[[-79.854372,40.45127],[-79.85438056046537,40.451167845113176]]}},{"type":"Feature","properties":{"a":"FG0093","b":null},"geometry":{"type":"LineString","coordinates":[[-79.854372,40.45127],[-79.854411,40.451569]]}},{"type":"Feature","properties":{"a":"FG0093","b":null},"geometry":{"type":"LineString","coordinates":[[-79.854411,40.451569],[-79.85452315063536,40.45240919517666]]}},{"type":"Feature","properties":{"a":"FG0093","b":"FG0102"},"geometry":{"type":"LineString","coordinates":[[-79.85452315063536,40.45240919517666],[-79.8546139315548,40.452441411118606]]}},{"type":"Feature","properties":{"a":"FG0093","b":"FG0101"},"geometry":{"type":"LineString","coordinates":[[-79.8546139315548,40.452441411118606],[-79.85521322596061,40.45146333786018]]}},{"type":"Feature","properties":{"a":"FG0094","b":null},"geometry":{"type":"LineString","coordinates":[[-79.86084975853566,40.44478431047692],[-79.86087217249381,40.44478127097377]]}},{"type":"Feature","properties":{"a":"FG0094","b":"FG0241"},"geometry":{"type":"LineString","coordinates":[[-79.86071900031703,40.44481700023007],[-79.86084975853566,40.44478431047692]]}},{"type":"Feature","properties":{"a":"FG0094","b":"FG0241"},"geometry":{"type":"LineString","coordinates":[[-79.86020255178295,40.44489869038924],[-79.86071900031703,40.44481700023007]]}},{"type":"Feature","properties":{"a":"FG0094","b":"FG0241"},"geometry":{"type":"LineString","coordinates":[[-79.85960000040863,40.44499400001726],[-79.86020255178295,40.44489869038924]]}},{"type":"Feature","properties":{"a":"FG0094","b":"FG0241"},"geometry":{"type":"LineString","coordinates":[[-79.85912941894077,40.445071948934334],[-79.85960000040863,40.44499400001726]]}},{"type":"Feature","properties":{"a":"FG0094","b":"FG0095"},"geometry":{"type":"LineString","coordinates":[[-79.85880899239555,40.44559489830966],[-79.86009418339627,40.4460509813603]]}},{"type":"Feature","properties":{"a":"FG0094","b":"FG0104"},"geometry":{"type":"LineString","coordinates":[[-79.86009418339627,40.4460509813603],[-79.86069347780209,40.44507290810188]]}},{"type":"Feature","properties":{"a":"FG0094","b":"FG0103"},"geometry":{"type":"LineString","coordinates":[[-79.86069347780209,40.44507290810188],[-79.86087217249381,40.44478127097377]]}},{"type":"Feature","properties":{"a":"FG0095","b":"FG0096"},"geometry":{"type":"LineString","coordinates":[[-79.85820969798974,40.44657297156808],[-79.85949488899044,40.447029054618724]]}},{"type":"Feature","properties":{"a":"FG0095","b":"FG0105"},"geometry":{"type":"LineString","coordinates":[[-79.85949488899044,40.447029054618724],[-79.86009418339627,40.4460509813603]]}},{"type":"Feature","properties":{"a":"FG0096","b":"FG0097"},"geometry":{"type":"LineString","coordinates":[[-79.8576104035839,40.4475510448265],[-79.85889559458462,40.44800712787713]]}},{"type":"Feature","properties":{"a":"FG0096","b":"FG0106"},"geometry":{"type":"LineString","coordinates":[[-79.85889559458462,40.44800712787713],[-79.85949488899044,40.447029054618724]]}},{"type":"Feature","properties":{"a":"FG0097","b":"FG0098"},"geometry":{"type":"LineString","coordinates":[[-79.85701110917809,40.44852911808492],[-79.85829630017881,40.448985201135564]]}},{"type":"Feature","properties":{"a":"FG0097","b":"FG0107"},"geometry":{"type":"LineString","coordinates":[[-79.85829630017881,40.448985201135564],[-79.85889559458462,40.44800712787713]]}},{"type":"Feature","properties":{"a":"FG0098","b":"FG0099"},"geometry":{"type":"LineString","coordinates":[[-79.85641181477227,40.44950719134334],[-79.85769700577298,40.44996327439397]]}},{"type":"Feature","properties":{"a":"FG0098","b":"FG0108"},"geometry":{"type":"LineString","coordinates":[[-79.85769700577298,40.44996327439397],[-79.85829630017881,40.448985201135564]]}},{"type":"Feature","properties":{"a":"FG0099","b":"FG0100"},"geometry":{"type":"LineString","coordinates":[[-79.85581252036644,40.45048526460177],[-79.85709771136716,40.45094134765241]]}},{"type":"Feature","properties":{"a":"FG0099","b":"FG0109"},"geometry":{"type":"LineString","coordinates":[[-79.85709771136716,40.45094134765241],[-79.85769700577298,40.44996327439397]]}},{"type":"Feature","properties":{"a":"FG0100","b":"FG0101"},"geometry":{"type":"LineString","coordinates":[[-79.85521322596061,40.45146333786018],[-79.85649841696133,40.45191942091082]]}},{"type":"Feature","properties":{"a":"FG0100","b":"FG0110"},"geometry":{"type":"LineString","coordinates":[[-79.85649841696133,40.45191942091082],[-79.85709771136716,40.45094134765241]]}},{"type":"Feature","properties":{"a":"FG0101","b":"FG0102"},"geometry":{"type":"LineString","coordinates":[[-79.8546139315548,40.452441411118606],[-79.85589912255551,40.45289749416925]]}},{"type":"Feature","properties":{"a":"FG0101","b":"FG0111"},"geometry":{"type":"LineString","coordinates":[[-79.85589912255551,40.45289749416925],[-79.85649841696133,40.45191942091082]]}},{"type":"Feature","properties":{"a":"FG0102","b":null},"geometry":{"type":"LineString","coordinates":[[-79.85452315063536,40.45240919517666],[-79.854531,40.452468]]}},{"type":"Feature","properties":{"a":"FG0102","b":null},"geometry":{"type":"LineString","coordinates":[[-79.854531,40.452468],[-79.85454290958756,40.45255732190675]]}},{"type":"Feature","properties":{"a":"FG0102","b":null},"geometry":{"type":"LineString","coordinates":[[-79.85454290958756,40.45255732190675],[-79.854571,40.452768]]}},{"type":"Feature","properties":{"a":"FG0102","b":null},"geometry":{"type":"LineString","coordinates":[[-79.854569,40.452859],[-79.854571,40.452768]]}},{"type":"Feature","properties":{"a":"FG0102","b":null},"geometry":{"type":"LineString","coordinates":[[-79.854563,40.453132],[-79.854569,40.452859]]}},{"type":"Feature","properties":{"a":"FG0102","b":null},"geometry":{"type":"LineString","coordinates":[[-79.854561,40.453223],[-79.854563,40.453132]]}},{"type":"Feature","properties":{"a":"FG0102","b":null},"geometry":{"type":"LineString","coordinates":[[-79.854561,40.453223],[-79.85456874368363,40.45361300006591]]}},{"type":"Feature","properties":{"a":"FG0102","b":"FG0473"},"geometry":{"type":"LineString","coordinates":[[-79.85456874368363,40.45361300006591],[-79.85456900003297,40.45361300006591]]}},{"type":"Feature","properties":{"a":"FG0102","b":"FG0473"},"geometry":{"type":"LineString","coordinates":[[-79.85456900003297,40.45361300006591],[-79.85495399999745,40.45360999993676]]}},{"type":"Feature","properties":{"a":"FG0102","b":null},"geometry":{"type":"LineString","coordinates":[[-79.85495399999745,40.45360999993676],[-79.85546496694927,40.453606054076225]]}},{"type":"Feature","properties":{"a":"FG0102","b":"FG0112"},"geometry":{"type":"LineString","coordinates":[[-79.85546496694927,40.453606054076225],[-79.85589912255551,40.45289749416925]]}},{"type":"Feature","properties":{"a":"FG0103","b":"FG0252"},"geometry":{"type":"LineString","coordinates":[[-79.86250097320817,40.44452359601412],[-79.86260878186657,40.44450062056958]]}},{"type":"Feature","properties":{"a":"FG0103","b":"FG0253"},"geometry":{"type":"LineString","coordinates":[[-79.8623019998326,40.444565999860195],[-79.86250097320817,40.44452359601412]]}},{"type":"Feature","properties":{"a":"FG0103","b":"FG0253"},"geometry":{"type":"LineString","coordinates":[[-79.86193299976166,40.44462100003779],[-79.8623019998326,40.444565999860195]]}},{"type":"Feature","properties":{"a":"FG0103","b":"FG0253"},"geometry":{"type":"LineString","coordinates":[[-79.86155799984294,40.44467099997371],[-79.86193299976166,40.44462100003779]]}},{"type":"Feature","properties":{"a":"FG0103","b":"FG0253"},"geometry":{"type":"LineString","coordinates":[[-79.86125800026728,40.44470899981809],[-79.86155799984294,40.44467099997371]]}},{"type":"Feature","properties":{"a":"FG0103","b":"FG0253"},"geometry":{"type":"LineString","coordinates":[[-79.8609429997247,40.44476100003812],[-79.86125800026728,40.44470899981809]]}},{"type":"Feature","properties":{"a":"FG0103","b":"FG0253"},"geometry":{"type":"LineString","coordinates":[[-79.86093436854462,40.44476315784624],[-79.8609429997247,40.44476100003812]]}},{"type":"Feature","properties":{"a":"FG0103","b":null},"geometry":{"type":"LineString","coordinates":[[-79.86093436854462,40.44476315784624],[-79.8609516,40.4447705]]}},{"type":"Feature","properties":{"a":"FG0103","b":null},"geometry":{"type":"LineString","coordinates":[[-79.86087217249381,40.44478127097377],[-79.8609516,40.4447705]]}},{"type":"Feature","properties":{"a":"FG0103","b":"FG0104"},"geometry":{"type":"LineString","coordinates":[[-79.86069347780209,40.44507290810188],[-79.86197866880279,40.44552899115252]]}},{"type":"Feature","properties":{"a":"FG0103","b":"FG0115"},"geometry":{"type":"LineString","coordinates":[[-79.86197866880279,40.44552899115252],[-79.86257796320861,40.4445509178941]]}},{"type":"Feature","properties":{"a":"FG0103","b":"FG0114"},"geometry":{"type":"LineString","coordinates":[[-79.86257796320861,40.4445509178941],[-79.86260878186657,40.44450062056958]]}},{"type":"Feature","properties":{"a":"FG0104","b":"FG0105"},"geometry":{"type":"LineString","coordinates":[[-79.86009418339627,40.4460509813603],[-79.86137937439698,40.44650706441094]]}},{"type":"Feature","properties":{"a":"FG0104","b":"FG0116"},"geometry":{"type":"LineString","coordinates":[[-79.86137937439698,40.44650706441094],[-79.86197866880279,40.44552899115252]]}},{"type":"Feature","properties":{"a":"FG0105","b":"FG0106"},"geometry":{"type":"LineString","coordinates":[[-79.85949488899044,40.447029054618724],[-79.86078007999116,40.44748513766936]]}},{"type":"Feature","properties":{"a":"FG0105","b":"FG0117"},"geometry":{"type":"LineString","coordinates":[[-79.86078007999116,40.44748513766936],[-79.86137937439698,40.44650706441094]]}},{"type":"Feature","properties":{"a":"FG0106","b":"FG0107"},"geometry":{"type":"LineString","coordinates":[[-79.85889559458462,40.44800712787713],[-79.86018078558534,40.44846321092777]]}},{"type":"Feature","properties":{"a":"FG0106","b":"FG0118"},"geometry":{"type":"LineString","coordinates":[[-79.86018078558534,40.44846321092777],[-79.86078007999116,40.44748513766936]]}},{"type":"Feature","properties":{"a":"FG0107","b":"FG0108"},"geometry":{"type":"LineString","coordinates":[[-79.85829630017881,40.448985201135564],[-79.85958149117951,40.4494412841862]]}},{"type":"Feature","properties":{"a":"FG0107","b":"FG0119"},"geometry":{"type":"LineString","coordinates":[[-79.85958149117951,40.4494412841862],[-79.86018078558534,40.44846321092777]]}},{"type":"Feature","properties":{"a":"FG0108","b":"FG0109"},"geometry":{"type":"LineString","coordinates":[[-79.85769700577298,40.44996327439397],[-79.8589821967737,40.450419357444616]]}},{"type":"Feature","properties":{"a":"FG0108","b":"FG0120"},"geometry":{"type":"LineString","coordinates":[[-79.8589821967737,40.450419357444616],[-79.85958149117951,40.4494412841862]]}},{"type":"Feature","properties":{"a":"FG0109","b":"FG0110"},"geometry":{"type":"LineString","coordinates":[[-79.85709771136716,40.45094134765241],[-79.85838290236786,40.45139743070304]]}},{"type":"Feature","properties":{"a":"FG0109","b":"FG0121"},"geometry":{"type":"LineString","coordinates":[[-79.85838290236786,40.45139743070304],[-79.8589821967737,40.450419357444616]]}},{"type":"Feature","properties":{"a":"FG0110","b":"FG0111"},"geometry":{"type":"LineString","coordinates":[[-79.85649841696133,40.45191942091082],[-79.85778360796205,40.452375503961456]]}},{"type":"Feature","properties":{"a":"FG0110","b":"FG0122"},"geometry":{"type":"LineString","coordinates":[[-79.85778360796205,40.452375503961456],[-79.85838290236786,40.45139743070304]]}},{"type":"Feature","properties":{"a":"FG0111","b":"FG0112"},"geometry":{"type":"LineString","coordinates":[[-79.85589912255551,40.45289749416925],[-79.85718431355623,40.453353577219886]]}},{"type":"Feature","properties":{"a":"FG0111","b":"FG0123"},"geometry":{"type":"LineString","coordinates":[[-79.85718431355623,40.453353577219886],[-79.85778360796205,40.452375503961456]]}},{"type":"Feature","properties":{"a":"FG0112","b":null},"geometry":{"type":"LineString","coordinates":[[-79.85546496694927,40.453606054076225],[-79.85547200003131,40.45360599976438]]}},{"type":"Feature","properties":{"a":"FG0112","b":null},"geometry":{"type":"LineString","coordinates":[[-79.85547200003131,40.45360599976438],[-79.8554956690674,40.453945066609606]]}},{"type":"Feature","properties":{"a":"FG0112","b":"FG0113"},"geometry":{"type":"LineString","coordinates":[[-79.8554956690674,40.453945066609606],[-79.85658501915039,40.4543316504783]]}},{"type":"Feature","properties":{"a":"FG0112","b":"FG0124"},"geometry":{"type":"LineString","coordinates":[[-79.85658501915039,40.4543316504783],[-79.85718431355623,40.453353577219886]]}},{"type":"Feature","properties":{"a":"FG0113","b":null},"geometry":{"type":"LineString","coordinates":[[-79.8554956690674,40.453945066609606],[-79.85555499987197,40.454795000196185]]}},{"type":"Feature","properties":{"a":"FG0113","b":null},"geometry":{"type":"LineString","coordinates":[[-79.85554177109967,40.45515217537808],[-79.85555499987197,40.454795000196185]]}},{"type":"Feature","properties":{"a":"FG0113","b":"FG0126"},"geometry":{"type":"LineString","coordinates":[[-79.85554177109967,40.45515217537808],[-79.85598572474457,40.455309723736725]]}},{"type":"Feature","properties":{"a":"FG0113","b":"FG0125"},"geometry":{"type":"LineString","coordinates":[[-79.85598572474457,40.455309723736725],[-79.85658501915039,40.4543316504783]]}},{"type":"Feature","properties":{"a":"FG0114","b":"FG0263"},"geometry":{"type":"LineString","coordinates":[[-79.86441978424072,40.444013787136754],[-79.86448209881709,40.44399685774396]]}},{"type":"Feature","properties":{"a":"FG0114","b":"FG0264"},"geometry":{"type":"LineString","coordinates":[[-79.86390000031513,40.44415500010414],[-79.86441978424072,40.444013787136754]]}},{"type":"Feature","properties":{"a":"FG0114","b":"FG0264"},"geometry":{"type":"LineString","coordinates":[[-79.86336499966451,40.444302000295586],[-79.86390000031513,40.44415500010414]]}},{"type":"Feature","properties":{"a":"FG0114","b":"FG0264"},"geometry":{"type":"LineString","coordinates":[[-79.86266800042883,40.44448800031427],[-79.86336499966451,40.444302000295586]]}},{"type":"Feature","properties":{"a":"FG0114","b":"FG0264"},"geometry":{"type":"LineString","coordinates":[[-79.86260878186657,40.44450062056958],[-79.86266800042883,40.44448800031427]]}},{"type":"Feature","properties":{"a":"FG0114","b":"FG0115"},"geometry":{"type":"LineString","coordinates":[[-79.86257796320861,40.4445509178941],[-79.86386315420933,40.445007000944734]]}},{"type":"Feature","properties":{"a":"FG0114","b":"FG0129"},"geometry":{"type":"LineString","coordinates":[[-79.86386315420933,40.445007000944734],[-79.86446244861514,40.44402892768631]]}},{"type":"Feature","properties":{"a":"FG0114","b":"FG0128"},"geometry":{"type":"LineString","coordinates":[[-79.86446244861514,40.44402892768631],[-79.86448209881709,40.44399685774396]]}},{"type":"Feature","properties":{"a":"FG0115","b":"FG0116"},"geometry":{"type":"LineString","coordinates":[[-79.86197866880279,40.44552899115252],[-79.8632638598035,40.44598507420315]]}},{"type":"Feature","properties":{"a":"FG0115","b":"FG0130"},"geometry":{"type":"LineString","coordinates":[[-79.8632638598035,40.44598507420315],[-79.86386315420933,40.445007000944734]]}},{"type":"Feature","properties":{"a":"FG0116","b":"FG0117"},"geometry":{"type":"LineString","coordinates":[[-79.86137937439698,40.44650706441094],[-79.86266456539768,40.446963147461574]]}},{"type":"Feature","properties":{"a":"FG0116","b":"FG0131"},"geometry":{"type":"LineString","coordinates":[[-79.86266456539768,40.446963147461574],[-79.8632638598035,40.44598507420315]]}},{"type":"Feature","properties":{"a":"FG0117","b":"FG0118"},"geometry":{"type":"LineString","coordinates":[[-79.86078007999116,40.44748513766936],[-79.86206527099185,40.44794122072]]}},{"type":"Feature","properties":{"a":"FG0117","b":"FG0132"},"geometry":{"type":"LineString","coordinates":[[-79.86206527099185,40.44794122072],[-79.86266456539768,40.446963147461574]]}},{"type":"Feature","properties":{"a":"FG0118","b":"FG0119"},"geometry":{"type":"LineString","coordinates":[[-79.86018078558534,40.44846321092777],[-79.86146597658603,40.44891929397841]]}},{"type":"Feature","properties":{"a":"FG0118","b":"FG0133"},"geometry":{"type":"LineString","coordinates":[[-79.86146597658603,40.44891929397841],[-79.86206527099185,40.44794122072]]}},{"type":"Feature","properties":{"a":"FG0119","b":"FG0120"},"geometry":{"type":"LineString","coordinates":[[-79.85958149117951,40.4494412841862],[-79.86086668218022,40.44989736723684]]}},{"type":"Feature","properties":{"a":"FG0119","b":"FG0134"},"geometry":{"type":"LineString","coordinates":[[-79.86086668218022,40.44989736723684],[-79.86146597658603,40.44891929397841]]}},{"type":"Feature","properties":{"a":"FG0120","b":"FG0121"},"geometry":{"type":"LineString","coordinates":[[-79.8589821967737,40.450419357444616],[-79.86026738777439,40.45087544049525]]}},{"type":"Feature","properties":{"a":"FG0120","b":"FG0135"},"geometry":{"type":"LineString","coordinates":[[-79.86026738777439,40.45087544049525],[-79.86086668218022,40.44989736723684]]}},{"type":"Feature","properties":{"a":"FG0121","b":"FG0122"},"geometry":{"type":"LineString","coordinates":[[-79.85838290236786,40.45139743070304],[-79.85966809336857,40.45185351375368]]}},{"type":"Feature","properties":{"a":"FG0121","b":"FG0136"},"geometry":{"type":"LineString","coordinates":[[-79.85966809336857,40.45185351375368],[-79.86026738777439,40.45087544049525]]}},{"type":"Feature","properties":{"a":"FG0122","b":"FG0123"},"geometry":{"type":"LineString","coordinates":[[-79.85778360796205,40.452375503961456],[-79.85906879896274,40.4528315870121]]}},{"type":"Feature","properties":{"a":"FG0122","b":"FG0137"},"geometry":{"type":"LineString","coordinates":[[-79.85906879896274,40.4528315870121],[-79.85966809336857,40.45185351375368]]}},{"type":"Feature","properties":{"a":"FG0123","b":"FG0124"},"geometry":{"type":"LineString","coordinates":[[-79.85718431355623,40.453353577219886],[-79.85846950455692,40.45380966027053]]}},{"type":"Feature","properties":{"a":"FG0123","b":"FG0138"},"geometry":{"type":"LineString","coordinates":[[-79.85846950455692,40.45380966027053],[-79.85906879896274,40.4528315870121]]}},{"type":"Feature","properties":{"a":"FG0124","b":"FG0125"},"geometry":{"type":"LineString","coordinates":[[-79.85658501915039,40.4543316504783],[-79.8578702101511,40.45478773352894]]}},{"type":"Feature","properties":{"a":"FG0124","b":"FG0139"},"geometry":{"type":"LineString","coordinates":[[-79.8578702101511,40.45478773352894],[-79.85846950455692,40.45380966027053]]}},{"type":"Feature","properties":{"a":"FG0125","b":"FG0126"},"geometry":{"type":"LineString","coordinates":[[-79.85598572474457,40.455309723736725],[-79.85727091574527,40.45576580678737]]}},{"type":"Feature","properties":{"a":"FG0125","b":"FG0140"},"geometry":{"type":"LineString","coordinates":[[-79.85727091574527,40.45576580678737],[-79.8578702101511,40.45478773352894]]}},{"type":"Feature","properties":{"a":"FG0126","b":null},"geometry":{"type":"LineString","coordinates":[[-79.8555349997805,40.45533500014047],[-79.85554177109967,40.45515217537808]]}},{"type":"Feature","properties":{"a":"FG0126","b":null},"geometry":{"type":"LineString","coordinates":[[-79.85550777400928,40.45608975910581],[-79.8555349997805,40.45533500014047]]}},{"type":"Feature","properties":{"a":"FG0126","b":null},"geometry":{"type":"LineString","coordinates":[[-79.85549918694723,40.456327811575036],[-79.85550777400928,40.45608975910581]]}},{"type":"Feature","properties":{"a":"FG0126","b":"FG0127"},"geometry":{"type":"LineString","coordinates":[[-79.85549918694723,40.456327811575036],[-79.85667162133946,40.45674388004578]]}},{"type":"Feature","properties":{"a":"FG0126","b":"FG0141"},"geometry":{"type":"LineString","coordinates":[[-79.85667162133946,40.45674388004578],[-79.85727091574527,40.45576580678737]]}},{"type":"Feature","properties":{"a":"FG0127","b":null},"geometry":{"type":"LineString","coordinates":[[-79.85549899979549,40.456332999837876],[-79.85549918694723,40.456327811575036]]}},{"type":"Feature","properties":{"a":"FG0127","b":"FG0473"},"geometry":{"type":"LineString","coordinates":[[-79.85549600032074,40.45639799997179],[-79.85549899979549,40.456332999837876]]}},{"type":"Feature","properties":{"a":"FG0127","b":"FG0473"},"geometry":{"type":"LineString","coordinates":[[-79.85549600032074,40.45639799997179],[-79.85552499973477,40.457247000046934]]}},{"type":"Feature","properties":{"a":"FG0127","b":"FG0473"},"geometry":{"type":"LineString","coordinates":[[-79.85552499973477,40.457247000046934],[-79.85553074306938,40.45731352356362]]}},{"type":"Feature","properties":{"a":"FG0127","b":null},"geometry":{"type":"LineString","coordinates":[[-79.85553074306938,40.45731352356362],[-79.85553724538768,40.457385992949874]]}},{"type":"Feature","properties":{"a":"FG0127","b":null},"geometry":{"type":"LineString","coordinates":[[-79.85553724538768,40.457385992949874],[-79.85629096256098,40.457365130917154]]}},{"type":"Feature","properties":{"a":"FG0127","b":"FG0142"},"geometry":{"type":"LineString","coordinates":[[-79.85629096256098,40.457365130917154],[-79.85667162133946,40.45674388004578]]}},{"type":"Feature","properties":{"a":"FG0128","b":"FG0144"},"geometry":{"type":"LineString","coordinates":[[-79.86618620000813,40.443449896883635],[-79.86634693402166,40.44350693747853]]}},{"type":"Feature","properties":{"a":"FG0128","b":"FG0273"},"geometry":{"type":"LineString","coordinates":[[-79.86618599981247,40.44345000015929],[-79.86618620000813,40.443449896883635]]}},{"type":"Feature","properties":{"a":"FG0128","b":"FG0273"},"geometry":{"type":"LineString","coordinates":[[-79.86607299983457,40.44350899997273],[-79.86618599981247,40.44345000015929]]}},{"type":"Feature","properties":{"a":"FG0128","b":"FG0273"},"geometry":{"type":"LineString","coordinates":[[-79.86600900026048,40.44354200019341],[-79.86607299983457,40.44350899997273]]}},{"type":"Feature","properties":{"a":"FG0128","b":"FG0273"},"geometry":{"type":"LineString","coordinates":[[-79.86595800020686,40.4435600002448],[-79.86600900026048,40.44354200019341]]}},{"type":"Feature","properties":{"a":"FG0128","b":"FG0273"},"geometry":{"type":"LineString","coordinates":[[-79.86566799977862,40.44366600006987],[-79.86595800020686,40.4435600002448]]}},{"type":"Feature","properties":{"a":"FG0128","b":"FG0273"},"geometry":{"type":"LineString","coordinates":[[-79.86560300037961,40.44368500027885],[-79.86566799977862,40.44366600006987]]}},{"type":"Feature","properties":{"a":"FG0128","b":"FG0273"},"geometry":{"type":"LineString","coordinates":[[-79.86548299983069,40.44372100030022],[-79.86560300037961,40.44368500027885]]}},{"type":"Feature","properties":{"a":"FG0128","b":"FG0273"},"geometry":{"type":"LineString","coordinates":[[-79.86531200012648,40.44377199972778],[-79.86548299983069,40.44372100030022]]}},{"type":"Feature","properties":{"a":"FG0128","b":"FG0273"},"geometry":{"type":"LineString","coordinates":[[-79.8647649997803,40.44392000026045],[-79.86531200012648,40.44377199972778]]}},{"type":"Feature","properties":{"a":"FG0128","b":"FG0273"},"geometry":{"type":"LineString","coordinates":[[-79.86448209881709,40.44399685774396],[-79.8647649997803,40.44392000026045]]}},{"type":"Feature","properties":{"a":"FG0128","b":"FG0129"},"geometry":{"type":"LineString","coordinates":[[-79.86446244861514,40.44402892768631],[-79.86574763961583,40.444485010736955]]}},{"type":"Feature","properties":{"a":"FG0128","b":"FG0145"},"geometry":{"type":"LineString","coordinates":[[-79.86574763961583,40.444485010736955],[-79.86634693402166,40.44350693747853]]}},{"type":"Feature","properties":{"a":"FG0129","b":"FG0130"},"geometry":{"type":"LineString","coordinates":[[-79.86386315420933,40.445007000944734],[-79.86514834521002,40.44546308399537]]}},{"type":"Feature","properties":{"a":"FG0129","b":"FG0146"},"geometry":{"type":"LineString","coordinates":[[-79.86514834521002,40.44546308399537],[-79.86574763961583,40.444485010736955]]}},{"type":"Feature","properties":{"a":"FG0130","b":"FG0131"},"geometry":{"type":"LineString","coordinates":[[-79.8632638598035,40.44598507420315],[-79.8645490508042,40.446441157253794]]}},{"type":"Feature","properties":{"a":"FG0130","b":"FG0147"},"geometry":{"type":"LineString","coordinates":[[-79.8645490508042,40.446441157253794],[-79.86514834521002,40.44546308399537]]}},{"type":"Feature","properties":{"a":"FG0131","b":"FG0132"},"geometry":{"type":"LineString","coordinates":[[-79.86266456539768,40.446963147461574],[-79.86394975639838,40.44741923051222]]}},{"type":"Feature","properties":{"a":"FG0131","b":"FG0148"},"geometry":{"type":"LineString","coordinates":[[-79.86394975639838,40.44741923051222],[-79.8645490508042,40.446441157253794]]}},{"type":"Feature","properties":{"a":"FG0132","b":"FG0133"},"geometry":{"type":"LineString","coordinates":[[-79.86206527099185,40.44794122072],[-79.86335046199257,40.44839730377064]]}},{"type":"Feature","properties":{"a":"FG0132","b":"FG0149"},"geometry":{"type":"LineString","coordinates":[[-79.86335046199257,40.44839730377064],[-79.86394975639838,40.44741923051222]]}},{"type":"Feature","properties":{"a":"FG0133","b":"FG0134"},"geometry":{"type":"LineString","coordinates":[[-79.86146597658603,40.44891929397841],[-79.86275116758675,40.44937537702904]]}},{"type":"Feature","properties":{"a":"FG0133","b":"FG0150"},"geometry":{"type":"LineString","coordinates":[[-79.86275116758675,40.44937537702904],[-79.86335046199257,40.44839730377064]]}},{"type":"Feature","properties":{"a":"FG0134","b":"FG0135"},"geometry":{"type":"LineString","coordinates":[[-79.86086668218022,40.44989736723684],[-79.86215187318092,40.45035345028748]]}},{"type":"Feature","properties":{"a":"FG0134","b":"FG0151"},"geometry":{"type":"LineString","coordinates":[[-79.86215187318092,40.45035345028748],[-79.86275116758675,40.44937537702904]]}},{"type":"Feature","properties":{"a":"FG0135","b":"FG0136"},"geometry":{"type":"LineString","coordinates":[[-79.86026738777439,40.45087544049525],[-79.8615525787751,40.45133152354589]]}},{"type":"Feature","properties":{"a":"FG0135","b":"FG0152"},"geometry":{"type":"LineString","coordinates":[[-79.8615525787751,40.45133152354589],[-79.86215187318092,40.45035345028748]]}},{"type":"Feature","properties":{"a":"FG0136","b":"FG0137"},"geometry":{"type":"LineString","coordinates":[[-79.85966809336857,40.45185351375368],[-79.86095328436927,40.45230959680433]]}},{"type":"Feature","properties":{"a":"FG0136","b":"FG0153"},"geometry":{"type":"LineString","coordinates":[[-79.86095328436927,40.45230959680433],[-79.8615525787751,40.45133152354589]]}},{"type":"Feature","properties":{"a":"FG0137","b":"FG0138"},"geometry":{"type":"LineString","coordinates":[[-79.85906879896274,40.4528315870121],[-79.86035398996346,40.45328767006273]]}},{"type":"Feature","properties":{"a":"FG0137","b":"FG0154"},"geometry":{"type":"LineString","coordinates":[[-79.86035398996346,40.45328767006273],[-79.86095328436927,40.45230959680433]]}},{"type":"Feature","properties":{"a":"FG0138","b":"FG0139"},"geometry":{"type":"LineString","coordinates":[[-79.85846950455692,40.45380966027053],[-79.85975469555763,40.45426574332116]]}},{"type":"Feature","properties":{"a":"FG0138","b":"FG0155"},"geometry":{"type":"LineString","coordinates":[[-79.85975469555763,40.45426574332116],[-79.86035398996346,40.45328767006273]]}},{"type":"Feature","properties":{"a":"FG0139","b":"FG0140"},"geometry":{"type":"LineString","coordinates":[[-79.8578702101511,40.45478773352894],[-79.85915540115181,40.455243816579575]]}},{"type":"Feature","properties":{"a":"FG0139","b":"FG0156"},"geometry":{"type":"LineString","coordinates":[[-79.85915540115181,40.455243816579575],[-79.85975469555763,40.45426574332116]]}},{"type":"Feature","properties":{"a":"FG0140","b":"FG0141"},"geometry":{"type":"LineString","coordinates":[[-79.85727091574527,40.45576580678737],[-79.858556106746,40.456221889838005]]}},{"type":"Feature","properties":{"a":"FG0140","b":"FG0157"},"geometry":{"type":"LineString","coordinates":[[-79.858556106746,40.456221889838005],[-79.85915540115181,40.455243816579575]]}},{"type":"Feature","properties":{"a":"FG0141","b":"FG0142"},"geometry":{"type":"LineString","coordinates":[[-79.85667162133946,40.45674388004578],[-79.85795681234018,40.457199963096414]]}},{"type":"Feature","properties":{"a":"FG0141","b":"FG0158"},"geometry":{"type":"LineString","coordinates":[[-79.85795681234018,40.457199963096414],[-79.858556106746,40.456221889838005]]}},{"type":"Feature","properties":{"a":"FG0142","b":null},"geometry":{"type":"LineString","coordinates":[[-79.85629096256098,40.457365130917154],[-79.85694599976694,40.45734700023352]]}},{"type":"Feature","properties":{"a":"FG0142","b":"FG0473"},"geometry":{"type":"LineString","coordinates":[[-79.85694599976694,40.45734700023352],[-79.85712700041522,40.45729000024111]]}},{"type":"Feature","properties":{"a":"FG0142","b":"FG0473"},"geometry":{"type":"LineString","coordinates":[[-79.85712700041522,40.45729000024111],[-79.85728499970065,40.45724200010204]]}},{"type":"Feature","properties":{"a":"FG0142","b":null},"geometry":{"type":"LineString","coordinates":[[-79.85728499970065,40.45724200010204],[-79.85751649027775,40.457918586914964]]}},{"type":"Feature","properties":{"a":"FG0142","b":"FG0159"},"geometry":{"type":"LineString","coordinates":[[-79.85751649027775,40.457918586914964],[-79.85795681234018,40.457199963096414]]}},{"type":"Feature","properties":{"a":"FG0143","b":"FG0280"},"geometry":{"type":"LineString","coordinates":[[-79.86826200014588,40.442333000178024],[-79.86878142561996,40.442087314416305]]}},{"type":"Feature","properties":{"a":"FG0143","b":"FG0280"},"geometry":{"type":"LineString","coordinates":[[-79.86780799968612,40.44255699986941],[-79.86826200014588,40.442333000178024]]}},{"type":"Feature","properties":{"a":"FG0143","b":"FG0280"},"geometry":{"type":"LineString","coordinates":[[-79.86750273975555,40.44272635656489],[-79.86780799968612,40.44255699986941]]}},{"type":"Feature","properties":{"a":"FG0143","b":"FG0144"},"geometry":{"type":"LineString","coordinates":[[-79.86750273975555,40.44272635656489],[-79.86823141942817,40.442984947270745]]}},{"type":"Feature","properties":{"a":"FG0143","b":"FG0162"},"geometry":{"type":"LineString","coordinates":[[-79.86823141942817,40.442984947270745],[-79.86878142561996,40.442087314416305]]}},{"type":"Feature","properties":{"a":"FG0144","b":"FG0272"},"geometry":{"type":"LineString","coordinates":[[-79.8667859998621,40.443124000302966],[-79.86750273975555,40.44272635656489]]}},{"type":"Feature","properties":{"a":"FG0144","b":"FG0272"},"geometry":{"type":"LineString","coordinates":[[-79.86676999996858,40.443133000043446],[-79.8667859998621,40.443124000302966]]}},{"type":"Feature","properties":{"a":"FG0144","b":"FG0272"},"geometry":{"type":"LineString","coordinates":[[-79.86663900044732,40.44320900008238],[-79.86676999996858,40.443133000043446]]}},{"type":"Feature","properties":{"a":"FG0144","b":"FG0272"},"geometry":{"type":"LineString","coordinates":[[-79.86659099986842,40.443237000146986],[-79.86663900044732,40.44320900008238]]}},{"type":"Feature","properties":{"a":"FG0144","b":"FG0272"},"geometry":{"type":"LineString","coordinates":[[-79.86652700029434,40.44327100001449],[-79.86659099986842,40.443237000146986]]}},{"type":"Feature","properties":{"a":"FG0144","b":"FG0272"},"geometry":{"type":"LineString","coordinates":[[-79.86650600037794,40.44328300032556],[-79.86652700029434,40.44327100001449]]}},{"type":"Feature","properties":{"a":"FG0144","b":"FG0272"},"geometry":{"type":"LineString","coordinates":[[-79.86647321735965,40.44330083784757],[-79.86650600037794,40.44328300032556]]}},{"type":"Feature","properties":{"a":"FG0144","b":"FG0272"},"geometry":{"type":"LineString","coordinates":[[-79.86643799970756,40.44332000007478],[-79.86647321735965,40.44330083784757]]}},{"type":"Feature","properties":{"a":"FG0144","b":"FG0272"},"geometry":{"type":"LineString","coordinates":[[-79.86618620000813,40.443449896883635],[-79.86643799970756,40.44332000007478]]}},{"type":"Feature","properties":{"a":"FG0144","b":"FG0145"},"geometry":{"type":"LineString","coordinates":[[-79.86634693402166,40.44350693747853],[-79.86763212502235,40.44396302052917]]}},{"type":"Feature","properties":{"a":"FG0144","b":"FG0163"},"geometry":{"type":"LineString","coordinates":[[-79.86763212502235,40.44396302052917],[-79.86823141942817,40.442984947270745]]}},{"type":"Feature","properties":{"a":"FG0145","b":"FG0146"},"geometry":{"type":"LineString","coordinates":[[-79.86574763961583,40.444485010736955],[-79.86703283061654,40.44494109378759]]}},{"type":"Feature","properties":{"a":"FG0145","b":"FG0164"},"geometry":{"type":"LineString","coordinates":[[-79.86703283061654,40.44494109378759],[-79.86763212502235,40.44396302052917]]}},{"type":"Feature","properties":{"a":"FG0146","b":"FG0147"},"geometry":{"type":"LineString","coordinates":[[-79.86514834521002,40.44546308399537],[-79.86643353621072,40.44591916704601]]}},{"type":"Feature","properties":{"a":"FG0146","b":"FG0165"},"geometry":{"type":"LineString","coordinates":[[-79.86643353621072,40.44591916704601],[-79.86703283061654,40.44494109378759]]}},{"type":"Feature","properties":{"a":"FG0147","b":"FG0148"},"geometry":{"type":"LineString","coordinates":[[-79.8645490508042,40.446441157253794],[-79.8658342418049,40.44689724030443]]}},{"type":"Feature","properties":{"a":"FG0147","b":"FG0166"},"geometry":{"type":"LineString","coordinates":[[-79.8658342418049,40.44689724030443],[-79.86643353621072,40.44591916704601]]}},{"type":"Feature","properties":{"a":"FG0148","b":"FG0149"},"geometry":{"type":"LineString","coordinates":[[-79.86394975639838,40.44741923051222],[-79.86523494739907,40.44787531356285]]}},{"type":"Feature","properties":{"a":"FG0148","b":"FG0167"},"geometry":{"type":"LineString","coordinates":[[-79.86523494739907,40.44787531356285],[-79.8658342418049,40.44689724030443]]}},{"type":"Feature","properties":{"a":"FG0149","b":"FG0150"},"geometry":{"type":"LineString","coordinates":[[-79.86335046199257,40.44839730377064],[-79.86463565299326,40.44885338682127]]}},{"type":"Feature","properties":{"a":"FG0149","b":"FG0168"},"geometry":{"type":"LineString","coordinates":[[-79.86463565299326,40.44885338682127],[-79.86523494739907,40.44787531356285]]}},{"type":"Feature","properties":{"a":"FG0150","b":"FG0151"},"geometry":{"type":"LineString","coordinates":[[-79.86275116758675,40.44937537702904],[-79.86403635858744,40.449831460079686]]}},{"type":"Feature","properties":{"a":"FG0150","b":"FG0169"},"geometry":{"type":"LineString","coordinates":[[-79.86403635858744,40.449831460079686],[-79.86463565299326,40.44885338682127]]}},{"type":"Feature","properties":{"a":"FG0151","b":"FG0152"},"geometry":{"type":"LineString","coordinates":[[-79.86215187318092,40.45035345028748],[-79.86343706418162,40.450809533338116]]}},{"type":"Feature","properties":{"a":"FG0151","b":"FG0170"},"geometry":{"type":"LineString","coordinates":[[-79.86343706418162,40.450809533338116],[-79.86403635858744,40.449831460079686]]}},{"type":"Feature","properties":{"a":"FG0152","b":"FG0153"},"geometry":{"type":"LineString","coordinates":[[-79.8615525787751,40.45133152354589],[-79.8628377697758,40.45178760659653]]}},{"type":"Feature","properties":{"a":"FG0152","b":"FG0171"},"geometry":{"type":"LineString","coordinates":[[-79.8628377697758,40.45178760659653],[-79.86343706418162,40.450809533338116]]}},{"type":"Feature","properties":{"a":"FG0153","b":"FG0154"},"geometry":{"type":"LineString","coordinates":[[-79.86095328436927,40.45230959680433],[-79.86223847536996,40.452765679854956]]}},{"type":"Feature","properties":{"a":"FG0153","b":"FG0172"},"geometry":{"type":"LineString","coordinates":[[-79.86223847536996,40.452765679854956],[-79.8628377697758,40.45178760659653]]}},{"type":"Feature","properties":{"a":"FG0154","b":"FG0155"},"geometry":{"type":"LineString","coordinates":[[-79.86035398996346,40.45328767006273],[-79.86163918096415,40.45374375311337]]}},{"type":"Feature","properties":{"a":"FG0154","b":"FG0173"},"geometry":{"type":"LineString","coordinates":[[-79.86163918096415,40.45374375311337],[-79.86223847536996,40.452765679854956]]}},{"type":"Feature","properties":{"a":"FG0155","b":"FG0156"},"geometry":{"type":"LineString","coordinates":[[-79.85975469555763,40.45426574332116],[-79.86103988655833,40.4547218263718]]}},{"type":"Feature","properties":{"a":"FG0155","b":"FG0174"},"geometry":{"type":"LineString","coordinates":[[-79.86103988655833,40.4547218263718],[-79.86163918096415,40.45374375311337]]}},{"type":"Feature","properties":{"a":"FG0156","b":"FG0157"},"geometry":{"type":"LineString","coordinates":[[-79.85915540115181,40.455243816579575],[-79.86044059215251,40.45569989963022]]}},{"type":"Feature","properties":{"a":"FG0156","b":"FG0175"},"geometry":{"type":"LineString","coordinates":[[-79.86044059215251,40.45569989963022],[-79.86103988655833,40.4547218263718]]}},{"type":"Feature","properties":{"a":"FG0157","b":"FG0158"},"geometry":{"type":"LineString","coordinates":[[-79.858556106746,40.456221889838005],[-79.85984129774668,40.45667797288864]]}},{"type":"Feature","properties":{"a":"FG0157","b":"FG0176"},"geometry":{"type":"LineString","coordinates":[[-79.85984129774668,40.45667797288864],[-79.86044059215251,40.45569989963022]]}},{"type":"Feature","properties":{"a":"FG0158","b":"FG0159"},"geometry":{"type":"LineString","coordinates":[[-79.85795681234018,40.457199963096414],[-79.85924200334087,40.45765604614706]]}},{"type":"Feature","properties":{"a":"FG0158","b":"FG0177"},"geometry":{"type":"LineString","coordinates":[[-79.85924200334087,40.45765604614706],[-79.85984129774668,40.45667797288864]]}},{"type":"Feature","properties":{"a":"FG0159","b":null},"geometry":{"type":"LineString","coordinates":[[-79.85751649027775,40.457918586914964],[-79.85751800022747,40.457923000105694]]}},{"type":"Feature","properties":{"a":"FG0159","b":null},"geometry":{"type":"LineString","coordinates":[[-79.85751800022747,40.457923000105694],[-79.85764183218852,40.45827893257363]]}},{"type":"Feature","properties":{"a":"FG0159","b":"FG0160"},"geometry":{"type":"LineString","coordinates":[[-79.85764183218852,40.45827893257363],[-79.85864270893505,40.45863411940549]]}},{"type":"Feature","properties":{"a":"FG0159","b":"FG0178"},"geometry":{"type":"LineString","coordinates":[[-79.85864270893505,40.45863411940549],[-79.85924200334087,40.45765604614706]]}},{"type":"Feature","properties":{"a":"FG0160","b":null},"geometry":{"type":"LineString","coordinates":[[-79.85764183218852,40.45827893257363],[-79.85788399992536,40.45897499972377]]}},{"type":"Feature","properties":{"a":"FG0160","b":"FG0473"},"geometry":{"type":"LineString","coordinates":[[-79.85788399992536,40.45897499972377],[-79.85801600016984,40.45940800017375]]}},{"type":"Feature","properties":{"a":"FG0160","b":null},"geometry":{"type":"LineString","coordinates":[[-79.85801600016984,40.45940800017375],[-79.85817155012647,40.45940307006922]]}},{"type":"Feature","properties":{"a":"FG0160","b":"FG0179"},"geometry":{"type":"LineString","coordinates":[[-79.85817155012647,40.45940307006922],[-79.85864270893505,40.45863411940549]]}},{"type":"Feature","properties":{"a":"FG0161","b":"FG0180"},"geometry":{"type":"LineString","coordinates":[[-79.87034496791911,40.44135349770674],[-79.87071519924052,40.44148488380454]]}},{"type":"Feature","properties":{"a":"FG0161","b":"FG0286"},"geometry":{"type":"LineString","coordinates":[[-79.86942700008503,40.44178399975251],[-79.87034496791911,40.44135349770674]]}},{"type":"Feature","properties":{"a":"FG0161","b":"FG0286"},"geometry":{"type":"LineString","coordinates":[[-79.86925499965757,40.44186499967136],[-79.86942700008503,40.44178399975251]]}},{"type":"Feature","properties":{"a":"FG0161","b":"FG0286"},"geometry":{"type":"LineString","coordinates":[[-79.86904299994548,40.441963999971364],[-79.86925499965757,40.44186499967136]]}},{"type":"Feature","properties":{"a":"FG0161","b":"FG0286"},"geometry":{"type":"LineString","coordinates":[[-79.86900899961029,40.44198000001308],[-79.86904299994548,40.441963999971364]]}},{"type":"Feature","properties":{"a":"FG0161","b":"FG0286"},"geometry":{"type":"LineString","coordinates":[[-79.86890700040134,40.44202800011533],[-79.86900899961029,40.44198000001308]]}},{"type":"Feature","properties":{"a":"FG0161","b":"FG0286"},"geometry":{"type":"LineString","coordinates":[[-79.86889979696912,40.44203138993797],[-79.86890700040134,40.44202800011533]]}},{"type":"Feature","properties":{"a":"FG0161","b":"FG0162"},"geometry":{"type":"LineString","coordinates":[[-79.86889979696912,40.44203138993797],[-79.8701159048347,40.44246295706296]]}},{"type":"Feature","properties":{"a":"FG0161","b":"FG0181"},"geometry":{"type":"LineString","coordinates":[[-79.8701159048347,40.44246295706296],[-79.87071519924052,40.44148488380454]]}},{"type":"Feature","properties":{"a":"FG0162","b":"FG0280"},"geometry":{"type":"LineString","coordinates":[[-79.86887300006616,40.442044000141806],[-79.86889979696912,40.44203138993797]]}},{"type":"Feature","properties":{"a":"FG0162","b":"FG0280"},"geometry":{"type":"LineString","coordinates":[[-79.86878142561996,40.442087314416305],[-79.86887300006616,40.442044000141806]]}},{"type":"Feature","properties":{"a":"FG0162","b":"FG0163"},"geometry":{"type":"LineString","coordinates":[[-79.86823141942817,40.442984947270745],[-79.86951661042889,40.44344103032138]]}},{"type":"Feature","properties":{"a":"FG0162","b":"FG0182"},"geometry":{"type":"LineString","coordinates":[[-79.86951661042889,40.44344103032138],[-79.8701159048347,40.44246295706296]]}},{"type":"Feature","properties":{"a":"FG0163","b":"FG0164"},"geometry":{"type":"LineString","coordinates":[[-79.86763212502235,40.44396302052917],[-79.86837708176714,40.444227387572326]]}},{"type":"Feature","properties":{"a":"FG0163","b":"FG0287"},"geometry":{"type":"LineString","coordinates":[[-79.86835199965925,40.44417599985817],[-79.86837708176714,40.444227387572326]]}},{"type":"Feature","properties":{"a":"FG0163","b":"FG0287"},"geometry":{"type":"LineString","coordinates":[[-79.86831200037459,40.44409200011901],[-79.86835199965925,40.44417599985817]]}},{"type":"Feature","properties":{"a":"FG0163","b":"FG0287"},"geometry":{"type":"LineString","coordinates":[[-79.86831200037459,40.44409200011901],[-79.86839600004018,40.444041000250586]]}},{"type":"Feature","properties":{"a":"FG0163","b":"FG0287"},"geometry":{"type":"LineString","coordinates":[[-79.86839600004018,40.444041000250586],[-79.86851200039114,40.44397899966136]]}},{"type":"Feature","properties":{"a":"FG0163","b":"FG0287"},"geometry":{"type":"LineString","coordinates":[[-79.86851200039114,40.44397899966136],[-79.86859699988162,40.44394999971894]]}},{"type":"Feature","properties":{"a":"FG0163","b":"FG0287"},"geometry":{"type":"LineString","coordinates":[[-79.86859699988162,40.44394999971894],[-79.86868800011823,40.44392799970719]]}},{"type":"Feature","properties":{"a":"FG0163","b":"FG0287"},"geometry":{"type":"LineString","coordinates":[[-79.86868800011823,40.44392799970719],[-79.8692686861254,40.443845653039375]]}},{"type":"Feature","properties":{"a":"FG0163","b":"FG0182"},"geometry":{"type":"LineString","coordinates":[[-79.8692686861254,40.443845653039375],[-79.86951661042889,40.44344103032138]]}},{"type":"Feature","properties":{"a":"FG0164","b":"FG0287"},"geometry":{"type":"LineString","coordinates":[[-79.86864899976015,40.44477999993758],[-79.86867020193333,40.44482240399544]]}},{"type":"Feature","properties":{"a":"FG0164","b":"FG0287"},"geometry":{"type":"LineString","coordinates":[[-79.86854900020106,40.44457900011756],[-79.86864899976015,40.44477999993758]]}},{"type":"Feature","properties":{"a":"FG0164","b":"FG0287"},"geometry":{"type":"LineString","coordinates":[[-79.86851599969077,40.44451199981607],[-79.86854900020106,40.44457900011756]]}},{"type":"Feature","properties":{"a":"FG0164","b":"FG0287"},"geometry":{"type":"LineString","coordinates":[[-79.86847499968289,40.44442799981314],[-79.86851599969077,40.44451199981607]]}},{"type":"Feature","properties":{"a":"FG0164","b":"FG0287"},"geometry":{"type":"LineString","coordinates":[[-79.86837708176714,40.444227387572326],[-79.86847499968289,40.44442799981314]]}},{"type":"Feature","properties":{"a":"FG0164","b":"FG0165"},"geometry":{"type":"LineString","coordinates":[[-79.86703283061654,40.44494109378759],[-79.86831802161724,40.44539717683823]]}},{"type":"Feature","properties":{"a":"FG0164","b":"FG0183"},"geometry":{"type":"LineString","coordinates":[[-79.86831802161724,40.44539717683823],[-79.86867020193333,40.44482240399544]]}},{"type":"Feature","properties":{"a":"FG0165","b":"FG0166"},"geometry":{"type":"LineString","coordinates":[[-79.86643353621072,40.44591916704601],[-79.86771872721143,40.446375250096644]]}},{"type":"Feature","properties":{"a":"FG0165","b":"FG0184"},"geometry":{"type":"LineString","coordinates":[[-79.86771872721143,40.446375250096644],[-79.86831802161724,40.44539717683823]]}},{"type":"Feature","properties":{"a":"FG0166","b":"FG0167"},"geometry":{"type":"LineString","coordinates":[[-79.8658342418049,40.44689724030443],[-79.86711943280561,40.44735332335507]]}},{"type":"Feature","properties":{"a":"FG0166","b":"FG0185"},"geometry":{"type":"LineString","coordinates":[[-79.86711943280561,40.44735332335507],[-79.86771872721143,40.446375250096644]]}},{"type":"Feature","properties":{"a":"FG0167","b":"FG0168"},"geometry":{"type":"LineString","coordinates":[[-79.86523494739907,40.44787531356285],[-79.86652013839978,40.44833139661349]]}},{"type":"Feature","properties":{"a":"FG0167","b":"FG0186"},"geometry":{"type":"LineString","coordinates":[[-79.86652013839978,40.44833139661349],[-79.86711943280561,40.44735332335507]]}},{"type":"Feature","properties":{"a":"FG0168","b":"FG0169"},"geometry":{"type":"LineString","coordinates":[[-79.86463565299326,40.44885338682127],[-79.86592084399396,40.449309469871906]]}},{"type":"Feature","properties":{"a":"FG0168","b":"FG0187"},"geometry":{"type":"LineString","coordinates":[[-79.86592084399396,40.449309469871906],[-79.86652013839978,40.44833139661349]]}},{"type":"Feature","properties":{"a":"FG0169","b":"FG0170"},"geometry":{"type":"LineString","coordinates":[[-79.86403635858744,40.449831460079686],[-79.86532154958815,40.45028754313033]]}},{"type":"Feature","properties":{"a":"FG0169","b":"FG0188"},"geometry":{"type":"LineString","coordinates":[[-79.86532154958815,40.45028754313033],[-79.86592084399396,40.449309469871906]]}},{"type":"Feature","properties":{"a":"FG0170","b":"FG0171"},"geometry":{"type":"LineString","coordinates":[[-79.86343706418162,40.450809533338116],[-79.86472225518233,40.45126561638875]]}},{"type":"Feature","properties":{"a":"FG0170","b":"FG0189"},"geometry":{"type":"LineString","coordinates":[[-79.86472225518233,40.45126561638875],[-79.86532154958815,40.45028754313033]]}},{"type":"Feature","properties":{"a":"FG0171","b":"FG0172"},"geometry":{"type":"LineString","coordinates":[[-79.8628377697758,40.45178760659653],[-79.8641229607765,40.452243689647176]]}},{"type":"Feature","properties":{"a":"FG0171","b":"FG0190"},"geometry":{"type":"LineString","coordinates":[[-79.8641229607765,40.452243689647176],[-79.86472225518233,40.45126561638875]]}},{"type":"Feature","properties":{"a":"FG0172","b":"FG0173"},"geometry":{"type":"LineString","coordinates":[[-79.86223847536996,40.452765679854956],[-79.86352366637067,40.4532217629056]]}},{"type":"Feature","properties":{"a":"FG0172","b":"FG0191"},"geometry":{"type":"LineString","coordinates":[[-79.86352366637067,40.4532217629056],[-79.8641229607765,40.452243689647176]]}},{"type":"Feature","properties":{"a":"FG0173","b":"FG0174"},"geometry":{"type":"LineString","coordinates":[[-79.86163918096415,40.45374375311337],[-79.86292437196485,40.45419983616402]]}},{"type":"Feature","properties":{"a":"FG0173","b":"FG0192"},"geometry":{"type":"LineString","coordinates":[[-79.86292437196485,40.45419983616402],[-79.86352366637067,40.4532217629056]]}},{"type":"Feature","properties":{"a":"FG0174","b":"FG0175"},"geometry":{"type":"LineString","coordinates":[[-79.86103988655833,40.4547218263718],[-79.86232507755903,40.45517790942244]]}},{"type":"Feature","properties":{"a":"FG0174","b":"FG0193"},"geometry":{"type":"LineString","coordinates":[[-79.86232507755903,40.45517790942244],[-79.86292437196485,40.45419983616402]]}},{"type":"Feature","properties":{"a":"FG0175","b":"FG0176"},"geometry":{"type":"LineString","coordinates":[[-79.86044059215251,40.45569989963022],[-79.8617257831532,40.45615598268086]]}},{"type":"Feature","properties":{"a":"FG0175","b":"FG0194"},"geometry":{"type":"LineString","coordinates":[[-79.8617257831532,40.45615598268086],[-79.86232507755903,40.45517790942244]]}},{"type":"Feature","properties":{"a":"FG0176","b":"FG0177"},"geometry":{"type":"LineString","coordinates":[[-79.85984129774668,40.45667797288864],[-79.86112648874737,40.457134055939285]]}},{"type":"Feature","properties":{"a":"FG0176","b":"FG0195"},"geometry":{"type":"LineString","coordinates":[[-79.86112648874737,40.457134055939285],[-79.8617257831532,40.45615598268086]]}},{"type":"Feature","properties":{"a":"FG0177","b":"FG0178"},"geometry":{"type":"LineString","coordinates":[[-79.85924200334087,40.45765604614706],[-79.86052719434156,40.45811212919771]]}},{"type":"Feature","properties":{"a":"FG0177","b":"FG0196"},"geometry":{"type":"LineString","coordinates":[[-79.86052719434156,40.45811212919771],[-79.86112648874737,40.457134055939285]]}},{"type":"Feature","properties":{"a":"FG0178","b":"FG0179"},"geometry":{"type":"LineString","coordinates":[[-79.85864270893505,40.45863411940549],[-79.85940558992446,40.45890484732743]]}},{"type":"Feature","properties":{"a":"FG0178","b":null},"geometry":{"type":"LineString","coordinates":[[-79.859399,40.458893],[-79.85940558992446,40.45890484732743]]}},{"type":"Feature","properties":{"a":"FG0178","b":null},"geometry":{"type":"LineString","coordinates":[[-79.859399,40.458893],[-79.859541,40.458888]]}},{"type":"Feature","properties":{"a":"FG0178","b":null},"geometry":{"type":"LineString","coordinates":[[-79.859541,40.458888],[-79.85996991493369,40.45887500257777]]}},{"type":"Feature","properties":{"a":"FG0178","b":"FG0473"},"geometry":{"type":"LineString","coordinates":[[-79.85996991493369,40.45887500257777],[-79.8599700003045,40.45887499990986]]}},{"type":"Feature","properties":{"a":"FG0178","b":null},"geometry":{"type":"LineString","coordinates":[[-79.8599700003045,40.45887499990986],[-79.86006092970588,40.45887309236885]]}},{"type":"Feature","properties":{"a":"FG0178","b":"FG0197"},"geometry":{"type":"LineString","coordinates":[[-79.86006092970588,40.45887309236885],[-79.86052719434156,40.45811212919771]]}},{"type":"Feature","properties":{"a":"FG0179","b":null},"geometry":{"type":"LineString","coordinates":[[-79.85940558992446,40.45890484732743],[-79.859621986351,40.45929388355013]]}},{"type":"Feature","properties":{"a":"FG0179","b":null},"geometry":{"type":"LineString","coordinates":[[-79.85817155012647,40.45940307006922],[-79.8595619998755,40.459359000223415]]}},{"type":"Feature","properties":{"a":"FG0179","b":"FG0473"},"geometry":{"type":"LineString","coordinates":[[-79.8595619998755,40.459359000223415],[-79.85962100032503,40.45935700030838]]}},{"type":"Feature","properties":{"a":"FG0179","b":"FG0473"},"geometry":{"type":"LineString","coordinates":[[-79.85962100032503,40.45935700030838],[-79.859621986351,40.45929388355013]]}},{"type":"Feature","properties":{"a":"FG0180","b":null},"geometry":{"type":"LineString","coordinates":[[-79.87174721123935,40.44066037150303],[-79.87175078947216,40.440661641330884]]}},{"type":"Feature","properties":{"a":"FG0180","b":"FG0291"},"geometry":{"type":"LineString","coordinates":[[-79.87161200019835,40.44074499999636],[-79.87174721123935,40.44066037150303]]}},{"type":"Feature","properties":{"a":"FG0180","b":"FG0291"},"geometry":{"type":"LineString","coordinates":[[-79.87143899994601,40.440833000065155],[-79.87161200019835,40.44074499999636]]}},{"type":"Feature","properties":{"a":"FG0180","b":"FG0291"},"geometry":{"type":"LineString","coordinates":[[-79.87124800015029,40.440930000054124],[-79.87143899994601,40.440833000065155]]}},{"type":"Feature","properties":{"a":"FG0180","b":"FG0291"},"geometry":{"type":"LineString","coordinates":[[-79.87097744911665,40.441056881159476],[-79.87124800015029,40.440930000054124]]}},{"type":"Feature","properties":{"a":"FG0180","b":"FG0285"},"geometry":{"type":"LineString","coordinates":[[-79.87034496791911,40.44135349770674],[-79.87097744911665,40.441056881159476]]}},{"type":"Feature","properties":{"a":"FG0180","b":"FG0181"},"geometry":{"type":"LineString","coordinates":[[-79.87071519924052,40.44148488380454],[-79.87149365254521,40.4417611379627]]}},{"type":"Feature","properties":{"a":"FG0180","b":"FG0291"},"geometry":{"type":"LineString","coordinates":[[-79.87149365254521,40.4417611379627],[-79.87160299997751,40.44155499979154]]}},{"type":"Feature","properties":{"a":"FG0180","b":"FG0291"},"geometry":{"type":"LineString","coordinates":[[-79.87160299997751,40.44155499979154],[-79.87162200024409,40.44152099973979]]}},{"type":"Feature","properties":{"a":"FG0180","b":"FG0291"},"geometry":{"type":"LineString","coordinates":[[-79.87162200024409,40.44152099973979],[-79.87164300016049,40.441413999726095]]}},{"type":"Feature","properties":{"a":"FG0180","b":"FG0291"},"geometry":{"type":"LineString","coordinates":[[-79.87164300016049,40.441413999726095],[-79.8716570004042,40.44134199992772]]}},{"type":"Feature","properties":{"a":"FG0180","b":"FG0291"},"geometry":{"type":"LineString","coordinates":[[-79.8716570004042,40.44134199992772],[-79.8717000000619,40.441127000298735]]}},{"type":"Feature","properties":{"a":"FG0180","b":"FG0291"},"geometry":{"type":"LineString","coordinates":[[-79.8717000000619,40.441127000298735],[-79.87171400030562,40.441034000147624]]}},{"type":"Feature","properties":{"a":"FG0180","b":"FG0291"},"geometry":{"type":"LineString","coordinates":[[-79.87171400030562,40.441034000147624],[-79.87174400044283,40.440778999756894]]}},{"type":"Feature","properties":{"a":"FG0180","b":"FG0291"},"geometry":{"type":"LineString","coordinates":[[-79.87174400044283,40.440778999756894],[-79.87175078947216,40.440661641330884]]}},{"type":"Feature","properties":{"a":"FG0181","b":"FG0182"},"geometry":{"type":"LineString","coordinates":[[-79.8701159048347,40.44246295706296],[-79.87102716399002,40.44278634078978]]}},{"type":"Feature","properties":{"a":"FG0181","b":"FG0292"},"geometry":{"type":"LineString","coordinates":[[-79.87102716399002,40.44278634078978],[-79.87104800013375,40.442728000276006]]}},{"type":"Feature","properties":{"a":"FG0181","b":"FG0292"},"geometry":{"type":"LineString","coordinates":[[-79.87104800013375,40.442728000276006],[-79.87117500035535,40.44239699997067]]}},{"type":"Feature","properties":{"a":"FG0181","b":"FG0292"},"geometry":{"type":"LineString","coordinates":[[-79.87117500035535,40.44239699997067],[-79.87123899992946,40.44225999978466]]}},{"type":"Feature","properties":{"a":"FG0181","b":"FG0292"},"geometry":{"type":"LineString","coordinates":[[-79.87123899992946,40.44225999978466],[-79.87132500014317,40.44208099988933]]}},{"type":"Feature","properties":{"a":"FG0181","b":"FG0292"},"geometry":{"type":"LineString","coordinates":[[-79.87132500014317,40.44208099988933],[-79.87139399974016,40.44194900014247]]}},{"type":"Feature","properties":{"a":"FG0181","b":"FG0292"},"geometry":{"type":"LineString","coordinates":[[-79.87139399974016,40.44194900014247],[-79.87149365254521,40.4417611379627]]}},{"type":"Feature","properties":{"a":"FG0182","b":"FG0293"},"geometry":{"type":"LineString","coordinates":[[-79.8692686861254,40.443845653039375],[-79.86991499998166,40.44375399973316]]}},{"type":"Feature","properties":{"a":"FG0182","b":"FG0293"},"geometry":{"type":"LineString","coordinates":[[-79.86991499998166,40.44375399973316],[-79.87007499981523,40.44373200034087]]}},{"type":"Feature","properties":{"a":"FG0182","b":"FG0293"},"geometry":{"type":"LineString","coordinates":[[-79.87007499981523,40.44373200034087],[-79.87027569576537,40.44371041125836]]}},{"type":"Feature","properties":{"a":"FG0182","b":"FG0299"},"geometry":{"type":"LineString","coordinates":[[-79.87027569576537,40.44371041125836],[-79.87032599988538,40.44370499998924]]}},{"type":"Feature","properties":{"a":"FG0182","b":"FG0299"},"geometry":{"type":"LineString","coordinates":[[-79.87032599988538,40.44370499998924],[-79.87059600022212,40.44367499973772]]}},{"type":"Feature","properties":{"a":"FG0182","b":"FG0299"},"geometry":{"type":"LineString","coordinates":[[-79.87059600022212,40.44367499973772],[-79.87066200034437,40.4436350002931]]}},{"type":"Feature","properties":{"a":"FG0182","b":"FG0299"},"geometry":{"type":"LineString","coordinates":[[-79.87066200034437,40.4436350002931],[-79.87072699974338,40.44358199969338]]}},{"type":"Feature","properties":{"a":"FG0182","b":"FG0299"},"geometry":{"type":"LineString","coordinates":[[-79.87072699974338,40.44358199969338],[-79.870741999812,40.44357100031185]]}},{"type":"Feature","properties":{"a":"FG0182","b":"FG0299"},"geometry":{"type":"LineString","coordinates":[[-79.870741999812,40.44357100031185],[-79.87086300018582,40.443426999789274]]}},{"type":"Feature","properties":{"a":"FG0182","b":"FG0299"},"geometry":{"type":"LineString","coordinates":[[-79.87086300018582,40.443426999789274],[-79.87087800025444,40.44339999999879]]}},{"type":"Feature","properties":{"a":"FG0182","b":"FG0299"},"geometry":{"type":"LineString","coordinates":[[-79.87087800025444,40.44339999999879],[-79.87091599988926,40.44331499977727]]}},{"type":"Feature","properties":{"a":"FG0182","b":"FG0299"},"geometry":{"type":"LineString","coordinates":[[-79.87091599988926,40.44331499977727],[-79.87094100000363,40.44316200033829]]}},{"type":"Feature","properties":{"a":"FG0182","b":"FG0299"},"geometry":{"type":"LineString","coordinates":[[-79.87094100000363,40.44316200033829],[-79.87095500024732,40.44308500004651]]}},{"type":"Feature","properties":{"a":"FG0182","b":"FG0299"},"geometry":{"type":"LineString","coordinates":[[-79.87095500024732,40.44308500004651],[-79.87097500033882,40.44300499974765]]}},{"type":"Feature","properties":{"a":"FG0182","b":"FG0299"},"geometry":{"type":"LineString","coordinates":[[-79.87097500033882,40.44300499974765],[-79.87098700003438,40.44290099996874]]}},{"type":"Feature","properties":{"a":"FG0182","b":"FG0299"},"geometry":{"type":"LineString","coordinates":[[-79.87098700003438,40.44290099996874],[-79.87101799999651,40.442811999668706]]}},{"type":"Feature","properties":{"a":"FG0182","b":"FG0299"},"geometry":{"type":"LineString","coordinates":[[-79.87101799999651,40.442811999668706],[-79.87102716399002,40.44278634078978]]}},{"type":"Feature","properties":{"a":"FG0182","b":"FG0293"},"geometry":{"type":"LineString","coordinates":[[-79.86940699999354,40.44459199968874],[-79.86940860904197,40.44459345153174]]}},{"type":"Feature","properties":{"a":"FG0182","b":"FG0293"},"geometry":{"type":"LineString","coordinates":[[-79.86929099964257,40.44448800031427],[-79.86940699999354,40.44459199968874]]}},{"type":"Feature","properties":{"a":"FG0182","b":"FG0293"},"geometry":{"type":"LineString","coordinates":[[-79.86922507294713,40.44452831903237],[-79.86929099964257,40.44448800031427]]}},{"type":"Feature","properties":{"a":"FG0182","b":"FG0183"},"geometry":{"type":"LineString","coordinates":[[-79.86922507294713,40.44452831903237],[-79.86940860904197,40.44459345153174]]}},{"type":"Feature","properties":{"a":"FG0183","b":"FG0293"},"geometry":{"type":"LineString","coordinates":[[-79.86998699995168,40.44511500012495],[-79.87003125497787,40.44515467705272]]}},{"type":"Feature","properties":{"a":"FG0183","b":"FG0293"},"geometry":{"type":"LineString","coordinates":[[-79.86987200032394,40.44501100019243],[-79.86998699995168,40.44511500012495]]}},{"type":"Feature","properties":{"a":"FG0183","b":"FG0293"},"geometry":{"type":"LineString","coordinates":[[-79.86975500014807,40.444905999926384],[-79.86987200032394,40.44501100019243]]}},{"type":"Feature","properties":{"a":"FG0183","b":"FG0293"},"geometry":{"type":"LineString","coordinates":[[-79.86940860904197,40.44459345153174],[-79.86975500014807,40.444905999926384]]}},{"type":"Feature","properties":{"a":"FG0183","b":"FG0293"},"geometry":{"type":"LineString","coordinates":[[-79.86917000016707,40.44456199983313],[-79.86922507294713,40.44452831903237]]}},{"type":"Feature","properties":{"a":"FG0183","b":"FG0293"},"geometry":{"type":"LineString","coordinates":[[-79.86880899959372,40.44478500012611],[-79.86917000016707,40.44456199983313]]}},{"type":"Feature","properties":{"a":"FG0183","b":"FG0293"},"geometry":{"type":"LineString","coordinates":[[-79.86875599989028,40.44481799972034],[-79.86880899959372,40.44478500012611]]}},{"type":"Feature","properties":{"a":"FG0183","b":"FG0293"},"geometry":{"type":"LineString","coordinates":[[-79.86868300009536,40.44484800014536],[-79.86875599989028,40.44481799972034]]}},{"type":"Feature","properties":{"a":"FG0183","b":"FG0293"},"geometry":{"type":"LineString","coordinates":[[-79.86867020193333,40.44482240399544],[-79.86868300009536,40.44484800014536]]}},{"type":"Feature","properties":{"a":"FG0183","b":"FG0184"},"geometry":{"type":"LineString","coordinates":[[-79.86831802161724,40.44539717683823],[-79.86960321261796,40.445853259888864]]}},{"type":"Feature","properties":{"a":"FG0183","b":"FG0198"},"geometry":{"type":"LineString","coordinates":[[-79.86960321261796,40.445853259888864],[-79.87003125497787,40.44515467705272]]}},{"type":"Feature","properties":{"a":"FG0184","b":"FG0185"},"geometry":{"type":"LineString","coordinates":[[-79.86771872721143,40.446375250096644],[-79.86900391821214,40.44683133314729]]}},{"type":"Feature","properties":{"a":"FG0184","b":"FG0199"},"geometry":{"type":"LineString","coordinates":[[-79.86900391821214,40.44683133314729],[-79.86960321261796,40.445853259888864]]}},{"type":"Feature","properties":{"a":"FG0185","b":"FG0186"},"geometry":{"type":"LineString","coordinates":[[-79.86711943280561,40.44735332335507],[-79.86840462380631,40.44780940640571]]}},{"type":"Feature","properties":{"a":"FG0185","b":"FG0200"},"geometry":{"type":"LineString","coordinates":[[-79.86840462380631,40.44780940640571],[-79.86900391821214,40.44683133314729]]}},{"type":"Feature","properties":{"a":"FG0186","b":"FG0187"},"geometry":{"type":"LineString","coordinates":[[-79.86652013839978,40.44833139661349],[-79.86780532940048,40.448787479664134]]}},{"type":"Feature","properties":{"a":"FG0186","b":"FG0201"},"geometry":{"type":"LineString","coordinates":[[-79.86780532940048,40.448787479664134],[-79.86840462380631,40.44780940640571]]}},{"type":"Feature","properties":{"a":"FG0187","b":"FG0188"},"geometry":{"type":"LineString","coordinates":[[-79.86592084399396,40.449309469871906],[-79.86707199618421,40.44971798580642]]}},{"type":"Feature","properties":{"a":"FG0187","b":null},"geometry":{"type":"LineString","coordinates":[[-79.86707199618421,40.44971798580642],[-79.86713999986443,40.449392000323684]]}},{"type":"Feature","properties":{"a":"FG0187","b":null},"geometry":{"type":"LineString","coordinates":[[-79.86713999986443,40.449392000323684],[-79.86743621520299,40.44938988930182]]}},{"type":"Feature","properties":{"a":"FG0187","b":"FG0201"},"geometry":{"type":"LineString","coordinates":[[-79.86743621520299,40.44938988930182],[-79.867502968097,40.44928094581775]]}},{"type":"Feature","properties":{"a":"FG0187","b":"FG0398"},"geometry":{"type":"LineString","coordinates":[[-79.86743699996535,40.44916900027669],[-79.867502968097,40.44928094581775]]}},{"type":"Feature","properties":{"a":"FG0187","b":"FG0398"},"geometry":{"type":"LineString","coordinates":[[-79.86739500013256,40.44909699989811],[-79.86743699996535,40.44916900027669]]}},{"type":"Feature","properties":{"a":"FG0187","b":"FG0398"},"geometry":{"type":"LineString","coordinates":[[-79.86739500013256,40.44909699989811],[-79.8675530003163,40.44909300014064]]}},{"type":"Feature","properties":{"a":"FG0187","b":"FG0398"},"geometry":{"type":"LineString","coordinates":[[-79.8675530003163,40.44909300014064],[-79.86761880421379,40.449091896483914]]}},{"type":"Feature","properties":{"a":"FG0187","b":"FG0201"},"geometry":{"type":"LineString","coordinates":[[-79.86761880421379,40.449091896483914],[-79.86780532940048,40.448787479664134]]}},{"type":"Feature","properties":{"a":"FG0188","b":"FG0189"},"geometry":{"type":"LineString","coordinates":[[-79.86532154958815,40.45028754313033],[-79.86660674058885,40.45074362618097]]}},{"type":"Feature","properties":{"a":"FG0188","b":"FG0202"},"geometry":{"type":"LineString","coordinates":[[-79.86660674058885,40.45074362618097],[-79.86681781607679,40.450818531741625]]}},{"type":"Feature","properties":{"a":"FG0188","b":null},"geometry":{"type":"LineString","coordinates":[[-79.86681781607679,40.450818531741625],[-79.866827,40.450777]]}},{"type":"Feature","properties":{"a":"FG0188","b":null},"geometry":{"type":"LineString","coordinates":[[-79.866827,40.450777],[-79.866852,40.450656]]}},{"type":"Feature","properties":{"a":"FG0188","b":null},"geometry":{"type":"LineString","coordinates":[[-79.866852,40.450656],[-79.866871,40.450568]]}},{"type":"Feature","properties":{"a":"FG0188","b":null},"geometry":{"type":"LineString","coordinates":[[-79.866871,40.450568],[-79.86689499957032,40.450568]]}},{"type":"Feature","properties":{"a":"FG0188","b":"FG0466"},"geometry":{"type":"LineString","coordinates":[[-79.86689499964204,40.45056799966095],[-79.86689499957032,40.450568]]}},{"type":"Feature","properties":{"a":"FG0188","b":"FG0466"},"geometry":{"type":"LineString","coordinates":[[-79.86689499964204,40.45056799966095],[-79.86695099971855,40.45029799987529]]}},{"type":"Feature","properties":{"a":"FG0188","b":null},"geometry":{"type":"LineString","coordinates":[[-79.86695099971855,40.45029799987529],[-79.8669877591789,40.45012178808224]]}},{"type":"Feature","properties":{"a":"FG0188","b":null},"geometry":{"type":"LineString","coordinates":[[-79.8669877591789,40.45012178808224],[-79.86707199618421,40.44971798580642]]}},{"type":"Feature","properties":{"a":"FG0189","b":"FG0190"},"geometry":{"type":"LineString","coordinates":[[-79.86472225518233,40.45126561638875],[-79.86600744618303,40.45172169943939]]}},{"type":"Feature","properties":{"a":"FG0189","b":"FG0202"},"geometry":{"type":"LineString","coordinates":[[-79.86600744618303,40.45172169943939],[-79.86660674058885,40.45074362618097]]}},{"type":"Feature","properties":{"a":"FG0190","b":"FG0191"},"geometry":{"type":"LineString","coordinates":[[-79.8641229607765,40.452243689647176],[-79.8654081517772,40.45269977269781]]}},{"type":"Feature","properties":{"a":"FG0190","b":"FG0203"},"geometry":{"type":"LineString","coordinates":[[-79.8654081517772,40.45269977269781],[-79.86600744618303,40.45172169943939]]}},{"type":"Feature","properties":{"a":"FG0191","b":"FG0192"},"geometry":{"type":"LineString","coordinates":[[-79.86352366637067,40.4532217629056],[-79.86480885737137,40.453677845956236]]}},{"type":"Feature","properties":{"a":"FG0191","b":"FG0204"},"geometry":{"type":"LineString","coordinates":[[-79.86480885737137,40.453677845956236],[-79.8654081517772,40.45269977269781]]}},{"type":"Feature","properties":{"a":"FG0192","b":"FG0193"},"geometry":{"type":"LineString","coordinates":[[-79.86292437196485,40.45419983616402],[-79.86420956296556,40.45465591921465]]}},{"type":"Feature","properties":{"a":"FG0192","b":"FG0205"},"geometry":{"type":"LineString","coordinates":[[-79.86420956296556,40.45465591921465],[-79.86480885737137,40.453677845956236]]}},{"type":"Feature","properties":{"a":"FG0193","b":"FG0194"},"geometry":{"type":"LineString","coordinates":[[-79.86232507755903,40.45517790942244],[-79.86361026855974,40.455633992473075]]}},{"type":"Feature","properties":{"a":"FG0193","b":"FG0206"},"geometry":{"type":"LineString","coordinates":[[-79.86361026855974,40.455633992473075],[-79.86420956296556,40.45465591921465]]}},{"type":"Feature","properties":{"a":"FG0194","b":"FG0195"},"geometry":{"type":"LineString","coordinates":[[-79.8617257831532,40.45615598268086],[-79.86301097415392,40.4566120657315]]}},{"type":"Feature","properties":{"a":"FG0194","b":"FG0207"},"geometry":{"type":"LineString","coordinates":[[-79.86301097415392,40.4566120657315],[-79.86361026855974,40.455633992473075]]}},{"type":"Feature","properties":{"a":"FG0195","b":"FG0196"},"geometry":{"type":"LineString","coordinates":[[-79.86112648874737,40.457134055939285],[-79.86241167974809,40.457590138989914]]}},{"type":"Feature","properties":{"a":"FG0195","b":"FG0208"},"geometry":{"type":"LineString","coordinates":[[-79.86241167974809,40.457590138989914],[-79.86301097415392,40.4566120657315]]}},{"type":"Feature","properties":{"a":"FG0196","b":"FG0197"},"geometry":{"type":"LineString","coordinates":[[-79.86052719434156,40.45811212919771],[-79.86158822980208,40.458488664895036]]}},{"type":"Feature","properties":{"a":"FG0196","b":null},"geometry":{"type":"LineString","coordinates":[[-79.86158822980208,40.458488664895036],[-79.86186207568431,40.45848711555483]]}},{"type":"Feature","properties":{"a":"FG0196","b":"FG0209"},"geometry":{"type":"LineString","coordinates":[[-79.86186207568431,40.45848711555483],[-79.86241167974809,40.457590138989914]]}},{"type":"Feature","properties":{"a":"FG0197","b":null},"geometry":{"type":"LineString","coordinates":[[-79.86006092970588,40.45887309236885],[-79.86008068016194,40.45887267803856]]}},{"type":"Feature","properties":{"a":"FG0197","b":null},"geometry":{"type":"LineString","coordinates":[[-79.86008068016194,40.45887267803856],[-79.860113,40.458872]]}},{"type":"Feature","properties":{"a":"FG0197","b":null},"geometry":{"type":"LineString","coordinates":[[-79.860113,40.458872],[-79.86017697539599,40.45886826602747]]}},{"type":"Feature","properties":{"a":"FG0197","b":"FG0473"},"geometry":{"type":"LineString","coordinates":[[-79.86017697539599,40.45886826602747],[-79.86037000033758,40.45885699985917]]}},{"type":"Feature","properties":{"a":"FG0197","b":"FG0473"},"geometry":{"type":"LineString","coordinates":[[-79.86037000033758,40.45885699985917],[-79.86064399997396,40.45884199969934]]}},{"type":"Feature","properties":{"a":"FG0197","b":"FG0473"},"geometry":{"type":"LineString","coordinates":[[-79.86062899990536,40.45859399967007],[-79.86064399997396,40.45884199969934]]}},{"type":"Feature","properties":{"a":"FG0197","b":"FG0473"},"geometry":{"type":"LineString","coordinates":[[-79.86062899990536,40.45859399967007],[-79.86099499960324,40.458589999794356]]}},{"type":"Feature","properties":{"a":"FG0197","b":"FG0473"},"geometry":{"type":"LineString","coordinates":[[-79.86099499960324,40.458589999794356],[-79.86099544753368,40.45858999405189]]}},{"type":"Feature","properties":{"a":"FG0197","b":null},"geometry":{"type":"LineString","coordinates":[[-79.86099544753368,40.45858999405189],[-79.860999,40.458587]]}},{"type":"Feature","properties":{"a":"FG0197","b":null},"geometry":{"type":"LineString","coordinates":[[-79.860999,40.458587],[-79.861048,40.45857]]}},{"type":"Feature","properties":{"a":"FG0197","b":null},"geometry":{"type":"LineString","coordinates":[[-79.861048,40.45857],[-79.861294,40.458491]]}},{"type":"Feature","properties":{"a":"FG0197","b":null},"geometry":{"type":"LineString","coordinates":[[-79.861294,40.458491],[-79.861529,40.458489]]}},{"type":"Feature","properties":{"a":"FG0197","b":null},"geometry":{"type":"LineString","coordinates":[[-79.861529,40.458489],[-79.86158822980207,40.458488664895036]]}},{"type":"Feature","properties":{"a":"FG0198","b":"FG0301"},"geometry":{"type":"LineString","coordinates":[[-79.8710029999279,40.44602700016043],[-79.87104208401327,40.44605853017893]]}},{"type":"Feature","properties":{"a":"FG0198","b":"FG0301"},"geometry":{"type":"LineString","coordinates":[[-79.87098299983641,40.44600900008602],[-79.8710029999279,40.44602700016043]]}},{"type":"Feature","properties":{"a":"FG0198","b":"FG0301"},"geometry":{"type":"LineString","coordinates":[[-79.87073000011644,40.44578199979763],[-79.87098299983641,40.44600900008602]]}},{"type":"Feature","properties":{"a":"FG0198","b":"FG0301"},"geometry":{"type":"LineString","coordinates":[[-79.87058399962824,40.445649999798405],[-79.87073000011644,40.44578199979763]]}},{"type":"Feature","properties":{"a":"FG0198","b":"FG0301"},"geometry":{"type":"LineString","coordinates":[[-79.87045099955886,40.44553100029678],[-79.87058399962824,40.445649999798405]]}},{"type":"Feature","properties":{"a":"FG0198","b":"FG0301"},"geometry":{"type":"LineString","coordinates":[[-79.87033500010622,40.44542700032427],[-79.87045099955886,40.44553100029678]]}},{"type":"Feature","properties":{"a":"FG0198","b":"FG0301"},"geometry":{"type":"LineString","coordinates":[[-79.87003125497787,40.44515467705272],[-79.87033500010622,40.44542700032427]]}},{"type":"Feature","properties":{"a":"FG0198","b":"FG0199"},"geometry":{"type":"LineString","coordinates":[[-79.86960321261796,40.445853259888864],[-79.87088840361865,40.4463093429395]]}},{"type":"Feature","properties":{"a":"FG0198","b":"FG0210"},"geometry":{"type":"LineString","coordinates":[[-79.87088840361865,40.4463093429395],[-79.87104208401327,40.44605853017893]]}},{"type":"Feature","properties":{"a":"FG0199","b":"FG0200"},"geometry":{"type":"LineString","coordinates":[[-79.86900391821214,40.44683133314729],[-79.87028910921283,40.44728741619792]]}},{"type":"Feature","properties":{"a":"FG0199","b":"FG0210"},"geometry":{"type":"LineString","coordinates":[[-79.87028910921283,40.44728741619792],[-79.87088840361865,40.4463093429395]]}},{"type":"Feature","properties":{"a":"FG0200","b":"FG0201"},"geometry":{"type":"LineString","coordinates":[[-79.86840462380631,40.44780940640571],[-79.86968981480702,40.44826548945634]]}},{"type":"Feature","properties":{"a":"FG0200","b":"FG0211"},"geometry":{"type":"LineString","coordinates":[[-79.86968981480702,40.44826548945634],[-79.87028910921283,40.44728741619792]]}},{"type":"Feature","properties":{"a":"FG0201","b":"FG0211"},"geometry":{"type":"LineString","coordinates":[[-79.86968981480702,40.44826548945634],[-79.86988370377479,40.44833429593869]]}},{"type":"Feature","properties":{"a":"FG0201","b":"FG0398"},"geometry":{"type":"LineString","coordinates":[[-79.86761880421379,40.449091896483914],[-79.86803000034229,40.449084999941434]]}},{"type":"Feature","properties":{"a":"FG0201","b":"FG0398"},"geometry":{"type":"LineString","coordinates":[[-79.86803000034229,40.449084999941434],[-79.86818900035095,40.449082000293735]]}},{"type":"Feature","properties":{"a":"FG0201","b":"FG0398"},"geometry":{"type":"LineString","coordinates":[[-79.86818900035095,40.449082000293735],[-79.86835000000943,40.44907799985176]]}},{"type":"Feature","properties":{"a":"FG0201","b":"FG0398"},"geometry":{"type":"LineString","coordinates":[[-79.86835000000943,40.44907799985176],[-79.86861031492562,40.449073149462485]]}},{"type":"Feature","properties":{"a":"FG0201","b":"FG0401"},"geometry":{"type":"LineString","coordinates":[[-79.86861031492562,40.449073149462485],[-79.86883299988318,40.449069000223766]]}},{"type":"Feature","properties":{"a":"FG0201","b":"FG0401"},"geometry":{"type":"LineString","coordinates":[[-79.86883299988318,40.449069000223766],[-79.86888899995967,40.44906800011309]]}},{"type":"Feature","properties":{"a":"FG0201","b":"FG0401"},"geometry":{"type":"LineString","coordinates":[[-79.86888899995967,40.44906800011309],[-79.86899400043998,40.44906100002164]]}},{"type":"Feature","properties":{"a":"FG0201","b":"FG0401"},"geometry":{"type":"LineString","coordinates":[[-79.8689890004171,40.449009999821946],[-79.86899400043998,40.44906100002164]]}},{"type":"Feature","properties":{"a":"FG0201","b":"FG0401"},"geometry":{"type":"LineString","coordinates":[[-79.8689890004171,40.449009999821946],[-79.86900100011268,40.44899199986283]]}},{"type":"Feature","properties":{"a":"FG0201","b":"FG0401"},"geometry":{"type":"LineString","coordinates":[[-79.86900100011268,40.44899199986283],[-79.86913099980902,40.44889399977306]]}},{"type":"Feature","properties":{"a":"FG0201","b":"FG0401"},"geometry":{"type":"LineString","coordinates":[[-79.86913099980902,40.44889399977306],[-79.86945066010101,40.4486557998285]]}},{"type":"Feature","properties":{"a":"FG0201","b":"FG0401"},"geometry":{"type":"LineString","coordinates":[[-79.86945066010101,40.4486557998285],[-79.8696999998965,40.44847000031899]]}},{"type":"Feature","properties":{"a":"FG0201","b":"FG0401"},"geometry":{"type":"LineString","coordinates":[[-79.8696999998965,40.44847000031899],[-79.8698549997072,40.44836299974546]]}},{"type":"Feature","properties":{"a":"FG0201","b":"FG0401"},"geometry":{"type":"LineString","coordinates":[[-79.8698549997072,40.44836299974546],[-79.86988370377479,40.44833429593869]]}},{"type":"Feature","properties":{"a":"FG0201","b":"FG0398"},"geometry":{"type":"LineString","coordinates":[[-79.8675030000876,40.449281000104634],[-79.86756099981392,40.44938900000607]]}},{"type":"Feature","properties":{"a":"FG0201","b":"FG0398"},"geometry":{"type":"LineString","coordinates":[[-79.867502968097,40.44928094581775],[-79.8675030000876,40.449281000104634]]}},{"type":"Feature","properties":{"a":"FG0201","b":null},"geometry":{"type":"LineString","coordinates":[[-79.86743621520299,40.44938988930182],[-79.86756099981392,40.44938900000607]]}},{"type":"Feature","properties":{"a":"FG0202","b":"FG0203"},"geometry":{"type":"LineString","coordinates":[[-79.86600744618303,40.45172169943939],[-79.8665746642001,40.451922991327876]]}},{"type":"Feature","properties":{"a":"FG0202","b":null},"geometry":{"type":"LineString","coordinates":[[-79.8665746642001,40.451922991327876],[-79.866737,40.451184]]}},{"type":"Feature","properties":{"a":"FG0202","b":null},"geometry":{"type":"LineString","coordinates":[[-79.866737,40.451184],[-79.86681781607679,40.450818531741625]]}},{"type":"Feature","properties":{"a":"FG0203","b":"FG0204"},"geometry":{"type":"LineString","coordinates":[[-79.8654081517772,40.45269977269781],[-79.86633660650335,40.45302925871479]]}},{"type":"Feature","properties":{"a":"FG0203","b":null},"geometry":{"type":"LineString","coordinates":[[-79.86633660650335,40.45302925871479],[-79.86638,40.452812]]}},{"type":"Feature","properties":{"a":"FG0203","b":null},"geometry":{"type":"LineString","coordinates":[[-79.86638,40.452812],[-79.866469,40.452404]]}},{"type":"Feature","properties":{"a":"FG0203","b":null},"geometry":{"type":"LineString","coordinates":[[-79.866469,40.452404],[-79.8665746642001,40.451922991327876]]}},{"type":"Feature","properties":{"a":"FG0204","b":"FG0205"},"geometry":{"type":"LineString","coordinates":[[-79.86480885737137,40.453677845956236],[-79.86609404837208,40.45413392900687]]}},{"type":"Feature","properties":{"a":"FG0204","b":"FG0205"},"geometry":{"type":"LineString","coordinates":[[-79.86609404837208,40.45413392900687],[-79.86611539285231,40.454141503644145]]}},{"type":"Feature","properties":{"a":"FG0204","b":null},"geometry":{"type":"LineString","coordinates":[[-79.86611539285231,40.454141503644145],[-79.86612781057813,40.45407882769012]]}},{"type":"Feature","properties":{"a":"FG0204","b":null},"geometry":{"type":"LineString","coordinates":[[-79.86612781057813,40.45407882769012],[-79.866231,40.453558]]}},{"type":"Feature","properties":{"a":"FG0204","b":null},"geometry":{"type":"LineString","coordinates":[[-79.866231,40.453558],[-79.86633660650335,40.45302925871479]]}},{"type":"Feature","properties":{"a":"FG0205","b":"FG0206"},"geometry":{"type":"LineString","coordinates":[[-79.86420956296556,40.45465591921465],[-79.86549475396626,40.455112002265295]]}},{"type":"Feature","properties":{"a":"FG0205","b":"FG0212"},"geometry":{"type":"LineString","coordinates":[[-79.86549475396626,40.455112002265295],[-79.86589497261043,40.45525403013513]]}},{"type":"Feature","properties":{"a":"FG0205","b":null},"geometry":{"type":"LineString","coordinates":[[-79.86589497261043,40.45525403013513],[-79.8661153928523,40.454141503644145]]}},{"type":"Feature","properties":{"a":"FG0206","b":"FG0207"},"geometry":{"type":"LineString","coordinates":[[-79.86361026855974,40.455633992473075],[-79.86489545956044,40.45609007552371]]}},{"type":"Feature","properties":{"a":"FG0206","b":"FG0212"},"geometry":{"type":"LineString","coordinates":[[-79.86489545956044,40.45609007552371],[-79.86549475396626,40.455112002265295]]}},{"type":"Feature","properties":{"a":"FG0207","b":"FG0208"},"geometry":{"type":"LineString","coordinates":[[-79.86301097415392,40.4566120657315],[-79.86429616515463,40.457068148782135]]}},{"type":"Feature","properties":{"a":"FG0207","b":"FG0213"},"geometry":{"type":"LineString","coordinates":[[-79.86429616515463,40.457068148782135],[-79.86489545956044,40.45609007552371]]}},{"type":"Feature","properties":{"a":"FG0208","b":"FG0209"},"geometry":{"type":"LineString","coordinates":[[-79.86241167974809,40.457590138989914],[-79.86369687074881,40.45804622204056]]}},{"type":"Feature","properties":{"a":"FG0208","b":"FG0214"},"geometry":{"type":"LineString","coordinates":[[-79.86369687074881,40.45804622204056],[-79.86429616515463,40.457068148782135]]}},{"type":"Feature","properties":{"a":"FG0209","b":null},"geometry":{"type":"LineString","coordinates":[[-79.86186207568431,40.45848711555483],[-79.862236,40.458485]]}},{"type":"Feature","properties":{"a":"FG0209","b":null},"geometry":{"type":"LineString","coordinates":[[-79.862236,40.458485],[-79.862472,40.458484]]}},{"type":"Feature","properties":{"a":"FG0209","b":null},"geometry":{"type":"LineString","coordinates":[[-79.862472,40.458484],[-79.862765,40.458492]]}},{"type":"Feature","properties":{"a":"FG0209","b":null},"geometry":{"type":"LineString","coordinates":[[-79.862765,40.458492],[-79.86341247160836,40.45851037320114]]}},{"type":"Feature","properties":{"a":"FG0209","b":"FG0215"},"geometry":{"type":"LineString","coordinates":[[-79.86341247160836,40.45851037320114],[-79.86369687074881,40.45804622204056]]}},{"type":"Feature","properties":{"a":"FG0210","b":"FG0309"},"geometry":{"type":"LineString","coordinates":[[-79.87200300001061,40.44678200015442],[-79.87202700030005,40.44680000002176]]}},{"type":"Feature","properties":{"a":"FG0210","b":"FG0309"},"geometry":{"type":"LineString","coordinates":[[-79.87193400041365,40.44673100027611],[-79.87200300001061,40.44678200015442]]}},{"type":"Feature","properties":{"a":"FG0210","b":"FG0309"},"geometry":{"type":"LineString","coordinates":[[-79.87191099994911,40.446713999852335],[-79.87193400041365,40.44673100027611]]}},{"type":"Feature","properties":{"a":"FG0210","b":"FG0309"},"geometry":{"type":"LineString","coordinates":[[-79.87185800024565,40.44667400016531],[-79.87191099994911,40.446713999852335]]}},{"type":"Feature","properties":{"a":"FG0210","b":"FG0309"},"geometry":{"type":"LineString","coordinates":[[-79.871804656581,40.44663449884706],[-79.87185800024565,40.44667400016531]]}},{"type":"Feature","properties":{"a":"FG0210","b":"FG0309"},"geometry":{"type":"LineString","coordinates":[[-79.8717000000619,40.44655700003824],[-79.871804656581,40.44663449884706]]}},{"type":"Feature","properties":{"a":"FG0210","b":"FG0309"},"geometry":{"type":"LineString","coordinates":[[-79.87164800018337,40.44651799972277],[-79.8717000000619,40.44655700003824]]}},{"type":"Feature","properties":{"a":"FG0210","b":"FG0309"},"geometry":{"type":"LineString","coordinates":[[-79.87154199987816,40.446439000241384],[-79.87164800018337,40.44651799972277]]}},{"type":"Feature","properties":{"a":"FG0210","b":"FG0309"},"geometry":{"type":"LineString","coordinates":[[-79.87122600040897,40.44620500033268],[-79.87154199987816,40.446439000241384]]}},{"type":"Feature","properties":{"a":"FG0210","b":"FG0309"},"geometry":{"type":"LineString","coordinates":[[-79.8711219997536,40.44612300001999],[-79.87122600040897,40.44620500033268]]}},{"type":"Feature","properties":{"a":"FG0210","b":"FG0309"},"geometry":{"type":"LineString","coordinates":[[-79.87104208401327,40.44605853017893],[-79.8711219997536,40.44612300001999]]}},{"type":"Feature","properties":{"a":"FG0210","b":"FG0211"},"geometry":{"type":"LineString","coordinates":[[-79.87028910921283,40.44728741619792],[-79.87093839269642,40.44751783112594]]}},{"type":"Feature","properties":{"a":"FG0210","b":"FG0399"},"geometry":{"type":"LineString","coordinates":[[-79.87093839269642,40.44751783112594],[-79.8711019996621,40.44740899975804]]}},{"type":"Feature","properties":{"a":"FG0210","b":"FG0399"},"geometry":{"type":"LineString","coordinates":[[-79.8711019996621,40.44740899975804],[-79.87125399999807,40.44730899982081]]}},{"type":"Feature","properties":{"a":"FG0210","b":"FG0399"},"geometry":{"type":"LineString","coordinates":[[-79.87125399999807,40.44730899982081],[-79.87140799998386,40.447206000003355]]}},{"type":"Feature","properties":{"a":"FG0210","b":"FG0399"},"geometry":{"type":"LineString","coordinates":[[-79.87140799998386,40.447206000003355],[-79.87186999994121,40.446898999889775]]}},{"type":"Feature","properties":{"a":"FG0210","b":"FG0399"},"geometry":{"type":"LineString","coordinates":[[-79.87186999994121,40.446898999889775],[-79.87197700007134,40.44682900010178]]}},{"type":"Feature","properties":{"a":"FG0210","b":"FG0399"},"geometry":{"type":"LineString","coordinates":[[-79.87197700007134,40.44682900010178],[-79.87202700030005,40.44680000002176]]}},{"type":"Feature","properties":{"a":"FG0211","b":"FG0400"},"geometry":{"type":"LineString","coordinates":[[-79.86988370377479,40.44833429593869],[-79.86988900004238,40.44832899971922]]}},{"type":"Feature","properties":{"a":"FG0211","b":"FG0400"},"geometry":{"type":"LineString","coordinates":[[-79.86988900004238,40.44832899971922],[-79.87000100019537,40.44821399998556]]}},{"type":"Feature","properties":{"a":"FG0211","b":"FG0400"},"geometry":{"type":"LineString","coordinates":[[-79.87000100019537,40.44821399998556],[-79.87009599973163,40.44811799969457]]}},{"type":"Feature","properties":{"a":"FG0211","b":"FG0400"},"geometry":{"type":"LineString","coordinates":[[-79.87009599973163,40.44811799969457],[-79.87024399986963,40.44798299980102]]}},{"type":"Feature","properties":{"a":"FG0211","b":"FG0400"},"geometry":{"type":"LineString","coordinates":[[-79.87024399986963,40.44798299980102],[-79.87036400041853,40.44790100029036]]}},{"type":"Feature","properties":{"a":"FG0211","b":"FG0400"},"geometry":{"type":"LineString","coordinates":[[-79.87036400041853,40.44790100029036],[-79.87049699958962,40.44781199977449]]}},{"type":"Feature","properties":{"a":"FG0211","b":"FG0400"},"geometry":{"type":"LineString","coordinates":[[-79.87049699958962,40.44781199977449],[-79.87064800010067,40.44771100030606]]}},{"type":"Feature","properties":{"a":"FG0211","b":"FG0400"},"geometry":{"type":"LineString","coordinates":[[-79.87064800010067,40.44771100030606],[-79.87093839269642,40.44751783112594]]}},{"type":"Feature","properties":{"a":"FG0212","b":null},"geometry":{"type":"LineString","coordinates":[[-79.866149,40.456272],[-79.86632473737316,40.45631100293741]]}},{"type":"Feature","properties":{"a":"FG0212","b":null},"geometry":{"type":"LineString","coordinates":[[-79.865728,40.4561],[-79.866149,40.456272]]}},{"type":"Feature","properties":{"a":"FG0212","b":null},"geometry":{"type":"LineString","coordinates":[[-79.865728,40.4561],[-79.865787,40.455799]]}},{"type":"Feature","properties":{"a":"FG0212","b":null},"geometry":{"type":"LineString","coordinates":[[-79.865787,40.455799],[-79.86589497261043,40.45525403013513]]}},{"type":"Feature","properties":{"a":"FG0212","b":"FG0213"},"geometry":{"type":"LineString","coordinates":[[-79.86489545956044,40.45609007552371],[-79.86618065056115,40.45654615857435]]}},{"type":"Feature","properties":{"a":"FG0212","b":"FG0216"},"geometry":{"type":"LineString","coordinates":[[-79.86618065056115,40.45654615857435],[-79.86632473737316,40.45631100293741]]}},{"type":"Feature","properties":{"a":"FG0213","b":"FG0214"},"geometry":{"type":"LineString","coordinates":[[-79.86429616515463,40.457068148782135],[-79.86558135615533,40.45752423183277]]}},{"type":"Feature","properties":{"a":"FG0213","b":"FG0217"},"geometry":{"type":"LineString","coordinates":[[-79.86558135615533,40.45752423183277],[-79.86618065056115,40.45654615857435]]}},{"type":"Feature","properties":{"a":"FG0214","b":"FG0215"},"geometry":{"type":"LineString","coordinates":[[-79.86369687074881,40.45804622204056],[-79.86498206174952,40.45850230509119]]}},{"type":"Feature","properties":{"a":"FG0214","b":"FG0218"},"geometry":{"type":"LineString","coordinates":[[-79.86498206174952,40.45850230509119],[-79.86558135615533,40.45752423183277]]}},{"type":"Feature","properties":{"a":"FG0215","b":null},"geometry":{"type":"LineString","coordinates":[[-79.86341247160836,40.45851037320114],[-79.863646,40.458517]]}},{"type":"Feature","properties":{"a":"FG0215","b":null},"geometry":{"type":"LineString","coordinates":[[-79.863646,40.458517],[-79.86394,40.458526]]}},{"type":"Feature","properties":{"a":"FG0215","b":null},"geometry":{"type":"LineString","coordinates":[[-79.86394,40.458526],[-79.86422,40.458523]]}},{"type":"Feature","properties":{"a":"FG0215","b":null},"geometry":{"type":"LineString","coordinates":[[-79.86422,40.458523],[-79.8649743335362,40.45851491785497]]}},{"type":"Feature","properties":{"a":"FG0215","b":"FG0218"},"geometry":{"type":"LineString","coordinates":[[-79.8649743335362,40.45851491785497],[-79.86498206174952,40.45850230509119]]}},{"type":"Feature","properties":{"a":"FG0216","b":null},"geometry":{"type":"LineString","coordinates":[[-79.867717,40.45662],[-79.86810899985564,40.456706999967956]]}},{"type":"Feature","properties":{"a":"FG0216","b":null},"geometry":{"type":"LineString","coordinates":[[-79.86770208110525,40.45661668891877],[-79.867717,40.45662]]}},{"type":"Feature","properties":{"a":"FG0216","b":null},"geometry":{"type":"LineString","coordinates":[[-79.866541,40.456359],[-79.86770208110525,40.45661668891877]]}},{"type":"Feature","properties":{"a":"FG0216","b":null},"geometry":{"type":"LineString","coordinates":[[-79.86632473737316,40.45631100293741],[-79.866541,40.456359]]}},{"type":"Feature","properties":{"a":"FG0216","b":"FG0217"},"geometry":{"type":"LineString","coordinates":[[-79.86618065056115,40.45654615857435],[-79.86746584156185,40.45700224162499]]}},{"type":"Feature","properties":{"a":"FG0216","b":"FG0219"},"geometry":{"type":"LineString","coordinates":[[-79.86746584156185,40.45700224162499],[-79.8678540562773,40.45714000959226]]}},{"type":"Feature","properties":{"a":"FG0216","b":null},"geometry":{"type":"LineString","coordinates":[[-79.8678540562773,40.45714000959226],[-79.86810899985564,40.456706999967956]]}},{"type":"Feature","properties":{"a":"FG0217","b":"FG0218"},"geometry":{"type":"LineString","coordinates":[[-79.86558135615533,40.45752423183277],[-79.86686654715602,40.45798031488341]]}},{"type":"Feature","properties":{"a":"FG0217","b":"FG0219"},"geometry":{"type":"LineString","coordinates":[[-79.86686654715602,40.45798031488341],[-79.86746584156185,40.45700224162499]]}},{"type":"Feature","properties":{"a":"FG0218","b":"FG0219"},"geometry":{"type":"LineString","coordinates":[[-79.86686654715602,40.45798031488341],[-79.86727538892133,40.45812540288935]]}},{"type":"Feature","properties":{"a":"FG0218","b":null},"geometry":{"type":"LineString","coordinates":[[-79.8649743335362,40.45851491785497],[-79.86501633501227,40.45851446783916]]}},{"type":"Feature","properties":{"a":"FG0218","b":null},"geometry":{"type":"LineString","coordinates":[[-79.86501633501227,40.45851446783916],[-79.86506,40.458514]]}},{"type":"Feature","properties":{"a":"FG0218","b":null},"geometry":{"type":"LineString","coordinates":[[-79.86506,40.458514],[-79.86534,40.458511]]}},{"type":"Feature","properties":{"a":"FG0218","b":null},"geometry":{"type":"LineString","coordinates":[[-79.86534,40.458511],[-79.866104,40.458527]]}},{"type":"Feature","properties":{"a":"FG0218","b":null},"geometry":{"type":"LineString","coordinates":[[-79.866104,40.458527],[-79.86652598048522,40.45853613377673]]}},{"type":"Feature","properties":{"a":"FG0218","b":null},"geometry":{"type":"LineString","coordinates":[[-79.86652598048522,40.45853613377673],[-79.86702781219317,40.45854699593492]]}},{"type":"Feature","properties":{"a":"FG0218","b":null},"geometry":{"type":"LineString","coordinates":[[-79.86702781219317,40.45854699593492],[-79.86702799971144,40.45854699974874]]}},{"type":"Feature","properties":{"a":"FG0218","b":null},"geometry":{"type":"LineString","coordinates":[[-79.86702799971144,40.45854699974874],[-79.86727538892133,40.45812540288935]]}},{"type":"Feature","properties":{"a":"FG0219","b":null},"geometry":{"type":"LineString","coordinates":[[-79.86727538892133,40.45812540288935],[-79.86772099964747,40.45736599999243]]}},{"type":"Feature","properties":{"a":"FG0219","b":null},"geometry":{"type":"LineString","coordinates":[[-79.86772099964747,40.45736599999243],[-79.8678540562773,40.45714000959226]]}},{"type":"Feature","properties":{"a":"FG0220","b":"FG0323"},"geometry":{"type":"LineString","coordinates":[[-79.86617599976674,40.43324800005801],[-79.86633056377003,40.433319382717926]]}},{"type":"Feature","properties":{"a":"FG0220","b":"FG0323"},"geometry":{"type":"LineString","coordinates":[[-79.86555200032599,40.43288800032901],[-79.86617599976674,40.43324800005801]]}},{"type":"Feature","properties":{"a":"FG0220","b":"FG0471"},"geometry":{"type":"LineString","coordinates":[[-79.86547500033308,40.43298100012453],[-79.86555200032599,40.43288800032901]]}},{"type":"Feature","properties":{"a":"FG0220","b":"FG0471"},"geometry":{"type":"LineString","coordinates":[[-79.86540400018798,40.433065999736954],[-79.86547500033308,40.43298100012453]]}},{"type":"Feature","properties":{"a":"FG0220","b":"FG0471"},"geometry":{"type":"LineString","coordinates":[[-79.86533700024083,40.433152999936866],[-79.86540400018798,40.433065999736954]]}},{"type":"Feature","properties":{"a":"FG0220","b":null},"geometry":{"type":"LineString","coordinates":[[-79.86505722715272,40.433523265634506],[-79.86533700024083,40.433152999936866]]}},{"type":"Feature","properties":{"a":"FG0220","b":"FG0221"},"geometry":{"type":"LineString","coordinates":[[-79.86505722715272,40.433523265634506],[-79.8660005252654,40.43385801920861]]}},{"type":"Feature","properties":{"a":"FG0220","b":"FG0230"},"geometry":{"type":"LineString","coordinates":[[-79.8660005252654,40.43385801920861],[-79.86633056377003,40.433319382717926]]}},{"type":"Feature","properties":{"a":"FG0221","b":null},"geometry":{"type":"LineString","coordinates":[[-79.86459499990099,40.43413500029773],[-79.86505722715272,40.433523265634506]]}},{"type":"Feature","properties":{"a":"FG0221","b":null},"geometry":{"type":"LineString","coordinates":[[-79.86434051860844,40.434459671468844],[-79.86459499990099,40.43413500029773]]}},{"type":"Feature","properties":{"a":"FG0221","b":"FG0222"},"geometry":{"type":"LineString","coordinates":[[-79.86434051860844,40.434459671468844],[-79.86540123085959,40.43483609246703]]}},{"type":"Feature","properties":{"a":"FG0221","b":"FG0231"},"geometry":{"type":"LineString","coordinates":[[-79.86540123085959,40.43483609246703],[-79.8660005252654,40.43385801920861]]}},{"type":"Feature","properties":{"a":"FG0222","b":null},"geometry":{"type":"LineString","coordinates":[[-79.86385900030723,40.43507399996903],[-79.86434051860844,40.434459671468844]]}},{"type":"Feature","properties":{"a":"FG0222","b":"FG0471"},"geometry":{"type":"LineString","coordinates":[[-79.86382599979696,40.43513999978691],[-79.86385900030723,40.43507399996903]]}},{"type":"Feature","properties":{"a":"FG0222","b":null},"geometry":{"type":"LineString","coordinates":[[-79.86363359776534,40.43539955072044],[-79.86382599979696,40.43513999978691]]}},{"type":"Feature","properties":{"a":"FG0222","b":"FG0223"},"geometry":{"type":"LineString","coordinates":[[-79.86363359776534,40.43539955072044],[-79.86480193645377,40.43581416572545]]}},{"type":"Feature","properties":{"a":"FG0222","b":"FG0232"},"geometry":{"type":"LineString","coordinates":[[-79.86480193645377,40.43581416572545],[-79.86540123085959,40.43483609246703]]}},{"type":"Feature","properties":{"a":"FG0223","b":null},"geometry":{"type":"LineString","coordinates":[[-79.8631239996401,40.43608700016167],[-79.86363359776534,40.43539955072044]]}},{"type":"Feature","properties":{"a":"FG0223","b":"FG0471"},"geometry":{"type":"LineString","coordinates":[[-79.86306500008885,40.43616600018584],[-79.8631239996401,40.43608700016167]]}},{"type":"Feature","properties":{"a":"FG0223","b":null},"geometry":{"type":"LineString","coordinates":[[-79.86293151131504,40.436341145580556],[-79.86306500008885,40.43616600018584]]}},{"type":"Feature","properties":{"a":"FG0223","b":"FG0224"},"geometry":{"type":"LineString","coordinates":[[-79.86293151131504,40.436341145580556],[-79.86420264204794,40.43679223898387]]}},{"type":"Feature","properties":{"a":"FG0223","b":"FG0233"},"geometry":{"type":"LineString","coordinates":[[-79.86420264204794,40.43679223898387],[-79.86480193645377,40.43581416572545]]}},{"type":"Feature","properties":{"a":"FG0224","b":null},"geometry":{"type":"LineString","coordinates":[[-79.86284420416563,40.43645569787367],[-79.86293151131504,40.436341145580556]]}},{"type":"Feature","properties":{"a":"FG0224","b":null},"geometry":{"type":"LineString","coordinates":[[-79.86221717802081,40.43727839433341],[-79.86284420416563,40.43645569787367]]}},{"type":"Feature","properties":{"a":"FG0224","b":"FG0225"},"geometry":{"type":"LineString","coordinates":[[-79.86221717802081,40.43727839433341],[-79.86231815664141,40.43731422919166]]}},{"type":"Feature","properties":{"a":"FG0224","b":"FG0225"},"geometry":{"type":"LineString","coordinates":[[-79.86231815664141,40.43731422919166],[-79.86360334764213,40.43777031224229]]}},{"type":"Feature","properties":{"a":"FG0224","b":"FG0234"},"geometry":{"type":"LineString","coordinates":[[-79.86360334764213,40.43777031224229],[-79.86420264204794,40.43679223898387]]}},{"type":"Feature","properties":{"a":"FG0225","b":null},"geometry":{"type":"LineString","coordinates":[[-79.86150284472659,40.43821564308626],[-79.86221717802081,40.43727839433341]]}},{"type":"Feature","properties":{"a":"FG0225","b":null},"geometry":{"type":"LineString","coordinates":[[-79.86150284472659,40.43821564308626],[-79.86151255500087,40.4382190890266]]}},{"type":"Feature","properties":{"a":"FG0225","b":null},"geometry":{"type":"LineString","coordinates":[[-79.86151255500087,40.4382190890266],[-79.86155799984294,40.438209999697726]]}},{"type":"Feature","properties":{"a":"FG0225","b":null},"geometry":{"type":"LineString","coordinates":[[-79.86155799984294,40.438209999697726],[-79.86179854087078,40.43816226362177]]}},{"type":"Feature","properties":{"a":"FG0225","b":null},"geometry":{"type":"LineString","coordinates":[[-79.86179854087078,40.43816226362177],[-79.86194600018045,40.43813299988714]]}},{"type":"Feature","properties":{"a":"FG0225","b":"FG0472"},"geometry":{"type":"LineString","coordinates":[[-79.86194600018045,40.43813299988714],[-79.86213699997617,40.43810299988378]]}},{"type":"Feature","properties":{"a":"FG0225","b":"FG0472"},"geometry":{"type":"LineString","coordinates":[[-79.86213699997617,40.43810299988378],[-79.86311899961721,40.437886999874785]]}},{"type":"Feature","properties":{"a":"FG0225","b":"FG0472"},"geometry":{"type":"LineString","coordinates":[[-79.86311899961721,40.437886999874785],[-79.86343800035776,40.43781999974044]]}},{"type":"Feature","properties":{"a":"FG0225","b":null},"geometry":{"type":"LineString","coordinates":[[-79.86343800035776,40.43781999974044],[-79.86359454459881,40.4377846791731]]}},{"type":"Feature","properties":{"a":"FG0225","b":"FG0235"},"geometry":{"type":"LineString","coordinates":[[-79.86359454459881,40.4377846791731],[-79.86360334764213,40.43777031224229]]}},{"type":"Feature","properties":{"a":"FG0225","b":null},"geometry":{"type":"LineString","coordinates":[[-79.86315600032543,40.4384900001302],[-79.86316547724961,40.438484934834165]]}},{"type":"Feature","properties":{"a":"FG0225","b":"FG0472"},"geometry":{"type":"LineString","coordinates":[[-79.86283800030814,40.438659000095456],[-79.86315600032543,40.4384900001302]]}},{"type":"Feature","properties":{"a":"FG0225","b":null},"geometry":{"type":"LineString","coordinates":[[-79.86280599896018,40.43867810085167],[-79.86283800030814,40.438659000095456]]}},{"type":"Feature","properties":{"a":"FG0225","b":"FG0226"},"geometry":{"type":"LineString","coordinates":[[-79.86280599896018,40.43867810085167],[-79.86300405323631,40.438748385500716]]}},{"type":"Feature","properties":{"a":"FG0225","b":"FG0235"},"geometry":{"type":"LineString","coordinates":[[-79.86300405323631,40.438748385500716],[-79.86316547724961,40.438484934834165]]}},{"type":"Feature","properties":{"a":"FG0226","b":null},"geometry":{"type":"LineString","coordinates":[[-79.86251799974269,40.438849999949426],[-79.86280599896018,40.43867810085167]]}},{"type":"Feature","properties":{"a":"FG0226","b":"FG0472"},"geometry":{"type":"LineString","coordinates":[[-79.86160499969861,40.43939199999165],[-79.86251799974269,40.438849999949426]]}},{"type":"Feature","properties":{"a":"FG0226","b":null},"geometry":{"type":"LineString","coordinates":[[-79.86160499969861,40.43939199999165],[-79.86161778440596,40.43944718066265]]}},{"type":"Feature","properties":{"a":"FG0226","b":"FG0227"},"geometry":{"type":"LineString","coordinates":[[-79.86161778440596,40.43944718066265],[-79.86240475883048,40.43972645875914]]}},{"type":"Feature","properties":{"a":"FG0226","b":"FG0236"},"geometry":{"type":"LineString","coordinates":[[-79.86240475883048,40.43972645875914],[-79.86300405323631,40.438748385500716]]}},{"type":"Feature","properties":{"a":"FG0227","b":null},"geometry":{"type":"LineString","coordinates":[[-79.86161778440596,40.43944718066265],[-79.86188066327298,40.4405818043867]]}},{"type":"Feature","properties":{"a":"FG0227","b":"FG0237"},"geometry":{"type":"LineString","coordinates":[[-79.86188066327298,40.4405818043867],[-79.86240475883048,40.43972645875914]]}},{"type":"Feature","properties":{"a":"FG0228","b":null},"geometry":{"type":"LineString","coordinates":[[-79.860841,40.441985],[-79.86106118227683,40.44191923126796]]}},{"type":"Feature","properties":{"a":"FG0228","b":null},"geometry":{"type":"LineString","coordinates":[[-79.860792,40.442],[-79.860841,40.441985]]}},{"type":"Feature","properties":{"a":"FG0228","b":null},"geometry":{"type":"LineString","coordinates":[[-79.86064,40.442055],[-79.860792,40.442]]}},{"type":"Feature","properties":{"a":"FG0228","b":null},"geometry":{"type":"LineString","coordinates":[[-79.86027456964288,40.44212282300615],[-79.86064,40.442055]]}},{"type":"Feature","properties":{"a":"FG0228","b":"FG0472"},"geometry":{"type":"LineString","coordinates":[[-79.8602740000781,40.44212300000307],[-79.86027456964288,40.44212282300615]]}},{"type":"Feature","properties":{"a":"FG0228","b":null},"geometry":{"type":"LineString","coordinates":[[-79.85964372293576,40.442318879057865],[-79.8602740000781,40.44212300000307]]}},{"type":"Feature","properties":{"a":"FG0228","b":"FG0229"},"geometry":{"type":"LineString","coordinates":[[-79.85964372293576,40.442318879057865],[-79.86060687561302,40.442660678534395]]}},{"type":"Feature","properties":{"a":"FG0228","b":"FG0239"},"geometry":{"type":"LineString","coordinates":[[-79.86060687561302,40.442660678534395],[-79.86106118227683,40.44191923126796]]}},{"type":"Feature","properties":{"a":"FG0229","b":null},"geometry":{"type":"LineString","coordinates":[[-79.85932800042208,40.442417000064324],[-79.85964372293576,40.442318879057865]]}},{"type":"Feature","properties":{"a":"FG0229","b":null},"geometry":{"type":"LineString","coordinates":[[-79.85915960032052,40.44246912375214],[-79.85932800042208,40.442417000064324]]}},{"type":"Feature","properties":{"a":"FG0229","b":null},"geometry":{"type":"LineString","coordinates":[[-79.85878199990081,40.442585999729125],[-79.85915960032052,40.44246912375214]]}},{"type":"Feature","properties":{"a":"FG0229","b":"FG0472"},"geometry":{"type":"LineString","coordinates":[[-79.85839478046837,40.44270469581761],[-79.85878199990081,40.442585999729125]]}},{"type":"Feature","properties":{"a":"FG0229","b":null},"geometry":{"type":"LineString","coordinates":[[-79.8583096,40.4427426],[-79.85839478046837,40.44270469581761]]}},{"type":"Feature","properties":{"a":"FG0229","b":null},"geometry":{"type":"LineString","coordinates":[[-79.8583096,40.4427426],[-79.8585872,40.4430161]]}},{"type":"Feature","properties":{"a":"FG0229","b":null},"geometry":{"type":"LineString","coordinates":[[-79.8585872,40.4430161],[-79.85873510949288,40.4431619103407]]}},{"type":"Feature","properties":{"a":"FG0229","b":null},"geometry":{"type":"LineString","coordinates":[[-79.85873510949288,40.4431619103407],[-79.85877516477699,40.44320139715461]]}},{"type":"Feature","properties":{"a":"FG0229","b":null},"geometry":{"type":"LineString","coordinates":[[-79.85877516477699,40.44320139715461],[-79.8591368,40.4435579]]}},{"type":"Feature","properties":{"a":"FG0229","b":null},"geometry":{"type":"LineString","coordinates":[[-79.8591368,40.4435579],[-79.8593053,40.443724]]}},{"type":"Feature","properties":{"a":"FG0229","b":null},"geometry":{"type":"LineString","coordinates":[[-79.8593053,40.443724],[-79.8595174,40.4439006]]}},{"type":"Feature","properties":{"a":"FG0229","b":null},"geometry":{"type":"LineString","coordinates":[[-79.8595174,40.4439006],[-79.85973576957905,40.444082359612686]]}},{"type":"Feature","properties":{"a":"FG0229","b":"FG0241"},"geometry":{"type":"LineString","coordinates":[[-79.85973576957905,40.444082359612686],[-79.8600075812072,40.44363875179282]]}},{"type":"Feature","properties":{"a":"FG0229","b":"FG0240"},"geometry":{"type":"LineString","coordinates":[[-79.8600075812072,40.44363875179282],[-79.86060687561302,40.442660678534395]]}},{"type":"Feature","properties":{"a":"FG0230","b":"FG0326"},"geometry":{"type":"LineString","coordinates":[[-79.86717500002453,40.433707000062576],[-79.86754887994348,40.43388460825276]]}},{"type":"Feature","properties":{"a":"FG0230","b":"FG0326"},"geometry":{"type":"LineString","coordinates":[[-79.86688999961919,40.43357999993833],[-79.86717500002453,40.433707000062576]]}},{"type":"Feature","properties":{"a":"FG0230","b":"FG0326"},"geometry":{"type":"LineString","coordinates":[[-79.86683100006795,40.433551000296276],[-79.86688999961919,40.43357999993833]]}},{"type":"Feature","properties":{"a":"FG0230","b":"FG0326"},"geometry":{"type":"LineString","coordinates":[[-79.86652100044655,40.43340199983973],[-79.86683100006795,40.433551000296276]]}},{"type":"Feature","properties":{"a":"FG0230","b":"FG0326"},"geometry":{"type":"LineString","coordinates":[[-79.86647600024071,40.43338399980352],[-79.86652100044655,40.43340199983973]]}},{"type":"Feature","properties":{"a":"FG0230","b":"FG0326"},"geometry":{"type":"LineString","coordinates":[[-79.86643799970756,40.43336900011155],[-79.86647600024071,40.43338399980352]]}},{"type":"Feature","properties":{"a":"FG0230","b":"FG0326"},"geometry":{"type":"LineString","coordinates":[[-79.86633056377003,40.433319382717926],[-79.86643799970756,40.43336900011155]]}},{"type":"Feature","properties":{"a":"FG0230","b":"FG0231"},"geometry":{"type":"LineString","coordinates":[[-79.8660005252654,40.43385801920861],[-79.86728571626611,40.43431410225924]]}},{"type":"Feature","properties":{"a":"FG0230","b":"FG0242"},"geometry":{"type":"LineString","coordinates":[[-79.86728571626611,40.43431410225924],[-79.86754887994348,40.43388460825276]]}},{"type":"Feature","properties":{"a":"FG0231","b":"FG0232"},"geometry":{"type":"LineString","coordinates":[[-79.86540123085959,40.43483609246703],[-79.8666864218603,40.43529217551767]]}},{"type":"Feature","properties":{"a":"FG0231","b":"FG0243"},"geometry":{"type":"LineString","coordinates":[[-79.8666864218603,40.43529217551767],[-79.86728571626611,40.43431410225924]]}},{"type":"Feature","properties":{"a":"FG0232","b":"FG0233"},"geometry":{"type":"LineString","coordinates":[[-79.86480193645377,40.43581416572545],[-79.86608712745446,40.43627024877608]]}},{"type":"Feature","properties":{"a":"FG0232","b":"FG0244"},"geometry":{"type":"LineString","coordinates":[[-79.86608712745446,40.43627024877608],[-79.8666864218603,40.43529217551767]]}},{"type":"Feature","properties":{"a":"FG0233","b":"FG0234"},"geometry":{"type":"LineString","coordinates":[[-79.86420264204794,40.43679223898387],[-79.86548783304865,40.437248322034506]]}},{"type":"Feature","properties":{"a":"FG0233","b":"FG0245"},"geometry":{"type":"LineString","coordinates":[[-79.86548783304865,40.437248322034506],[-79.86608712745446,40.43627024877608]]}},{"type":"Feature","properties":{"a":"FG0234","b":"FG0235"},"geometry":{"type":"LineString","coordinates":[[-79.86360334764213,40.43777031224229],[-79.8636246752507,40.43777788089223]]}},{"type":"Feature","properties":{"a":"FG0234","b":null},"geometry":{"type":"LineString","coordinates":[[-79.8636246752507,40.43777788089223],[-79.86379700038296,40.437738999733796]]}},{"type":"Feature","properties":{"a":"FG0234","b":"FG0472"},"geometry":{"type":"LineString","coordinates":[[-79.86379700038296,40.437738999733796],[-79.864488298193,40.43758652009377]]}},{"type":"Feature","properties":{"a":"FG0234","b":null},"geometry":{"type":"LineString","coordinates":[[-79.864488298193,40.43758652009377],[-79.864737,40.437492]]}},{"type":"Feature","properties":{"a":"FG0234","b":null},"geometry":{"type":"LineString","coordinates":[[-79.86460784336265,40.43756016852781],[-79.864737,40.437492]]}},{"type":"Feature","properties":{"a":"FG0234","b":"FG0472"},"geometry":{"type":"LineString","coordinates":[[-79.86460784336265,40.43756016852781],[-79.86510799991197,40.43745199965922]]}},{"type":"Feature","properties":{"a":"FG0234","b":null},"geometry":{"type":"LineString","coordinates":[[-79.86414656775915,40.43796308785931],[-79.86510799991197,40.43745199965922]]}},{"type":"Feature","properties":{"a":"FG0234","b":"FG0235"},"geometry":{"type":"LineString","coordinates":[[-79.86414656775915,40.43796308785931],[-79.86488853864282,40.43822639529293]]}},{"type":"Feature","properties":{"a":"FG0234","b":"FG0246"},"geometry":{"type":"LineString","coordinates":[[-79.86488853864282,40.43822639529293],[-79.86548783304865,40.437248322034506]]}},{"type":"Feature","properties":{"a":"FG0235","b":null},"geometry":{"type":"LineString","coordinates":[[-79.86327199977809,40.43842799989078],[-79.86414656775915,40.43796308785931]]}},{"type":"Feature","properties":{"a":"FG0235","b":null},"geometry":{"type":"LineString","coordinates":[[-79.86316547724961,40.438484934834165],[-79.86327199977809,40.43842799989078]]}},{"type":"Feature","properties":{"a":"FG0235","b":"FG0236"},"geometry":{"type":"LineString","coordinates":[[-79.86300405323631,40.438748385500716],[-79.864289244237,40.439204468551345]]}},{"type":"Feature","properties":{"a":"FG0235","b":"FG0247"},"geometry":{"type":"LineString","coordinates":[[-79.864289244237,40.439204468551345],[-79.86488853864282,40.43822639529293]]}},{"type":"Feature","properties":{"a":"FG0235","b":null},"geometry":{"type":"LineString","coordinates":[[-79.86359454459881,40.4377846791731],[-79.8636246752507,40.43777788089223]]}},{"type":"Feature","properties":{"a":"FG0236","b":"FG0237"},"geometry":{"type":"LineString","coordinates":[[-79.86240475883048,40.43972645875914],[-79.86368994983118,40.440182541809776]]}},{"type":"Feature","properties":{"a":"FG0236","b":"FG0248"},"geometry":{"type":"LineString","coordinates":[[-79.86368994983118,40.440182541809776],[-79.864289244237,40.439204468551345]]}},{"type":"Feature","properties":{"a":"FG0237","b":null},"geometry":{"type":"LineString","coordinates":[[-79.86188066327298,40.4405818043867],[-79.86189599995176,40.4406479997404]]}},{"type":"Feature","properties":{"a":"FG0237","b":null},"geometry":{"type":"LineString","coordinates":[[-79.86189599995176,40.4406479997404],[-79.86191775544289,40.440744381370784]]}},{"type":"Feature","properties":{"a":"FG0237","b":"FG0238"},"geometry":{"type":"LineString","coordinates":[[-79.86191775544289,40.440744381370784],[-79.86309065542535,40.44116061506819]]}},{"type":"Feature","properties":{"a":"FG0237","b":"FG0249"},"geometry":{"type":"LineString","coordinates":[[-79.86309065542535,40.44116061506819],[-79.86368994983118,40.440182541809776]]}},{"type":"Feature","properties":{"a":"FG0238","b":null},"geometry":{"type":"LineString","coordinates":[[-79.86191775544289,40.440744381370784],[-79.86198200016547,40.44102899968007]]}},{"type":"Feature","properties":{"a":"FG0238","b":"FG0472"},"geometry":{"type":"LineString","coordinates":[[-79.86198200016547,40.44102899968007],[-79.86209500014337,40.44152999969483]]}},{"type":"Feature","properties":{"a":"FG0238","b":"FG0472"},"geometry":{"type":"LineString","coordinates":[[-79.86165199955427,40.4416610000436],[-79.86209500014337,40.44152999969483]]}},{"type":"Feature","properties":{"a":"FG0238","b":"FG0472"},"geometry":{"type":"LineString","coordinates":[[-79.86165199955427,40.4416610000436],[-79.86165199955427,40.44166635154602]]}},{"type":"Feature","properties":{"a":"FG0238","b":null},"geometry":{"type":"LineString","coordinates":[[-79.86165199955427,40.44166635154602],[-79.861664,40.441755]]}},{"type":"Feature","properties":{"a":"FG0238","b":null},"geometry":{"type":"LineString","coordinates":[[-79.861507,40.441786],[-79.861664,40.441755]]}},{"type":"Feature","properties":{"a":"FG0238","b":null},"geometry":{"type":"LineString","coordinates":[[-79.8615017733091,40.4417875076993],[-79.861507,40.441786]]}},{"type":"Feature","properties":{"a":"FG0238","b":"FG0239"},"geometry":{"type":"LineString","coordinates":[[-79.8615017733091,40.4417875076993],[-79.86249136101954,40.442138688326615]]}},{"type":"Feature","properties":{"a":"FG0238","b":"FG0250"},"geometry":{"type":"LineString","coordinates":[[-79.86249136101954,40.442138688326615],[-79.86309065542535,40.44116061506819]]}},{"type":"Feature","properties":{"a":"FG0239","b":null},"geometry":{"type":"LineString","coordinates":[[-79.861455,40.441801],[-79.8615017733091,40.4417875076993]]}},{"type":"Feature","properties":{"a":"FG0239","b":null},"geometry":{"type":"LineString","coordinates":[[-79.861226,40.44187],[-79.861455,40.441801]]}},{"type":"Feature","properties":{"a":"FG0239","b":null},"geometry":{"type":"LineString","coordinates":[[-79.86106118227683,40.44191923126796],[-79.861226,40.44187]]}},{"type":"Feature","properties":{"a":"FG0239","b":"FG0240"},"geometry":{"type":"LineString","coordinates":[[-79.86060687561302,40.442660678534395],[-79.86189206661372,40.44311676158504]]}},{"type":"Feature","properties":{"a":"FG0239","b":"FG0251"},"geometry":{"type":"LineString","coordinates":[[-79.86189206661372,40.44311676158504],[-79.86249136101954,40.442138688326615]]}},{"type":"Feature","properties":{"a":"FG0240","b":"FG0241"},"geometry":{"type":"LineString","coordinates":[[-79.8600075812072,40.44363875179282],[-79.8612927722079,40.44409483484346]]}},{"type":"Feature","properties":{"a":"FG0240","b":"FG0252"},"geometry":{"type":"LineString","coordinates":[[-79.8612927722079,40.44409483484346],[-79.86189206661372,40.44311676158504]]}},{"type":"Feature","properties":{"a":"FG0241","b":null},"geometry":{"type":"LineString","coordinates":[[-79.85973576957905,40.444082359612686],[-79.8599236,40.4442387]]}},{"type":"Feature","properties":{"a":"FG0241","b":null},"geometry":{"type":"LineString","coordinates":[[-79.8599236,40.4442387],[-79.8600677,40.4443431]]}},{"type":"Feature","properties":{"a":"FG0241","b":null},"geometry":{"type":"LineString","coordinates":[[-79.8600677,40.4443431],[-79.8602287,40.4444489]]}},{"type":"Feature","properties":{"a":"FG0241","b":null},"geometry":{"type":"LineString","coordinates":[[-79.8602287,40.4444489],[-79.8604104,40.4445399]]}},{"type":"Feature","properties":{"a":"FG0241","b":null},"geometry":{"type":"LineString","coordinates":[[-79.8604104,40.4445399],[-79.860681,40.4446552]]}},{"type":"Feature","properties":{"a":"FG0241","b":null},"geometry":{"type":"LineString","coordinates":[[-79.860681,40.4446552],[-79.86089384955997,40.444745893105186]]}},{"type":"Feature","properties":{"a":"FG0241","b":"FG0253"},"geometry":{"type":"LineString","coordinates":[[-79.86089384955997,40.444745893105186],[-79.8612927722079,40.44409483484346]]}},{"type":"Feature","properties":{"a":"FG0241","b":null},"geometry":{"type":"LineString","coordinates":[[-79.8603624,40.4448504],[-79.86084975853566,40.44478431047692]]}},{"type":"Feature","properties":{"a":"FG0241","b":null},"geometry":{"type":"LineString","coordinates":[[-79.8601624628175,40.44488446378973],[-79.8603624,40.4448504]]}},{"type":"Feature","properties":{"a":"FG0241","b":null},"geometry":{"type":"LineString","coordinates":[[-79.85913727497267,40.44505912756532],[-79.8601624628175,40.44488446378973]]}},{"type":"Feature","properties":{"a":"FG0241","b":null},"geometry":{"type":"LineString","coordinates":[[-79.85859045684981,40.445152290314354],[-79.85913727497267,40.44505912756532]]}},{"type":"Feature","properties":{"a":"FG0242","b":"FG0328"},"geometry":{"type":"LineString","coordinates":[[-79.86866499965369,40.43444300023194],[-79.8687485676055,40.434480236288714]]}},{"type":"Feature","properties":{"a":"FG0242","b":"FG0328"},"geometry":{"type":"LineString","coordinates":[[-79.8685319995843,40.434383999983],[-79.86866499965369,40.43444300023194]]}},{"type":"Feature","properties":{"a":"FG0242","b":"FG0328"},"geometry":{"type":"LineString","coordinates":[[-79.86832800026811,40.43426999996971],[-79.8685319995843,40.434383999983]]}},{"type":"Feature","properties":{"a":"FG0242","b":"FG0328"},"geometry":{"type":"LineString","coordinates":[[-79.86779599999055,40.43400200034069],[-79.86832800026811,40.43426999996971]]}},{"type":"Feature","properties":{"a":"FG0242","b":"FG0328"},"geometry":{"type":"LineString","coordinates":[[-79.86754887994348,40.43388460825276],[-79.86779599999055,40.43400200034069]]}},{"type":"Feature","properties":{"a":"FG0242","b":"FG0243"},"geometry":{"type":"LineString","coordinates":[[-79.86728571626611,40.43431410225924],[-79.8685709072668,40.43477018530989]]}},{"type":"Feature","properties":{"a":"FG0242","b":"FG0254"},"geometry":{"type":"LineString","coordinates":[[-79.8685709072668,40.43477018530989],[-79.8687485676055,40.434480236288714]]}},{"type":"Feature","properties":{"a":"FG0243","b":"FG0244"},"geometry":{"type":"LineString","coordinates":[[-79.8666864218603,40.43529217551767],[-79.86797161286098,40.4357482585683]]}},{"type":"Feature","properties":{"a":"FG0243","b":"FG0255"},"geometry":{"type":"LineString","coordinates":[[-79.86797161286098,40.4357482585683],[-79.8685709072668,40.43477018530989]]}},{"type":"Feature","properties":{"a":"FG0244","b":"FG0245"},"geometry":{"type":"LineString","coordinates":[[-79.86608712745446,40.43627024877608],[-79.86737231845517,40.436726331826726]]}},{"type":"Feature","properties":{"a":"FG0244","b":"FG0256"},"geometry":{"type":"LineString","coordinates":[[-79.86737231845517,40.436726331826726],[-79.86797161286098,40.4357482585683]]}},{"type":"Feature","properties":{"a":"FG0245","b":"FG0246"},"geometry":{"type":"LineString","coordinates":[[-79.86548783304865,40.437248322034506],[-79.86677302404935,40.43770440508515]]}},{"type":"Feature","properties":{"a":"FG0245","b":"FG0257"},"geometry":{"type":"LineString","coordinates":[[-79.86677302404935,40.43770440508515],[-79.86737231845517,40.436726331826726]]}},{"type":"Feature","properties":{"a":"FG0246","b":"FG0247"},"geometry":{"type":"LineString","coordinates":[[-79.86488853864282,40.43822639529293],[-79.86617372964353,40.43868247834357]]}},{"type":"Feature","properties":{"a":"FG0246","b":"FG0258"},"geometry":{"type":"LineString","coordinates":[[-79.86617372964353,40.43868247834357],[-79.86677302404935,40.43770440508515]]}},{"type":"Feature","properties":{"a":"FG0247","b":"FG0248"},"geometry":{"type":"LineString","coordinates":[[-79.864289244237,40.439204468551345],[-79.86557443523772,40.43966055160199]]}},{"type":"Feature","properties":{"a":"FG0247","b":"FG0259"},"geometry":{"type":"LineString","coordinates":[[-79.86557443523772,40.43966055160199],[-79.86617372964353,40.43868247834357]]}},{"type":"Feature","properties":{"a":"FG0248","b":"FG0249"},"geometry":{"type":"LineString","coordinates":[[-79.86368994983118,40.440182541809776],[-79.86497514083189,40.44063862486041]]}},{"type":"Feature","properties":{"a":"FG0248","b":"FG0260"},"geometry":{"type":"LineString","coordinates":[[-79.86497514083189,40.44063862486041],[-79.86557443523772,40.43966055160199]]}},{"type":"Feature","properties":{"a":"FG0249","b":"FG0250"},"geometry":{"type":"LineString","coordinates":[[-79.86309065542535,40.44116061506819],[-79.86437584642607,40.441616698118835]]}},{"type":"Feature","properties":{"a":"FG0249","b":"FG0261"},"geometry":{"type":"LineString","coordinates":[[-79.86437584642607,40.441616698118835],[-79.86497514083189,40.44063862486041]]}},{"type":"Feature","properties":{"a":"FG0250","b":"FG0251"},"geometry":{"type":"LineString","coordinates":[[-79.86249136101954,40.442138688326615],[-79.86377655202025,40.44259477137725]]}},{"type":"Feature","properties":{"a":"FG0250","b":"FG0262"},"geometry":{"type":"LineString","coordinates":[[-79.86377655202025,40.44259477137725],[-79.86437584642607,40.441616698118835]]}},{"type":"Feature","properties":{"a":"FG0251","b":"FG0252"},"geometry":{"type":"LineString","coordinates":[[-79.86189206661372,40.44311676158504],[-79.86317725761442,40.443572844635675]]}},{"type":"Feature","properties":{"a":"FG0251","b":"FG0263"},"geometry":{"type":"LineString","coordinates":[[-79.86317725761442,40.443572844635675],[-79.86377655202025,40.44259477137725]]}},{"type":"Feature","properties":{"a":"FG0252","b":"FG0253"},"geometry":{"type":"LineString","coordinates":[[-79.8612927722079,40.44409483484346],[-79.86250097320817,40.44452359601412]]}},{"type":"Feature","properties":{"a":"FG0252","b":"FG0264"},"geometry":{"type":"LineString","coordinates":[[-79.86260878186657,40.44450062056958],[-79.86317725761442,40.443572844635675]]}},{"type":"Feature","properties":{"a":"FG0253","b":null},"geometry":{"type":"LineString","coordinates":[[-79.86089384955997,40.444745893105186],[-79.86093436854462,40.44476315784624]]}},{"type":"Feature","properties":{"a":"FG0254","b":"FG0330"},"geometry":{"type":"LineString","coordinates":[[-79.86954699973562,40.43483600023273],[-79.86997888119978,40.435025881536504]]}},{"type":"Feature","properties":{"a":"FG0254","b":"FG0330"},"geometry":{"type":"LineString","coordinates":[[-79.8687485676055,40.434480236288714],[-79.86954699973562,40.43483600023273]]}},{"type":"Feature","properties":{"a":"FG0254","b":"FG0255"},"geometry":{"type":"LineString","coordinates":[[-79.8685709072668,40.43477018530989],[-79.86985609826752,40.43522626836052]]}},{"type":"Feature","properties":{"a":"FG0254","b":"FG0265"},"geometry":{"type":"LineString","coordinates":[[-79.86985609826752,40.43522626836052],[-79.86997888119978,40.435025881536504]]}},{"type":"Feature","properties":{"a":"FG0255","b":"FG0256"},"geometry":{"type":"LineString","coordinates":[[-79.86797161286098,40.4357482585683],[-79.8692568038617,40.43620434161895]]}},{"type":"Feature","properties":{"a":"FG0255","b":"FG0265"},"geometry":{"type":"LineString","coordinates":[[-79.8692568038617,40.43620434161895],[-79.86985609826752,40.43522626836052]]}},{"type":"Feature","properties":{"a":"FG0256","b":"FG0257"},"geometry":{"type":"LineString","coordinates":[[-79.86737231845517,40.436726331826726],[-79.86865750945587,40.43718241487736]]}},{"type":"Feature","properties":{"a":"FG0256","b":"FG0266"},"geometry":{"type":"LineString","coordinates":[[-79.86865750945587,40.43718241487736],[-79.8692568038617,40.43620434161895]]}},{"type":"Feature","properties":{"a":"FG0257","b":"FG0258"},"geometry":{"type":"LineString","coordinates":[[-79.86677302404935,40.43770440508515],[-79.86805821505006,40.438160488135786]]}},{"type":"Feature","properties":{"a":"FG0257","b":"FG0267"},"geometry":{"type":"LineString","coordinates":[[-79.86805821505006,40.438160488135786],[-79.86865750945587,40.43718241487736]]}},{"type":"Feature","properties":{"a":"FG0258","b":"FG0259"},"geometry":{"type":"LineString","coordinates":[[-79.86617372964353,40.43868247834357],[-79.86745892064424,40.43913856139421]]}},{"type":"Feature","properties":{"a":"FG0258","b":"FG0268"},"geometry":{"type":"LineString","coordinates":[[-79.86745892064424,40.43913856139421],[-79.86805821505006,40.438160488135786]]}},{"type":"Feature","properties":{"a":"FG0259","b":"FG0260"},"geometry":{"type":"LineString","coordinates":[[-79.86557443523772,40.43966055160199],[-79.86685962623842,40.44011663465263]]}},{"type":"Feature","properties":{"a":"FG0259","b":"FG0269"},"geometry":{"type":"LineString","coordinates":[[-79.86685962623842,40.44011663465263],[-79.86745892064424,40.43913856139421]]}},{"type":"Feature","properties":{"a":"FG0260","b":"FG0261"},"geometry":{"type":"LineString","coordinates":[[-79.86497514083189,40.44063862486041],[-79.8662603318326,40.44109470791105]]}},{"type":"Feature","properties":{"a":"FG0260","b":"FG0270"},"geometry":{"type":"LineString","coordinates":[[-79.8662603318326,40.44109470791105],[-79.86685962623842,40.44011663465263]]}},{"type":"Feature","properties":{"a":"FG0261","b":"FG0262"},"geometry":{"type":"LineString","coordinates":[[-79.86437584642607,40.441616698118835],[-79.86566103742679,40.442072781169465]]}},{"type":"Feature","properties":{"a":"FG0261","b":"FG0271"},"geometry":{"type":"LineString","coordinates":[[-79.86566103742679,40.442072781169465],[-79.8662603318326,40.44109470791105]]}},{"type":"Feature","properties":{"a":"FG0262","b":"FG0263"},"geometry":{"type":"LineString","coordinates":[[-79.86377655202025,40.44259477137725],[-79.86506174302096,40.44305085442789]]}},{"type":"Feature","properties":{"a":"FG0262","b":"FG0272"},"geometry":{"type":"LineString","coordinates":[[-79.86506174302096,40.44305085442789],[-79.86566103742679,40.442072781169465]]}},{"type":"Feature","properties":{"a":"FG0263","b":"FG0264"},"geometry":{"type":"LineString","coordinates":[[-79.86317725761442,40.443572844635675],[-79.86441978424072,40.44401378713675]]}},{"type":"Feature","properties":{"a":"FG0263","b":"FG0273"},"geometry":{"type":"LineString","coordinates":[[-79.86448209881709,40.44399685774396],[-79.86506174302096,40.44305085442789]]}},{"type":"Feature","properties":{"a":"FG0265","b":"FG0332"},"geometry":{"type":"LineString","coordinates":[[-79.87107999992081,40.43551000015632],[-79.87121317493461,40.435565031030286]]}},{"type":"Feature","properties":{"a":"FG0265","b":"FG0332"},"geometry":{"type":"LineString","coordinates":[[-79.86997888119978,40.435025881536504],[-79.87107999992081,40.43551000015632]]}},{"type":"Feature","properties":{"a":"FG0265","b":"FG0266"},"geometry":{"type":"LineString","coordinates":[[-79.8692568038617,40.43620434161895],[-79.87054199486242,40.436660424669576]]}},{"type":"Feature","properties":{"a":"FG0265","b":"FG0274"},"geometry":{"type":"LineString","coordinates":[[-79.87054199486242,40.436660424669576],[-79.87114128926824,40.43568235141116]]}},{"type":"Feature","properties":{"a":"FG0265","b":"FG0274"},"geometry":{"type":"LineString","coordinates":[[-79.87114128926824,40.43568235141116],[-79.87121317493461,40.435565031030286]]}},{"type":"Feature","properties":{"a":"FG0266","b":"FG0267"},"geometry":{"type":"LineString","coordinates":[[-79.86865750945587,40.43718241487736],[-79.86994270045659,40.437638497928]]}},{"type":"Feature","properties":{"a":"FG0266","b":"FG0275"},"geometry":{"type":"LineString","coordinates":[[-79.86994270045659,40.437638497928],[-79.87054199486242,40.436660424669576]]}},{"type":"Feature","properties":{"a":"FG0267","b":"FG0268"},"geometry":{"type":"LineString","coordinates":[[-79.86805821505006,40.438160488135786],[-79.86934340605077,40.43861657118642]]}},{"type":"Feature","properties":{"a":"FG0267","b":"FG0276"},"geometry":{"type":"LineString","coordinates":[[-79.86934340605077,40.43861657118642],[-79.86994270045659,40.437638497928]]}},{"type":"Feature","properties":{"a":"FG0268","b":"FG0269"},"geometry":{"type":"LineString","coordinates":[[-79.86745892064424,40.43913856139421],[-79.86874411164496,40.43959464444484]]}},{"type":"Feature","properties":{"a":"FG0268","b":"FG0277"},"geometry":{"type":"LineString","coordinates":[[-79.86874411164496,40.43959464444484],[-79.86934340605077,40.43861657118642]]}},{"type":"Feature","properties":{"a":"FG0269","b":"FG0270"},"geometry":{"type":"LineString","coordinates":[[-79.86685962623842,40.44011663465263],[-79.86814481723913,40.44057271770327]]}},{"type":"Feature","properties":{"a":"FG0269","b":"FG0278"},"geometry":{"type":"LineString","coordinates":[[-79.86814481723913,40.44057271770327],[-79.86874411164496,40.43959464444484]]}},{"type":"Feature","properties":{"a":"FG0270","b":"FG0271"},"geometry":{"type":"LineString","coordinates":[[-79.8662603318326,40.44109470791105],[-79.86754552283331,40.441550790961685]]}},{"type":"Feature","properties":{"a":"FG0270","b":"FG0279"},"geometry":{"type":"LineString","coordinates":[[-79.86754552283331,40.441550790961685],[-79.86814481723913,40.44057271770327]]}},{"type":"Feature","properties":{"a":"FG0271","b":"FG0272"},"geometry":{"type":"LineString","coordinates":[[-79.86566103742679,40.442072781169465],[-79.86694622842748,40.44252886422011]]}},{"type":"Feature","properties":{"a":"FG0271","b":"FG0280"},"geometry":{"type":"LineString","coordinates":[[-79.86694622842748,40.44252886422011],[-79.86754552283331,40.441550790961685]]}},{"type":"Feature","properties":{"a":"FG0272","b":"FG0280"},"geometry":{"type":"LineString","coordinates":[[-79.86694622842748,40.44252886422011],[-79.86750273975555,40.44272635656489]]}},{"type":"Feature","properties":{"a":"FG0272","b":"FG0273"},"geometry":{"type":"LineString","coordinates":[[-79.86506174302096,40.44305085442789],[-79.86618620000813,40.443449896883635]]}},{"type":"Feature","properties":{"a":"FG0274","b":"FG0334"},"geometry":{"type":"LineString","coordinates":[[-79.87229599991356,40.436022000210656],[-79.87244216904261,40.43611282973422]]}},{"type":"Feature","properties":{"a":"FG0274","b":"FG0334"},"geometry":{"type":"LineString","coordinates":[[-79.87211199979055,40.435930999763436],[-79.87229599991356,40.436022000210656]]}},{"type":"Feature","properties":{"a":"FG0274","b":"FG0334"},"geometry":{"type":"LineString","coordinates":[[-79.87196899967542,40.43585999986997],[-79.87211199979055,40.435930999763436]]}},{"type":"Feature","properties":{"a":"FG0274","b":"FG0334"},"geometry":{"type":"LineString","coordinates":[[-79.87178899975036,40.435777999928526],[-79.87196899967542,40.43585999986997]]}},{"type":"Feature","properties":{"a":"FG0274","b":"FG0334"},"geometry":{"type":"LineString","coordinates":[[-79.87173100002404,40.43575200010969],[-79.87178899975036,40.435777999928526]]}},{"type":"Feature","properties":{"a":"FG0274","b":"FG0334"},"geometry":{"type":"LineString","coordinates":[[-79.87155899959659,40.43567399990908],[-79.87173100002404,40.43575200010969]]}},{"type":"Feature","properties":{"a":"FG0274","b":"FG0334"},"geometry":{"type":"LineString","coordinates":[[-79.87150199969518,40.43564800004997],[-79.87155899959659,40.43567399990908]]}},{"type":"Feature","properties":{"a":"FG0274","b":"FG0334"},"geometry":{"type":"LineString","coordinates":[[-79.87132199977013,40.43560999986969],[-79.87150199969518,40.43564800004997]]}},{"type":"Feature","properties":{"a":"FG0274","b":"FG0334"},"geometry":{"type":"LineString","coordinates":[[-79.87121317493461,40.435565031030286],[-79.87132199977013,40.43560999986969]]}},{"type":"Feature","properties":{"a":"FG0274","b":"FG0275"},"geometry":{"type":"LineString","coordinates":[[-79.87054199486242,40.436660424669576],[-79.87182718586311,40.43711650772022]]}},{"type":"Feature","properties":{"a":"FG0274","b":"FG0281"},"geometry":{"type":"LineString","coordinates":[[-79.87182718586311,40.43711650772022],[-79.87242648026893,40.436138434461796]]}},{"type":"Feature","properties":{"a":"FG0274","b":"FG0281"},"geometry":{"type":"LineString","coordinates":[[-79.87242648026893,40.436138434461796],[-79.87244216904261,40.43611282973422]]}},{"type":"Feature","properties":{"a":"FG0275","b":"FG0276"},"geometry":{"type":"LineString","coordinates":[[-79.86994270045659,40.437638497928],[-79.8712278914573,40.43809458097864]]}},{"type":"Feature","properties":{"a":"FG0275","b":"FG0282"},"geometry":{"type":"LineString","coordinates":[[-79.8712278914573,40.43809458097864],[-79.87182718586311,40.43711650772022]]}},{"type":"Feature","properties":{"a":"FG0276","b":"FG0277"},"geometry":{"type":"LineString","coordinates":[[-79.86934340605077,40.43861657118642],[-79.87062859705146,40.439072654237066]]}},{"type":"Feature","properties":{"a":"FG0276","b":"FG0283"},"geometry":{"type":"LineString","coordinates":[[-79.87062859705146,40.439072654237066],[-79.8712278914573,40.43809458097864]]}},{"type":"Feature","properties":{"a":"FG0277","b":"FG0278"},"geometry":{"type":"LineString","coordinates":[[-79.86874411164496,40.43959464444484],[-79.87002930264563,40.44005072749548]]}},{"type":"Feature","properties":{"a":"FG0277","b":"FG0284"},"geometry":{"type":"LineString","coordinates":[[-79.87002930264563,40.44005072749548],[-79.87062859705146,40.439072654237066]]}},{"type":"Feature","properties":{"a":"FG0278","b":"FG0279"},"geometry":{"type":"LineString","coordinates":[[-79.86814481723913,40.44057271770327],[-79.86943000823982,40.441028800753905]]}},{"type":"Feature","properties":{"a":"FG0278","b":"FG0285"},"geometry":{"type":"LineString","coordinates":[[-79.86943000823982,40.441028800753905],[-79.87002930264563,40.44005072749548]]}},{"type":"Feature","properties":{"a":"FG0279","b":"FG0280"},"geometry":{"type":"LineString","coordinates":[[-79.86754552283331,40.441550790961685],[-79.868830713834,40.44200687401233]]}},{"type":"Feature","properties":{"a":"FG0279","b":"FG0286"},"geometry":{"type":"LineString","coordinates":[[-79.868830713834,40.44200687401233],[-79.86943000823982,40.441028800753905]]}},{"type":"Feature","properties":{"a":"FG0280","b":"FG0286"},"geometry":{"type":"LineString","coordinates":[[-79.868830713834,40.44200687401233],[-79.86889979696912,40.44203138993797]]}},{"type":"Feature","properties":{"a":"FG0281","b":"FG0336"},"geometry":{"type":"LineString","coordinates":[[-79.87324300029283,40.436799000065754],[-79.87345122955107,40.437019569169564]]}},{"type":"Feature","properties":{"a":"FG0281","b":"FG0336"},"geometry":{"type":"LineString","coordinates":[[-79.87298200017692,40.43655199966155],[-79.87324300029283,40.436799000065754]]}},{"type":"Feature","properties":{"a":"FG0281","b":"FG0336"},"geometry":{"type":"LineString","coordinates":[[-79.87275600022112,40.43633800005591],[-79.87298200017692,40.43655199966155]]}},{"type":"Feature","properties":{"a":"FG0281","b":"FG0336"},"geometry":{"type":"LineString","coordinates":[[-79.87271100001527,40.4363009998825],[-79.87275600022112,40.43633800005591]]}},{"type":"Feature","properties":{"a":"FG0281","b":"FG0336"},"geometry":{"type":"LineString","coordinates":[[-79.87259899986228,40.436218000177064],[-79.87271100001527,40.4363009998825]]}},{"type":"Feature","properties":{"a":"FG0281","b":"FG0336"},"geometry":{"type":"LineString","coordinates":[[-79.87255257669324,40.436183183018116],[-79.87259899986228,40.436218000177064]]}},{"type":"Feature","properties":{"a":"FG0281","b":"FG0336"},"geometry":{"type":"LineString","coordinates":[[-79.8725389995878,40.436173000252744],[-79.87255257669324,40.436183183018116]]}},{"type":"Feature","properties":{"a":"FG0281","b":"FG0336"},"geometry":{"type":"LineString","coordinates":[[-79.87244216904261,40.43611282973422],[-79.8725389995878,40.436173000252744]]}},{"type":"Feature","properties":{"a":"FG0281","b":"FG0282"},"geometry":{"type":"LineString","coordinates":[[-79.87182718586311,40.43711650772022],[-79.8731123768638,40.437572590770856]]}},{"type":"Feature","properties":{"a":"FG0281","b":"FG0288"},"geometry":{"type":"LineString","coordinates":[[-79.8731123768638,40.437572590770856],[-79.87345122955107,40.437019569169564]]}},{"type":"Feature","properties":{"a":"FG0282","b":"FG0283"},"geometry":{"type":"LineString","coordinates":[[-79.8712278914573,40.43809458097864],[-79.87251308245798,40.438550664029286]]}},{"type":"Feature","properties":{"a":"FG0282","b":"FG0288"},"geometry":{"type":"LineString","coordinates":[[-79.87251308245798,40.438550664029286],[-79.8731123768638,40.437572590770856]]}},{"type":"Feature","properties":{"a":"FG0283","b":"FG0284"},"geometry":{"type":"LineString","coordinates":[[-79.87062859705146,40.439072654237066],[-79.87191378805217,40.439528737287695]]}},{"type":"Feature","properties":{"a":"FG0283","b":"FG0289"},"geometry":{"type":"LineString","coordinates":[[-79.87191378805217,40.439528737287695],[-79.87251308245798,40.438550664029286]]}},{"type":"Feature","properties":{"a":"FG0284","b":"FG0285"},"geometry":{"type":"LineString","coordinates":[[-79.87002930264563,40.44005072749548],[-79.87131449364635,40.44050681054612]]}},{"type":"Feature","properties":{"a":"FG0284","b":"FG0290"},"geometry":{"type":"LineString","coordinates":[[-79.87131449364635,40.44050681054612],[-79.87191378805217,40.439528737287695]]}},{"type":"Feature","properties":{"a":"FG0285","b":"FG0286"},"geometry":{"type":"LineString","coordinates":[[-79.86943000823982,40.441028800753905],[-79.87034496791911,40.44135349770674]]}},{"type":"Feature","properties":{"a":"FG0285","b":"FG0291"},"geometry":{"type":"LineString","coordinates":[[-79.87097744911665,40.441056881159476],[-79.87131449364635,40.44050681054612]]}},{"type":"Feature","properties":{"a":"FG0287","b":"FG0293"},"geometry":{"type":"LineString","coordinates":[[-79.86867020193333,40.44482240399544],[-79.86891731602307,40.444419103579804]]}},{"type":"Feature","properties":{"a":"FG0287","b":"FG0293"},"geometry":{"type":"LineString","coordinates":[[-79.86891731602307,40.444419103579804],[-79.8692686861254,40.443845653039375]]}},{"type":"Feature","properties":{"a":"FG0288","b":"FG0339"},"geometry":{"type":"LineString","coordinates":[[-79.87404099981084,40.43798500028773],[-79.87429823562317,40.43819078814798]]}},{"type":"Feature","properties":{"a":"FG0288","b":"FG0339"},"geometry":{"type":"LineString","coordinates":[[-79.87395298028208,40.43787090049383],[-79.87404099981084,40.43798500028773]]}},{"type":"Feature","properties":{"a":"FG0288","b":"FG0339"},"geometry":{"type":"LineString","coordinates":[[-79.87393299985582,40.437844999849375],[-79.87395298028208,40.43787090049383]]}},{"type":"Feature","properties":{"a":"FG0288","b":"FG0339"},"geometry":{"type":"LineString","coordinates":[[-79.87384800036531,40.43765300027836],[-79.87393299985582,40.437844999849375]]}},{"type":"Feature","properties":{"a":"FG0288","b":"FG0339"},"geometry":{"type":"LineString","coordinates":[[-79.8737339996642,40.437469999973885],[-79.87384800036531,40.43765300027836]]}},{"type":"Feature","properties":{"a":"FG0288","b":"FG0339"},"geometry":{"type":"LineString","coordinates":[[-79.87366900026518,40.437343000119895],[-79.8737339996642,40.437469999973885]]}},{"type":"Feature","properties":{"a":"FG0288","b":"FG0339"},"geometry":{"type":"LineString","coordinates":[[-79.8736209996863,40.437248999917344],[-79.87366900026518,40.437343000119895]]}},{"type":"Feature","properties":{"a":"FG0288","b":"FG0339"},"geometry":{"type":"LineString","coordinates":[[-79.87351299973125,40.43708499990393],[-79.8736209996863,40.437248999917344]]}},{"type":"Feature","properties":{"a":"FG0288","b":"FG0339"},"geometry":{"type":"LineString","coordinates":[[-79.87345122955107,40.437019569169564],[-79.87351299973125,40.43708499990393]]}},{"type":"Feature","properties":{"a":"FG0288","b":"FG0289"},"geometry":{"type":"LineString","coordinates":[[-79.87251308245798,40.438550664029286],[-79.8737982734587,40.43900674707992]]}},{"type":"Feature","properties":{"a":"FG0288","b":"FG0294"},"geometry":{"type":"LineString","coordinates":[[-79.8737982734587,40.43900674707992],[-79.87429823562317,40.43819078814798]]}},{"type":"Feature","properties":{"a":"FG0289","b":"FG0290"},"geometry":{"type":"LineString","coordinates":[[-79.87191378805217,40.439528737287695],[-79.87319897905287,40.43998482033833]]}},{"type":"Feature","properties":{"a":"FG0289","b":"FG0295"},"geometry":{"type":"LineString","coordinates":[[-79.87319897905287,40.43998482033833],[-79.8737982734587,40.43900674707992]]}},{"type":"Feature","properties":{"a":"FG0290","b":"FG0291"},"geometry":{"type":"LineString","coordinates":[[-79.87131449364635,40.44050681054612],[-79.87174721123935,40.44066037150303]]}},{"type":"Feature","properties":{"a":"FG0290","b":null},"geometry":{"type":"LineString","coordinates":[[-79.87174721123935,40.44066037150303],[-79.87175100011554,40.44065800004815]]}},{"type":"Feature","properties":{"a":"FG0290","b":null},"geometry":{"type":"LineString","coordinates":[[-79.87175078947216,40.440661641330884],[-79.87175100011554,40.44065800004815]]}},{"type":"Feature","properties":{"a":"FG0290","b":"FG0291"},"geometry":{"type":"LineString","coordinates":[[-79.87175078947216,40.440661641330884],[-79.87259968464706,40.44096289359676]]}},{"type":"Feature","properties":{"a":"FG0290","b":"FG0296"},"geometry":{"type":"LineString","coordinates":[[-79.87259968464706,40.44096289359676],[-79.87319897905287,40.43998482033833]]}},{"type":"Feature","properties":{"a":"FG0291","b":"FG0292"},"geometry":{"type":"LineString","coordinates":[[-79.87149365254521,40.4417611379627],[-79.87200039024124,40.44194096685518]]}},{"type":"Feature","properties":{"a":"FG0291","b":"FG0297"},"geometry":{"type":"LineString","coordinates":[[-79.87200039024124,40.44194096685518],[-79.87259968464706,40.44096289359676]]}},{"type":"Feature","properties":{"a":"FG0292","b":"FG0299"},"geometry":{"type":"LineString","coordinates":[[-79.87102716399002,40.44278634078978],[-79.87140109583541,40.4429190401136]]}},{"type":"Feature","properties":{"a":"FG0292","b":"FG0298"},"geometry":{"type":"LineString","coordinates":[[-79.87140109583541,40.4429190401136],[-79.87200039024124,40.44194096685518]]}},{"type":"Feature","properties":{"a":"FG0293","b":"FG0299"},"geometry":{"type":"LineString","coordinates":[[-79.87027569576537,40.44371041125836],[-79.8708018014296,40.443897113372024]]}},{"type":"Feature","properties":{"a":"FG0293","b":"FG0301"},"geometry":{"type":"LineString","coordinates":[[-79.87003125497787,40.44515467705272],[-79.87020250702378,40.44487518663045]]}},{"type":"Feature","properties":{"a":"FG0293","b":"FG0300"},"geometry":{"type":"LineString","coordinates":[[-79.87020250702378,40.44487518663045],[-79.8708018014296,40.443897113372024]]}},{"type":"Feature","properties":{"a":"FG0294","b":"FG0343"},"geometry":{"type":"LineString","coordinates":[[-79.87526100000159,40.43898299988877],[-79.8753479979663,40.439031100505616]]}},{"type":"Feature","properties":{"a":"FG0294","b":"FG0343"},"geometry":{"type":"LineString","coordinates":[[-79.87515800006942,40.43892600004469],[-79.87526100000159,40.43898299988877]]}},{"type":"Feature","properties":{"a":"FG0294","b":"FG0343"},"geometry":{"type":"LineString","coordinates":[[-79.87502099980206,40.4388170001602],[-79.87515800006942,40.43892600004469]]}},{"type":"Feature","properties":{"a":"FG0294","b":"FG0343"},"geometry":{"type":"LineString","coordinates":[[-79.87488699990777,40.43870899968011],[-79.87502099980206,40.4388170001602]]}},{"type":"Feature","properties":{"a":"FG0294","b":"FG0343"},"geometry":{"type":"LineString","coordinates":[[-79.87470100013493,40.43853799998954],[-79.87488699990777,40.43870899968011]]}},{"type":"Feature","properties":{"a":"FG0294","b":"FG0343"},"geometry":{"type":"LineString","coordinates":[[-79.87437600044493,40.43825299976668],[-79.87470100013493,40.43853799998954]]}},{"type":"Feature","properties":{"a":"FG0294","b":"FG0343"},"geometry":{"type":"LineString","coordinates":[[-79.87429823562317,40.43819078814798],[-79.87437600044493,40.43825299976668]]}},{"type":"Feature","properties":{"a":"FG0294","b":"FG0295"},"geometry":{"type":"LineString","coordinates":[[-79.8737982734587,40.43900674707992],[-79.87508346445941,40.43946283013056]]}},{"type":"Feature","properties":{"a":"FG0294","b":"FG0302"},"geometry":{"type":"LineString","coordinates":[[-79.87508346445941,40.43946283013056],[-79.8753479979663,40.439031100505616]]}},{"type":"Feature","properties":{"a":"FG0295","b":"FG0296"},"geometry":{"type":"LineString","coordinates":[[-79.87319897905287,40.43998482033833],[-79.87448417005359,40.440440903388975]]}},{"type":"Feature","properties":{"a":"FG0295","b":"FG0303"},"geometry":{"type":"LineString","coordinates":[[-79.87448417005359,40.440440903388975],[-79.87508346445941,40.43946283013056]]}},{"type":"Feature","properties":{"a":"FG0296","b":"FG0297"},"geometry":{"type":"LineString","coordinates":[[-79.87259968464706,40.44096289359676],[-79.87388487564778,40.4414189766474]]}},{"type":"Feature","properties":{"a":"FG0296","b":"FG0304"},"geometry":{"type":"LineString","coordinates":[[-79.87388487564778,40.4414189766474],[-79.87448417005359,40.440440903388975]]}},{"type":"Feature","properties":{"a":"FG0297","b":"FG0298"},"geometry":{"type":"LineString","coordinates":[[-79.87200039024124,40.44194096685518],[-79.87328558124194,40.44239704990582]]}},{"type":"Feature","properties":{"a":"FG0297","b":"FG0305"},"geometry":{"type":"LineString","coordinates":[[-79.87328558124194,40.44239704990582],[-79.87388487564778,40.4414189766474]]}},{"type":"Feature","properties":{"a":"FG0298","b":"FG0299"},"geometry":{"type":"LineString","coordinates":[[-79.87140109583541,40.4429190401136],[-79.87268628683613,40.44337512316424]]}},{"type":"Feature","properties":{"a":"FG0298","b":"FG0306"},"geometry":{"type":"LineString","coordinates":[[-79.87268628683613,40.44337512316424],[-79.87328558124194,40.44239704990582]]}},{"type":"Feature","properties":{"a":"FG0299","b":"FG0300"},"geometry":{"type":"LineString","coordinates":[[-79.8708018014296,40.443897113372024],[-79.8720869924303,40.44435319642266]]}},{"type":"Feature","properties":{"a":"FG0299","b":"FG0307"},"geometry":{"type":"LineString","coordinates":[[-79.8720869924303,40.44435319642266],[-79.87268628683613,40.44337512316424]]}},{"type":"Feature","properties":{"a":"FG0300","b":"FG0301"},"geometry":{"type":"LineString","coordinates":[[-79.87020250702378,40.44487518663045],[-79.87148769802448,40.44533126968108]]}},{"type":"Feature","properties":{"a":"FG0300","b":"FG0308"},"geometry":{"type":"LineString","coordinates":[[-79.87148769802448,40.44533126968108],[-79.8720869924303,40.44435319642266]]}},{"type":"Feature","properties":{"a":"FG0301","b":"FG0309"},"geometry":{"type":"LineString","coordinates":[[-79.87104208401327,40.44605853017893],[-79.87148769802448,40.44533126968108]]}},{"type":"Feature","properties":{"a":"FG0302","b":"FG0349"},"geometry":{"type":"LineString","coordinates":[[-79.87634300010006,40.43990599969342],[-79.87634493290399,40.43991049462259]]}},{"type":"Feature","properties":{"a":"FG0302","b":"FG0349"},"geometry":{"type":"LineString","coordinates":[[-79.87632100035876,40.43985399981979],[-79.87634300010006,40.43990599969342]]}},{"type":"Feature","properties":{"a":"FG0302","b":"FG0349"},"geometry":{"type":"LineString","coordinates":[[-79.87628000035086,40.43975700032934],[-79.87632100035876,40.43985399981979]]}},{"type":"Feature","properties":{"a":"FG0302","b":"FG0349"},"geometry":{"type":"LineString","coordinates":[[-79.87623599996994,40.439712000038895],[-79.87628000035086,40.43975700032934]]}},{"type":"Feature","properties":{"a":"FG0302","b":"FG0349"},"geometry":{"type":"LineString","coordinates":[[-79.8761980003351,40.439672000287196],[-79.87623599996994,40.439712000038895]]}},{"type":"Feature","properties":{"a":"FG0302","b":"FG0349"},"geometry":{"type":"LineString","coordinates":[[-79.87599400012061,40.43946000018041],[-79.8761980003351,40.439672000287196]]}},{"type":"Feature","properties":{"a":"FG0302","b":"FG0349"},"geometry":{"type":"LineString","coordinates":[[-79.8758610000512,40.43932199990648],[-79.87599400012061,40.43946000018041]]}},{"type":"Feature","properties":{"a":"FG0302","b":"FG0349"},"geometry":{"type":"LineString","coordinates":[[-79.875762000317,40.439259999750625],[-79.8758610000512,40.43932199990648]]}},{"type":"Feature","properties":{"a":"FG0302","b":"FG0349"},"geometry":{"type":"LineString","coordinates":[[-79.8753479979663,40.439031100505616],[-79.875762000317,40.439259999750625]]}},{"type":"Feature","properties":{"a":"FG0302","b":"FG0303"},"geometry":{"type":"LineString","coordinates":[[-79.87508346445941,40.43946283013056],[-79.87634493290399,40.43991049462259]]}},{"type":"Feature","properties":{"a":"FG0303","b":"FG0356"},"geometry":{"type":"LineString","coordinates":[[-79.87634493290399,40.43991049462259],[-79.8763568427121,40.439938192074564]]}},{"type":"Feature","properties":{"a":"FG0303","b":"FG0304"},"geometry":{"type":"LineString","coordinates":[[-79.87448417005359,40.440440903388975],[-79.87576936105428,40.44089698643961]]}},{"type":"Feature","properties":{"a":"FG0303","b":"FG0310"},"geometry":{"type":"LineString","coordinates":[[-79.87576936105428,40.44089698643961],[-79.8763568427121,40.439938192074564]]}},{"type":"Feature","properties":{"a":"FG0304","b":"FG0305"},"geometry":{"type":"LineString","coordinates":[[-79.87388487564778,40.4414189766474],[-79.87517006664847,40.441875059698035]]}},{"type":"Feature","properties":{"a":"FG0304","b":"FG0311"},"geometry":{"type":"LineString","coordinates":[[-79.87517006664847,40.441875059698035],[-79.87576936105428,40.44089698643961]]}},{"type":"Feature","properties":{"a":"FG0305","b":"FG0306"},"geometry":{"type":"LineString","coordinates":[[-79.87328558124194,40.44239704990582],[-79.87457077224265,40.44285313295645]]}},{"type":"Feature","properties":{"a":"FG0305","b":"FG0312"},"geometry":{"type":"LineString","coordinates":[[-79.87457077224265,40.44285313295645],[-79.87517006664847,40.441875059698035]]}},{"type":"Feature","properties":{"a":"FG0306","b":"FG0307"},"geometry":{"type":"LineString","coordinates":[[-79.87268628683613,40.44337512316424],[-79.87397147783682,40.443831206214874]]}},{"type":"Feature","properties":{"a":"FG0306","b":"FG0313"},"geometry":{"type":"LineString","coordinates":[[-79.87397147783682,40.443831206214874],[-79.87457077224265,40.44285313295645]]}},{"type":"Feature","properties":{"a":"FG0307","b":"FG0308"},"geometry":{"type":"LineString","coordinates":[[-79.8720869924303,40.44435319642266],[-79.873372183431,40.4448092794733]]}},{"type":"Feature","properties":{"a":"FG0307","b":"FG0314"},"geometry":{"type":"LineString","coordinates":[[-79.873372183431,40.4448092794733],[-79.87397147783682,40.443831206214874]]}},{"type":"Feature","properties":{"a":"FG0308","b":"FG0309"},"geometry":{"type":"LineString","coordinates":[[-79.87148769802448,40.44533126968108],[-79.87277288902519,40.44578735273172]]}},{"type":"Feature","properties":{"a":"FG0308","b":"FG0315"},"geometry":{"type":"LineString","coordinates":[[-79.87277288902519,40.44578735273172],[-79.873372183431,40.4448092794733]]}},{"type":"Feature","properties":{"a":"FG0309","b":"FG0399"},"geometry":{"type":"LineString","coordinates":[[-79.87202700030005,40.44680000002176],[-79.87204300019359,40.446789999944144]]}},{"type":"Feature","properties":{"a":"FG0309","b":"FG0399"},"geometry":{"type":"LineString","coordinates":[[-79.87204300019359,40.446789999944144],[-79.87213984468484,40.44675344895863]]}},{"type":"Feature","properties":{"a":"FG0309","b":"FG0402"},"geometry":{"type":"LineString","coordinates":[[-79.87213984468484,40.44675344895863],[-79.87219329370797,40.44673327626275]]}},{"type":"Feature","properties":{"a":"FG0309","b":"FG0316"},"geometry":{"type":"LineString","coordinates":[[-79.87219329370797,40.44673327626275],[-79.87277288902519,40.44578735273172]]}},{"type":"Feature","properties":{"a":"FG0310","b":"FG0356"},"geometry":{"type":"LineString","coordinates":[[-79.87680000003454,40.44100800031024],[-79.87717971986378,40.44114879044912]]}},{"type":"Feature","properties":{"a":"FG0310","b":"FG0356"},"geometry":{"type":"LineString","coordinates":[[-79.87663799965284,40.440842000112305],[-79.87680000003454,40.44100800031024]]}},{"type":"Feature","properties":{"a":"FG0310","b":"FG0356"},"geometry":{"type":"LineString","coordinates":[[-79.87638599975777,40.44000599970549],[-79.87663799965284,40.440842000112305]]}},{"type":"Feature","properties":{"a":"FG0310","b":"FG0356"},"geometry":{"type":"LineString","coordinates":[[-79.8763568427121,40.43993819207457],[-79.87638599975777,40.44000599970549]]}},{"type":"Feature","properties":{"a":"FG0310","b":"FG0311"},"geometry":{"type":"LineString","coordinates":[[-79.87576936105428,40.44089698643961],[-79.877054552055,40.441353069490255]]}},{"type":"Feature","properties":{"a":"FG0310","b":"FG0317"},"geometry":{"type":"LineString","coordinates":[[-79.877054552055,40.441353069490255],[-79.87717971986378,40.44114879044912]]}},{"type":"Feature","properties":{"a":"FG0311","b":"FG0312"},"geometry":{"type":"LineString","coordinates":[[-79.87517006664847,40.441875059698035],[-79.87645525764918,40.44233114274867]]}},{"type":"Feature","properties":{"a":"FG0311","b":"FG0317"},"geometry":{"type":"LineString","coordinates":[[-79.87645525764918,40.44233114274867],[-79.877054552055,40.441353069490255]]}},{"type":"Feature","properties":{"a":"FG0312","b":"FG0313"},"geometry":{"type":"LineString","coordinates":[[-79.87457077224265,40.44285313295645],[-79.87585596324335,40.443309216007094]]}},{"type":"Feature","properties":{"a":"FG0312","b":"FG0318"},"geometry":{"type":"LineString","coordinates":[[-79.87585596324335,40.443309216007094],[-79.87645525764918,40.44233114274867]]}},{"type":"Feature","properties":{"a":"FG0313","b":"FG0314"},"geometry":{"type":"LineString","coordinates":[[-79.87397147783682,40.443831206214874],[-79.87525666883754,40.44428728926552]]}},{"type":"Feature","properties":{"a":"FG0313","b":"FG0319"},"geometry":{"type":"LineString","coordinates":[[-79.87525666883754,40.44428728926552],[-79.87585596324335,40.443309216007094]]}},{"type":"Feature","properties":{"a":"FG0314","b":"FG0315"},"geometry":{"type":"LineString","coordinates":[[-79.873372183431,40.4448092794733],[-79.87465737443172,40.44526536252394]]}},{"type":"Feature","properties":{"a":"FG0314","b":"FG0320"},"geometry":{"type":"LineString","coordinates":[[-79.87465737443172,40.44526536252394],[-79.87525666883754,40.44428728926552]]}},{"type":"Feature","properties":{"a":"FG0315","b":"FG0316"},"geometry":{"type":"LineString","coordinates":[[-79.87277288902519,40.44578735273172],[-79.87377793879872,40.44614402046944]]}},{"type":"Feature","properties":{"a":"FG0315","b":"FG0402"},"geometry":{"type":"LineString","coordinates":[[-79.87377793879872,40.44614402046944],[-79.87380200033455,40.44613599997622]]}},{"type":"Feature","properties":{"a":"FG0315","b":"FG0402"},"geometry":{"type":"LineString","coordinates":[[-79.87380200033455,40.44613599997622],[-79.8741873417879,40.44603247524022]]}},{"type":"Feature","properties":{"a":"FG0315","b":"FG0321"},"geometry":{"type":"LineString","coordinates":[[-79.8741873417879,40.44603247524022],[-79.87465737443172,40.44526536252394]]}},{"type":"Feature","properties":{"a":"FG0316","b":"FG0402"},"geometry":{"type":"LineString","coordinates":[[-79.87219329370797,40.44673327626275],[-79.87266300033468,40.44655599989023]]}},{"type":"Feature","properties":{"a":"FG0316","b":"FG0402"},"geometry":{"type":"LineString","coordinates":[[-79.87266300033468,40.44655599989023],[-79.87358899989924,40.44620699995559]]}},{"type":"Feature","properties":{"a":"FG0316","b":"FG0402"},"geometry":{"type":"LineString","coordinates":[[-79.87358899989924,40.44620699995559],[-79.87377793879872,40.44614402046944]]}},{"type":"Feature","properties":{"a":"FG0317","b":"FG0363"},"geometry":{"type":"LineString","coordinates":[[-79.87717971986378,40.44114879044912],[-79.87771700027656,40.44134799991386]]}},{"type":"Feature","properties":{"a":"FG0317","b":"FG0318"},"geometry":{"type":"LineString","coordinates":[[-79.87645525764918,40.44233114274867],[-79.87704321570038,40.44253979477121]]}},{"type":"Feature","properties":{"a":"FG0317","b":"FG0406"},"geometry":{"type":"LineString","coordinates":[[-79.87704321570038,40.44253979477121],[-79.87708500043992,40.44246400032927]]}},{"type":"Feature","properties":{"a":"FG0317","b":"FG0406"},"geometry":{"type":"LineString","coordinates":[[-79.87708500043992,40.44246400032927],[-79.87721500013625,40.442231999996714]]}},{"type":"Feature","properties":{"a":"FG0317","b":"FG0406"},"geometry":{"type":"LineString","coordinates":[[-79.87721500013625,40.442231999996714],[-79.87725899961886,40.442155000006956]]}},{"type":"Feature","properties":{"a":"FG0317","b":"FG0406"},"geometry":{"type":"LineString","coordinates":[[-79.87725899961886,40.442155000006956],[-79.87730399982469,40.44207399975391]]}},{"type":"Feature","properties":{"a":"FG0317","b":"FG0406"},"geometry":{"type":"LineString","coordinates":[[-79.87730399982469,40.44207399975391],[-79.87744199991695,40.4418309997764]]}},{"type":"Feature","properties":{"a":"FG0317","b":"FG0406"},"geometry":{"type":"LineString","coordinates":[[-79.87744199991695,40.4418309997764],[-79.8774879999477,40.441751000036106]]}},{"type":"Feature","properties":{"a":"FG0317","b":"FG0406"},"geometry":{"type":"LineString","coordinates":[[-79.8774879999477,40.441751000036106],[-79.8776034350143,40.441547854712354]]}},{"type":"Feature","properties":{"a":"FG0317","b":"FG0406"},"geometry":{"type":"LineString","coordinates":[[-79.8776034350143,40.441547854712354],[-79.87771700027656,40.44134799991386]]}},{"type":"Feature","properties":{"a":"FG0318","b":"FG0319"},"geometry":{"type":"LineString","coordinates":[[-79.87585596324335,40.443309216007094],[-79.87648630457728,40.443532908826576]]}},{"type":"Feature","properties":{"a":"FG0318","b":"FG0407"},"geometry":{"type":"LineString","coordinates":[[-79.87648630457728,40.443532908826576],[-79.87672700023961,40.44310399973604]]}},{"type":"Feature","properties":{"a":"FG0318","b":"FG0407"},"geometry":{"type":"LineString","coordinates":[[-79.87672700023961,40.44310399973604],[-79.87681599992808,40.44294600017551]]}},{"type":"Feature","properties":{"a":"FG0318","b":"FG0407"},"geometry":{"type":"LineString","coordinates":[[-79.87681599992808,40.44294600017551],[-79.87686000030901,40.44286500019189]]}},{"type":"Feature","properties":{"a":"FG0318","b":"FG0407"},"geometry":{"type":"LineString","coordinates":[[-79.87686000030901,40.44286500019189],[-79.87699599985314,40.442622000339085]]}},{"type":"Feature","properties":{"a":"FG0318","b":"FG0407"},"geometry":{"type":"LineString","coordinates":[[-79.87699599985314,40.442622000339085],[-79.87704199988389,40.442542000172836]]}},{"type":"Feature","properties":{"a":"FG0318","b":"FG0407"},"geometry":{"type":"LineString","coordinates":[[-79.87704199988389,40.442542000172836],[-79.87704321570038,40.44253979477121]]}},{"type":"Feature","properties":{"a":"FG0319","b":"FG0320"},"geometry":{"type":"LineString","coordinates":[[-79.87525666883754,40.44428728926552],[-79.87592629094905,40.444524921878276]]}},{"type":"Feature","properties":{"a":"FG0319","b":"FG0408"},"geometry":{"type":"LineString","coordinates":[[-79.87592629094905,40.444524921878276],[-79.8759740000291,40.444439999917655]]}},{"type":"Feature","properties":{"a":"FG0319","b":"FG0408"},"geometry":{"type":"LineString","coordinates":[[-79.8759740000291,40.444439999917655],[-79.87627299977987,40.443912000129146]]}},{"type":"Feature","properties":{"a":"FG0319","b":"FG0408"},"geometry":{"type":"LineString","coordinates":[[-79.87627299977987,40.443912000129146],[-79.87637300023728,40.443736999923736]]}},{"type":"Feature","properties":{"a":"FG0319","b":"FG0408"},"geometry":{"type":"LineString","coordinates":[[-79.87637300023728,40.443736999923736],[-79.87646100010083,40.443578000291375]]}},{"type":"Feature","properties":{"a":"FG0319","b":"FG0408"},"geometry":{"type":"LineString","coordinates":[[-79.87646100010083,40.443578000291375],[-79.87648630457728,40.443532908826576]]}},{"type":"Feature","properties":{"a":"FG0320","b":"FG0321"},"geometry":{"type":"LineString","coordinates":[[-79.87465737443172,40.44526536252394],[-79.87538660415125,40.44552414842806]]}},{"type":"Feature","properties":{"a":"FG0320","b":"FG0409"},"geometry":{"type":"LineString","coordinates":[[-79.87538660415125,40.44552414842806],[-79.875502000026,40.44531900020883]]}},{"type":"Feature","properties":{"a":"FG0320","b":"FG0409"},"geometry":{"type":"LineString","coordinates":[[-79.875502000026,40.44531900020883],[-79.87556200030046,40.44521300025594]]}},{"type":"Feature","properties":{"a":"FG0320","b":"FG0409"},"geometry":{"type":"LineString","coordinates":[[-79.87556200030046,40.44521300025594],[-79.87561900020188,40.44510899979139]]}},{"type":"Feature","properties":{"a":"FG0320","b":"FG0409"},"geometry":{"type":"LineString","coordinates":[[-79.87561900020188,40.44510899979139],[-79.87575700029414,40.44486400018423]]}},{"type":"Feature","properties":{"a":"FG0320","b":"FG0409"},"geometry":{"type":"LineString","coordinates":[[-79.87575700029414,40.44486400018423],[-79.87578900008118,40.444798000341066]]}},{"type":"Feature","properties":{"a":"FG0320","b":"FG0409"},"geometry":{"type":"LineString","coordinates":[[-79.87578900008118,40.444798000341066],[-79.87584299960953,40.44469299974232]]}},{"type":"Feature","properties":{"a":"FG0320","b":"FG0409"},"geometry":{"type":"LineString","coordinates":[[-79.87584299960953,40.44469299974232],[-79.87588000031779,40.444618999684096]]}},{"type":"Feature","properties":{"a":"FG0320","b":"FG0409"},"geometry":{"type":"LineString","coordinates":[[-79.87588000031779,40.444618999684096],[-79.87592399980039,40.44452900011321]]}},{"type":"Feature","properties":{"a":"FG0320","b":"FG0409"},"geometry":{"type":"LineString","coordinates":[[-79.87592399980039,40.44452900011321],[-79.87592629094905,40.444524921878276]]}},{"type":"Feature","properties":{"a":"FG0321","b":"FG0410"},"geometry":{"type":"LineString","coordinates":[[-79.8741873417879,40.44603247524022],[-79.87460599970038,40.445919999799315]]}},{"type":"Feature","properties":{"a":"FG0321","b":"FG0410"},"geometry":{"type":"LineString","coordinates":[[-79.87460599970038,40.445919999799315],[-79.87490000032656,40.4458419997737]]}},{"type":"Feature","properties":{"a":"FG0321","b":"FG0410"},"geometry":{"type":"LineString","coordinates":[[-79.87490000032656,40.4458419997737],[-79.87526600002447,40.44574799983294]]}},{"type":"Feature","properties":{"a":"FG0321","b":"FG0410"},"geometry":{"type":"LineString","coordinates":[[-79.87526600002447,40.44574799983294],[-79.87527299969715,40.44572699988644]]}},{"type":"Feature","properties":{"a":"FG0321","b":"FG0410"},"geometry":{"type":"LineString","coordinates":[[-79.87527299969715,40.44572699988644],[-79.87532200010095,40.44563900007158]]}},{"type":"Feature","properties":{"a":"FG0321","b":"FG0410"},"geometry":{"type":"LineString","coordinates":[[-79.87532200010095,40.44563900007158],[-79.87538660415125,40.44552414842806]]}},{"type":"Feature","properties":{"a":"FG0322","b":null},"geometry":{"type":"LineString","coordinates":[[-79.86657383243903,40.43156022289062],[-79.86735175479706,40.431652756723196]]}},{"type":"Feature","properties":{"a":"FG0322","b":null},"geometry":{"type":"LineString","coordinates":[[-79.86650274842842,40.43165474944766],[-79.86657383243903,40.43156022289062]]}},{"type":"Feature","properties":{"a":"FG0322","b":null},"geometry":{"type":"LineString","coordinates":[[-79.8658219997644,40.43255999982487],[-79.86650274842842,40.43165474944766]]}},{"type":"Feature","properties":{"a":"FG0322","b":null},"geometry":{"type":"LineString","coordinates":[[-79.86579581093078,40.432594622788976],[-79.8658219997644,40.43255999982487]]}},{"type":"Feature","properties":{"a":"FG0322","b":"FG0323"},"geometry":{"type":"LineString","coordinates":[[-79.86579581093078,40.432594622788976],[-79.86659981967122,40.432879945950184]]}},{"type":"Feature","properties":{"a":"FG0322","b":"FG0325"},"geometry":{"type":"LineString","coordinates":[[-79.86659981967122,40.432879945950184],[-79.86719911407707,40.43190187269177]]}},{"type":"Feature","properties":{"a":"FG0322","b":"FG0324"},"geometry":{"type":"LineString","coordinates":[[-79.86719911407707,40.43190187269177],[-79.86735175479706,40.431652756723196]]}},{"type":"Feature","properties":{"a":"FG0323","b":null},"geometry":{"type":"LineString","coordinates":[[-79.86576300021318,40.43263800021899],[-79.86579581093078,40.432594622788976]]}},{"type":"Feature","properties":{"a":"FG0323","b":"FG0471"},"geometry":{"type":"LineString","coordinates":[[-79.86563799964138,40.43278599996421],[-79.86576300021318,40.43263800021899]]}},{"type":"Feature","properties":{"a":"FG0323","b":"FG0471"},"geometry":{"type":"LineString","coordinates":[[-79.86555200032599,40.43288800032901],[-79.86563799964138,40.43278599996421]]}},{"type":"Feature","properties":{"a":"FG0323","b":"FG0326"},"geometry":{"type":"LineString","coordinates":[[-79.86633056377003,40.433319382717926],[-79.86659981967122,40.432879945950184]]}},{"type":"Feature","properties":{"a":"FG0324","b":null},"geometry":{"type":"LineString","coordinates":[[-79.8684830000788,40.432056999931724],[-79.8686303109659,40.432119668093854]]}},{"type":"Feature","properties":{"a":"FG0324","b":"FG0471"},"geometry":{"type":"LineString","coordinates":[[-79.86760003939233,40.43168229016562],[-79.8684830000788,40.432056999931724]]}},{"type":"Feature","properties":{"a":"FG0324","b":null},"geometry":{"type":"LineString","coordinates":[[-79.86735175479706,40.431652756723196],[-79.86760003939233,40.43168229016562]]}},{"type":"Feature","properties":{"a":"FG0324","b":"FG0325"},"geometry":{"type":"LineString","coordinates":[[-79.86719911407707,40.43190187269177],[-79.86848430507776,40.43235795574241]]}},{"type":"Feature","properties":{"a":"FG0324","b":"FG0327"},"geometry":{"type":"LineString","coordinates":[[-79.86848430507776,40.43235795574241],[-79.8686303109659,40.432119668093854]]}},{"type":"Feature","properties":{"a":"FG0325","b":"FG0326"},"geometry":{"type":"LineString","coordinates":[[-79.86659981967122,40.432879945950184],[-79.86788501067194,40.43333602900083]]}},{"type":"Feature","properties":{"a":"FG0325","b":"FG0327"},"geometry":{"type":"LineString","coordinates":[[-79.86788501067194,40.43333602900083],[-79.86848430507776,40.43235795574241]]}},{"type":"Feature","properties":{"a":"FG0326","b":"FG0328"},"geometry":{"type":"LineString","coordinates":[[-79.86754887994348,40.43388460825276],[-79.86788501067194,40.43333602900083]]}},{"type":"Feature","properties":{"a":"FG0327","b":null},"geometry":{"type":"LineString","coordinates":[[-79.86979399960784,40.43261199986973],[-79.8698728554398,40.43264535204018]]}},{"type":"Feature","properties":{"a":"FG0327","b":"FG0470"},"geometry":{"type":"LineString","coordinates":[[-79.86911800028854,40.43232600015092],[-79.86979399960784,40.43261199986973]]}},{"type":"Feature","properties":{"a":"FG0327","b":"FG0470"},"geometry":{"type":"LineString","coordinates":[[-79.86884499957874,40.43221099970594],[-79.86911800028854,40.43232600015092]]}},{"type":"Feature","properties":{"a":"FG0327","b":null},"geometry":{"type":"LineString","coordinates":[[-79.8686303109659,40.432119668093854],[-79.86884499957874,40.43221099970594]]}},{"type":"Feature","properties":{"a":"FG0327","b":"FG0328"},"geometry":{"type":"LineString","coordinates":[[-79.86788501067194,40.43333602900083],[-79.86917020167263,40.433792112051464]]}},{"type":"Feature","properties":{"a":"FG0327","b":"FG0329"},"geometry":{"type":"LineString","coordinates":[[-79.86917020167263,40.433792112051464],[-79.86976949607846,40.43281403879304]]}},{"type":"Feature","properties":{"a":"FG0327","b":"FG0329"},"geometry":{"type":"LineString","coordinates":[[-79.86976949607846,40.43281403879304],[-79.8698728554398,40.43264535204018]]}},{"type":"Feature","properties":{"a":"FG0328","b":"FG0330"},"geometry":{"type":"LineString","coordinates":[[-79.8687485676055,40.434480236288714],[-79.86917020167263,40.433792112051464]]}},{"type":"Feature","properties":{"a":"FG0329","b":null},"geometry":{"type":"LineString","coordinates":[[-79.87077000029939,40.433024999784465],[-79.87111571068172,40.43317052880023]]}},{"type":"Feature","properties":{"a":"FG0329","b":"FG0470"},"geometry":{"type":"LineString","coordinates":[[-79.87053799959749,40.43292599999634],[-79.87077000029939,40.433024999784465]]}},{"type":"Feature","properties":{"a":"FG0329","b":"FG0470"},"geometry":{"type":"LineString","coordinates":[[-79.87040399970319,40.43287000015521],[-79.87053799959749,40.43292599999634]]}},{"type":"Feature","properties":{"a":"FG0329","b":null},"geometry":{"type":"LineString","coordinates":[[-79.8698728554398,40.43264535204018],[-79.87040399970319,40.43287000015521]]}},{"type":"Feature","properties":{"a":"FG0329","b":"FG0330"},"geometry":{"type":"LineString","coordinates":[[-79.86917020167263,40.433792112051464],[-79.87045539267335,40.4342481951021]]}},{"type":"Feature","properties":{"a":"FG0329","b":"FG0331"},"geometry":{"type":"LineString","coordinates":[[-79.87045539267335,40.4342481951021],[-79.87105468707917,40.43327012184368]]}},{"type":"Feature","properties":{"a":"FG0329","b":"FG0331"},"geometry":{"type":"LineString","coordinates":[[-79.87105468707917,40.43327012184368],[-79.87111571068172,40.43317052880023]]}},{"type":"Feature","properties":{"a":"FG0330","b":"FG0332"},"geometry":{"type":"LineString","coordinates":[[-79.86997888119978,40.435025881536504],[-79.87045539267335,40.4342481951021]]}},{"type":"Feature","properties":{"a":"FG0331","b":null},"geometry":{"type":"LineString","coordinates":[[-79.8722429,40.4338193],[-79.8722800157802,40.43382390264342]]}},{"type":"Feature","properties":{"a":"FG0331","b":null},"geometry":{"type":"LineString","coordinates":[[-79.8722429,40.4338193],[-79.87226962655474,40.43376907099042]]}},{"type":"Feature","properties":{"a":"FG0331","b":"FG0469"},"geometry":{"type":"LineString","coordinates":[[-79.87219399980631,40.433750000276405],[-79.87226962655474,40.43376907099042]]}},{"type":"Feature","properties":{"a":"FG0331","b":"FG0470"},"geometry":{"type":"LineString","coordinates":[[-79.87202800012497,40.433707000062576],[-79.87219399980631,40.433750000276405]]}},{"type":"Feature","properties":{"a":"FG0331","b":"FG0470"},"geometry":{"type":"LineString","coordinates":[[-79.8719250001928,40.433681000126654],[-79.87202800012497,40.433707000062576]]}},{"type":"Feature","properties":{"a":"FG0331","b":null},"geometry":{"type":"LineString","coordinates":[[-79.8719250001928,40.433681000126654],[-79.87196938736837,40.43359472674527]]}},{"type":"Feature","properties":{"a":"FG0331","b":null},"geometry":{"type":"LineString","coordinates":[[-79.87196938736837,40.43359472674527],[-79.87199600033792,40.43354300029854]]}},{"type":"Feature","properties":{"a":"FG0331","b":"FG0470"},"geometry":{"type":"LineString","coordinates":[[-79.87195799980476,40.43352599995825],[-79.87199600033792,40.43354300029854]]}},{"type":"Feature","properties":{"a":"FG0331","b":"FG0470"},"geometry":{"type":"LineString","coordinates":[[-79.87160200015262,40.43337599978592],[-79.87195799980476,40.43352599995825]]}},{"type":"Feature","properties":{"a":"FG0331","b":"FG0470"},"geometry":{"type":"LineString","coordinates":[[-79.87131400027252,40.43325400008273],[-79.87160200015262,40.43337599978592]]}},{"type":"Feature","properties":{"a":"FG0331","b":null},"geometry":{"type":"LineString","coordinates":[[-79.87111571068172,40.43317052880023],[-79.87131400027252,40.43325400008273]]}},{"type":"Feature","properties":{"a":"FG0331","b":"FG0332"},"geometry":{"type":"LineString","coordinates":[[-79.87045539267335,40.4342481951021],[-79.87174058367405,40.434704278152736]]}},{"type":"Feature","properties":{"a":"FG0331","b":"FG0333"},"geometry":{"type":"LineString","coordinates":[[-79.87174058367405,40.434704278152736],[-79.8722800157802,40.43382390264342]]}},{"type":"Feature","properties":{"a":"FG0332","b":"FG0334"},"geometry":{"type":"LineString","coordinates":[[-79.87121317493461,40.435565031030286],[-79.87174058367405,40.434704278152736]]}},{"type":"Feature","properties":{"a":"FG0333","b":null},"geometry":{"type":"LineString","coordinates":[[-79.87359899994497,40.43408900001331],[-79.87367162020308,40.43410631458756]]}},{"type":"Feature","properties":{"a":"FG0333","b":null},"geometry":{"type":"LineString","coordinates":[[-79.8728654746001,40.433912726325154],[-79.87359899994497,40.43408900001331]]}},{"type":"Feature","properties":{"a":"FG0333","b":null},"geometry":{"type":"LineString","coordinates":[[-79.87272281342955,40.43387844337792],[-79.8728654746001,40.433912726325154]]}},{"type":"Feature","properties":{"a":"FG0333","b":null},"geometry":{"type":"LineString","coordinates":[[-79.872709,40.4338771],[-79.87272281342955,40.43387844337792]]}},{"type":"Feature","properties":{"a":"FG0333","b":null},"geometry":{"type":"LineString","coordinates":[[-79.8722800157802,40.43382390264342],[-79.872709,40.4338771]]}},{"type":"Feature","properties":{"a":"FG0333","b":"FG0334"},"geometry":{"type":"LineString","coordinates":[[-79.87174058367405,40.434704278152736],[-79.87302577467476,40.43516036120338]]}},{"type":"Feature","properties":{"a":"FG0333","b":"FG0335"},"geometry":{"type":"LineString","coordinates":[[-79.87302577467476,40.43516036120338],[-79.87362506908057,40.43418228794496]]}},{"type":"Feature","properties":{"a":"FG0333","b":"FG0335"},"geometry":{"type":"LineString","coordinates":[[-79.87362506908057,40.43418228794496],[-79.87367162020308,40.43410631458756]]}},{"type":"Feature","properties":{"a":"FG0334","b":"FG0336"},"geometry":{"type":"LineString","coordinates":[[-79.87244216904261,40.43611282973422],[-79.87302577467476,40.43516036120338]]}},{"type":"Feature","properties":{"a":"FG0335","b":null},"geometry":{"type":"LineString","coordinates":[[-79.87417999972801,40.435264000119055],[-79.87457948360758,40.43517821188232]]}},{"type":"Feature","properties":{"a":"FG0335","b":"FG0469"},"geometry":{"type":"LineString","coordinates":[[-79.87417999972801,40.435264000119055],[-79.87423699962943,40.435015999909844]]}},{"type":"Feature","properties":{"a":"FG0335","b":"FG0469"},"geometry":{"type":"LineString","coordinates":[[-79.87408199981873,40.43439399985503],[-79.87423699962943,40.435015999909844]]}},{"type":"Feature","properties":{"a":"FG0335","b":null},"geometry":{"type":"LineString","coordinates":[[-79.8740682561482,40.434339564263965],[-79.87408199981873,40.43439399985503]]}},{"type":"Feature","properties":{"a":"FG0335","b":null},"geometry":{"type":"LineString","coordinates":[[-79.87403099976511,40.43419200010113],[-79.8740682561482,40.434339564263965]]}},{"type":"Feature","properties":{"a":"FG0335","b":null},"geometry":{"type":"LineString","coordinates":[[-79.87367162020308,40.43410631458756],[-79.87403099976511,40.43419200010113]]}},{"type":"Feature","properties":{"a":"FG0335","b":"FG0336"},"geometry":{"type":"LineString","coordinates":[[-79.87302577467476,40.43516036120338],[-79.87431096567546,40.435616444254016]]}},{"type":"Feature","properties":{"a":"FG0335","b":"FG0337"},"geometry":{"type":"LineString","coordinates":[[-79.87431096567546,40.435616444254016],[-79.87457948360758,40.43517821188232]]}},{"type":"Feature","properties":{"a":"FG0336","b":"FG0339"},"geometry":{"type":"LineString","coordinates":[[-79.87345122955107,40.437019569169564],[-79.87371167126963,40.43659451751245]]}},{"type":"Feature","properties":{"a":"FG0336","b":"FG0338"},"geometry":{"type":"LineString","coordinates":[[-79.87371167126963,40.43659451751245],[-79.87431096567546,40.435616444254016]]}},{"type":"Feature","properties":{"a":"FG0337","b":null},"geometry":{"type":"LineString","coordinates":[[-79.875758,40.435265],[-79.87603806867165,40.43535130864959]]}},{"type":"Feature","properties":{"a":"FG0337","b":null},"geometry":{"type":"LineString","coordinates":[[-79.875739,40.435261],[-79.875758,40.435265]]}},{"type":"Feature","properties":{"a":"FG0337","b":null},"geometry":{"type":"LineString","coordinates":[[-79.87495399000942,40.43509778010097],[-79.875739,40.435261]]}},{"type":"Feature","properties":{"a":"FG0337","b":"FG0469"},"geometry":{"type":"LineString","coordinates":[[-79.87495300003002,40.43509800009677],[-79.87495399000942,40.43509778010097]]}},{"type":"Feature","properties":{"a":"FG0337","b":null},"geometry":{"type":"LineString","coordinates":[[-79.87457948360758,40.43517821188232],[-79.87495300003002,40.43509800009677]]}},{"type":"Feature","properties":{"a":"FG0337","b":"FG0338"},"geometry":{"type":"LineString","coordinates":[[-79.87431096567546,40.435616444254016],[-79.87559615667615,40.43607252730465]]}},{"type":"Feature","properties":{"a":"FG0337","b":"FG0340"},"geometry":{"type":"LineString","coordinates":[[-79.87559615667615,40.43607252730465],[-79.87603806867165,40.43535130864959]]}},{"type":"Feature","properties":{"a":"FG0338","b":"FG0339"},"geometry":{"type":"LineString","coordinates":[[-79.87371167126963,40.43659451751245],[-79.87499686227034,40.43705060056308]]}},{"type":"Feature","properties":{"a":"FG0338","b":"FG0341"},"geometry":{"type":"LineString","coordinates":[[-79.87499686227034,40.43705060056308],[-79.87559615667615,40.43607252730465]]}},{"type":"Feature","properties":{"a":"FG0339","b":"FG0343"},"geometry":{"type":"LineString","coordinates":[[-79.87429823562317,40.43819078814798],[-79.87439756786452,40.43802867382149]]}},{"type":"Feature","properties":{"a":"FG0339","b":"FG0342"},"geometry":{"type":"LineString","coordinates":[[-79.87439756786452,40.43802867382149],[-79.87499686227034,40.43705060056308]]}},{"type":"Feature","properties":{"a":"FG0340","b":null},"geometry":{"type":"LineString","coordinates":[[-79.87741116526024,40.43543170101692],[-79.87751513114735,40.43549424951682]]}},{"type":"Feature","properties":{"a":"FG0340","b":null},"geometry":{"type":"LineString","coordinates":[[-79.87733211509665,40.43549782847935],[-79.87741116526024,40.43543170101692]]}},{"type":"Feature","properties":{"a":"FG0340","b":null},"geometry":{"type":"LineString","coordinates":[[-79.877204,40.435605],[-79.87733211509665,40.43549782847935]]}},{"type":"Feature","properties":{"a":"FG0340","b":null},"geometry":{"type":"LineString","coordinates":[[-79.876982,40.435792],[-79.877204,40.435605]]}},{"type":"Feature","properties":{"a":"FG0340","b":null},"geometry":{"type":"LineString","coordinates":[[-79.876725,40.435563],[-79.876982,40.435792]]}},{"type":"Feature","properties":{"a":"FG0340","b":null},"geometry":{"type":"LineString","coordinates":[[-79.87603806867165,40.43535130864959],[-79.876725,40.435563]]}},{"type":"Feature","properties":{"a":"FG0340","b":"FG0341"},"geometry":{"type":"LineString","coordinates":[[-79.87559615667615,40.43607252730465],[-79.87688134767689,40.43652861035529]]}},{"type":"Feature","properties":{"a":"FG0340","b":"FG0346"},"geometry":{"type":"LineString","coordinates":[[-79.87688134767689,40.43652861035529],[-79.8774806420827,40.43555053709687]]}},{"type":"Feature","properties":{"a":"FG0340","b":"FG0345"},"geometry":{"type":"LineString","coordinates":[[-79.8774806420827,40.43555053709687],[-79.87751513114735,40.43549424951682]]}},{"type":"Feature","properties":{"a":"FG0341","b":"FG0342"},"geometry":{"type":"LineString","coordinates":[[-79.87499686227034,40.43705060056308],[-79.87628205327104,40.43750668361372]]}},{"type":"Feature","properties":{"a":"FG0341","b":"FG0347"},"geometry":{"type":"LineString","coordinates":[[-79.87628205327104,40.43750668361372],[-79.87688134767689,40.43652861035529]]}},{"type":"Feature","properties":{"a":"FG0342","b":"FG0343"},"geometry":{"type":"LineString","coordinates":[[-79.87439756786452,40.43802867382149],[-79.87568275886522,40.438484756872136]]}},{"type":"Feature","properties":{"a":"FG0342","b":"FG0348"},"geometry":{"type":"LineString","coordinates":[[-79.87568275886522,40.438484756872136],[-79.87628205327104,40.43750668361372]]}},{"type":"Feature","properties":{"a":"FG0343","b":"FG0349"},"geometry":{"type":"LineString","coordinates":[[-79.8753479979663,40.439031100505616],[-79.87568275886522,40.438484756872136]]}},{"type":"Feature","properties":{"a":"FG0344","b":null},"geometry":{"type":"LineString","coordinates":[[-79.87977,40.434334],[-79.8797851090521,40.43434311960714]]}},{"type":"Feature","properties":{"a":"FG0344","b":null},"geometry":{"type":"LineString","coordinates":[[-79.879603,40.434234],[-79.87977,40.434334]]}},{"type":"Feature","properties":{"a":"FG0344","b":null},"geometry":{"type":"LineString","coordinates":[[-79.87956066940777,40.434208316269874],[-79.879603,40.434234]]}},{"type":"Feature","properties":{"a":"FG0344","b":"FG0469"},"geometry":{"type":"LineString","coordinates":[[-79.8795140000524,40.43418000021849],[-79.87956066940777,40.434208316269874]]}},{"type":"Feature","properties":{"a":"FG0344","b":"FG0469"},"geometry":{"type":"LineString","coordinates":[[-79.87935264390107,40.43408300999518],[-79.8795140000524,40.43418000021849]]}},{"type":"Feature","properties":{"a":"FG0344","b":null},"geometry":{"type":"LineString","coordinates":[[-79.879331,40.43407],[-79.87935264390107,40.43408300999518]]}},{"type":"Feature","properties":{"a":"FG0344","b":null},"geometry":{"type":"LineString","coordinates":[[-79.8792464578583,40.43402432780851],[-79.879331,40.43407]]}},{"type":"Feature","properties":{"a":"FG0344","b":"FG0469"},"geometry":{"type":"LineString","coordinates":[[-79.87924399990875,40.43402299995187],[-79.8792464578583,40.43402432780851]]}},{"type":"Feature","properties":{"a":"FG0344","b":"FG0469"},"geometry":{"type":"LineString","coordinates":[[-79.87924399904291,40.43402299949516],[-79.87924399990875,40.43402299995187]]}},{"type":"Feature","properties":{"a":"FG0344","b":"FG0469"},"geometry":{"type":"LineString","coordinates":[[-79.87918099996648,40.43398999974038],[-79.87924399904291,40.43402299949516]]}},{"type":"Feature","properties":{"a":"FG0344","b":"FG0469"},"geometry":{"type":"LineString","coordinates":[[-79.87913499993572,40.434028000152445],[-79.87918099996648,40.43398999974038]]}},{"type":"Feature","properties":{"a":"FG0344","b":null},"geometry":{"type":"LineString","coordinates":[[-79.87841535289016,40.434691494967375],[-79.87913499993572,40.434028000152445]]}},{"type":"Feature","properties":{"a":"FG0344","b":"FG0345"},"geometry":{"type":"LineString","coordinates":[[-79.87841535289016,40.434691494967375],[-79.87936512748922,40.435028546889086]]}},{"type":"Feature","properties":{"a":"FG0344","b":"FG0350"},"geometry":{"type":"LineString","coordinates":[[-79.87936512748922,40.435028546889086],[-79.8797851090521,40.43434311960714]]}},{"type":"Feature","properties":{"a":"FG0345","b":null},"geometry":{"type":"LineString","coordinates":[[-79.87753300015356,40.43550499996165],[-79.87841535289016,40.434691494967375]]}},{"type":"Feature","properties":{"a":"FG0345","b":null},"geometry":{"type":"LineString","coordinates":[[-79.87751513114735,40.43549424951682],[-79.87753300015356,40.43550499996165]]}},{"type":"Feature","properties":{"a":"FG0345","b":"FG0346"},"geometry":{"type":"LineString","coordinates":[[-79.8774806420827,40.43555053709687],[-79.8787658330834,40.436006620147516]]}},{"type":"Feature","properties":{"a":"FG0345","b":"FG0351"},"geometry":{"type":"LineString","coordinates":[[-79.8787658330834,40.436006620147516],[-79.87936512748922,40.435028546889086]]}},{"type":"Feature","properties":{"a":"FG0346","b":"FG0347"},"geometry":{"type":"LineString","coordinates":[[-79.87688134767689,40.43652861035529],[-79.87816653867758,40.436984693405925]]}},{"type":"Feature","properties":{"a":"FG0346","b":"FG0352"},"geometry":{"type":"LineString","coordinates":[[-79.87816653867758,40.436984693405925],[-79.8787658330834,40.436006620147516]]}},{"type":"Feature","properties":{"a":"FG0347","b":"FG0348"},"geometry":{"type":"LineString","coordinates":[[-79.87628205327104,40.43750668361372],[-79.87756724427176,40.43796276666436]]}},{"type":"Feature","properties":{"a":"FG0347","b":"FG0353"},"geometry":{"type":"LineString","coordinates":[[-79.87756724427176,40.43796276666436],[-79.87816653867758,40.436984693405925]]}},{"type":"Feature","properties":{"a":"FG0348","b":"FG0349"},"geometry":{"type":"LineString","coordinates":[[-79.87568275886522,40.438484756872136],[-79.87696794986593,40.438940839922765]]}},{"type":"Feature","properties":{"a":"FG0348","b":"FG0354"},"geometry":{"type":"LineString","coordinates":[[-79.87696794986593,40.438940839922765],[-79.87756724427176,40.43796276666436]]}},{"type":"Feature","properties":{"a":"FG0349","b":"FG0356"},"geometry":{"type":"LineString","coordinates":[[-79.87634493290399,40.43991049462259],[-79.87636865546011,40.4399189131812]]}},{"type":"Feature","properties":{"a":"FG0349","b":"FG0355"},"geometry":{"type":"LineString","coordinates":[[-79.87636865546011,40.4399189131812],[-79.87696794986593,40.438940839922765]]}},{"type":"Feature","properties":{"a":"FG0350","b":null},"geometry":{"type":"LineString","coordinates":[[-79.880919,40.435027],[-79.88092753901897,40.43503219456987]]}},{"type":"Feature","properties":{"a":"FG0350","b":null},"geometry":{"type":"LineString","coordinates":[[-79.880559,40.434811],[-79.880919,40.435027]]}},{"type":"Feature","properties":{"a":"FG0350","b":null},"geometry":{"type":"LineString","coordinates":[[-79.8805024551214,40.434776787972616],[-79.880559,40.434811]]}},{"type":"Feature","properties":{"a":"FG0350","b":"FG0469"},"geometry":{"type":"LineString","coordinates":[[-79.88043999961694,40.43473900033991],[-79.8805024551214,40.434776787972616]]}},{"type":"Feature","properties":{"a":"FG0350","b":"FG0469"},"geometry":{"type":"LineString","coordinates":[[-79.88038370145257,40.43470490369663],[-79.88043999961694,40.43473900033991]]}},{"type":"Feature","properties":{"a":"FG0350","b":null},"geometry":{"type":"LineString","coordinates":[[-79.880369,40.434696],[-79.88038370145257,40.43470490369663]]}},{"type":"Feature","properties":{"a":"FG0350","b":null},"geometry":{"type":"LineString","coordinates":[[-79.880272,40.434637],[-79.880369,40.434696]]}},{"type":"Feature","properties":{"a":"FG0350","b":null},"geometry":{"type":"LineString","coordinates":[[-79.8797851090521,40.43434311960714],[-79.880272,40.434637]]}},{"type":"Feature","properties":{"a":"FG0350","b":"FG0351"},"geometry":{"type":"LineString","coordinates":[[-79.87936512748922,40.435028546889086],[-79.88065031848993,40.43548462993972]]}},{"type":"Feature","properties":{"a":"FG0350","b":"FG0357"},"geometry":{"type":"LineString","coordinates":[[-79.88065031848993,40.43548462993972],[-79.88092753901897,40.43503219456987]]}},{"type":"Feature","properties":{"a":"FG0351","b":"FG0352"},"geometry":{"type":"LineString","coordinates":[[-79.8787658330834,40.436006620147516],[-79.88005102408411,40.43646270319815]]}},{"type":"Feature","properties":{"a":"FG0351","b":"FG0358"},"geometry":{"type":"LineString","coordinates":[[-79.88005102408411,40.43646270319815],[-79.88065031848993,40.43548462993972]]}},{"type":"Feature","properties":{"a":"FG0352","b":"FG0353"},"geometry":{"type":"LineString","coordinates":[[-79.87816653867758,40.436984693405925],[-79.8794517296783,40.43744077645656]]}},{"type":"Feature","properties":{"a":"FG0352","b":"FG0359"},"geometry":{"type":"LineString","coordinates":[[-79.8794517296783,40.43744077645656],[-79.88005102408411,40.43646270319815]]}},{"type":"Feature","properties":{"a":"FG0353","b":"FG0354"},"geometry":{"type":"LineString","coordinates":[[-79.87756724427176,40.43796276666436],[-79.87885243527245,40.43841884971499]]}},{"type":"Feature","properties":{"a":"FG0353","b":"FG0360"},"geometry":{"type":"LineString","coordinates":[[-79.87885243527245,40.43841884971499],[-79.8794517296783,40.43744077645656]]}},{"type":"Feature","properties":{"a":"FG0354","b":"FG0355"},"geometry":{"type":"LineString","coordinates":[[-79.87696794986593,40.438940839922765],[-79.87825314086663,40.43939692297341]]}},{"type":"Feature","properties":{"a":"FG0354","b":"FG0361"},"geometry":{"type":"LineString","coordinates":[[-79.87825314086663,40.43939692297341],[-79.87885243527245,40.43841884971499]]}},{"type":"Feature","properties":{"a":"FG0355","b":"FG0356"},"geometry":{"type":"LineString","coordinates":[[-79.87636865546011,40.4399189131812],[-79.87765384646082,40.44037499623184]]}},{"type":"Feature","properties":{"a":"FG0355","b":"FG0362"},"geometry":{"type":"LineString","coordinates":[[-79.87765384646082,40.44037499623184],[-79.87825314086663,40.43939692297341]]}},{"type":"Feature","properties":{"a":"FG0356","b":"FG0363"},"geometry":{"type":"LineString","coordinates":[[-79.87717971986378,40.44114879044912],[-79.87765384646082,40.44037499623184]]}},{"type":"Feature","properties":{"a":"FG0357","b":null},"geometry":{"type":"LineString","coordinates":[[-79.8819940075647,40.435687004570816],[-79.8820647669428,40.43572975948206]]}},{"type":"Feature","properties":{"a":"FG0357","b":"FG0469"},"geometry":{"type":"LineString","coordinates":[[-79.88199399971852,40.43568699983483],[-79.8819940075647,40.435687004570816]]}},{"type":"Feature","properties":{"a":"FG0357","b":"FG0469"},"geometry":{"type":"LineString","coordinates":[[-79.88197700000009,40.43567700015514],[-79.88199399971852,40.43568699983483]]}},{"type":"Feature","properties":{"a":"FG0357","b":"FG0469"},"geometry":{"type":"LineString","coordinates":[[-79.88188699958839,40.43561699999448],[-79.88197700000009,40.43567700015514]]}},{"type":"Feature","properties":{"a":"FG0357","b":"FG0469"},"geometry":{"type":"LineString","coordinates":[[-79.88181384433739,40.43556900988532],[-79.88188699958839,40.43561699999448]]}},{"type":"Feature","properties":{"a":"FG0357","b":null},"geometry":{"type":"LineString","coordinates":[[-79.881762,40.435535],[-79.88181384433739,40.43556900988532]]}},{"type":"Feature","properties":{"a":"FG0357","b":null},"geometry":{"type":"LineString","coordinates":[[-79.881719,40.435509],[-79.881762,40.435535]]}},{"type":"Feature","properties":{"a":"FG0357","b":null},"geometry":{"type":"LineString","coordinates":[[-79.88152137487783,40.43539003742646],[-79.881719,40.435509]]}},{"type":"Feature","properties":{"a":"FG0357","b":"FG0469"},"geometry":{"type":"LineString","coordinates":[[-79.88120899972097,40.43520200032345],[-79.88152137487783,40.43539003742646]]}},{"type":"Feature","properties":{"a":"FG0357","b":"FG0469"},"geometry":{"type":"LineString","coordinates":[[-79.88103899984165,40.43510000005008],[-79.88120899972097,40.43520200032345]]}},{"type":"Feature","properties":{"a":"FG0357","b":"FG0469"},"geometry":{"type":"LineString","coordinates":[[-79.88097015111704,40.43505811692953],[-79.88103899984165,40.43510000005008]]}},{"type":"Feature","properties":{"a":"FG0357","b":null},"geometry":{"type":"LineString","coordinates":[[-79.88092753901897,40.43503219456987],[-79.88097015111704,40.43505811692953]]}},{"type":"Feature","properties":{"a":"FG0357","b":"FG0358"},"geometry":{"type":"LineString","coordinates":[[-79.88065031848993,40.43548462993972],[-79.88193550949063,40.435940712990366]]}},{"type":"Feature","properties":{"a":"FG0357","b":"FG0364"},"geometry":{"type":"LineString","coordinates":[[-79.88193550949063,40.435940712990366],[-79.8820647669428,40.43572975948206]]}},{"type":"Feature","properties":{"a":"FG0358","b":"FG0359"},"geometry":{"type":"LineString","coordinates":[[-79.88005102408411,40.43646270319815],[-79.88133621508481,40.43691878624879]]}},{"type":"Feature","properties":{"a":"FG0358","b":"FG0364"},"geometry":{"type":"LineString","coordinates":[[-79.88133621508481,40.43691878624879],[-79.88193550949063,40.435940712990366]]}},{"type":"Feature","properties":{"a":"FG0359","b":"FG0360"},"geometry":{"type":"LineString","coordinates":[[-79.8794517296783,40.43744077645656],[-79.88073692067898,40.437896859507205]]}},{"type":"Feature","properties":{"a":"FG0359","b":"FG0365"},"geometry":{"type":"LineString","coordinates":[[-79.88073692067898,40.437896859507205],[-79.88133621508481,40.43691878624879]]}},{"type":"Feature","properties":{"a":"FG0360","b":"FG0361"},"geometry":{"type":"LineString","coordinates":[[-79.87885243527245,40.43841884971499],[-79.88013762627317,40.438874932765636]]}},{"type":"Feature","properties":{"a":"FG0360","b":"FG0366"},"geometry":{"type":"LineString","coordinates":[[-79.88013762627317,40.438874932765636],[-79.88073692067898,40.437896859507205]]}},{"type":"Feature","properties":{"a":"FG0361","b":"FG0362"},"geometry":{"type":"LineString","coordinates":[[-79.87825314086663,40.43939692297341],[-79.87953833186734,40.43985300602405]]}},{"type":"Feature","properties":{"a":"FG0361","b":"FG0367"},"geometry":{"type":"LineString","coordinates":[[-79.87953833186734,40.43985300602405],[-79.88013762627317,40.438874932765636]]}},{"type":"Feature","properties":{"a":"FG0362","b":"FG0363"},"geometry":{"type":"LineString","coordinates":[[-79.87765384646082,40.44037499623184],[-79.87893903746152,40.440831079282475]]}},{"type":"Feature","properties":{"a":"FG0362","b":"FG0368"},"geometry":{"type":"LineString","coordinates":[[-79.87893903746152,40.440831079282475],[-79.87953833186734,40.43985300602405]]}},{"type":"Feature","properties":{"a":"FG0363","b":"FG0406"},"geometry":{"type":"LineString","coordinates":[[-79.87771700027656,40.44134799991386],[-79.87846977705712,40.44159693167209]]}},{"type":"Feature","properties":{"a":"FG0363","b":"FG0369"},"geometry":{"type":"LineString","coordinates":[[-79.87846977705712,40.44159693167209],[-79.87893903746152,40.440831079282475]]}},{"type":"Feature","properties":{"a":"FG0364","b":null},"geometry":{"type":"LineString","coordinates":[[-79.88265599969242,40.43608700016167],[-79.88330818771819,40.43625401326815]]}},{"type":"Feature","properties":{"a":"FG0364","b":"FG0469"},"geometry":{"type":"LineString","coordinates":[[-79.8826120002098,40.436060000158086],[-79.88265599969242,40.43608700016167]]}},{"type":"Feature","properties":{"a":"FG0364","b":"FG0469"},"geometry":{"type":"LineString","coordinates":[[-79.88247999996533,40.435979999703996],[-79.8826120002098,40.436060000158086]]}},{"type":"Feature","properties":{"a":"FG0364","b":"FG0469"},"geometry":{"type":"LineString","coordinates":[[-79.8824359995844,40.43595399996324],[-79.88247999996533,40.435979999703996]]}},{"type":"Feature","properties":{"a":"FG0364","b":"FG0469"},"geometry":{"type":"LineString","coordinates":[[-79.88236878752298,40.43591343030667],[-79.8824359995844,40.43595399996324]]}},{"type":"Feature","properties":{"a":"FG0364","b":null},"geometry":{"type":"LineString","coordinates":[[-79.882325,40.435887],[-79.88236878752298,40.43591343030667]]}},{"type":"Feature","properties":{"a":"FG0364","b":null},"geometry":{"type":"LineString","coordinates":[[-79.88232496719323,40.43588698017718],[-79.882325,40.435887]]}},{"type":"Feature","properties":{"a":"FG0364","b":"FG0469"},"geometry":{"type":"LineString","coordinates":[[-79.88221499965145,40.435821000185456],[-79.88232496719323,40.43588698017718]]}},{"type":"Feature","properties":{"a":"FG0364","b":"FG0469"},"geometry":{"type":"LineString","coordinates":[[-79.88211928045749,40.435762698161625],[-79.88221499965145,40.435821000185456]]}},{"type":"Feature","properties":{"a":"FG0364","b":null},"geometry":{"type":"LineString","coordinates":[[-79.8820647669428,40.43572975948206],[-79.88211928045749,40.435762698161625]]}},{"type":"Feature","properties":{"a":"FG0364","b":"FG0365"},"geometry":{"type":"LineString","coordinates":[[-79.88133621508481,40.43691878624879],[-79.88262140608553,40.43737486929943]]}},{"type":"Feature","properties":{"a":"FG0364","b":"FG0370"},"geometry":{"type":"LineString","coordinates":[[-79.88262140608553,40.43737486929943],[-79.88322070049135,40.436396796040995]]}},{"type":"Feature","properties":{"a":"FG0364","b":"FG0370"},"geometry":{"type":"LineString","coordinates":[[-79.88322070049135,40.436396796040995],[-79.88330818771819,40.43625401326815]]}},{"type":"Feature","properties":{"a":"FG0365","b":"FG0366"},"geometry":{"type":"LineString","coordinates":[[-79.88073692067898,40.437896859507205],[-79.8820221116797,40.43835294255784]]}},{"type":"Feature","properties":{"a":"FG0365","b":"FG0371"},"geometry":{"type":"LineString","coordinates":[[-79.8820221116797,40.43835294255784],[-79.88262140608553,40.43737486929943]]}},{"type":"Feature","properties":{"a":"FG0366","b":"FG0367"},"geometry":{"type":"LineString","coordinates":[[-79.88013762627317,40.438874932765636],[-79.88142281727387,40.43933101581627]]}},{"type":"Feature","properties":{"a":"FG0366","b":"FG0372"},"geometry":{"type":"LineString","coordinates":[[-79.88142281727387,40.43933101581627],[-79.8820221116797,40.43835294255784]]}},{"type":"Feature","properties":{"a":"FG0367","b":"FG0368"},"geometry":{"type":"LineString","coordinates":[[-79.87953833186734,40.43985300602405],[-79.88082352286806,40.44030908907468]]}},{"type":"Feature","properties":{"a":"FG0367","b":"FG0373"},"geometry":{"type":"LineString","coordinates":[[-79.88082352286806,40.44030908907468],[-79.88142281727387,40.43933101581627]]}},{"type":"Feature","properties":{"a":"FG0368","b":"FG0369"},"geometry":{"type":"LineString","coordinates":[[-79.87893903746152,40.440831079282475],[-79.88022422846224,40.44128716233311]]}},{"type":"Feature","properties":{"a":"FG0368","b":"FG0374"},"geometry":{"type":"LineString","coordinates":[[-79.88022422846224,40.44128716233311],[-79.88082352286806,40.44030908907468]]}},{"type":"Feature","properties":{"a":"FG0369","b":"FG0414"},"geometry":{"type":"LineString","coordinates":[[-79.87846977705712,40.44159693167209],[-79.87935300039392,40.44188900010966]]}},{"type":"Feature","properties":{"a":"FG0369","b":"FG0414"},"geometry":{"type":"LineString","coordinates":[[-79.87935300039392,40.44188900010966],[-79.8796270000303,40.441978999796916]]}},{"type":"Feature","properties":{"a":"FG0369","b":"FG0414"},"geometry":{"type":"LineString","coordinates":[[-79.8796270000303,40.441978999796916],[-79.87977101285762,40.442026828945814]]}},{"type":"Feature","properties":{"a":"FG0369","b":"FG0375"},"geometry":{"type":"LineString","coordinates":[[-79.87977101285762,40.442026828945814],[-79.88022422846224,40.44128716233311]]}},{"type":"Feature","properties":{"a":"FG0370","b":null},"geometry":{"type":"LineString","coordinates":[[-79.88408799959527,40.43643799990525],[-79.88467585398055,40.436575493280365]]}},{"type":"Feature","properties":{"a":"FG0370","b":"FG0469"},"geometry":{"type":"LineString","coordinates":[[-79.88361700031538,40.436329000089486],[-79.88408799959527,40.43643799990525]]}},{"type":"Feature","properties":{"a":"FG0370","b":"FG0469"},"geometry":{"type":"LineString","coordinates":[[-79.88343700039033,40.436286999774616],[-79.88361700031538,40.436329000089486]]}},{"type":"Feature","properties":{"a":"FG0370","b":null},"geometry":{"type":"LineString","coordinates":[[-79.88330818771819,40.43625401326815],[-79.88343700039033,40.436286999774616]]}},{"type":"Feature","properties":{"a":"FG0370","b":"FG0371"},"geometry":{"type":"LineString","coordinates":[[-79.88262140608553,40.43737486929943],[-79.88390659708622,40.43783095235006]]}},{"type":"Feature","properties":{"a":"FG0370","b":"FG0377"},"geometry":{"type":"LineString","coordinates":[[-79.88390659708622,40.43783095235006],[-79.88450589149204,40.43685287909164]]}},{"type":"Feature","properties":{"a":"FG0370","b":"FG0376"},"geometry":{"type":"LineString","coordinates":[[-79.88450589149204,40.43685287909164],[-79.88467585398055,40.436575493280365]]}},{"type":"Feature","properties":{"a":"FG0371","b":"FG0372"},"geometry":{"type":"LineString","coordinates":[[-79.8820221116797,40.43835294255784],[-79.8833073026804,40.43880902560848]]}},{"type":"Feature","properties":{"a":"FG0371","b":"FG0378"},"geometry":{"type":"LineString","coordinates":[[-79.8833073026804,40.43880902560848],[-79.88390659708622,40.43783095235006]]}},{"type":"Feature","properties":{"a":"FG0372","b":"FG0373"},"geometry":{"type":"LineString","coordinates":[[-79.88142281727387,40.43933101581627],[-79.88270800827458,40.43978709886691]]}},{"type":"Feature","properties":{"a":"FG0372","b":"FG0379"},"geometry":{"type":"LineString","coordinates":[[-79.88270800827458,40.43978709886691],[-79.8833073026804,40.43880902560848]]}},{"type":"Feature","properties":{"a":"FG0373","b":"FG0374"},"geometry":{"type":"LineString","coordinates":[[-79.88082352286806,40.44030908907468],[-79.88210871386875,40.44076517212532]]}},{"type":"Feature","properties":{"a":"FG0373","b":"FG0380"},"geometry":{"type":"LineString","coordinates":[[-79.88210871386875,40.44076517212532],[-79.88270800827458,40.43978709886691]]}},{"type":"Feature","properties":{"a":"FG0374","b":"FG0375"},"geometry":{"type":"LineString","coordinates":[[-79.88022422846224,40.44128716233311],[-79.88150941946293,40.44174324538375]]}},{"type":"Feature","properties":{"a":"FG0374","b":"FG0381"},"geometry":{"type":"LineString","coordinates":[[-79.88150941946293,40.44174324538375],[-79.88210871386875,40.44076517212532]]}},{"type":"Feature","properties":{"a":"FG0375","b":"FG0422"},"geometry":{"type":"LineString","coordinates":[[-79.87977101285762,40.442026828945814],[-79.88044899983777,40.44225200013941]]}},{"type":"Feature","properties":{"a":"FG0375","b":"FG0422"},"geometry":{"type":"LineString","coordinates":[[-79.88044899983777,40.44225200013941],[-79.88072400019738,40.44234300023511]]}},{"type":"Feature","properties":{"a":"FG0375","b":"FG0422"},"geometry":{"type":"LineString","coordinates":[[-79.88072400019738,40.44234300023511],[-79.8809640003969,40.442421999744944]]}},{"type":"Feature","properties":{"a":"FG0375","b":"FG0422"},"geometry":{"type":"LineString","coordinates":[[-79.8809640003969,40.442421999744944],[-79.88107171077961,40.442457604059506]]}},{"type":"Feature","properties":{"a":"FG0375","b":"FG0382"},"geometry":{"type":"LineString","coordinates":[[-79.88107171077961,40.442457604059506],[-79.88150941946293,40.44174324538375]]}},{"type":"Feature","properties":{"a":"FG0376","b":"FG0469"},"geometry":{"type":"LineString","coordinates":[[-79.88560900008488,40.43680099996841],[-79.88578200033722,40.43684299996226]]}},{"type":"Feature","properties":{"a":"FG0376","b":"FG0469"},"geometry":{"type":"LineString","coordinates":[[-79.88492600019457,40.43663400002642],[-79.88560900008488,40.43680099996841]]}},{"type":"Feature","properties":{"a":"FG0376","b":null},"geometry":{"type":"LineString","coordinates":[[-79.88467585398055,40.436575493280365],[-79.88492600019457,40.43663400002642]]}},{"type":"Feature","properties":{"a":"FG0376","b":"FG0377"},"geometry":{"type":"LineString","coordinates":[[-79.88450589149204,40.43685287909164],[-79.88579108249276,40.43730896214228]]}},{"type":"Feature","properties":{"a":"FG0376","b":"FG0383"},"geometry":{"type":"LineString","coordinates":[[-79.88579108249276,40.43730896214228],[-79.88587781831973,40.43733974257923]]}},{"type":"Feature","properties":{"a":"FG0377","b":"FG0378"},"geometry":{"type":"LineString","coordinates":[[-79.88390659708622,40.43783095235006],[-79.88519178808694,40.438287035400705]]}},{"type":"Feature","properties":{"a":"FG0377","b":"FG0383"},"geometry":{"type":"LineString","coordinates":[[-79.88519178808694,40.438287035400705],[-79.88579108249276,40.43730896214228]]}},{"type":"Feature","properties":{"a":"FG0378","b":"FG0379"},"geometry":{"type":"LineString","coordinates":[[-79.8833073026804,40.43880902560848],[-79.88459249368111,40.43926510865913]]}},{"type":"Feature","properties":{"a":"FG0378","b":"FG0384"},"geometry":{"type":"LineString","coordinates":[[-79.88459249368111,40.43926510865913],[-79.88519178808694,40.438287035400705]]}},{"type":"Feature","properties":{"a":"FG0379","b":"FG0380"},"geometry":{"type":"LineString","coordinates":[[-79.88270800827458,40.43978709886691],[-79.88399319927528,40.440243181917545]]}},{"type":"Feature","properties":{"a":"FG0379","b":"FG0385"},"geometry":{"type":"LineString","coordinates":[[-79.88399319927528,40.440243181917545],[-79.88459249368111,40.43926510865913]]}},{"type":"Feature","properties":{"a":"FG0380","b":"FG0381"},"geometry":{"type":"LineString","coordinates":[[-79.88210871386875,40.44076517212532],[-79.88339390486946,40.44122125517597]]}},{"type":"Feature","properties":{"a":"FG0380","b":"FG0386"},"geometry":{"type":"LineString","coordinates":[[-79.88339390486946,40.44122125517597],[-79.88399319927528,40.440243181917545]]}},{"type":"Feature","properties":{"a":"FG0381","b":"FG0382"},"geometry":{"type":"LineString","coordinates":[[-79.88150941946293,40.44174324538375],[-79.88279461046365,40.44219932843439]]}},{"type":"Feature","properties":{"a":"FG0381","b":"FG0387"},"geometry":{"type":"LineString","coordinates":[[-79.88279461046365,40.44219932843439],[-79.88339390486946,40.44122125517597]]}},{"type":"Feature","properties":{"a":"FG0382","b":"FG0431"},"geometry":{"type":"LineString","coordinates":[[-79.88107171077961,40.442457604059506],[-79.88168400009712,40.44265999997451]]}},{"type":"Feature","properties":{"a":"FG0382","b":"FG0431"},"geometry":{"type":"LineString","coordinates":[[-79.88168400009712,40.44265999997451],[-79.88192500012154,40.44274000000032]]}},{"type":"Feature","properties":{"a":"FG0382","b":"FG0431"},"geometry":{"type":"LineString","coordinates":[[-79.88192500012154,40.44274000000032],[-79.88237256363234,40.442888126319836]]}},{"type":"Feature","properties":{"a":"FG0382","b":"FG0388"},"geometry":{"type":"LineString","coordinates":[[-79.88237256363234,40.442888126319836],[-79.88279461046365,40.44219932843439]]}},{"type":"Feature","properties":{"a":"FG0383","b":"FG0384"},"geometry":{"type":"LineString","coordinates":[[-79.88519178808694,40.438287035400705],[-79.88615551029147,40.43862903698861]]}},{"type":"Feature","properties":{"a":"FG0384","b":"FG0385"},"geometry":{"type":"LineString","coordinates":[[-79.88459249368111,40.43926510865913],[-79.88587768468182,40.43972119170976]]}},{"type":"Feature","properties":{"a":"FG0384","b":"FG0389"},"geometry":{"type":"LineString","coordinates":[[-79.88587768468182,40.43972119170976],[-79.88644892583595,40.439923911311816]]}},{"type":"Feature","properties":{"a":"FG0385","b":"FG0386"},"geometry":{"type":"LineString","coordinates":[[-79.88399319927528,40.440243181917545],[-79.88527839027599,40.44069926496818]]}},{"type":"Feature","properties":{"a":"FG0385","b":"FG0389"},"geometry":{"type":"LineString","coordinates":[[-79.88527839027599,40.44069926496818],[-79.88587768468182,40.43972119170976]]}},{"type":"Feature","properties":{"a":"FG0386","b":"FG0387"},"geometry":{"type":"LineString","coordinates":[[-79.88339390486946,40.44122125517597],[-79.88467909587017,40.441677338226604]]}},{"type":"Feature","properties":{"a":"FG0386","b":"FG0390"},"geometry":{"type":"LineString","coordinates":[[-79.88467909587017,40.441677338226604],[-79.88527839027599,40.44069926496818]]}},{"type":"Feature","properties":{"a":"FG0387","b":"FG0388"},"geometry":{"type":"LineString","coordinates":[[-79.88279461046365,40.44219932843439],[-79.88407980146435,40.44265541148502]]}},{"type":"Feature","properties":{"a":"FG0387","b":"FG0391"},"geometry":{"type":"LineString","coordinates":[[-79.88407980146435,40.44265541148502],[-79.88467909587017,40.441677338226604]]}},{"type":"Feature","properties":{"a":"FG0388","b":"FG0439"},"geometry":{"type":"LineString","coordinates":[[-79.88237256363234,40.442888126319836],[-79.88248699963802,40.442926000239254]]}},{"type":"Feature","properties":{"a":"FG0388","b":"FG0439"},"geometry":{"type":"LineString","coordinates":[[-79.88248699963802,40.442926000239254],[-79.88367341195826,40.44331865596815]]}},{"type":"Feature","properties":{"a":"FG0388","b":"FG0392"},"geometry":{"type":"LineString","coordinates":[[-79.88367341195826,40.44331865596815],[-79.88407980146435,40.44265541148502]]}},{"type":"Feature","properties":{"a":"FG0389","b":"FG0390"},"geometry":{"type":"LineString","coordinates":[[-79.88527839027599,40.44069926496818],[-79.8865635812767,40.441155348018825]]}},{"type":"Feature","properties":{"a":"FG0389","b":"FG0393"},"geometry":{"type":"LineString","coordinates":[[-79.8865635812767,40.441155348018825],[-79.88674698326741,40.44122043292789]]}},{"type":"Feature","properties":{"a":"FG0390","b":"FG0391"},"geometry":{"type":"LineString","coordinates":[[-79.88467909587017,40.441677338226604],[-79.88596428687089,40.44213342127724]]}},{"type":"Feature","properties":{"a":"FG0390","b":"FG0393"},"geometry":{"type":"LineString","coordinates":[[-79.88596428687089,40.44213342127724],[-79.8865635812767,40.441155348018825]]}},{"type":"Feature","properties":{"a":"FG0391","b":"FG0392"},"geometry":{"type":"LineString","coordinates":[[-79.88407980146435,40.44265541148502],[-79.88536499246506,40.443111494535664]]}},{"type":"Feature","properties":{"a":"FG0391","b":"FG0394"},"geometry":{"type":"LineString","coordinates":[[-79.88536499246506,40.443111494535664],[-79.88596428687089,40.44213342127724]]}},{"type":"Feature","properties":{"a":"FG0392","b":"FG0447"},"geometry":{"type":"LineString","coordinates":[[-79.88367341195826,40.44331865596815],[-79.88417299998406,40.443483999919046]]}},{"type":"Feature","properties":{"a":"FG0392","b":"FG0447"},"geometry":{"type":"LineString","coordinates":[[-79.88417299998406,40.443483999919046],[-79.88453899968196,40.44360600020232]]}},{"type":"Feature","properties":{"a":"FG0392","b":"FG0447"},"geometry":{"type":"LineString","coordinates":[[-79.88453899968196,40.44360600020232],[-79.88473500039885,40.4436740002305]]}},{"type":"Feature","properties":{"a":"FG0392","b":"FG0447"},"geometry":{"type":"LineString","coordinates":[[-79.88473500039885,40.4436740002305],[-79.88496200017958,40.44375000034138]]}},{"type":"Feature","properties":{"a":"FG0392","b":"FG0447"},"geometry":{"type":"LineString","coordinates":[[-79.88496200017958,40.44375000034138],[-79.88497175670877,40.44375327155501]]}},{"type":"Feature","properties":{"a":"FG0392","b":"FG0395"},"geometry":{"type":"LineString","coordinates":[[-79.88497175670877,40.44375327155501],[-79.88536499246506,40.443111494535664]]}},{"type":"Feature","properties":{"a":"FG0393","b":"FG0394"},"geometry":{"type":"LineString","coordinates":[[-79.88596428687089,40.44213342127724],[-79.88711135612225,40.44254048827598]]}},{"type":"Feature","properties":{"a":"FG0394","b":"FG0395"},"geometry":{"type":"LineString","coordinates":[[-79.88536499246506,40.443111494535664],[-79.88665018346576,40.4435675775863]]}},{"type":"Feature","properties":{"a":"FG0394","b":"FG0396"},"geometry":{"type":"LineString","coordinates":[[-79.88665018346576,40.4435675775863],[-79.88716320074764,40.44273031216276]]}},{"type":"Feature","properties":{"a":"FG0395","b":"FG0454"},"geometry":{"type":"LineString","coordinates":[[-79.88497175670877,40.44375327155501],[-79.8856450000699,40.44397899966136]]}},{"type":"Feature","properties":{"a":"FG0395","b":"FG0454"},"geometry":{"type":"LineString","coordinates":[[-79.8856450000699,40.44397899966136],[-79.88587299967551,40.44405600029633]]}},{"type":"Feature","properties":{"a":"FG0395","b":"FG0454"},"geometry":{"type":"LineString","coordinates":[[-79.88587299967551,40.44405600029633],[-79.88612299992077,40.44413799971247]]}},{"type":"Feature","properties":{"a":"FG0395","b":"FG0454"},"geometry":{"type":"LineString","coordinates":[[-79.88612299992077,40.44413799971247],[-79.88627063835342,40.44418701090842]]}},{"type":"Feature","properties":{"a":"FG0395","b":"FG0397"},"geometry":{"type":"LineString","coordinates":[[-79.88627063835342,40.44418701090842],[-79.88665018346576,40.4435675775863]]}},{"type":"Feature","properties":{"a":"FG0396","b":"FG0397"},"geometry":{"type":"LineString","coordinates":[[-79.88665018346576,40.4435675775863],[-79.88746981299289,40.44385844418506]]}},{"type":"Feature","properties":{"a":"FG0397","b":"FG0460"},"geometry":{"type":"LineString","coordinates":[[-79.88627063835342,40.44418701090842],[-79.88661099981739,40.4442999999324]]}},{"type":"Feature","properties":{"a":"FG0397","b":"FG0460"},"geometry":{"type":"LineString","coordinates":[[-79.88661099981739,40.4442999999324],[-79.88681900022986,40.44436600026455]]}},{"type":"Feature","properties":{"a":"FG0397","b":"FG0460"},"geometry":{"type":"LineString","coordinates":[[-79.88681900022986,40.44436600026455],[-79.88687600013127,40.44438400009528]]}},{"type":"Feature","properties":{"a":"FG0397","b":"FG0460"},"geometry":{"type":"LineString","coordinates":[[-79.88687600013127,40.44438400009528],[-79.88712800002634,40.44446400012025]]}},{"type":"Feature","properties":{"a":"FG0398","b":"FG0401"},"geometry":{"type":"LineString","coordinates":[[-79.86861031492562,40.449073149462485],[-79.86909052040119,40.44924356271476]]}},{"type":"Feature","properties":{"a":"FG0398","b":"FG0466"},"geometry":{"type":"LineString","coordinates":[[-79.86756099981392,40.44938900000607],[-79.86828100041245,40.44939800027488]]}},{"type":"Feature","properties":{"a":"FG0398","b":null},"geometry":{"type":"LineString","coordinates":[[-79.86828100041245,40.44939800027488],[-79.86900112421209,40.449389460993004]]}},{"type":"Feature","properties":{"a":"FG0398","b":"FG0401"},"geometry":{"type":"LineString","coordinates":[[-79.86900112421209,40.449389460993004],[-79.86909052040119,40.44924356271476]]}},{"type":"Feature","properties":{"a":"FG0399","b":"FG0402"},"geometry":{"type":"LineString","coordinates":[[-79.87213984468484,40.44675344895863],[-79.87217359461937,40.44676542599014]]}},{"type":"Feature","properties":{"a":"FG0399","b":"FG0400"},"geometry":{"type":"LineString","coordinates":[[-79.87093839269642,40.44751783112594],[-79.87157430021355,40.44774349924856]]}},{"type":"Feature","properties":{"a":"FG0399","b":"FG0403"},"geometry":{"type":"LineString","coordinates":[[-79.87157430021355,40.44774349924856],[-79.87217359461937,40.44676542599014]]}},{"type":"Feature","properties":{"a":"FG0400","b":"FG0401"},"geometry":{"type":"LineString","coordinates":[[-79.86988370377479,40.44833429593869],[-79.87097500580772,40.44872157250698]]}},{"type":"Feature","properties":{"a":"FG0400","b":"FG0404"},"geometry":{"type":"LineString","coordinates":[[-79.87097500580772,40.44872157250698],[-79.87157430021355,40.44774349924856]]}},{"type":"Feature","properties":{"a":"FG0401","b":null},"geometry":{"type":"LineString","coordinates":[[-79.86900112421209,40.449389460993004],[-79.86903999957242,40.44938900000607]]}},{"type":"Feature","properties":{"a":"FG0401","b":"FG0466"},"geometry":{"type":"LineString","coordinates":[[-79.86903999957242,40.44938900000607],[-79.86983299996588,40.44938900000607]]}},{"type":"Feature","properties":{"a":"FG0401","b":"FG0466"},"geometry":{"type":"LineString","coordinates":[[-79.86983299996588,40.44938900000607],[-79.87008800023402,40.44938799990021]]}},{"type":"Feature","properties":{"a":"FG0401","b":null},"geometry":{"type":"LineString","coordinates":[[-79.87008800023402,40.44938799990021],[-79.87056666603848,40.44938799990021]]}},{"type":"Feature","properties":{"a":"FG0401","b":"FG0405"},"geometry":{"type":"LineString","coordinates":[[-79.87056666603848,40.44938799990021],[-79.87097500580772,40.44872157250698]]}},{"type":"Feature","properties":{"a":"FG0402","b":"FG0403"},"geometry":{"type":"LineString","coordinates":[[-79.87217359461937,40.44676542599014],[-79.87345878562007,40.44722150904078]]}},{"type":"Feature","properties":{"a":"FG0402","b":"FG0411"},"geometry":{"type":"LineString","coordinates":[[-79.87345878562007,40.44722150904078],[-79.87405808002589,40.44624343578236]]}},{"type":"Feature","properties":{"a":"FG0402","b":"FG0410"},"geometry":{"type":"LineString","coordinates":[[-79.87405808002589,40.44624343578236],[-79.8741873417879,40.44603247524022]]}},{"type":"Feature","properties":{"a":"FG0403","b":"FG0404"},"geometry":{"type":"LineString","coordinates":[[-79.87157430021355,40.44774349924856],[-79.87285949121426,40.4481995822992]]}},{"type":"Feature","properties":{"a":"FG0403","b":"FG0412"},"geometry":{"type":"LineString","coordinates":[[-79.87285949121426,40.4481995822992],[-79.87345878562007,40.44722150904078]]}},{"type":"Feature","properties":{"a":"FG0404","b":"FG0405"},"geometry":{"type":"LineString","coordinates":[[-79.87097500580772,40.44872157250698],[-79.87226019680843,40.44917765555761]]}},{"type":"Feature","properties":{"a":"FG0404","b":"FG0413"},"geometry":{"type":"LineString","coordinates":[[-79.87226019680843,40.44917765555761],[-79.87285949121426,40.4481995822992]]}},{"type":"Feature","properties":{"a":"FG0405","b":null},"geometry":{"type":"LineString","coordinates":[[-79.87056666603848,40.44938799990021],[-79.87123700027963,40.44938799990021]]}},{"type":"Feature","properties":{"a":"FG0405","b":"FG0466"},"geometry":{"type":"LineString","coordinates":[[-79.87123700027963,40.44938799990021],[-79.87168099979532,40.44938699979428]]}},{"type":"Feature","properties":{"a":"FG0405","b":null},"geometry":{"type":"LineString","coordinates":[[-79.87168099979532,40.44938699979428],[-79.87213551111563,40.44938114776552]]}},{"type":"Feature","properties":{"a":"FG0405","b":"FG0413"},"geometry":{"type":"LineString","coordinates":[[-79.87213551111563,40.44938114776552],[-79.87226019680843,40.44917765555761]]}},{"type":"Feature","properties":{"a":"FG0406","b":"FG0407"},"geometry":{"type":"LineString","coordinates":[[-79.87704321570038,40.44253979477121],[-79.87774044864987,40.44278722579931]]}},{"type":"Feature","properties":{"a":"FG0406","b":"FG0414"},"geometry":{"type":"LineString","coordinates":[[-79.87774044864987,40.44278722579931],[-79.8783397430557,40.441809152540884]]}},{"type":"Feature","properties":{"a":"FG0406","b":"FG0414"},"geometry":{"type":"LineString","coordinates":[[-79.8783397430557,40.441809152540884],[-79.87846977705712,40.44159693167209]]}},{"type":"Feature","properties":{"a":"FG0407","b":"FG0408"},"geometry":{"type":"LineString","coordinates":[[-79.87648630457728,40.443532908826576],[-79.87714115424406,40.44376529905773]]}},{"type":"Feature","properties":{"a":"FG0407","b":"FG0415"},"geometry":{"type":"LineString","coordinates":[[-79.87714115424406,40.44376529905773],[-79.87774044864987,40.44278722579931]]}},{"type":"Feature","properties":{"a":"FG0408","b":"FG0409"},"geometry":{"type":"LineString","coordinates":[[-79.87592629094905,40.444524921878276],[-79.87654185983824,40.444743372316154]]}},{"type":"Feature","properties":{"a":"FG0408","b":"FG0416"},"geometry":{"type":"LineString","coordinates":[[-79.87654185983824,40.444743372316154],[-79.87714115424406,40.44376529905773]]}},{"type":"Feature","properties":{"a":"FG0409","b":"FG0410"},"geometry":{"type":"LineString","coordinates":[[-79.87538660415125,40.44552414842806],[-79.87594256543242,40.44572144557457]]}},{"type":"Feature","properties":{"a":"FG0409","b":"FG0417"},"geometry":{"type":"LineString","coordinates":[[-79.87594256543242,40.44572144557457],[-79.87654185983824,40.444743372316154]]}},{"type":"Feature","properties":{"a":"FG0410","b":"FG0411"},"geometry":{"type":"LineString","coordinates":[[-79.87405808002589,40.44624343578236],[-79.87534327102661,40.44669951883299]]}},{"type":"Feature","properties":{"a":"FG0410","b":"FG0418"},"geometry":{"type":"LineString","coordinates":[[-79.87534327102661,40.44669951883299],[-79.87594256543242,40.44572144557457]]}},{"type":"Feature","properties":{"a":"FG0411","b":"FG0412"},"geometry":{"type":"LineString","coordinates":[[-79.87345878562007,40.44722150904078],[-79.87474397662076,40.447677592091416]]}},{"type":"Feature","properties":{"a":"FG0411","b":"FG0419"},"geometry":{"type":"LineString","coordinates":[[-79.87474397662076,40.447677592091416],[-79.87534327102661,40.44669951883299]]}},{"type":"Feature","properties":{"a":"FG0412","b":"FG0413"},"geometry":{"type":"LineString","coordinates":[[-79.87285949121426,40.4481995822992],[-79.87414468221495,40.44865566534983]]}},{"type":"Feature","properties":{"a":"FG0412","b":"FG0420"},"geometry":{"type":"LineString","coordinates":[[-79.87414468221495,40.44865566534983],[-79.87474397662076,40.447677592091416]]}},{"type":"Feature","properties":{"a":"FG0413","b":null},"geometry":{"type":"LineString","coordinates":[[-79.87213551111563,40.44938114776552],[-79.87261300010597,40.44937499988938]]}},{"type":"Feature","properties":{"a":"FG0413","b":"FG0466"},"geometry":{"type":"LineString","coordinates":[[-79.87261300010597,40.44937499988938],[-79.872685000076,40.44936699972374]]}},{"type":"Feature","properties":{"a":"FG0413","b":null},"geometry":{"type":"LineString","coordinates":[[-79.872685000076,40.44936699972374],[-79.87283552916583,40.449381827028276]]}},{"type":"Feature","properties":{"a":"FG0413","b":null},"geometry":{"type":"LineString","coordinates":[[-79.87283552916583,40.449381827028276],[-79.87315200005624,40.44941299980872]]}},{"type":"Feature","properties":{"a":"FG0413","b":null},"geometry":{"type":"LineString","coordinates":[[-79.87315200005624,40.44941299980872],[-79.87365288077892,40.449458305635424]]}},{"type":"Feature","properties":{"a":"FG0413","b":"FG0421"},"geometry":{"type":"LineString","coordinates":[[-79.87365288077892,40.449458305635424],[-79.87414468221495,40.44865566534983]]}},{"type":"Feature","properties":{"a":"FG0414","b":"FG0415"},"geometry":{"type":"LineString","coordinates":[[-79.87774044864987,40.44278722579931],[-79.87902563965058,40.443243308849944]]}},{"type":"Feature","properties":{"a":"FG0414","b":"FG0423"},"geometry":{"type":"LineString","coordinates":[[-79.87902563965058,40.443243308849944],[-79.87962493405641,40.44226523559153]]}},{"type":"Feature","properties":{"a":"FG0414","b":"FG0422"},"geometry":{"type":"LineString","coordinates":[[-79.87962493405641,40.44226523559153],[-79.87977101285762,40.442026828945814]]}},{"type":"Feature","properties":{"a":"FG0415","b":"FG0416"},"geometry":{"type":"LineString","coordinates":[[-79.87714115424406,40.44376529905773],[-79.87842634524476,40.44422138210837]]}},{"type":"Feature","properties":{"a":"FG0415","b":"FG0424"},"geometry":{"type":"LineString","coordinates":[[-79.87842634524476,40.44422138210837],[-79.87902563965058,40.443243308849944]]}},{"type":"Feature","properties":{"a":"FG0416","b":"FG0417"},"geometry":{"type":"LineString","coordinates":[[-79.87654185983824,40.444743372316154],[-79.87782705083895,40.44519945536679]]}},{"type":"Feature","properties":{"a":"FG0416","b":"FG0425"},"geometry":{"type":"LineString","coordinates":[[-79.87782705083895,40.44519945536679],[-79.87842634524476,40.44422138210837]]}},{"type":"Feature","properties":{"a":"FG0417","b":"FG0418"},"geometry":{"type":"LineString","coordinates":[[-79.87594256543242,40.44572144557457],[-79.87722775643313,40.44617752862521]]}},{"type":"Feature","properties":{"a":"FG0417","b":"FG0426"},"geometry":{"type":"LineString","coordinates":[[-79.87722775643313,40.44617752862521],[-79.87782705083895,40.44519945536679]]}},{"type":"Feature","properties":{"a":"FG0418","b":"FG0419"},"geometry":{"type":"LineString","coordinates":[[-79.87534327102661,40.44669951883299],[-79.8766284620273,40.44715560188363]]}},{"type":"Feature","properties":{"a":"FG0418","b":"FG0427"},"geometry":{"type":"LineString","coordinates":[[-79.8766284620273,40.44715560188363],[-79.87722775643313,40.44617752862521]]}},{"type":"Feature","properties":{"a":"FG0419","b":"FG0420"},"geometry":{"type":"LineString","coordinates":[[-79.87474397662076,40.447677592091416],[-79.87602916762148,40.44813367514205]]}},{"type":"Feature","properties":{"a":"FG0419","b":"FG0428"},"geometry":{"type":"LineString","coordinates":[[-79.87602916762148,40.44813367514205],[-79.8766284620273,40.44715560188363]]}},{"type":"Feature","properties":{"a":"FG0420","b":"FG0421"},"geometry":{"type":"LineString","coordinates":[[-79.87414468221495,40.44865566534983],[-79.87542987321567,40.449111748400476]]}},{"type":"Feature","properties":{"a":"FG0420","b":"FG0429"},"geometry":{"type":"LineString","coordinates":[[-79.87542987321567,40.449111748400476],[-79.87602916762148,40.44813367514205]]}},{"type":"Feature","properties":{"a":"FG0421","b":null},"geometry":{"type":"LineString","coordinates":[[-79.87365288077892,40.449458305635424],[-79.87394799992444,40.44948499984876]]}},{"type":"Feature","properties":{"a":"FG0421","b":"FG0466"},"geometry":{"type":"LineString","coordinates":[[-79.87394799992444,40.44948499984876],[-79.8741429999181,40.44950200025522]]}},{"type":"Feature","properties":{"a":"FG0421","b":"FG0466"},"geometry":{"type":"LineString","coordinates":[[-79.8741429999181,40.44950200025522],[-79.8742269995837,40.44951099982523]]}},{"type":"Feature","properties":{"a":"FG0421","b":"FG0466"},"geometry":{"type":"LineString","coordinates":[[-79.8742269995837,40.44951099982523],[-79.87449899957025,40.4495379998954]]}},{"type":"Feature","properties":{"a":"FG0421","b":null},"geometry":{"type":"LineString","coordinates":[[-79.87449899957025,40.4495379998954],[-79.87512937074386,40.44960218086389]]}},{"type":"Feature","properties":{"a":"FG0421","b":"FG0430"},"geometry":{"type":"LineString","coordinates":[[-79.87512937074386,40.44960218086389],[-79.87542987321567,40.449111748400476]]}},{"type":"Feature","properties":{"a":"FG0422","b":"FG0423"},"geometry":{"type":"LineString","coordinates":[[-79.87962493405641,40.44226523559153],[-79.88091012505711,40.442721318642164]]}},{"type":"Feature","properties":{"a":"FG0422","b":"FG0431"},"geometry":{"type":"LineString","coordinates":[[-79.88091012505711,40.442721318642164],[-79.88107171077961,40.442457604059506]]}},{"type":"Feature","properties":{"a":"FG0423","b":"FG0424"},"geometry":{"type":"LineString","coordinates":[[-79.87902563965058,40.443243308849944],[-79.88031083065128,40.44369939190059]]}},{"type":"Feature","properties":{"a":"FG0423","b":"FG0432"},"geometry":{"type":"LineString","coordinates":[[-79.88031083065128,40.44369939190059],[-79.88091012505711,40.442721318642164]]}},{"type":"Feature","properties":{"a":"FG0424","b":"FG0425"},"geometry":{"type":"LineString","coordinates":[[-79.87842634524476,40.44422138210837],[-79.87971153624547,40.44467746515901]]}},{"type":"Feature","properties":{"a":"FG0424","b":"FG0433"},"geometry":{"type":"LineString","coordinates":[[-79.87971153624547,40.44467746515901],[-79.88031083065128,40.44369939190059]]}},{"type":"Feature","properties":{"a":"FG0425","b":"FG0426"},"geometry":{"type":"LineString","coordinates":[[-79.87782705083895,40.44519945536679],[-79.87911224183965,40.445655538417434]]}},{"type":"Feature","properties":{"a":"FG0425","b":"FG0434"},"geometry":{"type":"LineString","coordinates":[[-79.87911224183965,40.445655538417434],[-79.87971153624547,40.44467746515901]]}},{"type":"Feature","properties":{"a":"FG0426","b":"FG0427"},"geometry":{"type":"LineString","coordinates":[[-79.87722775643313,40.44617752862521],[-79.87851294743383,40.44663361167585]]}},{"type":"Feature","properties":{"a":"FG0426","b":"FG0435"},"geometry":{"type":"LineString","coordinates":[[-79.87851294743383,40.44663361167585],[-79.87911224183965,40.445655538417434]]}},{"type":"Feature","properties":{"a":"FG0427","b":"FG0428"},"geometry":{"type":"LineString","coordinates":[[-79.8766284620273,40.44715560188363],[-79.87791365302802,40.447611684934266]]}},{"type":"Feature","properties":{"a":"FG0427","b":"FG0436"},"geometry":{"type":"LineString","coordinates":[[-79.87791365302802,40.447611684934266],[-79.87851294743383,40.44663361167585]]}},{"type":"Feature","properties":{"a":"FG0428","b":"FG0429"},"geometry":{"type":"LineString","coordinates":[[-79.87602916762148,40.44813367514205],[-79.8773143586222,40.44858975819269]]}},{"type":"Feature","properties":{"a":"FG0428","b":"FG0437"},"geometry":{"type":"LineString","coordinates":[[-79.8773143586222,40.44858975819269],[-79.87791365302802,40.447611684934266]]}},{"type":"Feature","properties":{"a":"FG0429","b":"FG0430"},"geometry":{"type":"LineString","coordinates":[[-79.87542987321567,40.449111748400476],[-79.87671506421637,40.449567831451105]]}},{"type":"Feature","properties":{"a":"FG0429","b":"FG0438"},"geometry":{"type":"LineString","coordinates":[[-79.87671506421637,40.449567831451105],[-79.8773143586222,40.44858975819269]]}},{"type":"Feature","properties":{"a":"FG0430","b":null},"geometry":{"type":"LineString","coordinates":[[-79.87512937074386,40.44960218086389],[-79.87648299984214,40.44974000002528]]}},{"type":"Feature","properties":{"a":"FG0430","b":"FG0466"},"geometry":{"type":"LineString","coordinates":[[-79.87648299984214,40.44974000002528],[-79.87657400007873,40.44974800014651]]}},{"type":"Feature","properties":{"a":"FG0430","b":null},"geometry":{"type":"LineString","coordinates":[[-79.87657400007873,40.44974800014651],[-79.87660291086881,40.44975087035323]]}},{"type":"Feature","properties":{"a":"FG0430","b":"FG0438"},"geometry":{"type":"LineString","coordinates":[[-79.87660291086881,40.44975087035323],[-79.87671506421637,40.449567831451105]]}},{"type":"Feature","properties":{"a":"FG0431","b":"FG0432"},"geometry":{"type":"LineString","coordinates":[[-79.88091012505711,40.442721318642164],[-79.88219531605782,40.44317740169281]]}},{"type":"Feature","properties":{"a":"FG0431","b":"FG0439"},"geometry":{"type":"LineString","coordinates":[[-79.88219531605782,40.44317740169281],[-79.88237256363234,40.442888126319836]]}},{"type":"Feature","properties":{"a":"FG0432","b":"FG0433"},"geometry":{"type":"LineString","coordinates":[[-79.88031083065128,40.44369939190059],[-79.881596021652,40.44415547495124]]}},{"type":"Feature","properties":{"a":"FG0432","b":"FG0440"},"geometry":{"type":"LineString","coordinates":[[-79.881596021652,40.44415547495124],[-79.88219531605782,40.44317740169281]]}},{"type":"Feature","properties":{"a":"FG0433","b":"FG0434"},"geometry":{"type":"LineString","coordinates":[[-79.87971153624547,40.44467746515901],[-79.88099672724618,40.445133548209654]]}},{"type":"Feature","properties":{"a":"FG0433","b":"FG0441"},"geometry":{"type":"LineString","coordinates":[[-79.88099672724618,40.445133548209654],[-79.881596021652,40.44415547495124]]}},{"type":"Feature","properties":{"a":"FG0434","b":"FG0435"},"geometry":{"type":"LineString","coordinates":[[-79.87911224183965,40.445655538417434],[-79.88039743284035,40.44611162146807]]}},{"type":"Feature","properties":{"a":"FG0434","b":"FG0442"},"geometry":{"type":"LineString","coordinates":[[-79.88039743284035,40.44611162146807],[-79.88099672724618,40.445133548209654]]}},{"type":"Feature","properties":{"a":"FG0435","b":"FG0436"},"geometry":{"type":"LineString","coordinates":[[-79.87851294743383,40.44663361167585],[-79.87979813843454,40.44708969472649]]}},{"type":"Feature","properties":{"a":"FG0435","b":"FG0443"},"geometry":{"type":"LineString","coordinates":[[-79.87979813843454,40.44708969472649],[-79.88039743284035,40.44611162146807]]}},{"type":"Feature","properties":{"a":"FG0436","b":"FG0437"},"geometry":{"type":"LineString","coordinates":[[-79.87791365302802,40.447611684934266],[-79.87919884402872,40.44806776798491]]}},{"type":"Feature","properties":{"a":"FG0436","b":"FG0444"},"geometry":{"type":"LineString","coordinates":[[-79.87919884402872,40.44806776798491],[-79.87979813843454,40.44708969472649]]}},{"type":"Feature","properties":{"a":"FG0437","b":"FG0438"},"geometry":{"type":"LineString","coordinates":[[-79.8773143586222,40.44858975819269],[-79.8785995496229,40.44904584124333]]}},{"type":"Feature","properties":{"a":"FG0437","b":"FG0445"},"geometry":{"type":"LineString","coordinates":[[-79.8785995496229,40.44904584124333],[-79.87919884402872,40.44806776798491]]}},{"type":"Feature","properties":{"a":"FG0438","b":null},"geometry":{"type":"LineString","coordinates":[[-79.87660291086881,40.44975087035323],[-79.8771280000976,40.44980300018523]]}},{"type":"Feature","properties":{"a":"FG0438","b":null},"geometry":{"type":"LineString","coordinates":[[-79.8771280000976,40.44980300018523],[-79.87747237575401,40.44983658290999]]}},{"type":"Feature","properties":{"a":"FG0438","b":null},"geometry":{"type":"LineString","coordinates":[[-79.87747237575401,40.44983658290999],[-79.87769200016221,40.44985800017893]]}},{"type":"Feature","properties":{"a":"FG0438","b":"FG0466"},"geometry":{"type":"LineString","coordinates":[[-79.87769200016221,40.44985800017893],[-79.8779519995549,40.449884000011146]]}},{"type":"Feature","properties":{"a":"FG0438","b":"FG0466"},"geometry":{"type":"LineString","coordinates":[[-79.8779519995549,40.449884000011146],[-79.87795262024159,40.44988406552848]]}},{"type":"Feature","properties":{"a":"FG0438","b":null},"geometry":{"type":"LineString","coordinates":[[-79.87795262024159,40.44988406552848],[-79.87811662722822,40.44983399056617]]}},{"type":"Feature","properties":{"a":"FG0438","b":"FG0446"},"geometry":{"type":"LineString","coordinates":[[-79.87811662722822,40.44983399056617],[-79.8785995496229,40.44904584124333]]}},{"type":"Feature","properties":{"a":"FG0439","b":"FG0440"},"geometry":{"type":"LineString","coordinates":[[-79.88219531605782,40.44317740169281],[-79.88348050705854,40.44363348474345]]}},{"type":"Feature","properties":{"a":"FG0439","b":"FG0447"},"geometry":{"type":"LineString","coordinates":[[-79.88348050705854,40.44363348474345],[-79.88367341195826,40.44331865596815]]}},{"type":"Feature","properties":{"a":"FG0440","b":"FG0441"},"geometry":{"type":"LineString","coordinates":[[-79.881596021652,40.44415547495124],[-79.88288121265272,40.44461155800187]]}},{"type":"Feature","properties":{"a":"FG0440","b":"FG0448"},"geometry":{"type":"LineString","coordinates":[[-79.88288121265272,40.44461155800187],[-79.88348050705854,40.44363348474345]]}},{"type":"Feature","properties":{"a":"FG0441","b":"FG0442"},"geometry":{"type":"LineString","coordinates":[[-79.88099672724618,40.445133548209654],[-79.88228191824689,40.44558963126029]]}},{"type":"Feature","properties":{"a":"FG0441","b":"FG0449"},"geometry":{"type":"LineString","coordinates":[[-79.88228191824689,40.44558963126029],[-79.88288121265272,40.44461155800187]]}},{"type":"Feature","properties":{"a":"FG0442","b":"FG0443"},"geometry":{"type":"LineString","coordinates":[[-79.88039743284035,40.44611162146807],[-79.88168262384107,40.44656770451871]]}},{"type":"Feature","properties":{"a":"FG0442","b":"FG0450"},"geometry":{"type":"LineString","coordinates":[[-79.88168262384107,40.44656770451871],[-79.88228191824689,40.44558963126029]]}},{"type":"Feature","properties":{"a":"FG0443","b":"FG0444"},"geometry":{"type":"LineString","coordinates":[[-79.87979813843454,40.44708969472649],[-79.88108332943524,40.44754577777714]]}},{"type":"Feature","properties":{"a":"FG0443","b":"FG0451"},"geometry":{"type":"LineString","coordinates":[[-79.88108332943524,40.44754577777714],[-79.88168262384107,40.44656770451871]]}},{"type":"Feature","properties":{"a":"FG0444","b":"FG0445"},"geometry":{"type":"LineString","coordinates":[[-79.87919884402872,40.44806776798491],[-79.88048403502943,40.44852385103555]]}},{"type":"Feature","properties":{"a":"FG0444","b":"FG0452"},"geometry":{"type":"LineString","coordinates":[[-79.88048403502943,40.44852385103555],[-79.88108332943524,40.44754577777714]]}},{"type":"Feature","properties":{"a":"FG0445","b":"FG0446"},"geometry":{"type":"LineString","coordinates":[[-79.8785995496229,40.44904584124333],[-79.87988474062361,40.449501924293976]]}},{"type":"Feature","properties":{"a":"FG0445","b":"FG0453"},"geometry":{"type":"LineString","coordinates":[[-79.87988474062361,40.449501924293976],[-79.88048403502943,40.44852385103555]]}},{"type":"Feature","properties":{"a":"FG0446","b":null},"geometry":{"type":"LineString","coordinates":[[-79.87811662722822,40.44983399056617],[-79.878169,40.449818]]}},{"type":"Feature","properties":{"a":"FG0446","b":null},"geometry":{"type":"LineString","coordinates":[[-79.878169,40.449818],[-79.878289,40.449782]]}},{"type":"Feature","properties":{"a":"FG0446","b":null},"geometry":{"type":"LineString","coordinates":[[-79.878289,40.449782],[-79.878437,40.449785]]}},{"type":"Feature","properties":{"a":"FG0446","b":null},"geometry":{"type":"LineString","coordinates":[[-79.878437,40.449785],[-79.878881,40.449794]]}},{"type":"Feature","properties":{"a":"FG0446","b":null},"geometry":{"type":"LineString","coordinates":[[-79.878881,40.449794],[-79.87890996283265,40.449820384988904]]}},{"type":"Feature","properties":{"a":"FG0446","b":"FG0466"},"geometry":{"type":"LineString","coordinates":[[-79.87890996283265,40.449820384988904],[-79.8790289996305,40.44979799968641]]}},{"type":"Feature","properties":{"a":"FG0446","b":"FG0466"},"geometry":{"type":"LineString","coordinates":[[-79.8790289996305,40.44979799968641],[-79.87902924014365,40.44979795498988]]}},{"type":"Feature","properties":{"a":"FG0446","b":null},"geometry":{"type":"LineString","coordinates":[[-79.879029,40.449797],[-79.87902924014365,40.44979795498988]]}},{"type":"Feature","properties":{"a":"FG0446","b":null},"geometry":{"type":"LineString","coordinates":[[-79.879029,40.449797],[-79.879255,40.449756]]}},{"type":"Feature","properties":{"a":"FG0446","b":null},"geometry":{"type":"LineString","coordinates":[[-79.879255,40.449756],[-79.8793,40.449747]]}},{"type":"Feature","properties":{"a":"FG0446","b":null},"geometry":{"type":"LineString","coordinates":[[-79.8793,40.449747],[-79.879435,40.449721]]}},{"type":"Feature","properties":{"a":"FG0446","b":null},"geometry":{"type":"LineString","coordinates":[[-79.879435,40.449721],[-79.879481,40.449713]]}},{"type":"Feature","properties":{"a":"FG0446","b":null},"geometry":{"type":"LineString","coordinates":[[-79.879481,40.449713],[-79.87950651374247,40.4497079602484]]}},{"type":"Feature","properties":{"a":"FG0446","b":"FG0466"},"geometry":{"type":"LineString","coordinates":[[-79.87950651374247,40.4497079602484],[-79.87956199973297,40.44969699978456]]}},{"type":"Feature","properties":{"a":"FG0446","b":"FG0466"},"geometry":{"type":"LineString","coordinates":[[-79.87956199973297,40.44969699978456],[-79.87971571385302,40.44966916703896]]}},{"type":"Feature","properties":{"a":"FG0446","b":null},"geometry":{"type":"LineString","coordinates":[[-79.87971571385302,40.44966916703896],[-79.87979057124558,40.44965561261397]]}},{"type":"Feature","properties":{"a":"FG0446","b":"FG0453"},"geometry":{"type":"LineString","coordinates":[[-79.87979057124558,40.44965561261397],[-79.87988474062361,40.449501924293976]]}},{"type":"Feature","properties":{"a":"FG0447","b":"FG0448"},"geometry":{"type":"LineString","coordinates":[[-79.88348050705854,40.44363348474345],[-79.88476569805923,40.44408956779409]]}},{"type":"Feature","properties":{"a":"FG0447","b":"FG0454"},"geometry":{"type":"LineString","coordinates":[[-79.88476569805923,40.44408956779409],[-79.88497175670877,40.44375327155501]]}},{"type":"Feature","properties":{"a":"FG0448","b":"FG0449"},"geometry":{"type":"LineString","coordinates":[[-79.88288121265272,40.44461155800187],[-79.88416640365341,40.44506764105251]]}},{"type":"Feature","properties":{"a":"FG0448","b":"FG0455"},"geometry":{"type":"LineString","coordinates":[[-79.88416640365341,40.44506764105251],[-79.88476569805923,40.44408956779409]]}},{"type":"Feature","properties":{"a":"FG0449","b":"FG0450"},"geometry":{"type":"LineString","coordinates":[[-79.88228191824689,40.44558963126029],[-79.8835671092476,40.44604571431093]]}},{"type":"Feature","properties":{"a":"FG0449","b":"FG0456"},"geometry":{"type":"LineString","coordinates":[[-79.8835671092476,40.44604571431093],[-79.88416640365341,40.44506764105251]]}},{"type":"Feature","properties":{"a":"FG0450","b":"FG0451"},"geometry":{"type":"LineString","coordinates":[[-79.88168262384107,40.44656770451871],[-79.88296781484176,40.44702378756935]]}},{"type":"Feature","properties":{"a":"FG0450","b":"FG0457"},"geometry":{"type":"LineString","coordinates":[[-79.88296781484176,40.44702378756935],[-79.8835671092476,40.44604571431093]]}},{"type":"Feature","properties":{"a":"FG0451","b":"FG0452"},"geometry":{"type":"LineString","coordinates":[[-79.88108332943524,40.44754577777714],[-79.88236852043595,40.44800186082777]]}},{"type":"Feature","properties":{"a":"FG0451","b":"FG0458"},"geometry":{"type":"LineString","coordinates":[[-79.88236852043595,40.44800186082777],[-79.88296781484176,40.44702378756935]]}},{"type":"Feature","properties":{"a":"FG0452","b":"FG0453"},"geometry":{"type":"LineString","coordinates":[[-79.88048403502943,40.44852385103555],[-79.88176922603013,40.448979934086196]]}},{"type":"Feature","properties":{"a":"FG0452","b":"FG0459"},"geometry":{"type":"LineString","coordinates":[[-79.88176922603013,40.448979934086196],[-79.88236852043595,40.44800186082777]]}},{"type":"Feature","properties":{"a":"FG0453","b":null},"geometry":{"type":"LineString","coordinates":[[-79.87979057124558,40.44965561261397],[-79.879805,40.449653]]}},{"type":"Feature","properties":{"a":"FG0453","b":null},"geometry":{"type":"LineString","coordinates":[[-79.879805,40.449653],[-79.87988335479899,40.449638666805065]]}},{"type":"Feature","properties":{"a":"FG0453","b":"FG0466"},"geometry":{"type":"LineString","coordinates":[[-79.87988335479899,40.449638666805065],[-79.8798870003213,40.44963799993407]]}},{"type":"Feature","properties":{"a":"FG0453","b":"FG0466"},"geometry":{"type":"LineString","coordinates":[[-79.8798870003213,40.44963799993407],[-79.8799929997282,40.449617999938226]]}},{"type":"Feature","properties":{"a":"FG0453","b":"FG0466"},"geometry":{"type":"LineString","coordinates":[[-79.8799929997282,40.449617999938226],[-79.88013199964536,40.44959200000309]]}},{"type":"Feature","properties":{"a":"FG0453","b":null},"geometry":{"type":"LineString","coordinates":[[-79.88013199964536,40.44959200000309],[-79.88013585986293,40.44959104040876]]}},{"type":"Feature","properties":{"a":"FG0453","b":null},"geometry":{"type":"LineString","coordinates":[[-79.88013585986293,40.44959104040876],[-79.88017422324691,40.44958150382563]]}},{"type":"Feature","properties":{"a":"FG0453","b":null},"geometry":{"type":"LineString","coordinates":[[-79.88017422324691,40.44958150382563],[-79.880309,40.449548]]}},{"type":"Feature","properties":{"a":"FG0453","b":null},"geometry":{"type":"LineString","coordinates":[[-79.880309,40.449548],[-79.88035328523505,40.44953745589642]]}},{"type":"Feature","properties":{"a":"FG0453","b":"FG0466"},"geometry":{"type":"LineString","coordinates":[[-79.88035328523505,40.44953745589642],[-79.88041399967767,40.44952299970584]]}},{"type":"Feature","properties":{"a":"FG0453","b":"FG0466"},"geometry":{"type":"LineString","coordinates":[[-79.88041399967767,40.44952299970584],[-79.88045023459216,40.44951437271615]]}},{"type":"Feature","properties":{"a":"FG0453","b":null},"geometry":{"type":"LineString","coordinates":[[-79.88045023459216,40.44951437271615],[-79.880477,40.449508]]}},{"type":"Feature","properties":{"a":"FG0453","b":"FG0466"},"geometry":{"type":"LineString","coordinates":[[-79.88047699987759,40.44950800030312],[-79.880477,40.449508]]}},{"type":"Feature","properties":{"a":"FG0453","b":"FG0466"},"geometry":{"type":"LineString","coordinates":[[-79.88047700032519,40.44950800019655],[-79.880588492682,40.44948067330684]]}},{"type":"Feature","properties":{"a":"FG0453","b":null},"geometry":{"type":"LineString","coordinates":[[-79.880588492682,40.44948067330684],[-79.880589,40.44948]]}},{"type":"Feature","properties":{"a":"FG0453","b":null},"geometry":{"type":"LineString","coordinates":[[-79.880589,40.44948],[-79.88068094462739,40.449458013241276]]}},{"type":"Feature","properties":{"a":"FG0453","b":"FG0466"},"geometry":{"type":"LineString","coordinates":[[-79.88068094462739,40.449458013241276],[-79.88068099964137,40.44945799975729]]}},{"type":"Feature","properties":{"a":"FG0453","b":"FG0466"},"geometry":{"type":"LineString","coordinates":[[-79.88068099964137,40.44945799975729],[-79.88068106946018,40.449457985599715]]}},{"type":"Feature","properties":{"a":"FG0453","b":null},"geometry":{"type":"LineString","coordinates":[[-79.88068106946018,40.449457985599715],[-79.880927,40.449407]]}},{"type":"Feature","properties":{"a":"FG0453","b":null},"geometry":{"type":"LineString","coordinates":[[-79.880927,40.449407],[-79.881041,40.449385]]}},{"type":"Feature","properties":{"a":"FG0453","b":null},"geometry":{"type":"LineString","coordinates":[[-79.881041,40.449385],[-79.881075,40.449378]]}},{"type":"Feature","properties":{"a":"FG0453","b":null},"geometry":{"type":"LineString","coordinates":[[-79.881075,40.449378],[-79.881181,40.449358]]}},{"type":"Feature","properties":{"a":"FG0453","b":null},"geometry":{"type":"LineString","coordinates":[[-79.881181,40.449358],[-79.881216,40.449352]]}},{"type":"Feature","properties":{"a":"FG0453","b":null},"geometry":{"type":"LineString","coordinates":[[-79.881216,40.449352],[-79.881299,40.449338]]}},{"type":"Feature","properties":{"a":"FG0453","b":null},"geometry":{"type":"LineString","coordinates":[[-79.881299,40.449338],[-79.88136025362724,40.44932808611813]]}},{"type":"Feature","properties":{"a":"FG0453","b":"FG0466"},"geometry":{"type":"LineString","coordinates":[[-79.88136025362724,40.44932808611813],[-79.88147200038502,40.44930999979774]]}},{"type":"Feature","properties":{"a":"FG0453","b":"FG0466"},"geometry":{"type":"LineString","coordinates":[[-79.88147200038502,40.44930999979774],[-79.8815271300394,40.44931800274765]]}},{"type":"Feature","properties":{"a":"FG0453","b":null},"geometry":{"type":"LineString","coordinates":[[-79.8815271300394,40.44931800274765],[-79.881534,40.449319]]}},{"type":"Feature","properties":{"a":"FG0453","b":"FG0466"},"geometry":{"type":"LineString","coordinates":[[-79.88153400007546,40.449319000043126],[-79.881534,40.449319]]}},{"type":"Feature","properties":{"a":"FG0453","b":"FG0466"},"geometry":{"type":"LineString","coordinates":[[-79.88153400030929,40.44931900007707],[-79.88153655850103,40.449320462000586]]}},{"type":"Feature","properties":{"a":"FG0453","b":null},"geometry":{"type":"LineString","coordinates":[[-79.88153655850103,40.449320462000586],[-79.881548,40.449327]]}},{"type":"Feature","properties":{"a":"FG0453","b":null},"geometry":{"type":"LineString","coordinates":[[-79.881548,40.449327],[-79.8815543557724,40.449330611234316]]}},{"type":"Feature","properties":{"a":"FG0453","b":"FG0459"},"geometry":{"type":"LineString","coordinates":[[-79.8815543557724,40.449330611234316],[-79.88176922603013,40.448979934086196]]}},{"type":"Feature","properties":{"a":"FG0454","b":"FG0455"},"geometry":{"type":"LineString","coordinates":[[-79.88476569805923,40.44408956779409],[-79.88605088905993,40.44454565084472]]}},{"type":"Feature","properties":{"a":"FG0454","b":"FG0460"},"geometry":{"type":"LineString","coordinates":[[-79.88605088905993,40.44454565084472],[-79.88627063835342,40.44418701090842]]}},{"type":"Feature","properties":{"a":"FG0455","b":"FG0456"},"geometry":{"type":"LineString","coordinates":[[-79.88416640365341,40.44506764105251],[-79.88545159465411,40.44552372410314]]}},{"type":"Feature","properties":{"a":"FG0455","b":"FG0461"},"geometry":{"type":"LineString","coordinates":[[-79.88545159465411,40.44552372410314],[-79.88605088905993,40.44454565084472]]}},{"type":"Feature","properties":{"a":"FG0456","b":"FG0457"},"geometry":{"type":"LineString","coordinates":[[-79.8835671092476,40.44604571431093],[-79.8848523002483,40.44650179736156]]}},{"type":"Feature","properties":{"a":"FG0456","b":"FG0462"},"geometry":{"type":"LineString","coordinates":[[-79.8848523002483,40.44650179736156],[-79.88545159465411,40.44552372410314]]}},{"type":"Feature","properties":{"a":"FG0457","b":"FG0458"},"geometry":{"type":"LineString","coordinates":[[-79.88296781484176,40.44702378756935],[-79.88425300584248,40.447479870619986]]}},{"type":"Feature","properties":{"a":"FG0457","b":"FG0463"},"geometry":{"type":"LineString","coordinates":[[-79.88425300584248,40.447479870619986],[-79.8848523002483,40.44650179736156]]}},{"type":"Feature","properties":{"a":"FG0458","b":"FG0459"},"geometry":{"type":"LineString","coordinates":[[-79.88236852043595,40.44800186082777],[-79.88365371143666,40.4484579438784]]}},{"type":"Feature","properties":{"a":"FG0458","b":"FG0464"},"geometry":{"type":"LineString","coordinates":[[-79.88365371143666,40.4484579438784],[-79.88425300584248,40.447479870619986]]}},{"type":"Feature","properties":{"a":"FG0459","b":null},"geometry":{"type":"LineString","coordinates":[[-79.8815543557724,40.449330611234316],[-79.881592,40.449352]]}},{"type":"Feature","properties":{"a":"FG0459","b":null},"geometry":{"type":"LineString","coordinates":[[-79.881592,40.449352],[-79.881614,40.449379]]}},{"type":"Feature","properties":{"a":"FG0459","b":null},"geometry":{"type":"LineString","coordinates":[[-79.881614,40.449379],[-79.881728,40.44934]]}},{"type":"Feature","properties":{"a":"FG0459","b":null},"geometry":{"type":"LineString","coordinates":[[-79.881728,40.44934],[-79.88207,40.449226]]}},{"type":"Feature","properties":{"a":"FG0459","b":null},"geometry":{"type":"LineString","coordinates":[[-79.88207,40.449226],[-79.88214633782393,40.44920143913491]]}},{"type":"Feature","properties":{"a":"FG0459","b":"FG0466"},"geometry":{"type":"LineString","coordinates":[[-79.88214633782393,40.44920143913491],[-79.88218500041255,40.44918899972254]]}},{"type":"Feature","properties":{"a":"FG0459","b":"FG0466"},"geometry":{"type":"LineString","coordinates":[[-79.88218500041255,40.44918899972254],[-79.8822880003447,40.44918299975268]]}},{"type":"Feature","properties":{"a":"FG0459","b":null},"geometry":{"type":"LineString","coordinates":[[-79.8822880003447,40.44918299975268],[-79.88233465679149,40.44918059172107]]}},{"type":"Feature","properties":{"a":"FG0459","b":null},"geometry":{"type":"LineString","coordinates":[[-79.88233465679149,40.44918059172107],[-79.88253668972798,40.44917016440114]]}},{"type":"Feature","properties":{"a":"FG0459","b":null},"geometry":{"type":"LineString","coordinates":[[-79.88253668972798,40.44917016440114],[-79.882598,40.449167]]}},{"type":"Feature","properties":{"a":"FG0459","b":null},"geometry":{"type":"LineString","coordinates":[[-79.882598,40.449167],[-79.8826791,40.4491548]]}},{"type":"Feature","properties":{"a":"FG0459","b":null},"geometry":{"type":"LineString","coordinates":[[-79.8826791,40.4491548],[-79.8827371,40.4491505]]}},{"type":"Feature","properties":{"a":"FG0459","b":null},"geometry":{"type":"LineString","coordinates":[[-79.8827371,40.4491505],[-79.8828437,40.4491363]]}},{"type":"Feature","properties":{"a":"FG0459","b":null},"geometry":{"type":"LineString","coordinates":[[-79.8828437,40.4491363],[-79.8829401,40.4491133]]}},{"type":"Feature","properties":{"a":"FG0459","b":null},"geometry":{"type":"LineString","coordinates":[[-79.8829401,40.4491133],[-79.8831084,40.4490809]]}},{"type":"Feature","properties":{"a":"FG0459","b":null},"geometry":{"type":"LineString","coordinates":[[-79.8831084,40.4490809],[-79.8831564,40.4490717]]}},{"type":"Feature","properties":{"a":"FG0459","b":null},"geometry":{"type":"LineString","coordinates":[[-79.8831564,40.4490717],[-79.8832813,40.4490476]]}},{"type":"Feature","properties":{"a":"FG0459","b":null},"geometry":{"type":"LineString","coordinates":[[-79.8832813,40.4490476],[-79.8832938980821,40.449045174155714]]}},{"type":"Feature","properties":{"a":"FG0459","b":"FG0465"},"geometry":{"type":"LineString","coordinates":[[-79.8832938980821,40.449045174155714],[-79.88365371143666,40.4484579438784]]}},{"type":"Feature","properties":{"a":"FG0460","b":"FG0461"},"geometry":{"type":"LineString","coordinates":[[-79.88605088905993,40.44454565084472],[-79.88707842839382,40.44491029958082]]}},{"type":"Feature","properties":{"a":"FG0461","b":"FG0462"},"geometry":{"type":"LineString","coordinates":[[-79.88545159465411,40.44552372410314],[-79.88650931070349,40.44589908182214]]}},{"type":"Feature","properties":{"a":"FG0462","b":"FG0463"},"geometry":{"type":"LineString","coordinates":[[-79.8848523002483,40.44650179736156],[-79.88594058085381,40.446888001698696]]}},{"type":"Feature","properties":{"a":"FG0463","b":"FG0464"},"geometry":{"type":"LineString","coordinates":[[-79.88425300584248,40.447479870619986],[-79.8853723667338,40.447877104595165]]}},{"type":"Feature","properties":{"a":"FG0463","b":null},"geometry":{"type":"LineString","coordinates":[[-79.8853723667338,40.447877104595165],[-79.88542199958881,40.44777599989338]]}},{"type":"Feature","properties":{"a":"FG0463","b":"FG0467"},"geometry":{"type":"LineString","coordinates":[[-79.88542199958881,40.44777599989338],[-79.88544325304478,40.44773501198507]]}},{"type":"Feature","properties":{"a":"FG0463","b":null},"geometry":{"type":"LineString","coordinates":[[-79.88544325304478,40.44773501198507],[-79.885464,40.447695]]}},{"type":"Feature","properties":{"a":"FG0463","b":null},"geometry":{"type":"LineString","coordinates":[[-79.885464,40.447695],[-79.88549485997686,40.447647135546106]]}},{"type":"Feature","properties":{"a":"FG0463","b":"FG0467"},"geometry":{"type":"LineString","coordinates":[[-79.88549485997686,40.447647135546106],[-79.88551299982541,40.44761899982558]]}},{"type":"Feature","properties":{"a":"FG0463","b":"FG0467"},"geometry":{"type":"LineString","coordinates":[[-79.88551299982541,40.44761899982558],[-79.88557999977256,40.4475190002008]]}},{"type":"Feature","properties":{"a":"FG0463","b":"FG0467"},"geometry":{"type":"LineString","coordinates":[[-79.88557999977256,40.4475190002008],[-79.88560502840012,40.44747495001579]]}},{"type":"Feature","properties":{"a":"FG0463","b":null},"geometry":{"type":"LineString","coordinates":[[-79.88560502840012,40.44747495001579],[-79.885655,40.447387]]}},{"type":"Feature","properties":{"a":"FG0463","b":null},"geometry":{"type":"LineString","coordinates":[[-79.885655,40.447387],[-79.8857,40.447309]]}},{"type":"Feature","properties":{"a":"FG0463","b":null},"geometry":{"type":"LineString","coordinates":[[-79.8857,40.447309],[-79.88572372072967,40.447266302686586]]}},{"type":"Feature","properties":{"a":"FG0463","b":"FG0467"},"geometry":{"type":"LineString","coordinates":[[-79.88572372072967,40.447266302686586],[-79.885744999629,40.44722800030947]]}},{"type":"Feature","properties":{"a":"FG0463","b":"FG0467"},"geometry":{"type":"LineString","coordinates":[[-79.885744999629,40.44722800030947],[-79.88578333540278,40.447161533582246]]}},{"type":"Feature","properties":{"a":"FG0463","b":null},"geometry":{"type":"LineString","coordinates":[[-79.88578333540278,40.447161533582246],[-79.885884,40.446987]]}},{"type":"Feature","properties":{"a":"FG0463","b":null},"geometry":{"type":"LineString","coordinates":[[-79.885884,40.446987],[-79.885901,40.446958]]}},{"type":"Feature","properties":{"a":"FG0463","b":null},"geometry":{"type":"LineString","coordinates":[[-79.885901,40.446958],[-79.8859239,40.4469166]]}},{"type":"Feature","properties":{"a":"FG0463","b":null},"geometry":{"type":"LineString","coordinates":[[-79.8859239,40.4469166],[-79.88592444896925,40.44691676135837]]}},{"type":"Feature","properties":{"a":"FG0463","b":"FG0467"},"geometry":{"type":"LineString","coordinates":[[-79.88592444896925,40.44691676135837],[-79.88592999957693,40.44690699966562]]}},{"type":"Feature","properties":{"a":"FG0464","b":"FG0465"},"geometry":{"type":"LineString","coordinates":[[-79.88365371143666,40.4484579438784],[-79.88481606707292,40.44887043564361]]}},{"type":"Feature","properties":{"a":"FG0464","b":null},"geometry":{"type":"LineString","coordinates":[[-79.88481606707292,40.44887043564361],[-79.88482800028528,40.44884900013041]]}},{"type":"Feature","properties":{"a":"FG0464","b":"FG0467"},"geometry":{"type":"LineString","coordinates":[[-79.88482800028528,40.44884900013041],[-79.88493899971503,40.44865300007454]]}},{"type":"Feature","properties":{"a":"FG0464","b":"FG0467"},"geometry":{"type":"LineString","coordinates":[[-79.88493899971503,40.44865300007454],[-79.88502874107705,40.44849324115953]]}},{"type":"Feature","properties":{"a":"FG0464","b":null},"geometry":{"type":"LineString","coordinates":[[-79.88502874107705,40.44849324115953],[-79.88503,40.448491]]}},{"type":"Feature","properties":{"a":"FG0464","b":null},"geometry":{"type":"LineString","coordinates":[[-79.88503,40.448491],[-79.885074,40.448412]]}},{"type":"Feature","properties":{"a":"FG0464","b":null},"geometry":{"type":"LineString","coordinates":[[-79.885074,40.448412],[-79.885207,40.448178]]}},{"type":"Feature","properties":{"a":"FG0464","b":null},"geometry":{"type":"LineString","coordinates":[[-79.885207,40.448178],[-79.88524113916108,40.44811882545411]]}},{"type":"Feature","properties":{"a":"FG0464","b":"FG0467"},"geometry":{"type":"LineString","coordinates":[[-79.88524113916108,40.44811882545411],[-79.8852519997095,40.44810000018016]]}},{"type":"Feature","properties":{"a":"FG0464","b":"FG0467"},"geometry":{"type":"LineString","coordinates":[[-79.8852519997095,40.44810000018016],[-79.88529699991534,40.44801999969754]]}},{"type":"Feature","properties":{"a":"FG0464","b":"FG0467"},"geometry":{"type":"LineString","coordinates":[[-79.88529699991534,40.44801999969754],[-79.8853220000297,40.4479769997235]]}},{"type":"Feature","properties":{"a":"FG0464","b":"FG0467"},"geometry":{"type":"LineString","coordinates":[[-79.8853220000297,40.4479769997235],[-79.88536800006045,40.447885999735426]]}},{"type":"Feature","properties":{"a":"FG0464","b":null},"geometry":{"type":"LineString","coordinates":[[-79.88536800006045,40.447885999735426],[-79.8853723667338,40.447877104595165]]}},{"type":"Feature","properties":{"a":"FG0465","b":null},"geometry":{"type":"LineString","coordinates":[[-79.8832938980821,40.449045174155714],[-79.8834049,40.4490238]]}},{"type":"Feature","properties":{"a":"FG0465","b":null},"geometry":{"type":"LineString","coordinates":[[-79.8834049,40.4490238],[-79.88351799634867,40.4490090004778]]}},{"type":"Feature","properties":{"a":"FG0465","b":"FG0466"},"geometry":{"type":"LineString","coordinates":[[-79.88351799968285,40.449008999710394],[-79.88351799634867,40.4490090004778]]}},{"type":"Feature","properties":{"a":"FG0465","b":"FG0466"},"geometry":{"type":"LineString","coordinates":[[-79.88351799968285,40.449008999710394],[-79.88356799991158,40.44899899996146]]}},{"type":"Feature","properties":{"a":"FG0465","b":"FG0466"},"geometry":{"type":"LineString","coordinates":[[-79.88356799991158,40.44899899996146],[-79.8836446258067,40.44898542365587]]}},{"type":"Feature","properties":{"a":"FG0465","b":null},"geometry":{"type":"LineString","coordinates":[[-79.8836446258067,40.44898542365587],[-79.883901,40.44894]]}},{"type":"Feature","properties":{"a":"FG0465","b":null},"geometry":{"type":"LineString","coordinates":[[-79.883901,40.44894],[-79.88395610218673,40.44893052931165]]}},{"type":"Feature","properties":{"a":"FG0465","b":"FG0466"},"geometry":{"type":"LineString","coordinates":[[-79.88395610218673,40.44893052931165],[-79.88402900004402,40.44891799975248]]}},{"type":"Feature","properties":{"a":"FG0465","b":"FG0466"},"geometry":{"type":"LineString","coordinates":[[-79.88402900004402,40.44891799975248],[-79.88403481352748,40.44894178261244]]}},{"type":"Feature","properties":{"a":"FG0465","b":null},"geometry":{"type":"LineString","coordinates":[[-79.88403481352748,40.44894178261244],[-79.88404,40.448963]]}},{"type":"Feature","properties":{"a":"FG0465","b":null},"geometry":{"type":"LineString","coordinates":[[-79.88404,40.448963],[-79.88405972058942,40.44903906513065]]}},{"type":"Feature","properties":{"a":"FG0465","b":"FG0466"},"geometry":{"type":"LineString","coordinates":[[-79.88405972058942,40.44903906513065],[-79.88407500007477,40.4490980000083]]}},{"type":"Feature","properties":{"a":"FG0465","b":"FG0466"},"geometry":{"type":"LineString","coordinates":[[-79.88407500007477,40.4490980000083],[-79.88407732592518,40.449106916046524]]}},{"type":"Feature","properties":{"a":"FG0465","b":null},"geometry":{"type":"LineString","coordinates":[[-79.88407732592518,40.449106916046524],[-79.884087,40.449144]]}},{"type":"Feature","properties":{"a":"FG0465","b":null},"geometry":{"type":"LineString","coordinates":[[-79.884087,40.449144],[-79.8841748,40.4491692]]}},{"type":"Feature","properties":{"a":"FG0465","b":null},"geometry":{"type":"LineString","coordinates":[[-79.8841748,40.4491692],[-79.8841966,40.4491755]]}},{"type":"Feature","properties":{"a":"FG0465","b":null},"geometry":{"type":"LineString","coordinates":[[-79.8841966,40.4491755],[-79.8845159,40.4492671]]}},{"type":"Feature","properties":{"a":"FG0465","b":null},"geometry":{"type":"LineString","coordinates":[[-79.8845159,40.4492671],[-79.88458488060967,40.44928691659101]]}},{"type":"Feature","properties":{"a":"FG0465","b":"FG0467"},"geometry":{"type":"LineString","coordinates":[[-79.88458488060967,40.44928691659101],[-79.88466599990358,40.449139999839126]]}},{"type":"Feature","properties":{"a":"FG0465","b":null},"geometry":{"type":"LineString","coordinates":[[-79.88466599990358,40.449139999839126],[-79.88481606707292,40.44887043564361]]}},{"type":"Feature","properties":{"a":"FG0466","b":null},"geometry":{"type":"LineString","coordinates":[[-79.8822880003447,40.44918299975268],[-79.88253668972798,40.44917016440114]]}},{"type":"Feature","properties":{"a":"FG0466","b":null},"geometry":{"type":"LineString","coordinates":[[-79.880372,40.449768],[-79.88047699987759,40.44950800030312]]}},{"type":"Feature","properties":{"a":"FG0466","b":null},"geometry":{"type":"LineString","coordinates":[[-79.880372,40.449768],[-79.880588492682,40.44948067330684]]}},{"type":"Feature","properties":{"a":"FG0466","b":null},"geometry":{"type":"LineString","coordinates":[[-79.88013199964536,40.44959200000309],[-79.88017422324691,40.44958150382563]]}},{"type":"Feature","properties":{"a":"FG0466","b":null},"geometry":{"type":"LineString","coordinates":[[-79.87902924014365,40.44979795498988],[-79.879072,40.449968]]}},{"type":"Feature","properties":{"a":"FG0466","b":null},"geometry":{"type":"LineString","coordinates":[[-79.87890996283265,40.449820384988904],[-79.879072,40.449968]]}},{"type":"Feature","properties":{"a":"FG0466","b":null},"geometry":{"type":"LineString","coordinates":[[-79.8771280000976,40.44980300018523],[-79.87769200016221,40.44985800017893]]}},{"type":"Feature","properties":{"a":"FG0466","b":null},"geometry":{"type":"LineString","coordinates":[[-79.87657400007873,40.44974800014651],[-79.8771280000976,40.44980300018523]]}},{"type":"Feature","properties":{"a":"FG0466","b":null},"geometry":{"type":"LineString","coordinates":[[-79.87449899957025,40.4495379998954],[-79.87648299984214,40.44974000002528]]}},{"type":"Feature","properties":{"a":"FG0466","b":null},"geometry":{"type":"LineString","coordinates":[[-79.87315200005624,40.44941299980872],[-79.87394799992444,40.44948499984876]]}},{"type":"Feature","properties":{"a":"FG0466","b":null},"geometry":{"type":"LineString","coordinates":[[-79.872685000076,40.44936699972374],[-79.87315200005624,40.44941299980872]]}},{"type":"Feature","properties":{"a":"FG0466","b":null},"geometry":{"type":"LineString","coordinates":[[-79.87168099979532,40.44938699979428],[-79.87261300010597,40.44937499988938]]}},{"type":"Feature","properties":{"a":"FG0466","b":null},"geometry":{"type":"LineString","coordinates":[[-79.87008800023402,40.44938799990021],[-79.87123700027963,40.44938799990021]]}},{"type":"Feature","properties":{"a":"FG0466","b":null},"geometry":{"type":"LineString","coordinates":[[-79.86828100041245,40.44939800027488],[-79.86903999957242,40.44938900000607]]}},{"type":"Feature","properties":{"a":"FG0466","b":null},"geometry":{"type":"LineString","coordinates":[[-79.86713999986443,40.449392000323684],[-79.86756099981392,40.44938900000607]]}},{"type":"Feature","properties":{"a":"FG0466","b":null},"geometry":{"type":"LineString","coordinates":[[-79.86695099971855,40.45029799987529],[-79.86713999986443,40.449392000323684]]}},{"type":"Feature","properties":{"a":"FG0466","b":null},"geometry":{"type":"LineString","coordinates":[[-79.86689499957032,40.450568],[-79.867271,40.450568]]}},{"type":"Feature","properties":{"a":"FG0466","b":null},"geometry":{"type":"LineString","coordinates":[[-79.867271,40.450568],[-79.867442,40.450544]]}},{"type":"Feature","properties":{"a":"FG0466","b":null},"geometry":{"type":"LineString","coordinates":[[-79.867442,40.450544],[-79.867958,40.450476]]}},{"type":"Feature","properties":{"a":"FG0466","b":null},"geometry":{"type":"LineString","coordinates":[[-79.867958,40.450476],[-79.86813,40.450454]]}},{"type":"Feature","properties":{"a":"FG0466","b":null},"geometry":{"type":"LineString","coordinates":[[-79.86813,40.450454],[-79.868238,40.450448]]}},{"type":"Feature","properties":{"a":"FG0466","b":null},"geometry":{"type":"LineString","coordinates":[[-79.868238,40.450448],[-79.868565,40.450431]]}},{"type":"Feature","properties":{"a":"FG0466","b":null},"geometry":{"type":"LineString","coordinates":[[-79.868565,40.450431],[-79.868674,40.450426]]}},{"type":"Feature","properties":{"a":"FG0466","b":null},"geometry":{"type":"LineString","coordinates":[[-79.868674,40.450426],[-79.868779,40.450409]]}},{"type":"Feature","properties":{"a":"FG0466","b":null},"geometry":{"type":"LineString","coordinates":[[-79.868779,40.450409],[-79.869095,40.450359]]}},{"type":"Feature","properties":{"a":"FG0466","b":null},"geometry":{"type":"LineString","coordinates":[[-79.869095,40.450359],[-79.869201,40.450343]]}},{"type":"Feature","properties":{"a":"FG0466","b":null},"geometry":{"type":"LineString","coordinates":[[-79.869201,40.450343],[-79.869392,40.450283]]}},{"type":"Feature","properties":{"a":"FG0466","b":null},"geometry":{"type":"LineString","coordinates":[[-79.869392,40.450283],[-79.869704,40.450187]]}},{"type":"Feature","properties":{"a":"FG0466","b":null},"geometry":{"type":"LineString","coordinates":[[-79.869704,40.450187],[-79.869966,40.450106]]}},{"type":"Feature","properties":{"a":"FG0466","b":null},"geometry":{"type":"LineString","coordinates":[[-79.869966,40.450106],[-79.870158,40.450047]]}},{"type":"Feature","properties":{"a":"FG0466","b":null},"geometry":{"type":"LineString","coordinates":[[-79.870158,40.450047],[-79.870347,40.450064]]}},{"type":"Feature","properties":{"a":"FG0466","b":null},"geometry":{"type":"LineString","coordinates":[[-79.870347,40.450064],[-79.870917,40.450117]]}},{"type":"Feature","properties":{"a":"FG0466","b":null},"geometry":{"type":"LineString","coordinates":[[-79.870917,40.450117],[-79.871107,40.450135]]}},{"type":"Feature","properties":{"a":"FG0466","b":null},"geometry":{"type":"LineString","coordinates":[[-79.871107,40.450135],[-79.871197,40.450141]]}},{"type":"Feature","properties":{"a":"FG0466","b":null},"geometry":{"type":"LineString","coordinates":[[-79.871197,40.450141],[-79.87147,40.450162]]}},{"type":"Feature","properties":{"a":"FG0466","b":null},"geometry":{"type":"LineString","coordinates":[[-79.87147,40.450162],[-79.871561,40.450169]]}},{"type":"Feature","properties":{"a":"FG0466","b":null},"geometry":{"type":"LineString","coordinates":[[-79.871561,40.450169],[-79.871775,40.450018]]}},{"type":"Feature","properties":{"a":"FG0466","b":null},"geometry":{"type":"LineString","coordinates":[[-79.871775,40.450018],[-79.872418,40.449568]]}},{"type":"Feature","properties":{"a":"FG0466","b":null},"geometry":{"type":"LineString","coordinates":[[-79.872418,40.449568],[-79.872633,40.449418]]}},{"type":"Feature","properties":{"a":"FG0466","b":null},"geometry":{"type":"LineString","coordinates":[[-79.872633,40.449418],[-79.872938,40.44949]]}},{"type":"Feature","properties":{"a":"FG0466","b":null},"geometry":{"type":"LineString","coordinates":[[-79.872938,40.44949],[-79.873855,40.449708]]}},{"type":"Feature","properties":{"a":"FG0466","b":null},"geometry":{"type":"LineString","coordinates":[[-79.873855,40.449708],[-79.874161,40.449781]]}},{"type":"Feature","properties":{"a":"FG0466","b":null},"geometry":{"type":"LineString","coordinates":[[-79.874161,40.449781],[-79.87451,40.449882]]}},{"type":"Feature","properties":{"a":"FG0466","b":null},"geometry":{"type":"LineString","coordinates":[[-79.87451,40.449882],[-79.874635,40.449876]]}},{"type":"Feature","properties":{"a":"FG0466","b":null},"geometry":{"type":"LineString","coordinates":[[-79.874635,40.449876],[-79.875714,40.449829]]}},{"type":"Feature","properties":{"a":"FG0466","b":null},"geometry":{"type":"LineString","coordinates":[[-79.875714,40.449829],[-79.876095,40.44989]]}},{"type":"Feature","properties":{"a":"FG0466","b":null},"geometry":{"type":"LineString","coordinates":[[-79.876095,40.44989],[-79.876578,40.449969]]}},{"type":"Feature","properties":{"a":"FG0466","b":null},"geometry":{"type":"LineString","coordinates":[[-79.876578,40.449969],[-79.876688,40.449968]]}},{"type":"Feature","properties":{"a":"FG0466","b":null},"geometry":{"type":"LineString","coordinates":[[-79.876688,40.449968],[-79.87713,40.449968]]}},{"type":"Feature","properties":{"a":"FG0466","b":null},"geometry":{"type":"LineString","coordinates":[[-79.87713,40.449968],[-79.877242,40.449966]]}},{"type":"Feature","properties":{"a":"FG0466","b":null},"geometry":{"type":"LineString","coordinates":[[-79.877242,40.449966],[-79.87758,40.449964]]}},{"type":"Feature","properties":{"a":"FG0466","b":null},"geometry":{"type":"LineString","coordinates":[[-79.87758,40.449964],[-79.877693,40.449964]]}},{"type":"Feature","properties":{"a":"FG0466","b":null},"geometry":{"type":"LineString","coordinates":[[-79.877693,40.449964],[-79.877812,40.449927]]}},{"type":"Feature","properties":{"a":"FG0466","b":null},"geometry":{"type":"LineString","coordinates":[[-79.877812,40.449927],[-79.87795262024159,40.44988406552848]]}},{"type":"Feature","properties":{"a":"FG0467","b":null},"geometry":{"type":"LineString","coordinates":[[-79.89242299999265,40.45045499983707],[-79.892423,40.45045499984142]]}},{"type":"Feature","properties":{"a":"FG0467","b":null},"geometry":{"type":"LineString","coordinates":[[-79.89242299999265,40.45026600033012],[-79.89242299999265,40.45045499983707]]}},{"type":"Feature","properties":{"a":"FG0467","b":null},"geometry":{"type":"LineString","coordinates":[[-79.89176799969144,40.45009800024618],[-79.8920380000282,40.4501770002118]]}},{"type":"Feature","properties":{"a":"FG0467","b":null},"geometry":{"type":"LineString","coordinates":[[-79.89044399974364,40.449458999862166],[-79.89107300010559,40.449778999838294]]}},{"type":"Feature","properties":{"a":"FG0467","b":null},"geometry":{"type":"LineString","coordinates":[[-79.88924199999457,40.4485409998836],[-79.88981600010493,40.44905100028045]]}},{"type":"Feature","properties":{"a":"FG0467","b":null},"geometry":{"type":"LineString","coordinates":[[-79.88924082258256,40.44853995163818],[-79.88977,40.449165]]}},{"type":"Feature","properties":{"a":"FG0467","b":null},"geometry":{"type":"LineString","coordinates":[[-79.88977,40.449165],[-79.890102,40.449397]]}},{"type":"Feature","properties":{"a":"FG0467","b":null},"geometry":{"type":"LineString","coordinates":[[-79.890102,40.449397],[-79.890509,40.449683]]}},{"type":"Feature","properties":{"a":"FG0467","b":null},"geometry":{"type":"LineString","coordinates":[[-79.890509,40.449683],[-79.890645,40.449767]]}},{"type":"Feature","properties":{"a":"FG0467","b":null},"geometry":{"type":"LineString","coordinates":[[-79.890645,40.449767],[-79.890972,40.449968]]}},{"type":"Feature","properties":{"a":"FG0467","b":null},"geometry":{"type":"LineString","coordinates":[[-79.890972,40.449968],[-79.89102,40.449989]]}},{"type":"Feature","properties":{"a":"FG0467","b":null},"geometry":{"type":"LineString","coordinates":[[-79.89102,40.449989],[-79.891061,40.450006]]}},{"type":"Feature","properties":{"a":"FG0467","b":null},"geometry":{"type":"LineString","coordinates":[[-79.891061,40.450006],[-79.891209,40.450069]]}},{"type":"Feature","properties":{"a":"FG0467","b":null},"geometry":{"type":"LineString","coordinates":[[-79.891209,40.450069],[-79.891451,40.450146]]}},{"type":"Feature","properties":{"a":"FG0467","b":null},"geometry":{"type":"LineString","coordinates":[[-79.891451,40.450146],[-79.89218,40.450377]]}},{"type":"Feature","properties":{"a":"FG0467","b":null},"geometry":{"type":"LineString","coordinates":[[-79.89218,40.450377],[-79.892423,40.450455]]}},{"type":"Feature","properties":{"a":"FG0467","b":null},"geometry":{"type":"LineString","coordinates":[[-79.88592999957693,40.44690699966562],[-79.88614300001224,40.44698099993936]]}},{"type":"Feature","properties":{"a":"FG0467","b":null},"geometry":{"type":"LineString","coordinates":[[-79.88592444896925,40.44691676135837],[-79.886143,40.446981]]}},{"type":"Feature","properties":{"a":"FG0467","b":null},"geometry":{"type":"LineString","coordinates":[[-79.88536800006045,40.447885999735426],[-79.88542199958881,40.44777599989338]]}},{"type":"Feature","properties":{"a":"FG0467","b":null},"geometry":{"type":"LineString","coordinates":[[-79.88466599990358,40.449139999839126],[-79.88482800028528,40.44884900013041]]}},{"type":"Feature","properties":{"a":"FG0467","b":null},"geometry":{"type":"LineString","coordinates":[[-79.88458488060967,40.44928691659101],[-79.884589,40.4492881]]}},{"type":"Feature","properties":{"a":"FG0467","b":null},"geometry":{"type":"LineString","coordinates":[[-79.884589,40.4492881],[-79.884666,40.44914]]}},{"type":"Feature","properties":{"a":"FG0467","b":null},"geometry":{"type":"LineString","coordinates":[[-79.884666,40.44914],[-79.884939,40.448653]]}},{"type":"Feature","properties":{"a":"FG0468","b":null},"geometry":{"type":"LineString","coordinates":[[-79.894304,40.4331855],[-79.89455617523208,40.43353285081058]]}},{"type":"Feature","properties":{"a":"FG0468","b":null},"geometry":{"type":"LineString","coordinates":[[-79.893806,40.433403],[-79.894304,40.4331855]]}},{"type":"Feature","properties":{"a":"FG0468","b":null},"geometry":{"type":"LineString","coordinates":[[-79.893762,40.433515],[-79.893806,40.433403]]}},{"type":"Feature","properties":{"a":"FG0468","b":null},"geometry":{"type":"LineString","coordinates":[[-79.893631,40.433854],[-79.893762,40.433515]]}},{"type":"Feature","properties":{"a":"FG0468","b":null},"geometry":{"type":"LineString","coordinates":[[-79.89360021052268,40.43393491188225],[-79.893631,40.433854]]}},{"type":"Feature","properties":{"a":"FG0468","b":null},"geometry":{"type":"LineString","coordinates":[[-79.89410400031583,40.43372500001232],[-79.89448400025744,40.43356300029116]]}},{"type":"Feature","properties":{"a":"FG0468","b":null},"geometry":{"type":"LineString","coordinates":[[-79.893171,40.434105],[-79.89325727329039,40.43407624223654]]}},{"type":"Feature","properties":{"a":"FG0468","b":null},"geometry":{"type":"LineString","coordinates":[[-79.893068,40.434141],[-79.893171,40.434105]]}},{"type":"Feature","properties":{"a":"FG0468","b":null},"geometry":{"type":"LineString","coordinates":[[-79.892969,40.43418],[-79.893068,40.434141]]}},{"type":"Feature","properties":{"a":"FG0468","b":null},"geometry":{"type":"LineString","coordinates":[[-79.892673,40.434298],[-79.892969,40.43418]]}},{"type":"Feature","properties":{"a":"FG0468","b":null},"geometry":{"type":"LineString","coordinates":[[-79.892575,40.434338],[-79.892673,40.434298]]}},{"type":"Feature","properties":{"a":"FG0468","b":null},"geometry":{"type":"LineString","coordinates":[[-79.892474,40.434372],[-79.892575,40.434338]]}},{"type":"Feature","properties":{"a":"FG0468","b":null},"geometry":{"type":"LineString","coordinates":[[-79.89217,40.434476],[-79.892474,40.434372]]}},{"type":"Feature","properties":{"a":"FG0468","b":null},"geometry":{"type":"LineString","coordinates":[[-79.89207,40.434511],[-79.89217,40.434476]]}},{"type":"Feature","properties":{"a":"FG0468","b":null},"geometry":{"type":"LineString","coordinates":[[-79.89197,40.43455],[-79.89207,40.434511]]}},{"type":"Feature","properties":{"a":"FG0468","b":null},"geometry":{"type":"LineString","coordinates":[[-79.891671,40.434669],[-79.89197,40.43455]]}},{"type":"Feature","properties":{"a":"FG0468","b":null},"geometry":{"type":"LineString","coordinates":[[-79.891572,40.43471],[-79.891671,40.434669]]}},{"type":"Feature","properties":{"a":"FG0468","b":null},"geometry":{"type":"LineString","coordinates":[[-79.891474,40.434749],[-79.891572,40.43471]]}},{"type":"Feature","properties":{"a":"FG0468","b":null},"geometry":{"type":"LineString","coordinates":[[-79.891181,40.434867],[-79.891474,40.434749]]}},{"type":"Feature","properties":{"a":"FG0468","b":null},"geometry":{"type":"LineString","coordinates":[[-79.891084,40.434907],[-79.891181,40.434867]]}},{"type":"Feature","properties":{"a":"FG0468","b":null},"geometry":{"type":"LineString","coordinates":[[-79.890982,40.434942],[-79.891084,40.434907]]}},{"type":"Feature","properties":{"a":"FG0468","b":null},"geometry":{"type":"LineString","coordinates":[[-79.890676,40.435046],[-79.890982,40.434942]]}},{"type":"Feature","properties":{"a":"FG0468","b":null},"geometry":{"type":"LineString","coordinates":[[-79.890575,40.435082],[-79.890676,40.435046]]}},{"type":"Feature","properties":{"a":"FG0468","b":null},"geometry":{"type":"LineString","coordinates":[[-79.890317,40.435174],[-79.890575,40.435082]]}},{"type":"Feature","properties":{"a":"FG0468","b":null},"geometry":{"type":"LineString","coordinates":[[-79.889546,40.435453],[-79.890317,40.435174]]}},{"type":"Feature","properties":{"a":"FG0468","b":null},"geometry":{"type":"LineString","coordinates":[[-79.889289,40.435547],[-79.889546,40.435453]]}},{"type":"Feature","properties":{"a":"FG0468","b":null},"geometry":{"type":"LineString","coordinates":[[-79.889147,40.435597],[-79.889289,40.435547]]}},{"type":"Feature","properties":{"a":"FG0468","b":null},"geometry":{"type":"LineString","coordinates":[[-79.888951,40.435667],[-79.889147,40.435597]]}},{"type":"Feature","properties":{"a":"FG0468","b":null},"geometry":{"type":"LineString","coordinates":[[-79.888724,40.435746],[-79.888951,40.435667]]}},{"type":"Feature","properties":{"a":"FG0468","b":null},"geometry":{"type":"LineString","coordinates":[[-79.888583,40.435796],[-79.888724,40.435746]]}},{"type":"Feature","properties":{"a":"FG0468","b":null},"geometry":{"type":"LineString","coordinates":[[-79.888381,40.435846],[-79.888583,40.435796]]}},{"type":"Feature","properties":{"a":"FG0468","b":null},"geometry":{"type":"LineString","coordinates":[[-79.887774,40.435999],[-79.888381,40.435846]]}},{"type":"Feature","properties":{"a":"FG0468","b":null},"geometry":{"type":"LineString","coordinates":[[-79.887573,40.43605],[-79.887774,40.435999]]}},{"type":"Feature","properties":{"a":"FG0468","b":null},"geometry":{"type":"LineString","coordinates":[[-79.887231,40.436127],[-79.887573,40.43605]]}},{"type":"Feature","properties":{"a":"FG0468","b":null},"geometry":{"type":"LineString","coordinates":[[-79.886204,40.436358],[-79.887231,40.436127]]}},{"type":"Feature","properties":{"a":"FG0468","b":null},"geometry":{"type":"LineString","coordinates":[[-79.885863,40.436436],[-79.886204,40.436358]]}},{"type":"Feature","properties":{"a":"FG0468","b":null},"geometry":{"type":"LineString","coordinates":[[-79.885832,40.43644],[-79.885863,40.436436]]}},{"type":"Feature","properties":{"a":"FG0468","b":null},"geometry":{"type":"LineString","coordinates":[[-79.885739,40.436454],[-79.885832,40.43644]]}},{"type":"Feature","properties":{"a":"FG0468","b":null},"geometry":{"type":"LineString","coordinates":[[-79.885709,40.43646],[-79.885739,40.436454]]}},{"type":"Feature","properties":{"a":"FG0468","b":"FG0469"},"geometry":{"type":"LineString","coordinates":[[-79.88570899957617,40.436459999958394],[-79.885709,40.43646]]}},{"type":"Feature","properties":{"a":"FG0468","b":"FG0469"},"geometry":{"type":"LineString","coordinates":[[-79.88570899964398,40.436460000317126],[-79.88576499972046,40.43675199994249]]}},{"type":"Feature","properties":{"a":"FG0468","b":"FG0469"},"geometry":{"type":"LineString","coordinates":[[-79.88576499972046,40.43675199994249],[-79.88578200033722,40.43684299996226]]}},{"type":"Feature","properties":{"a":"FG0468","b":null},"geometry":{"type":"LineString","coordinates":[[-79.88603800043026,40.436830999868995],[-79.88718300027794,40.436425000124714]]}},{"type":"Feature","properties":{"a":"FG0468","b":null},"geometry":{"type":"LineString","coordinates":[[-79.88773999977154,40.4362270001583],[-79.88860699978484,40.43591999981373]]}},{"type":"Feature","properties":{"a":"FG0468","b":null},"geometry":{"type":"LineString","coordinates":[[-79.88996599989275,40.43546000024388],[-79.89055500007171,40.435212000073776]]}},{"type":"Feature","properties":{"a":"FG0468","b":null},"geometry":{"type":"LineString","coordinates":[[-79.8916949998965,40.43473499972805],[-79.89207499983812,40.43458199990668]]}},{"type":"Feature","properties":{"a":"FG0468","b":null},"geometry":{"type":"LineString","coordinates":[[-79.89210999999821,40.43456600015554],[-79.89259100022215,40.43436099992992]]}},{"type":"Feature","properties":{"a":"FG0469","b":null},"geometry":{"type":"LineString","coordinates":[[-79.885546,40.436444],[-79.88570899957617,40.436459999958394]]}},{"type":"Feature","properties":{"a":"FG0469","b":null},"geometry":{"type":"LineString","coordinates":[[-79.885381,40.436428],[-79.885546,40.436444]]}},{"type":"Feature","properties":{"a":"FG0469","b":null},"geometry":{"type":"LineString","coordinates":[[-79.8844,40.436332],[-79.885381,40.436428]]}},{"type":"Feature","properties":{"a":"FG0469","b":null},"geometry":{"type":"LineString","coordinates":[[-79.884073,40.436301],[-79.8844,40.436332]]}},{"type":"Feature","properties":{"a":"FG0469","b":null},"geometry":{"type":"LineString","coordinates":[[-79.883804,40.436232],[-79.884073,40.436301]]}},{"type":"Feature","properties":{"a":"FG0469","b":null},"geometry":{"type":"LineString","coordinates":[[-79.882997,40.436026],[-79.883804,40.436232]]}},{"type":"Feature","properties":{"a":"FG0469","b":null},"geometry":{"type":"LineString","coordinates":[[-79.882728,40.435958],[-79.882997,40.436026]]}},{"type":"Feature","properties":{"a":"FG0469","b":null},"geometry":{"type":"LineString","coordinates":[[-79.882669,40.435957],[-79.882728,40.435958]]}},{"type":"Feature","properties":{"a":"FG0469","b":null},"geometry":{"type":"LineString","coordinates":[[-79.882494,40.435954],[-79.882669,40.435957]]}},{"type":"Feature","properties":{"a":"FG0469","b":null},"geometry":{"type":"LineString","coordinates":[[-79.882436,40.435954],[-79.882494,40.435954]]}},{"type":"Feature","properties":{"a":"FG0469","b":null},"geometry":{"type":"LineString","coordinates":[[-79.88265599969242,40.43608700016167],[-79.88343700039033,40.436286999774616]]}},{"type":"Feature","properties":{"a":"FG0469","b":null},"geometry":{"type":"LineString","coordinates":[[-79.88408799959527,40.43643799990525],[-79.88492600019457,40.43663400002642]]}},{"type":"Feature","properties":{"a":"FG0469","b":null},"geometry":{"type":"LineString","coordinates":[[-79.88211928045749,40.435762698161625],[-79.88232496719323,40.43588698017718]]}},{"type":"Feature","properties":{"a":"FG0469","b":null},"geometry":{"type":"LineString","coordinates":[[-79.879153,40.433975],[-79.87924399904291,40.43402299949516]]}},{"type":"Feature","properties":{"a":"FG0469","b":null},"geometry":{"type":"LineString","coordinates":[[-79.878666,40.434382],[-79.879153,40.433975]]}},{"type":"Feature","properties":{"a":"FG0469","b":null},"geometry":{"type":"LineString","coordinates":[[-79.87741116526024,40.43543170101692],[-79.878666,40.434382]]}},{"type":"Feature","properties":{"a":"FG0469","b":null},"geometry":{"type":"LineString","coordinates":[[-79.87741116526024,40.43543170101692],[-79.87753300015356,40.43550499996165]]}},{"type":"Feature","properties":{"a":"FG0469","b":null},"geometry":{"type":"LineString","coordinates":[[-79.87753300015356,40.43550499996165],[-79.87913499993572,40.434028000152445]]}},{"type":"Feature","properties":{"a":"FG0469","b":null},"geometry":{"type":"LineString","coordinates":[[-79.874931,40.435093],[-79.87495399000942,40.43509778010097]]}},{"type":"Feature","properties":{"a":"FG0469","b":null},"geometry":{"type":"LineString","coordinates":[[-79.874398,40.43454],[-79.874931,40.435093]]}},{"type":"Feature","properties":{"a":"FG0469","b":null},"geometry":{"type":"LineString","coordinates":[[-79.874097,40.4341294],[-79.874398,40.43454]]}},{"type":"Feature","properties":{"a":"FG0469","b":null},"geometry":{"type":"LineString","coordinates":[[-79.8739571,40.4339501],[-79.874097,40.4341294]]}},{"type":"Feature","properties":{"a":"FG0469","b":null},"geometry":{"type":"LineString","coordinates":[[-79.8734185,40.4339461],[-79.8739571,40.4339501]]}},{"type":"Feature","properties":{"a":"FG0469","b":null},"geometry":{"type":"LineString","coordinates":[[-79.87272281342955,40.43387844337792],[-79.8734185,40.4339461]]}},{"type":"Feature","properties":{"a":"FG0469","b":null},"geometry":{"type":"LineString","coordinates":[[-79.87272281342955,40.43387844337792],[-79.87359899994497,40.43408900001331]]}},{"type":"Feature","properties":{"a":"FG0469","b":null},"geometry":{"type":"LineString","coordinates":[[-79.87359899994497,40.43408900001331],[-79.87403099976511,40.43419200010113]]}},{"type":"Feature","properties":{"a":"FG0469","b":null},"geometry":{"type":"LineString","coordinates":[[-79.87403099976511,40.43419200010113],[-79.87408199981873,40.43439399985503]]}},{"type":"Feature","properties":{"a":"FG0469","b":null},"geometry":{"type":"LineString","coordinates":[[-79.87417999972801,40.435264000119055],[-79.87495300003002,40.43509800009677]]}},{"type":"Feature","properties":{"a":"FG0469","b":null},"geometry":{"type":"LineString","coordinates":[[-79.872595,40.432945],[-79.872698,40.432964]]}},{"type":"Feature","properties":{"a":"FG0469","b":"FG0470"},"geometry":{"type":"LineString","coordinates":[[-79.8725949997095,40.43294499973639],[-79.872595,40.432945]]}},{"type":"Feature","properties":{"a":"FG0469","b":"FG0470"},"geometry":{"type":"LineString","coordinates":[[-79.87246199959492,40.43320100018758],[-79.87259499966433,40.4329449998219]]}},{"type":"Feature","properties":{"a":"FG0469","b":"FG0470"},"geometry":{"type":"LineString","coordinates":[[-79.87232900042385,40.43347199993475],[-79.87246199959492,40.43320100018758]]}},{"type":"Feature","properties":{"a":"FG0469","b":"FG0470"},"geometry":{"type":"LineString","coordinates":[[-79.87219399980631,40.433750000276405],[-79.87232900042385,40.43347199993475]]}},{"type":"Feature","properties":{"a":"FG0469","b":null},"geometry":{"type":"LineString","coordinates":[[-79.87226962655474,40.43376907099042],[-79.872698,40.432964]]}},{"type":"Feature","properties":{"a":"FG0470","b":null},"geometry":{"type":"LineString","coordinates":[[-79.872541,40.432896],[-79.8725949997095,40.43294499973639]]}},{"type":"Feature","properties":{"a":"FG0470","b":null},"geometry":{"type":"LineString","coordinates":[[-79.872388,40.432754],[-79.872541,40.432896]]}},{"type":"Feature","properties":{"a":"FG0470","b":null},"geometry":{"type":"LineString","coordinates":[[-79.872388,40.432754],[-79.872391,40.432748]]}},{"type":"Feature","properties":{"a":"FG0470","b":null},"geometry":{"type":"LineString","coordinates":[[-79.872391,40.432748],[-79.87243,40.432687]]}},{"type":"Feature","properties":{"a":"FG0470","b":null},"geometry":{"type":"LineString","coordinates":[[-79.872409,40.432678],[-79.87243,40.432687]]}},{"type":"Feature","properties":{"a":"FG0470","b":null},"geometry":{"type":"LineString","coordinates":[[-79.872346,40.432653],[-79.872409,40.432678]]}},{"type":"Feature","properties":{"a":"FG0470","b":null},"geometry":{"type":"LineString","coordinates":[[-79.872325,40.432645],[-79.872346,40.432653]]}},{"type":"Feature","properties":{"a":"FG0470","b":null},"geometry":{"type":"LineString","coordinates":[[-79.872134,40.432567],[-79.872325,40.432645]]}},{"type":"Feature","properties":{"a":"FG0470","b":null},"geometry":{"type":"LineString","coordinates":[[-79.871564,40.432335],[-79.872134,40.432567]]}},{"type":"Feature","properties":{"a":"FG0470","b":null},"geometry":{"type":"LineString","coordinates":[[-79.871374,40.432258],[-79.871564,40.432335]]}},{"type":"Feature","properties":{"a":"FG0470","b":null},"geometry":{"type":"LineString","coordinates":[[-79.871258,40.432219],[-79.871374,40.432258]]}},{"type":"Feature","properties":{"a":"FG0470","b":null},"geometry":{"type":"LineString","coordinates":[[-79.870912,40.432102],[-79.871258,40.432219]]}},{"type":"Feature","properties":{"a":"FG0470","b":null},"geometry":{"type":"LineString","coordinates":[[-79.870797,40.432063],[-79.870912,40.432102]]}},{"type":"Feature","properties":{"a":"FG0470","b":null},"geometry":{"type":"LineString","coordinates":[[-79.86975334107085,40.43193849625265],[-79.870797,40.432063]]}},{"type":"Feature","properties":{"a":"FG0470","b":"FG0471"},"geometry":{"type":"LineString","coordinates":[[-79.86956299962915,40.43197399977391],[-79.86975334107085,40.43193849625265]]}},{"type":"Feature","properties":{"a":"FG0470","b":"FG0471"},"geometry":{"type":"LineString","coordinates":[[-79.86942799990993,40.43200599982214],[-79.86956299962915,40.43197399977391]]}},{"type":"Feature","properties":{"a":"FG0470","b":"FG0471"},"geometry":{"type":"LineString","coordinates":[[-79.86893400016552,40.43218000011717],[-79.86942799990993,40.43200599982214]]}},{"type":"Feature","properties":{"a":"FG0470","b":"FG0471"},"geometry":{"type":"LineString","coordinates":[[-79.86884499957874,40.43221099970594],[-79.86893400016552,40.43218000011717]]}},{"type":"Feature","properties":{"a":"FG0470","b":null},"geometry":{"type":"LineString","coordinates":[[-79.86979399960784,40.43261199986973],[-79.87040399970319,40.43287000015521]]}},{"type":"Feature","properties":{"a":"FG0470","b":null},"geometry":{"type":"LineString","coordinates":[[-79.87077000029939,40.433024999784465],[-79.87131400027252,40.43325400008273]]}},{"type":"Feature","properties":{"a":"FG0470","b":null},"geometry":{"type":"LineString","coordinates":[[-79.8719250001928,40.433681000126654],[-79.87199600033792,40.43354300029854]]}},{"type":"Feature","properties":{"a":"FG0471","b":null},"geometry":{"type":"LineString","coordinates":[[-79.869548,40.431914],[-79.86975334107085,40.43193849625265]]}},{"type":"Feature","properties":{"a":"FG0471","b":null},"geometry":{"type":"LineString","coordinates":[[-79.86760003939233,40.43168229016562],[-79.869548,40.431914]]}},{"type":"Feature","properties":{"a":"FG0471","b":null},"geometry":{"type":"LineString","coordinates":[[-79.8684830000788,40.432056999931724],[-79.86884499957874,40.43221099970594]]}},{"type":"Feature","properties":{"a":"FG0471","b":null},"geometry":{"type":"LineString","coordinates":[[-79.865891,40.431479],[-79.86657383243903,40.43156022289062]]}},{"type":"Feature","properties":{"a":"FG0471","b":null},"geometry":{"type":"LineString","coordinates":[[-79.865833,40.431546],[-79.865891,40.431479]]}},{"type":"Feature","properties":{"a":"FG0471","b":null},"geometry":{"type":"LineString","coordinates":[[-79.865253,40.432232],[-79.865833,40.431546]]}},{"type":"Feature","properties":{"a":"FG0471","b":null},"geometry":{"type":"LineString","coordinates":[[-79.865132,40.432375],[-79.865253,40.432232]]}},{"type":"Feature","properties":{"a":"FG0471","b":null},"geometry":{"type":"LineString","coordinates":[[-79.865028,40.432512],[-79.865132,40.432375]]}},{"type":"Feature","properties":{"a":"FG0471","b":null},"geometry":{"type":"LineString","coordinates":[[-79.864857,40.432804],[-79.865028,40.432512]]}},{"type":"Feature","properties":{"a":"FG0471","b":null},"geometry":{"type":"LineString","coordinates":[[-79.864347,40.433679],[-79.864857,40.432804]]}},{"type":"Feature","properties":{"a":"FG0471","b":null},"geometry":{"type":"LineString","coordinates":[[-79.864178,40.433972],[-79.864347,40.433679]]}},{"type":"Feature","properties":{"a":"FG0471","b":null},"geometry":{"type":"LineString","coordinates":[[-79.864114,40.434192],[-79.864178,40.433972]]}},{"type":"Feature","properties":{"a":"FG0471","b":null},"geometry":{"type":"LineString","coordinates":[[-79.8640591,40.4343811],[-79.864114,40.434192]]}},{"type":"Feature","properties":{"a":"FG0471","b":null},"geometry":{"type":"LineString","coordinates":[[-79.863922,40.434853],[-79.8640591,40.4343811]]}},{"type":"Feature","properties":{"a":"FG0471","b":null},"geometry":{"type":"LineString","coordinates":[[-79.863859,40.435074],[-79.863922,40.434853]]}},{"type":"Feature","properties":{"a":"FG0471","b":null},"geometry":{"type":"LineString","coordinates":[[-79.863675,40.435272],[-79.863859,40.435074]]}},{"type":"Feature","properties":{"a":"FG0471","b":null},"geometry":{"type":"LineString","coordinates":[[-79.863125,40.435869],[-79.863675,40.435272]]}},{"type":"Feature","properties":{"a":"FG0471","b":null},"geometry":{"type":"LineString","coordinates":[[-79.862942,40.436068],[-79.863125,40.435869]]}},{"type":"Feature","properties":{"a":"FG0471","b":null},"geometry":{"type":"LineString","coordinates":[[-79.8626734,40.4363978],[-79.862942,40.436068]]}},{"type":"Feature","properties":{"a":"FG0471","b":null},"geometry":{"type":"LineString","coordinates":[[-79.862587,40.436504],[-79.8626734,40.4363978]]}},{"type":"Feature","properties":{"a":"FG0471","b":null},"geometry":{"type":"LineString","coordinates":[[-79.862034,40.437187],[-79.862587,40.436504]]}},{"type":"Feature","properties":{"a":"FG0471","b":null},"geometry":{"type":"LineString","coordinates":[[-79.861405,40.437692],[-79.862034,40.437187]]}},{"type":"Feature","properties":{"a":"FG0471","b":null},"geometry":{"type":"LineString","coordinates":[[-79.860967,40.438045],[-79.861405,40.437692]]}},{"type":"Feature","properties":{"a":"FG0471","b":null},"geometry":{"type":"LineString","coordinates":[[-79.86093202082711,40.43807601767622],[-79.860967,40.438045]]}},{"type":"Feature","properties":{"a":"FG0471","b":"FG0472"},"geometry":{"type":"LineString","coordinates":[[-79.86093202082711,40.43807601767622],[-79.86105900007567,40.438182999862974]]}},{"type":"Feature","properties":{"a":"FG0471","b":"FG0472"},"geometry":{"type":"LineString","coordinates":[[-79.86105900007567,40.438182999862974],[-79.8611810002744,40.43828599983274]]}},{"type":"Feature","properties":{"a":"FG0471","b":"FG0472"},"geometry":{"type":"LineString","coordinates":[[-79.8611810002744,40.43828599983274],[-79.86118164251796,40.43828654922309]]}},{"type":"Feature","properties":{"a":"FG0471","b":null},"geometry":{"type":"LineString","coordinates":[[-79.86118164251796,40.43828654922309],[-79.86149714371712,40.438223157045606]]}},{"type":"Feature","properties":{"a":"FG0471","b":"FG0472"},"geometry":{"type":"LineString","coordinates":[[-79.86149714371712,40.438223157045606],[-79.86149799956848,40.438222000228535]]}},{"type":"Feature","properties":{"a":"FG0471","b":null},"geometry":{"type":"LineString","coordinates":[[-79.86149799956848,40.438222000228535],[-79.86306500008885,40.43616600018584]]}},{"type":"Feature","properties":{"a":"FG0471","b":null},"geometry":{"type":"LineString","coordinates":[[-79.8631239996401,40.43608700016167],[-79.86382599979696,40.43513999978691]]}},{"type":"Feature","properties":{"a":"FG0471","b":null},"geometry":{"type":"LineString","coordinates":[[-79.86385900030723,40.43507399996903],[-79.86459499990099,40.43413500029773]]}},{"type":"Feature","properties":{"a":"FG0471","b":null},"geometry":{"type":"LineString","coordinates":[[-79.86459499990099,40.43413500029773],[-79.86533700024083,40.433152999936866]]}},{"type":"Feature","properties":{"a":"FG0471","b":null},"geometry":{"type":"LineString","coordinates":[[-79.86576300021318,40.43263800021899],[-79.8658219997644,40.43255999982487]]}},{"type":"Feature","properties":{"a":"FG0471","b":null},"geometry":{"type":"LineString","coordinates":[[-79.8658219997644,40.43255999982487],[-79.86657383243903,40.43156022289062]]}},{"type":"Feature","properties":{"a":"FG0472","b":null},"geometry":{"type":"LineString","coordinates":[[-79.863316,40.438242],[-79.86460784336265,40.43756016852781]]}},{"type":"Feature","properties":{"a":"FG0472","b":null},"geometry":{"type":"LineString","coordinates":[[-79.862202,40.43887],[-79.863316,40.438242]]}},{"type":"Feature","properties":{"a":"FG0472","b":null},"geometry":{"type":"LineString","coordinates":[[-79.861993,40.438958],[-79.862202,40.43887]]}},{"type":"Feature","properties":{"a":"FG0472","b":null},"geometry":{"type":"LineString","coordinates":[[-79.861574,40.439072],[-79.861993,40.438958]]}},{"type":"Feature","properties":{"a":"FG0472","b":null},"geometry":{"type":"LineString","coordinates":[[-79.861323,40.439236],[-79.861574,40.439072]]}},{"type":"Feature","properties":{"a":"FG0472","b":null},"geometry":{"type":"LineString","coordinates":[[-79.861323,40.439236],[-79.86165199955427,40.44166635154602]]}},{"type":"Feature","properties":{"a":"FG0472","b":null},"geometry":{"type":"LineString","coordinates":[[-79.86189599995176,40.4406479997404],[-79.86198200016547,40.44102899968007]]}},{"type":"Feature","properties":{"a":"FG0472","b":null},"geometry":{"type":"LineString","coordinates":[[-79.86160499969861,40.43939199999165],[-79.86189599995176,40.4406479997404]]}},{"type":"Feature","properties":{"a":"FG0472","b":null},"geometry":{"type":"LineString","coordinates":[[-79.86251799974269,40.438849999949426],[-79.86283800030814,40.438659000095456]]}},{"type":"Feature","properties":{"a":"FG0472","b":null},"geometry":{"type":"LineString","coordinates":[[-79.86315600032543,40.4384900001302],[-79.86327199977809,40.43842799989078]]}},{"type":"Feature","properties":{"a":"FG0472","b":null},"geometry":{"type":"LineString","coordinates":[[-79.86327199977809,40.43842799989078],[-79.86510799991197,40.43745199965922]]}},{"type":"Feature","properties":{"a":"FG0472","b":null},"geometry":{"type":"LineString","coordinates":[[-79.86343800035776,40.43781999974044],[-79.86379700038296,40.437738999733796]]}},{"type":"Feature","properties":{"a":"FG0472","b":null},"geometry":{"type":"LineString","coordinates":[[-79.86155799984294,40.438209999697726],[-79.86194600018045,40.43813299988714]]}},{"type":"Feature","properties":{"a":"FG0472","b":null},"geometry":{"type":"LineString","coordinates":[[-79.86149799956848,40.438222000228535],[-79.86155799984294,40.438209999697726]]}},{"type":"Feature","properties":{"a":"FG0472","b":null},"geometry":{"type":"LineString","coordinates":[[-79.86149714371712,40.438223157045606],[-79.861806,40.4381611]]}},{"type":"Feature","properties":{"a":"FG0472","b":null},"geometry":{"type":"LineString","coordinates":[[-79.861806,40.4381611],[-79.861946,40.438133]]}},{"type":"Feature","properties":{"a":"FG0472","b":null},"geometry":{"type":"LineString","coordinates":[[-79.861946,40.438133],[-79.86327,40.437935]]}},{"type":"Feature","properties":{"a":"FG0472","b":null},"geometry":{"type":"LineString","coordinates":[[-79.862882,40.438197],[-79.86327,40.437935]]}},{"type":"Feature","properties":{"a":"FG0472","b":null},"geometry":{"type":"LineString","coordinates":[[-79.862882,40.438197],[-79.864488298193,40.43758652009377]]}},{"type":"Feature","properties":{"a":"FG0472","b":null},"geometry":{"type":"LineString","coordinates":[[-79.860552,40.438413],[-79.86093202082711,40.43807601767622]]}},{"type":"Feature","properties":{"a":"FG0472","b":null},"geometry":{"type":"LineString","coordinates":[[-79.860552,40.438413],[-79.8608982,40.4383435]]}},{"type":"Feature","properties":{"a":"FG0472","b":null},"geometry":{"type":"LineString","coordinates":[[-79.8608982,40.4383435],[-79.86118164251796,40.43828654922309]]}},{"type":"Feature","properties":{"a":"FG0472","b":null},"geometry":{"type":"LineString","coordinates":[[-79.859293,40.442305],[-79.86027456964288,40.44212282300615]]}},{"type":"Feature","properties":{"a":"FG0472","b":null},"geometry":{"type":"LineString","coordinates":[[-79.85839478046837,40.44270469581761],[-79.859293,40.442305]]}},{"type":"Feature","properties":{"a":"FG0472","b":null},"geometry":{"type":"LineString","coordinates":[[-79.85878199990081,40.442585999729125],[-79.85932800042208,40.442417000064324]]}},{"type":"Feature","properties":{"a":"FG0472","b":null},"geometry":{"type":"LineString","coordinates":[[-79.85932800042208,40.442417000064324],[-79.8602740000781,40.44212300000307]]}},{"type":"Feature","properties":{"a":"FG0472","b":null},"geometry":{"type":"LineString","coordinates":[[-79.85404422759846,40.445824951998496],[-79.85405792754138,40.44642484153126]]}},{"type":"Feature","properties":{"a":"FG0472","b":null},"geometry":{"type":"LineString","coordinates":[[-79.8539672,40.4458362],[-79.85404422759846,40.445824951998496]]}},{"type":"Feature","properties":{"a":"FG0472","b":null},"geometry":{"type":"LineString","coordinates":[[-79.8539672,40.4458362],[-79.85405792754138,40.44642484153126]]}},{"type":"Feature","properties":{"a":"FG0473","b":null},"geometry":{"type":"LineString","coordinates":[[-79.86037,40.458857],[-79.8607,40.458839]]}},{"type":"Feature","properties":{"a":"FG0473","b":null},"geometry":{"type":"LineString","coordinates":[[-79.8607,40.458839],[-79.86099544753368,40.45858999405189]]}},{"type":"Feature","properties":{"a":"FG0473","b":null},"geometry":{"type":"LineString","coordinates":[[-79.8599700003045,40.45887499990986],[-79.86008068016194,40.45887267803856]]}},{"type":"Feature","properties":{"a":"FG0473","b":null},"geometry":{"type":"LineString","coordinates":[[-79.859621986351,40.45929388355013],[-79.859671,40.459382]]}},{"type":"Feature","properties":{"a":"FG0473","b":null},"geometry":{"type":"LineString","coordinates":[[-79.85801600016984,40.45940800017375],[-79.8595619998755,40.459359000223415]]}},{"type":"Feature","properties":{"a":"FG0473","b":null},"geometry":{"type":"LineString","coordinates":[[-79.85751800022747,40.457923000105694],[-79.85788399992536,40.45897499972377]]}},{"type":"Feature","properties":{"a":"FG0473","b":null},"geometry":{"type":"LineString","coordinates":[[-79.85728499970065,40.45724200010204],[-79.85751800022747,40.457923000105694]]}},{"type":"Feature","properties":{"a":"FG0473","b":null},"geometry":{"type":"LineString","coordinates":[[-79.85553724538768,40.457385992949874],[-79.85694599976694,40.45734700023352]]}},{"type":"Feature","properties":{"a":"FG0473","b":null},"geometry":{"type":"LineString","coordinates":[[-79.85553724538768,40.457385992949874],[-79.855549,40.457517]]}},{"type":"Feature","properties":{"a":"FG0473","b":null},"geometry":{"type":"LineString","coordinates":[[-79.855549,40.457517],[-79.856392,40.457492]]}},{"type":"Feature","properties":{"a":"FG0473","b":null},"geometry":{"type":"LineString","coordinates":[[-79.856392,40.457492],[-79.856905,40.457477]]}},{"type":"Feature","properties":{"a":"FG0473","b":null},"geometry":{"type":"LineString","coordinates":[[-79.856905,40.457477],[-79.856948,40.457602]]}},{"type":"Feature","properties":{"a":"FG0473","b":null},"geometry":{"type":"LineString","coordinates":[[-79.856948,40.457602],[-79.857078,40.457979]]}},{"type":"Feature","properties":{"a":"FG0473","b":null},"geometry":{"type":"LineString","coordinates":[[-79.857078,40.457979],[-79.857122,40.458105]]}},{"type":"Feature","properties":{"a":"FG0473","b":null},"geometry":{"type":"LineString","coordinates":[[-79.857122,40.458105],[-79.857182,40.458278]]}},{"type":"Feature","properties":{"a":"FG0473","b":null},"geometry":{"type":"LineString","coordinates":[[-79.857182,40.458278],[-79.857268,40.458526]]}},{"type":"Feature","properties":{"a":"FG0473","b":null},"geometry":{"type":"LineString","coordinates":[[-79.857268,40.458526],[-79.8572964,40.4586488]]}},{"type":"Feature","properties":{"a":"FG0473","b":null},"geometry":{"type":"LineString","coordinates":[[-79.8572964,40.4586488],[-79.857305,40.458686]]}},{"type":"Feature","properties":{"a":"FG0473","b":null},"geometry":{"type":"LineString","coordinates":[[-79.857305,40.458686],[-79.857306,40.458713]]}},{"type":"Feature","properties":{"a":"FG0473","b":null},"geometry":{"type":"LineString","coordinates":[[-79.8573013,40.4587583],[-79.857306,40.458713]]}},{"type":"Feature","properties":{"a":"FG0473","b":null},"geometry":{"type":"LineString","coordinates":[[-79.857296,40.458809],[-79.8573013,40.4587583]]}},{"type":"Feature","properties":{"a":"FG0473","b":null},"geometry":{"type":"LineString","coordinates":[[-79.857289,40.458884],[-79.857296,40.458809]]}},{"type":"Feature","properties":{"a":"FG0473","b":null},"geometry":{"type":"LineString","coordinates":[[-79.857289,40.458884],[-79.857313,40.458924]]}},{"type":"Feature","properties":{"a":"FG0473","b":null},"geometry":{"type":"LineString","coordinates":[[-79.857313,40.458924],[-79.857336,40.458944]]}},{"type":"Feature","properties":{"a":"FG0473","b":null},"geometry":{"type":"LineString","coordinates":[[-79.857336,40.458944],[-79.857363,40.45896]]}},{"type":"Feature","properties":{"a":"FG0473","b":null},"geometry":{"type":"LineString","coordinates":[[-79.857363,40.45896],[-79.857692,40.459465]]}},{"type":"Feature","properties":{"a":"FG0473","b":null},"geometry":{"type":"LineString","coordinates":[[-79.857692,40.459465],[-79.857717,40.459463]]}},{"type":"Feature","properties":{"a":"FG0473","b":null},"geometry":{"type":"LineString","coordinates":[[-79.857717,40.459463],[-79.859602,40.459384]]}},{"type":"Feature","properties":{"a":"FG0473","b":null},"geometry":{"type":"LineString","coordinates":[[-79.859602,40.459384],[-79.859671,40.459382]]}},{"type":"Feature","properties":{"a":"FG0473","b":null},"geometry":{"type":"LineString","coordinates":[[-79.85547200003131,40.45360599976438],[-79.85555499987197,40.454795000196185]]}},{"type":"Feature","properties":{"a":"FG0473","b":null},"geometry":{"type":"LineString","coordinates":[[-79.85495399999745,40.45360999993676],[-79.85547200003131,40.45360599976438]]}},{"type":"Feature","properties":{"a":"FG0473","b":null},"geometry":{"type":"LineString","coordinates":[[-79.85456874368363,40.45361300006591],[-79.854572,40.453777]]}},{"type":"Feature","properties":{"a":"FG0473","b":null},"geometry":{"type":"LineString","coordinates":[[-79.854572,40.453777],[-79.854777,40.453779]]}},{"type":"Feature","properties":{"a":"FG0473","b":null},"geometry":{"type":"LineString","coordinates":[[-79.854777,40.453779],[-79.855273,40.453787]]}},{"type":"Feature","properties":{"a":"FG0473","b":null},"geometry":{"type":"LineString","coordinates":[[-79.855273,40.453787],[-79.855345,40.45557]]}},{"type":"Feature","properties":{"a":"FG0473","b":null},"geometry":{"type":"LineString","coordinates":[[-79.855345,40.45557],[-79.855377,40.45633]]}},{"type":"Feature","properties":{"a":"FG0473","b":null},"geometry":{"type":"LineString","coordinates":[[-79.855377,40.45633],[-79.855466,40.456593]]}},{"type":"Feature","properties":{"a":"FG0473","b":null},"geometry":{"type":"LineString","coordinates":[[-79.855466,40.456593],[-79.855487,40.456826]]}},{"type":"Feature","properties":{"a":"FG0473","b":null},"geometry":{"type":"LineString","coordinates":[[-79.855487,40.456826],[-79.85553074306938,40.45731352356362]]}},{"type":"Feature","properties":{"a":"FG0473","b":null},"geometry":{"type":"LineString","coordinates":[[-79.85549899979549,40.456332999837876],[-79.8555349997805,40.45533500014047]]}},{"type":"Feature","properties":{"a":"FG0473","b":null},"geometry":{"type":"LineString","coordinates":[[-79.8555349997805,40.45533500014047],[-79.85555499987197,40.454795000196185]]}}]}