{
"type": "FeatureCollection",
"name": "wilkinsburg_boundary_edges",
"crs": { "type": "name", "properties": { "name": "urn:ogc:def:crs:OGC:1.3:CRS84" } },
"features": [
{"type":"Feature","properties":{"a":"420031306001030","b":"420031306001031"},"geometry":{"type":"LineString","coordinates":[[-79.880819320678711,40.450588425755782],[-79.880475997924805,40.449510732561038]]}},
{"type":"Feature","properties":{"a":"420031306001030","b":"420031306001040"},"geometry":{"type":"MultiLineString","coordinates":[[[-79.881033897399902,40.449380101908531],[-79.881055355072021,40.449445417266524]],[[-79.881055355072021,40.449445417266524],[-79.881119728088365,40.449755664350128]],[[-79.881119728088365,40.449755664350128],[-79.881377220153809,40.450490454361308]]]}},
{"type":"Feature","properties":{"a":"420031306001030","b":"420035648002002"},"geometry":{"type":"MultiLineString","coordinates":[[[-79.880475997924805,40.449510732561038],[-79.880669116973877,40.449461746096105]],[[-79.880669116973877,40.449461746096105],[-79.881033897399902,40.449380101908531]]]}},
{"type":"Feature","properties":{"a":"420031306001031","b":"420031306001032"},"geometry":{"type":"MultiLineString","coordinates":[[[-79.878888130187974,40.450931324511643],[-79.878845214843736,40.450719054059562]],[[-79.878845214843736,40.450719054059562],[-79.878566265106187,40.44988629427263]]]}},
{"type":"Feature","properties":{"a":"420031306001031","b":"420035648001007"},"geometry":{"type":"MultiLineString","coordinates":[[[-79.878566265106187,40.44988629427263],[-79.879016876220703,40.449804650600818]],[[-79.879016876220703,40.449804650600818],[-79.879252910613999,40.449755664350128]]]}},
{"type":"Feature","properties":{"a":"420031306001031","b":"420035648002000"},"geometry":{"type":"MultiLineString","coordinates":[[[-79.879252910613999,40.449755664350128],[-79.879553318023667,40.449690349293654]],[[-79.879553318023667,40.449690349293654],[-79.879810810089111,40.449657691741614]],[[-79.879810810089111,40.449657691741614],[-79.879875183105455,40.449641362959639]]]}},
{"type":"Feature","properties":{"a":"420031306001031","b":"420035648002001"},"geometry":{"type":"MultiLineString","coordinates":[[[-79.879875183105455,40.449641362959639],[-79.879982471466064,40.449608705383795]],[[-79.879982471466064,40.449608705383795],[-79.880132675170898,40.449592376589926]],[[-79.880132675170898,40.449592376589926],[-79.880411624908433,40.449527061374745]]]}},
{"type":"Feature","properties":{"a":"420031306001031","b":"420035648002002"},"geometry":{"type":"LineString","coordinates":[[-79.880411624908433,40.449527061374745],[-79.880475997924805,40.449510732561038]]}},
{"type":"Feature","properties":{"a":"420031306001032","b":"420031306001033"},"geometry":{"type":"MultiLineString","coordinates":[[[-79.878523349761949,40.450996638362007],[-79.878373146057129,40.450131224692946]],[[-79.878373146057129,40.450131224692946],[-79.878308773040771,40.449935280428107]],[[-79.878308773040771,40.449935280428107],[-79.878308773040771,40.449918951713578]]]}},
{"type":"Feature","properties":{"a":"420031306001032","b":"420035648001007"},"geometry":{"type":"LineString","coordinates":[[-79.878308773040771,40.449918951713578],[-79.878566265106187,40.44988629427263]]}},
{"type":"Feature","properties":{"a":"420031306001033","b":"420031306001034"},"geometry":{"type":"LineString","coordinates":[[-79.877686500549316,40.451306878284342],[-79.877686500549316,40.44985363681581]]}},
{"type":"Feature","properties":{"a":"420031306001033","b":"420035648001006"},"geometry":{"type":"MultiLineString","coordinates":[[[-79.877686500549316,40.44985363681581],[-79.877943992614746,40.44988629427263]],[[-79.877943992614746,40.44988629427263],[-79.878308773040771,40.449918951713578]]]}},
{"type":"Feature","properties":{"a":"420031306001034","b":"420031306002015"},"geometry":{"type":"LineString","coordinates":[[-79.877128601074205,40.451290549903085],[-79.877128601074205,40.449804650600818]]}},
{"type":"Feature","properties":{"a":"420031306001034","b":"420035648001005"},"geometry":{"type":"LineString","coordinates":[[-79.877128601074205,40.449804650600818],[-79.877686500549316,40.44985363681581]]}},
{"type":"Feature","properties":{"a":"420031306001036","b":"420031306001037"},"geometry":{"type":"MultiLineString","coordinates":[[[-79.883694648742662,40.45001692394122],[-79.883630275726318,40.449820979343116]],[[-79.883630275726318,40.449820979343116],[-79.883458614349351,40.449233142120931]],[[-79.883458614349351,40.449233142120931],[-79.883394241332994,40.449037195237594]]]}},
{"type":"Feature","properties":{"a":"420031306001036","b":"420031308001033"},"geometry":{"type":"LineString","coordinates":[[-79.884080886840806,40.449135168750679],[-79.884209632873535,40.449625034173707]]}},
{"type":"Feature","properties":{"a":"420031306001036","b":"420035648002006"},"geometry":{"type":"MultiLineString","coordinates":[[[-79.883394241332994,40.449037195237594],[-79.883522987365723,40.449004537368154]],[[-79.883522987365723,40.449004537368154],[-79.883565902709961,40.449004537368154]],[[-79.883565902709961,40.449004537368154],[-79.884016513824463,40.448922892625134]]]}},
{"type":"Feature","properties":{"a":"420031306001036","b":"420035648002007"},"geometry":{"type":"MultiLineString","coordinates":[[[-79.884016513824463,40.448922892625134],[-79.884037971496568,40.448955550534251]],[[-79.884037971496568,40.448955550534251],[-79.884080886840806,40.449102510928846]],[[-79.884080886840806,40.449102510928846],[-79.884080886840806,40.449135168750679]]]}},
{"type":"Feature","properties":{"a":"420031306001037","b":"420031306001038"},"geometry":{"type":"MultiLineString","coordinates":[[[-79.882922172546387,40.45014755335589],[-79.882965087890625,40.449804650600818]],[[-79.882965087890625,40.449804650600818],[-79.882771968841539,40.449347444205728]],[[-79.882771968841539,40.449347444205728],[-79.882707595825181,40.449167826556632]]]}},
{"type":"Feature","properties":{"a":"420031306001037","b":"420035648002005"},"geometry":{"type":"MultiLineString","coordinates":[[[-79.882707595825181,40.449167826556632],[-79.8827290534973,40.449151497655642]],[[-79.8827290534973,40.449151497655642],[-79.882900714874268,40.449151497655642]],[[-79.882900714874268,40.449151497655642],[-79.882965087890625,40.449135168750679]]]}},
{"type":"Feature","properties":{"a":"420031306001037","b":"420035648002006"},"geometry":{"type":"MultiLineString","coordinates":[[[-79.882965087890625,40.449135168750679],[-79.883158206939683,40.449069853091153]],[[-79.883158206939683,40.449069853091153],[-79.883308410644531,40.449053524166359]],[[-79.883308410644531,40.449053524166359],[-79.883394241332994,40.449037195237594]]]}},
{"type":"Feature","properties":{"a":"420031306001038","b":"420031306001040"},"geometry":{"type":"MultiLineString","coordinates":[[[-79.881935119628892,40.450376154220578],[-79.881870746612549,40.450180210669878]],[[-79.881870746612549,40.450180210669878],[-79.881677627563477,40.449576047792085]],[[-79.881677627563477,40.449576047792085],[-79.881613254547105,40.449380101908531]]]}},
{"type":"Feature","properties":{"a":"420031306001038","b":"420035648002003"},"geometry":{"type":"MultiLineString","coordinates":[[[-79.881613254547105,40.449380101908531],[-79.881720542907701,40.449331115348372]],[[-79.881720542907701,40.449331115348372],[-79.882063865661607,40.449216813235815]],[[-79.882063865661607,40.449216813235815],[-79.882192611694336,40.449184155453665]]]}},
{"type":"Feature","properties":{"a":"420031306001038","b":"420035648002005"},"geometry":{"type":"MultiLineString","coordinates":[[[-79.882192611694336,40.449184155453665],[-79.882278442382812,40.449184155453665]],[[-79.882278442382812,40.449184155453665],[-79.8826003074646,40.449167826556632]],[[-79.8826003074646,40.449167826556632],[-79.882707595825181,40.449167826556632]]]}},
{"type":"Feature","properties":{"a":"420031306001040","b":"420035648002003"},"geometry":{"type":"MultiLineString","coordinates":[[[-79.881291389465318,40.449331115348372],[-79.881527423858643,40.449314786487051]],[[-79.881527423858643,40.449314786487051],[-79.881613254547105,40.449380101908531]]]}},
{"type":"Feature","properties":{"a":"420031306002000","b":"420031306002013"},"geometry":{"type":"MultiLineString","coordinates":[[[-79.866485595703125,40.45276008832645],[-79.866571426391602,40.452711104230097]],[[-79.866571426391602,40.452711104230097],[-79.866635799407945,40.452678448146031]]]}},
{"type":"Feature","properties":{"a":"420031306002000","b":"420035231003016"},"geometry":{"type":"LineString","coordinates":[[-79.871463775634766,40.457135856856539],[-79.868266582488999,40.45635215806859]]}},
{"type":"Feature","properties":{"a":"420031306002000","b":"420035614002009"},"geometry":{"type":"LineString","coordinates":[[-79.868266582488999,40.45635215806859],[-79.865841865539551,40.455748050680498]]}},
{"type":"Feature","properties":{"a":"420031306002000","b":"420035614002010"},"geometry":{"type":"MultiLineString","coordinates":[[[-79.865841865539551,40.455748050680498],[-79.865970611572251,40.455094955502233]],[[-79.865970611572251,40.455094955502233],[-79.8662495613098,40.453707107170743]],[[-79.8662495613098,40.453707107170743],[-79.866485595703125,40.45276008832645]]]}},
{"type":"Feature","properties":{"a":"420031306002005","b":"420031306002015"},"geometry":{"type":"MultiLineString","coordinates":[[[-79.876570701599107,40.449739335591957],[-79.876570701599107,40.450229196611112]],[[-79.876570701599107,40.450229196611112],[-79.87659215927124,40.451290549903085]]]}},
{"type":"Feature","properties":{"a":"420031306002005","b":"420035648001003"},"geometry":{"type":"MultiLineString","coordinates":[[[-79.870927333831773,40.449380101908531],[-79.872601032257066,40.449380101908531]],[[-79.872601032257066,40.449380101908531],[-79.872686862945542,40.449363773059119]],[[-79.872686862945542,40.449363773059119],[-79.876570701599107,40.449739335591957]]]}},
{"type":"Feature","properties":{"a":"420031306002013","b":"420031306002014"},"geometry":{"type":"MultiLineString","coordinates":[[[-79.867558479309082,40.449380101908531],[-79.868030548095689,40.450261853885436]],[[-79.868030548095689,40.450261853885436],[-79.868202209472656,40.450572097199952]],[[-79.868202209472656,40.450572097199952],[-79.868288040161133,40.450996638362007]],[[-79.868288040161133,40.450996638362007],[-79.868288040161133,40.451143594293235]]]}},
{"type":"Feature","properties":{"a":"420031306002013","b":"420035614003000"},"geometry":{"type":"MultiLineString","coordinates":[[[-79.866485595703125,40.45276008832645],[-79.866635799407945,40.452074307728125]],[[-79.866635799407945,40.452074307728125],[-79.866721630096421,40.451339535034954]],[[-79.866721630096421,40.451339535034954],[-79.867129325866699,40.449396430753978]],[[-79.867129325866699,40.449396430753978],[-79.867558479309082,40.449380101908531]]]}},
{"type":"Feature","properties":{"a":"420031306002014","b":"420035648001000"},"geometry":{"type":"LineString","coordinates":[[-79.867558479309082,40.449380101908531],[-79.868288040161133,40.449396430753978]]}},
{"type":"Feature","properties":{"a":"420031306002015","b":"420035648001004"},"geometry":{"type":"LineString","coordinates":[[-79.876570701599107,40.449739335591957],[-79.877128601074205,40.449804650600818]]}},
{"type":"Feature","properties":{"a":"420031308001033","b":"420031308001034"},"geometry":{"type":"MultiLineString","coordinates":[[[-79.884574413299561,40.449298457621758],[-79.884874820709214,40.449396430753978]],[[-79.884874820709214,40.449396430753978],[-79.885797500610337,40.449690349293654]],[[-79.885797500610337,40.449690349293654],[-79.88609790802002,40.449804650600818]]]}},
{"type":"Feature","properties":{"a":"420031308001033","b":"420035648002007"},"geometry":{"type":"MultiLineString","coordinates":[[[-79.884080886840806,40.449135168750679],[-79.884188175201402,40.449167826556632]],[[-79.884188175201402,40.449167826556632],[-79.884467124938951,40.449265799879285]],[[-79.884467124938951,40.449265799879285],[-79.884574413299561,40.449298457621758]]]}},
{"type":"Feature","properties":{"a":"420031308001034","b":"420031308001035"},"geometry":{"type":"MultiLineString","coordinates":[[[-79.884831905364976,40.448841247782923],[-79.885454177856431,40.449102510928846]],[[-79.885454177856431,40.449102510928846],[-79.886677265167222,40.449510732561038]],[[-79.886677265167222,40.449510732561038],[-79.886462688446045,40.449918951713578]]]}},
{"type":"Feature","properties":{"a":"420031308001034","b":"420035648002007"},"geometry":{"type":"MultiLineString","coordinates":[[[-79.884574413299561,40.449298457621758],[-79.884660243988037,40.449135168750679]],[[-79.884660243988037,40.449135168750679],[-79.884831905364976,40.448841247782923]]]}},
{"type":"Feature","properties":{"a":"420031308001035","b":"420031308001036"},"geometry":{"type":"MultiLineString","coordinates":[[[-79.885025024414048,40.448482009298914],[-79.88547563552855,40.448645299756969]],[[-79.88547563552855,40.448645299756969],[-79.887278079986572,40.449233142120931]]]}},
{"type":"Feature","properties":{"a":"420031308001035","b":"420035648002007"},"geometry":{"type":"MultiLineString","coordinates":[[[-79.884831905364976,40.448841247782923],[-79.884939193725586,40.448645299756969]],[[-79.884939193725586,40.448645299756969],[-79.885025024414048,40.448482009298914]]]}},
{"type":"Feature","properties":{"a":"420031308001036","b":"420031308001037"},"geometry":{"type":"MultiLineString","coordinates":[[[-79.885454177856431,40.447698209577602],[-79.885904788970947,40.447845172721621]],[[-79.885904788970947,40.447845172721621],[-79.887278079986572,40.44830238933681]],[[-79.887278079986572,40.44830238933681],[-79.88772869110106,40.448449351159688]]]}},
{"type":"Feature","properties":{"a":"420031308001036","b":"420035648002008"},"geometry":{"type":"MultiLineString","coordinates":[[[-79.885025024414048,40.448482009298914],[-79.885067939758301,40.448416693004603]],[[-79.885067939758301,40.448416693004603],[-79.885196685791001,40.448171756335576]],[[-79.885196685791001,40.448171756335576],[-79.885239601135254,40.448106439739746]]]}},
{"type":"Feature","properties":{"a":"420031308001036","b":"420035648002009"},"geometry":{"type":"MultiLineString","coordinates":[[[-79.885239601135254,40.448106439739746],[-79.885303974151611,40.448024793905688]],[[-79.885303974151611,40.448024793905688],[-79.885411262512207,40.447779855808399]],[[-79.885411262512207,40.447779855808399],[-79.885454177856431,40.447698209577602]]]}},
{"type":"Feature","properties":{"a":"420031308001037","b":"420031308003050"},"geometry":{"type":"MultiLineString","coordinates":[[[-79.888179302215576,40.447665551057504],[-79.888157844543457,40.447698209577602]],[[-79.888157844543457,40.447698209577602],[-79.887814521789551,40.448286060225549]],[[-79.887814521789551,40.448286060225549],[-79.88772869110106,40.448449351159688]]]}},
{"type":"Feature","properties":{"a":"420031308001037","b":"420035604001002"},"geometry":{"type":"MultiLineString","coordinates":[[[-79.886054992675781,40.44694705960049],[-79.886376857757554,40.44706136557334]],[[-79.886376857757554,40.44706136557334],[-79.88772869110106,40.447502258219011]],[[-79.88772869110106,40.447502258219011],[-79.888179302215576,40.447665551057504]],[[-79.885926246643066,40.446898071266894],[-79.886054992675781,40.44694705960049]]]}},
{"type":"Feature","properties":{"a":"420031308001037","b":"420035648002010"},"geometry":{"type":"MultiLineString","coordinates":[[[-79.885454177856431,40.447698209577602],[-79.88558292388916,40.447518587520712]],[[-79.88558292388916,40.447518587520712],[-79.885647296905518,40.447387952995996]],[[-79.885647296905518,40.447387952995996],[-79.885690212249742,40.447306306289107]]]}},
{"type":"Feature","properties":{"a":"420031308001037","b":"420035648002015"},"geometry":{"type":"MultiLineString","coordinates":[[[-79.885690212249742,40.447306306289107],[-79.885733127593994,40.447224659483034]],[[-79.885733127593994,40.447224659483034],[-79.885883331298814,40.446979718469699]],[[-79.885883331298814,40.446979718469699],[-79.885904788970947,40.44694705960049]],[[-79.885904788970947,40.44694705960049],[-79.885926246643066,40.446898071266894]]]}},
{"type":"Feature","properties":{"a":"420031308003040","b":"420031308003048"},"geometry":{"type":"MultiLineString","coordinates":[[[-79.891076087951646,40.449771993104321],[-79.891076087951646,40.44988629427263]],[[-79.891076087951646,40.44988629427263],[-79.890968799591064,40.450082238680295]]]}},
{"type":"Feature","properties":{"a":"420031308003040","b":"420031308003050"},"geometry":{"type":"MultiLineString","coordinates":[[[-79.888329505920396,40.448645299756969],[-79.888608455657945,40.448171756335576]],[[-79.888608455657945,40.448171756335576],[-79.888586997985826,40.44799213554429]],[[-79.888586997985826,40.44799213554429],[-79.888501167297363,40.447845172721621]],[[-79.888501167297363,40.447845172721621],[-79.888393878936753,40.447779855808399]]]}},
{"type":"Feature","properties":{"a":"420031308003040","b":"420035604001000"},"geometry":{"type":"MultiLineString","coordinates":[[[-79.888393878936753,40.447779855808399],[-79.888544082641602,40.447845172721621]],[[-79.888544082641602,40.447845172721621],[-79.888994693756089,40.448335047547445]],[[-79.888994693756089,40.448335047547445],[-79.889810085296631,40.449053524166359]],[[-79.889810085296631,40.449053524166359],[-79.890432357788072,40.449461746096105]],[[-79.890432357788072,40.449461746096105],[-79.891076087951646,40.449771993104321]]]}},
{"type":"Feature","properties":{"a":"420031308003048","b":"420031405001000"},"geometry":{"type":"MultiLineString","coordinates":[[[-79.892427921295152,40.450261853885436],[-79.892427921295152,40.450457797198077]],[[-79.892427921295152,40.450457797198077],[-79.892578124999986,40.450539440076405]],[[-79.892578125,40.450539440076405],[-79.892599582672119,40.450555768640164]]]}},
{"type":"Feature","properties":{"a":"420031308003048","b":"420035604001000"},"geometry":{"type":"MultiLineString","coordinates":[[[-79.891076087951646,40.449771993104321],[-79.891161918640137,40.449820979343116]],[[-79.891161918640137,40.449820979343116],[-79.891762733459458,40.450098567355148]],[[-79.891762733459458,40.450098567355148],[-79.892427921295152,40.450261853885436]]]}},
{"type":"Feature","properties":{"a":"420031308003050","b":"420035604001000"},"geometry":{"type":"MultiLineString","coordinates":[[[-79.888179302215576,40.447665551057504],[-79.888308048248277,40.447714538831697]],[[-79.888308048248277,40.447714538831697],[-79.888372421264634,40.44773086808182]],[[-79.888372421264634,40.44773086808182],[-79.888393878936753,40.447779855808399]]]}},
{"type":"Feature","properties":{"a":"420031405001000","b":"420031405001011"},"geometry":{"type":"MultiLineString","coordinates":[[[-79.892792701721191,40.448514667422259],[-79.892942905426025,40.448563654577534]],[[-79.892942905426025,40.448563654577534],[-79.893651008605971,40.448792260830004]],[[-79.893651008605971,40.448792260830004],[-79.893887042999268,40.448873905731716]]]}},
{"type":"Feature","properties":{"a":"420031405001000","b":"420035604001000"},"geometry":{"type":"LineString","coordinates":[[-79.892427921295152,40.450261853885436],[-79.892449378967271,40.450114896026022]]}},
{"type":"Feature","properties":{"a":"420031405001000","b":"420035604001001"},"geometry":{"type":"MultiLineString","coordinates":[[[-79.892449378967271,40.450114896026022],[-79.892492294311509,40.449967937845251]],[[-79.892492294311509,40.449967937845251],[-79.892513751983643,40.449869965546199]]]}},
{"type":"Feature","properties":{"a":"420031405001000","b":"420035604001005"},"geometry":{"type":"MultiLineString","coordinates":[[[-79.892642498016372,40.449298457621758],[-79.892792701721191,40.44857998362135]],[[-79.892792701721191,40.44857998362135],[-79.892792701721191,40.448514667422259]],[[-79.892578125,40.449576047792085],[-79.892642498016372,40.449298457621758]],[[-79.892513751983643,40.449869965546199],[-79.892578124999986,40.449576047792085]]]}},
{"type":"Feature","properties":{"a":"420031405001011","b":"420031405001012"},"geometry":{"type":"MultiLineString","coordinates":[[[-79.893007278442397,40.447502258219011],[-79.894208908081055,40.44791048957137]],[[-79.894208908081055,40.44791048957137],[-79.894530773162842,40.448008464726975]]]}},
{"type":"Feature","properties":{"a":"420031405001011","b":"420035604001006"},"geometry":{"type":"MultiLineString","coordinates":[[[-79.892792701721191,40.448514667422259],[-79.892985820770278,40.447583904687853]],[[-79.892985820770278,40.447583904687853],[-79.893007278442397,40.447502258219011]]]}},
{"type":"Feature","properties":{"a":"420031405001012","b":"420031405001014"},"geometry":{"type":"MultiLineString","coordinates":[[[-79.893028736114516,40.4474695996037],[-79.89307165145874,40.447420611650976]],[[-79.89307165145874,40.447420611650976],[-79.893264770507812,40.44715934196676]],[[-79.893264770507812,40.44715934196676],[-79.893436431884766,40.44694705960049]],[[-79.893436431884766,40.44694705960049],[-79.89367246627809,40.44665312906335]]]}},
{"type":"Feature","properties":{"a":"420031405001012","b":"420031412002000"},"geometry":{"type":"MultiLineString","coordinates":[[[-79.893736839294448,40.446669458571371],[-79.893908500671387,40.446718447071589]],[[-79.893908500671387,40.446718447071589],[-79.893951416015625,40.446734776563723]],[[-79.89367246627809,40.44665312906335],[-79.893736839294448,40.446669458571371]]]}},
{"type":"Feature","properties":{"a":"420031405001012","b":"420035604001007"},"geometry":{"type":"LineString","coordinates":[[-79.893007278442397,40.447502258219011],[-79.893028736114516,40.4474695996037]]}},
{"type":"Feature","properties":{"a":"420031405001014","b":"420031412002000"},"geometry":{"type":"MultiLineString","coordinates":[[[-79.893221855163574,40.446489833765078],[-79.89356517791748,40.446604140515532]],[[-79.89356517791748,40.446604140515532],[-79.89367246627809,40.44665312906335]]]}},
{"type":"Feature","properties":{"a":"420031405001014","b":"420035604001007"},"geometry":{"type":"MultiLineString","coordinates":[[[-79.893157482147231,40.446849082897607],[-79.893221855163574,40.446489833765078]],[[-79.893028736114516,40.4474695996037],[-79.893136024475098,40.44694705960049]],[[-79.893136024475098,40.44694705960049],[-79.893136024475098,40.4469144007154]],[[-79.893136024475098,40.4469144007154],[-79.893157482147231,40.446849082897607]]]}},
{"type":"Feature","properties":{"a":"420031412002000","b":"420031412002012"},"geometry":{"type":"MultiLineString","coordinates":[[[-79.893436431884766,40.445493723854213],[-79.893500804901137,40.445510053643908]],[[-79.893500804901137,40.445510053643908],[-79.894123077392578,40.445722340548855]],[[-79.894123077392578,40.445722340548855],[-79.894337654113784,40.445787659461644]]]}},
{"type":"Feature","properties":{"a":"420031412002000","b":"420035604001010"},"geometry":{"type":"MultiLineString","coordinates":[[[-79.893221855163574,40.446489833765078],[-79.893243312835693,40.446408185967165]],[[-79.893243312835693,40.446408185967165],[-79.893329143524184,40.445983615819138]],[[-79.893329143524184,40.445983615819138],[-79.893436431884766,40.445493723854213]]]}},
{"type":"Feature","properties":{"a":"420031412002012","b":"420031412002013"},"geometry":{"type":"MultiLineString","coordinates":[[[-79.8935866355896,40.444595579311517],[-79.893651008605971,40.444611909319413]],[[-79.893651008605971,40.444611909319413],[-79.89367246627809,40.444611909319413]],[[-79.89367246627809,40.444611909319413],[-79.89468097686769,40.444938508644157]]]}},
{"type":"Feature","properties":{"a":"420031412002012","b":"420035604001013"},"geometry":{"type":"MultiLineString","coordinates":[[[-79.893436431884766,40.445493723854213],[-79.8935866355896,40.444660899319288]],[[-79.8935866355896,40.444660899319288],[-79.8935866355896,40.444595579311517]]]}},
{"type":"Feature","properties":{"a":"420031412002013","b":"420031412002029"},"geometry":{"type":"MultiLineString","coordinates":[[[-79.893758296966553,40.443828064465322],[-79.894037246704116,40.443942375742523]],[[-79.894037246704116,40.443942375742523],[-79.894230365753174,40.444007696385064]],[[-79.894230365753174,40.444007696385064],[-79.894402027130141,40.444056686825327]]]}},
{"type":"Feature","properties":{"a":"420031412002013","b":"420035604001014"},"geometry":{"type":"LineString","coordinates":[[-79.8935866355896,40.444595579311517],[-79.893758296966553,40.443828064465322]]}},
{"type":"Feature","properties":{"a":"420031412002027","b":"420031412002030"},"geometry":{"type":"MultiLineString","coordinates":[[[-79.893994331359877,40.442684941001446],[-79.894101619720459,40.442717601941617]],[[-79.894101619720459,40.442717601941617],[-79.894659519195571,40.442897236828905]],[[-79.894659519195571,40.442897236828905],[-79.89483118057251,40.442962558487089]]]}},
{"type":"Feature","properties":{"a":"420031412002027","b":"420035604002004"},"geometry":{"type":"MultiLineString","coordinates":[[[-79.893929958343506,40.443060540855335],[-79.893994331359877,40.442717601941617]],[[-79.893994331359877,40.442717601941617],[-79.893994331359877,40.442684941001446]]]}},
{"type":"Feature","properties":{"a":"420031412002029","b":"420035604002004"},"geometry":{"type":"MultiLineString","coordinates":[[[-79.893758296966553,40.443828064465322],[-79.893779754638672,40.44371375299373]],[[-79.893779754638672,40.44371375299373],[-79.893844127655044,40.443436138610515]]]}},
{"type":"Feature","properties":{"a":"420031412002030","b":"420031412002031"},"geometry":{"type":"MultiLineString","coordinates":[[[-79.894080162048354,40.442309339048869],[-79.894230365753174,40.442358330726918]],[[-79.894230365753174,40.442358330726918],[-79.894316196441665,40.442374661278329]],[[-79.894316196441665,40.442374661278329],[-79.894981384277344,40.442603288581594]]]}},
{"type":"Feature","properties":{"a":"420031412002030","b":"420035604002004"},"geometry":{"type":"LineString","coordinates":[[-79.893994331359877,40.442684941001446],[-79.894080162048354,40.442309339048869]]}},
{"type":"Feature","properties":{"a":"420031412002031","b":"420031412002032"},"geometry":{"type":"MultiLineString","coordinates":[[[-79.894165992736831,40.44193373499759],[-79.894337654113784,40.441982726949384]],[[-79.894337654113784,40.441982726949384],[-79.894466400146484,40.442015388230743]],[[-79.894466400146484,40.442015388230743],[-79.895131587982192,40.442227686172771]]]}},
{"type":"Feature","properties":{"a":"420031412002031","b":"420035604002005"},"geometry":{"type":"LineString","coordinates":[[-79.894080162048354,40.442309339048869],[-79.894165992736831,40.44193373499759]]}},
{"type":"Feature","properties":{"a":"420031412002032","b":"420031412002033"},"geometry":{"type":"MultiLineString","coordinates":[[[-79.894251823425293,40.441558128847632],[-79.894466400146484,40.441623451807068]],[[-79.894466400146484,40.441623451807068],[-79.894595146179199,40.441672443984999]],[[-79.894595146179199,40.441672443984999],[-79.895260334014893,40.441884743010093]]]}},
{"type":"Feature","properties":{"a":"420031412002032","b":"420035604002005"},"geometry":{"type":"MultiLineString","coordinates":[[[-79.894165992736831,40.44193373499759],[-79.894230365753174,40.441639782537017]],[[-79.894230365753174,40.441639782537017],[-79.894230365753174,40.441607121073162]],[[-79.894230365753174,40.441607121073162],[-79.894251823425293,40.441558128847632]]]}},
{"type":"Feature","properties":{"a":"420031412002033","b":"420031412002037"},"geometry":{"type":"MultiLineString","coordinates":[[[-79.894359111785903,40.441166189757965],[-79.894509315490723,40.441215182269126]],[[-79.894509315490723,40.441215182269126],[-79.894938468933105,40.441313167184376]],[[-79.894938468933105,40.441313167184376],[-79.895088672637954,40.441362159588436]]]}},
{"type":"Feature","properties":{"a":"420031412002033","b":"420035604002005"},"geometry":{"type":"MultiLineString","coordinates":[[[-79.894251823425293,40.441558128847632],[-79.894337654113784,40.441296836375088]],[[-79.894337654113784,40.441296836375088],[-79.894337654113784,40.441247843923421]],[[-79.894337654113784,40.441247843923421],[-79.894359111785903,40.441166189757965]]]}},
{"type":"Feature","properties":{"a":"420031412002037","b":"420035605001006"},"geometry":{"type":"MultiLineString","coordinates":[[[-79.894359111785903,40.441166189757965],[-79.894402027130141,40.441035542886922]],[[-79.894402027130141,40.441035542886922],[-79.894638061523438,40.439957696512884]],[[-79.894638061523438,40.439957696512884],[-79.89468097686769,40.439827047293242]]]}},
{"type":"Feature","properties":{"a":"420031412002044","b":"420031412002045"},"geometry":{"type":"MultiLineString","coordinates":[[[-79.895024299621596,40.437752956922516],[-79.895131587982192,40.437948936702789]],[[-79.895131587982192,40.437948936702789],[-79.895367622375502,40.43852054113222]],[[-79.895367622375502,40.43852054113222],[-79.895453453063979,40.438700187234929]]]}},
{"type":"Feature","properties":{"a":"420031412002044","b":"420035605001006"},"geometry":{"type":"MultiLineString","coordinates":[[[-79.894917011260986,40.43884717005281],[-79.894895553588867,40.438814507232159]],[[-79.894895553588867,40.438814507232159],[-79.894874095916748,40.438716518675001]],[[-79.894874095916748,40.438716518675001],[-79.89483118057251,40.43865119289088]]]}},
{"type":"Feature","properties":{"a":"420031412002044","b":"420035605001011"},"geometry":{"type":"MultiLineString","coordinates":[[[-79.89483118057251,40.43865119289088],[-79.894852638244629,40.438536872615941]],[[-79.894852638244629,40.438536872615941],[-79.895024299621596,40.437752956922516]]]}},
{"type":"Feature","properties":{"a":"420031412002045","b":"420031412002051"},"geometry":{"type":"MultiLineString","coordinates":[[[-79.895045757293715,40.437671298512136],[-79.895131587982192,40.437638635120209]],[[-79.895131587982192,40.437638635120209],[-79.89543199539186,40.437573308288762]],[[-79.89543199539186,40.437573308288762],[-79.895539283752441,40.437540644849228]]]}},
{"type":"Feature","properties":{"a":"420031412002045","b":"420035605001011"},"geometry":{"type":"MultiLineString","coordinates":[[[-79.895024299621596,40.437752956922516],[-79.895045757293715,40.437687630202149]],[[-79.895045757293715,40.437687630202149],[-79.895045757293715,40.437671298512136]]]}},
{"type":"Feature","properties":{"a":"420031412002050","b":"420031412002051"},"geometry":{"type":"LineString","coordinates":[[-79.895303249359131,40.43714868233711],[-79.895131587982192,40.437197677776091]]}},
{"type":"Feature","properties":{"a":"420031412002050","b":"420031412002052"},"geometry":{"type":"LineString","coordinates":[[-79.895367622375502,40.43597278109025],[-79.89543199539186,40.43597278109025]]}},
{"type":"Feature","properties":{"a":"420031412002050","b":"420035605002016"},"geometry":{"type":"MultiLineString","coordinates":[[[-79.895131587982192,40.437197677776091],[-79.895217418670654,40.436871040841808]],[[-79.895217418670654,40.436871040841808],[-79.895217418670654,40.436805713264519]]]}},
{"type":"Feature","properties":{"a":"420031412002050","b":"420035605002032"},"geometry":{"type":"LineString","coordinates":[[-79.895217418670654,40.436805713264519],[-79.895367622375502,40.43597278109025]]}},
{"type":"Feature","properties":{"a":"420031412002051","b":"420035605002016"},"geometry":{"type":"MultiLineString","coordinates":[[[-79.895045757293715,40.437671298512136],[-79.895067214965835,40.437540644849228]],[[-79.895067214965835,40.437540644849228],[-79.895131587982192,40.437197677776091]]]}},
{"type":"Feature","properties":{"a":"420031412002052","b":"420031412002053"},"geometry":{"type":"MultiLineString","coordinates":[[[-79.895560741424561,40.434960182981492],[-79.895646572113037,40.435058177013339]],[[-79.895646572113037,40.435058177013339],[-79.895882606506348,40.435597141635604]],[[-79.895882606506348,40.435597141635604],[-79.895968437194824,40.435825791988364]]]}},
{"type":"Feature","properties":{"a":"420031412002052","b":"420035605002033"},"geometry":{"type":"LineString","coordinates":[[-79.895367622375502,40.43597278109025],[-79.895389080047622,40.435891120517752]]}},
{"type":"Feature","properties":{"a":"420031412002052","b":"420035605002039"},"geometry":{"type":"LineString","coordinates":[[-79.895389080047622,40.435891120517752],[-79.895560741424561,40.434960182981492]]}},
{"type":"Feature","properties":{"a":"420031412002053","b":"420035154013000"},"geometry":{"type":"LineString","coordinates":[[-79.895560741424561,40.434960182981492],[-79.895732402801528,40.434225223190424]]}},
{"type":"Feature","properties":{"a":"420035154013000","b":"420035154013001"},"geometry":{"type":"MultiLineString","coordinates":[[[-79.895024299621596,40.434176225585382],[-79.895131587982192,40.434143560495521]],[[-79.895131587982192,40.434143560495521],[-79.89543199539186,40.434012899977404]],[[-79.89543199539186,40.434012899977404],[-79.895539283752441,40.433980234808203]]]}},
{"type":"Feature","properties":{"a":"420035154013000","b":"420035605002039"},"geometry":{"type":"MultiLineString","coordinates":[[[-79.895560741424561,40.434960182981492],[-79.895474910736098,40.434796859277718]],[[-79.895474910736098,40.434796859277718],[-79.895346164703383,40.434633535177241]],[[-79.895346164703383,40.434633535177241],[-79.895024299621596,40.434176225585382]]]}},
{"type":"Feature","properties":{"a":"420035154013001","b":"420035161001029"},"geometry":{"type":"MultiLineString","coordinates":[[[-79.894552230834961,40.4335229207732],[-79.894251823425293,40.433114602042316]],[[-79.894251823425293,40.433114602042316],[-79.894123077392578,40.432902275322398]],[[-79.894123077392578,40.432902275322398],[-79.894058704376235,40.432836943889072]]]}},
{"type":"Feature","properties":{"a":"420035154013001","b":"420035605002040"},"geometry":{"type":"MultiLineString","coordinates":[[[-79.895024299621596,40.434176225585382],[-79.894874095916748,40.433980234808203]],[[-79.894874095916748,40.433980234808203],[-79.894552230834961,40.4335229207732]]]}},
{"type":"Feature","properties":{"a":"420035161001000","b":"420035161001001"},"geometry":{"type":"MultiLineString","coordinates":[[[-79.885690212249742,40.435597141635604],[-79.885733127593994,40.435776795549664]],[[-79.885733127593994,40.435776795549664],[-79.885818958282456,40.436266758329992]],[[-79.885818958282456,40.436266758329992],[-79.885947704315186,40.436854708953433]]]}},
{"type":"Feature","properties":{"a":"420035161001000","b":"420035162001012"},"geometry":{"type":"MultiLineString","coordinates":[[[-79.885776042938218,40.436838377061093],[-79.885668754577623,40.436299422388409]],[[-79.885668754577623,40.436299422388409],[-79.88558292388916,40.435809459846091]],[[-79.88558292388916,40.435809459846091],[-79.885561466217027,40.435646138205229]]]}},
{"type":"Feature","properties":{"a":"420035161001000","b":"420035605002006"},"geometry":{"type":"MultiLineString","coordinates":[[[-79.885904788970947,40.436871040841808],[-79.885776042938218,40.436838377061093]],[[-79.885947704315186,40.436854708953433],[-79.885904788970947,40.436871040841808]]]}},
{"type":"Feature","properties":{"a":"420035161001001","b":"420035161001007"},"geometry":{"type":"MultiLineString","coordinates":[[[-79.890153408050537,40.434502875611223],[-79.89058256149292,40.435074509338079]],[[-79.89058256149292,40.435074509338079],[-79.890646934509277,40.435172503203304]]]}},
{"type":"Feature","properties":{"a":"420035161001001","b":"420035605002007"},"geometry":{"type":"MultiLineString","coordinates":[[[-79.887170791625962,40.436430078463353],[-79.885969161987305,40.436854708953433]],[[-79.885969161987305,40.436854708953433],[-79.885947704315186,40.436854708953433]]]}},
{"type":"Feature","properties":{"a":"420035161001001","b":"420035605002010"},"geometry":{"type":"MultiLineString","coordinates":[[[-79.889745712280259,40.435548145030289],[-79.88957405090332,40.435613473829449]],[[-79.88957405090332,40.435613473829449],[-79.889552593231201,40.435597141635604]],[[-79.889552593231201,40.435597141635604],[-79.888672828674302,40.435891120517752]]]}},
{"type":"Feature","properties":{"a":"420035161001001","b":"420035605002018"},"geometry":{"type":"MultiLineString","coordinates":[[[-79.888672828674302,40.435891120517752],[-79.888608455657945,40.43592378475865]],[[-79.888608455657945,40.43592378475865],[-79.88772869110106,40.436217762212635]]]}},
{"type":"Feature","properties":{"a":"420035161001001","b":"420035605002023"},"geometry":{"type":"MultiLineString","coordinates":[[[-79.890646934509277,40.435172503203304],[-79.890561103820801,40.435205167793313]],[[-79.890561103820801,40.435205167793313],[-79.889960289001465,40.435466483942072]],[[-79.889960289001465,40.435466483942072],[-79.889745712280259,40.435548145030289]]]}},
{"type":"Feature","properties":{"a":"420035161001006","b":"420035161001007"},"geometry":{"type":"MultiLineString","coordinates":[[[-79.891119003295884,40.434976515330042],[-79.891054630279527,40.434862188806832]],[[-79.891054630279527,40.434862188806832],[-79.89084005355835,40.434584537869725]],[[-79.89084005355835,40.434584537869725],[-79.890646934509277,40.434290553274934]]]}},
{"type":"Feature","properties":{"a":"420035161001006","b":"420035161001009"},"geometry":{"type":"MultiLineString","coordinates":[[[-79.891119003295884,40.434094562830985],[-79.891183376312256,40.434176225585382]],[[-79.891183376312256,40.434176225585382],[-79.89133358001709,40.434372215791313]],[[-79.89133358001709,40.434372215791313],[-79.891612529754624,40.434764194489361]]]}},
{"type":"Feature","properties":{"a":"420035161001006","b":"420035605002025"},"geometry":{"type":"MultiLineString","coordinates":[[[-79.891612529754624,40.434764194489361],[-79.891526699066162,40.434796859277718]],[[-79.891526699066162,40.434796859277718],[-79.891161918640137,40.434960182981492]],[[-79.891161918640137,40.434960182981492],[-79.891119003295884,40.434976515330042]]]}},
{"type":"Feature","properties":{"a":"420035161001007","b":"420035605002024"},"geometry":{"type":"MultiLineString","coordinates":[[[-79.891119003295884,40.434976515330042],[-79.891097545623765,40.434992847674643]],[[-79.891097545623765,40.434992847674643],[-79.890711307525621,40.435139838597436]],[[-79.890711307525621,40.435139838597436],[-79.890646934509277,40.435172503203304]]]}},
{"type":"Feature","properties":{"a":"420035161001009","b":"420035161001010"},"geometry":{"type":"MultiLineString","coordinates":[[[-79.892084598541246,40.433686247571302],[-79.892148971557603,40.433751578179468]],[[-79.892148971557603,40.433751578179468],[-79.892406463623033,40.434094562830985]],[[-79.892406463623033,40.434094562830985],[-79.892578124999986,40.434339550796651]],[[-79.892578125,40.434339550796651],[-79.892599582672119,40.434355883295964]]]}},
{"type":"Feature","properties":{"a":"420035161001009","b":"420035605002037"},"geometry":{"type":"MultiLineString","coordinates":[[[-79.892578124999986,40.434372215791313],[-79.892106056213365,40.434568205425968]],[[-79.892599582672119,40.434355883295964],[-79.892578125,40.434372215791313]]]}},
{"type":"Feature","properties":{"a":"420035161001009","b":"420035605002038"},"geometry":{"type":"MultiLineString","coordinates":[[[-79.892106056213365,40.434568205425968],[-79.892063140869126,40.434584537869725]],[[-79.892063140869126,40.434584537869725],[-79.891698360443115,40.434731529685124]],[[-79.891698360443115,40.434731529685124],[-79.891612529754624,40.434764194489361]]]}},
{"type":"Feature","properties":{"a":"420035161001010","b":"420035161001030"},"geometry":{"type":"MultiLineString","coordinates":[[[-79.89307165145874,40.433261597071066],[-79.893329143524184,40.433620916899663]],[[-79.893329143524184,40.433620916899663],[-79.893393516540542,40.433686247571302]],[[-79.893393516540542,40.433686247571302],[-79.89356517791748,40.433947569623136]]]}},
{"type":"Feature","properties":{"a":"420035161001010","b":"420035605002036"},"geometry":{"type":"MultiLineString","coordinates":[[[-79.89307165145874,40.434159893042441],[-79.893050193786635,40.434159893042441]],[[-79.893050193786635,40.434159893042441],[-79.892663955688491,40.434323218293379]],[[-79.892663955688491,40.434323218293379],[-79.892599582672119,40.434355883295964]]]}},
{"type":"Feature","properties":{"a":"420035161001010","b":"420035605002042"},"geometry":{"type":"MultiLineString","coordinates":[[[-79.89356517791748,40.433947569623136],[-79.893500804901137,40.433980234808203]],[[-79.893500804901137,40.433980234808203],[-79.893264770507812,40.434078230268199]],[[-79.893264770507812,40.434078230268199],[-79.89307165145874,40.434159893042441]]]}},
{"type":"Feature","properties":{"a":"420035161001029","b":"420035161001030"},"geometry":{"type":"MultiLineString","coordinates":[[[-79.894058704376235,40.433735245533384],[-79.893801212310791,40.433408591778473]],[[-79.893801212310791,40.433408591778473],[-79.893758296966553,40.433326928091809]],[[-79.893758296966553,40.433326928091809],[-79.89356517791748,40.433049270815296]]]}},
{"type":"Feature","properties":{"a":"420035161001029","b":"420035605002040"},"geometry":{"type":"MultiLineString","coordinates":[[[-79.894552230834961,40.4335229207732],[-79.894487857818604,40.433555586164559]],[[-79.894487857818604,40.433555586164559],[-79.894101619720459,40.433718912883322]],[[-79.894101619720459,40.433718912883322],[-79.894058704376235,40.433735245533384]]]}},
{"type":"Feature","properties":{"a":"420035161001030","b":"420035605002041"},"geometry":{"type":"MultiLineString","coordinates":[[[-79.894058704376235,40.433735245533384],[-79.893651008605971,40.433914904422188]],[[-79.893651008605971,40.433914904422188],[-79.89356517791748,40.433947569623136]]]}},
{"type":"Feature","properties":{"a":"420035162001000","b":"420035162001003"},"geometry":{"type":"MultiLineString","coordinates":[[[-79.878716468811035,40.433800576093944],[-79.878630638122559,40.433882239205381]],[[-79.878630638122559,40.433882239205381],[-79.878330230712891,40.434176225585382]],[[-79.878330230712891,40.434176225585382],[-79.877150058746324,40.43527049692571]]]}},
{"type":"Feature","properties":{"a":"420035162001000","b":"420035170001000"},"geometry":{"type":"MultiLineString","coordinates":[[[-79.872193336486802,40.433751578179468],[-79.872622489929185,40.432885942470023]],[[-79.872622489929185,40.432885942470023],[-79.873180389404297,40.432183626064869]],[[-79.873180389404297,40.432183626064869],[-79.873373508453369,40.431840631666269]],[[-79.873373508453369,40.431840631666269],[-79.873673915863023,40.430844304682054]],[[-79.873673915863023,40.430844304682054],[-79.873781204223633,40.430697304369197]]]}},
{"type":"Feature","properties":{"a":"420035162001000","b":"420035647002001"},"geometry":{"type":"MultiLineString","coordinates":[[[-79.874167442321763,40.43527049692571],[-79.874231815338135,40.435009180015264]],[[-79.874231815338135,40.435009180015264],[-79.874038696289048,40.434192558124359]],[[-79.874038696289048,40.434192558124359],[-79.872193336486802,40.433751578179468]],[[-79.877150058746324,40.43527049692571],[-79.876356124877915,40.434780526885525]],[[-79.876356124877915,40.434780526885525],[-79.874167442321763,40.43527049692571]]]}},
{"type":"Feature","properties":{"a":"420035162001003","b":"420035162001007"},"geometry":{"type":"LineString","coordinates":[[-79.87914562225339,40.433980234808203],[-79.879188537597642,40.433996567394786]]}},
{"type":"Feature","properties":{"a":"420035162001003","b":"420035647002004"},"geometry":{"type":"MultiLineString","coordinates":[[[-79.877536296844468,40.435499148389262],[-79.877150058746324,40.43527049692571]],[[-79.879188537597642,40.433996567394786],[-79.879124164581299,40.43402923255605]],[[-79.879124164581299,40.43402923255605],[-79.877536296844468,40.435499148389262]]]}},
{"type":"Feature","properties":{"a":"420035162001007","b":"420035647002004"},"geometry":{"type":"MultiLineString","coordinates":[[[-79.880433082580552,40.434731529685124],[-79.87933874130249,40.434061897701447]],[[-79.87933874130249,40.434061897701447],[-79.87923145294188,40.43402923255605]],[[-79.87923145294188,40.43402923255605],[-79.879188537597642,40.433996567394786]]]}},
{"type":"Feature","properties":{"a":"420035162001007","b":"420035647002005"},"geometry":{"type":"MultiLineString","coordinates":[[[-79.881892204284668,40.435613473829449],[-79.881205558776855,40.435205167793313]],[[-79.881205558776855,40.435205167793313],[-79.881033897399902,40.435090841658869]],[[-79.881033897399902,40.435090841658869],[-79.880433082580552,40.434731529685124]]]}},
{"type":"Feature","properties":{"a":"420035162001009","b":"420035162001010"},"geometry":{"type":"MultiLineString","coordinates":[[[-79.8827290534973,40.435956448983688],[-79.882664680480943,40.436054441563556]],[[-79.882664680480943,40.436054441563556],[-79.882664680480943,40.436087105725107]]]}},
{"type":"Feature","properties":{"a":"420035162001009","b":"420035647002008"},"geometry":{"type":"MultiLineString","coordinates":[[[-79.882664680480943,40.436087105725107],[-79.882428646087632,40.435956448983688]],[[-79.882428646087632,40.435956448983688],[-79.882214069366455,40.435825791988364]]]}},
{"type":"Feature","properties":{"a":"420035162001010","b":"420035162001011"},"geometry":{"type":"MultiLineString","coordinates":[[[-79.885067939758301,40.436234094255724],[-79.884274005889893,40.436283090361179]],[[-79.884274005889893,40.436283090361179],[-79.884080886840806,40.436299422388409]],[[-79.884080886840806,40.436299422388409],[-79.884080886840806,40.436430078463353]]]}},
{"type":"Feature","properties":{"a":"420035162001010","b":"420035647003041"},"geometry":{"type":"MultiLineString","coordinates":[[[-79.884080886840806,40.436430078463353],[-79.883608818054199,40.436332086430944]],[[-79.883608818054199,40.436332086430944],[-79.883437156677232,40.436283090361179]],[[-79.883437156677232,40.436283090361179],[-79.882664680480943,40.436087105725107]]]}},
{"type":"Feature","properties":{"a":"420035162001011","b":"420035162001012"},"geometry":{"type":"MultiLineString","coordinates":[[[-79.885411262512207,40.435662470387172],[-79.885540008544908,40.436446410454863]],[[-79.885540008544908,40.436446410454863],[-79.885561466217027,40.436609730151829]],[[-79.885561466217027,40.436609730151829],[-79.885604381561279,40.436805713264519]]]}},
{"type":"Feature","properties":{"a":"420035162001011","b":"420035647003038"},"geometry":{"type":"MultiLineString","coordinates":[[[-79.885604381561279,40.436805713264519],[-79.884917736053467,40.436626062099705]],[[-79.884917736053467,40.436626062099705],[-79.884080886840806,40.436430078463353]]]}},
{"type":"Feature","properties":{"a":"420035162001012","b":"420035647003037"},"geometry":{"type":"LineString","coordinates":[[-79.885776042938218,40.436838377061093],[-79.885604381561279,40.436805713264519]]}},
{"type":"Feature","properties":{"a":"420035170001000","b":"420035647002009"},"geometry":{"type":"MultiLineString","coordinates":[[[-79.872193336486802,40.433751578179468],[-79.871914386749253,40.433686247571302]],[[-79.871914386749253,40.433686247571302],[-79.87200021743773,40.433539253470862]],[[-79.87200021743773,40.433539253470862],[-79.871592521667466,40.433375926315712]],[[-79.871592521667466,40.433375926315712],[-79.870541095733628,40.432918608170809]]]}},
{"type":"Feature","properties":{"a":"420035180011000","b":"420035180011001"},"geometry":{"type":"MultiLineString","coordinates":[[[-79.863760471343994,40.429488622947417],[-79.863953590393066,40.430452303133698]],[[-79.863953590393066,40.430452303133698],[-79.864146709442124,40.431040304599357]],[[-79.864146709442124,40.431040304599357],[-79.864253997802734,40.431252637198448]],[[-79.864253997802734,40.431252637198448],[-79.864468574523926,40.431611967761924]],[[-79.864468574523926,40.431611967761924],[-79.864726066589355,40.431954963326852]],[[-79.864726066589355,40.431954963326852],[-79.865305423736558,40.432542951653666]],[[-79.865305423736558,40.432542951653666],[-79.865627288818345,40.432787945272437]]]}},
{"type":"Feature","properties":{"a":"420035180011000","b":"420035180012014"},"geometry":{"type":"MultiLineString","coordinates":[[[-79.865541458129869,40.432885942470023],[-79.8651123046875,40.432608283372609]],[[-79.8651123046875,40.432608283372609],[-79.8651123046875,40.432591950448824]],[[-79.8651123046875,40.432591950448824],[-79.864940643310547,40.432412288025347]]]}},
{"type":"Feature","properties":{"a":"420035180011000","b":"420035647002013"},"geometry":{"type":"LineString","coordinates":[[-79.865627288818345,40.432787945272437],[-79.865541458129869,40.432885942470023]]}},
{"type":"Feature","properties":{"a":"420035180011001","b":"420035647002012"},"geometry":{"type":"MultiLineString","coordinates":[[[-79.86884593963623,40.43221629210683],[-79.868481159210205,40.43205296173835]],[[-79.868481159210205,40.43205296173835],[-79.86674308776854,40.431317970170994]],[[-79.86674308776854,40.431317970170994],[-79.865627288818345,40.432787945272437]]]}},
{"type":"Feature","properties":{"a":"420035180012002","b":"420035190002003"},"geometry":{"type":"MultiLineString","coordinates":[[[-79.861335754394531,40.438422552146612],[-79.857623577117906,40.435205167793313]],[[-79.857623577117906,40.435205167793313],[-79.85736608505249,40.434878521179193]],[[-79.861485958099351,40.438226573746931],[-79.861335754394531,40.438422552146612]]]}},
{"type":"Feature","properties":{"a":"420035180012002","b":"420035615002000"},"geometry":{"type":"MultiLineString","coordinates":[[[-79.863867759704576,40.435074509338079],[-79.863824844360337,40.435139838597436]],[[-79.863824844360337,40.435139838597436],[-79.863116741180406,40.436087105725107]],[[-79.863116741180406,40.436087105725107],[-79.861485958099351,40.438226573746931]]]}},
{"type":"Feature","properties":{"a":"420035180012014","b":"420035615002000"},"geometry":{"type":"MultiLineString","coordinates":[[[-79.865541458129869,40.432885942470023],[-79.865477085113525,40.432983939524782]],[[-79.865477085113525,40.432983939524782],[-79.865412712097168,40.433065603628002]],[[-79.865412712097168,40.433065603628002],[-79.865326881408677,40.433147267632037]]]}},
{"type":"Feature","properties":{"a":"420035190002003","b":"420035190003025"},"geometry":{"type":"MultiLineString","coordinates":[[[-79.863438606262207,40.437818283579418],[-79.860992431640625,40.439451429372454]],[[-79.860992431640625,40.439451429372454],[-79.860305786132798,40.439925034231777]],[[-79.860305786132798,40.439925034231777],[-79.859125614166246,40.440676262682388]],[[-79.859125614166246,40.440676262682388],[-79.85736608505249,40.441852081665253]]]}},
{"type":"Feature","properties":{"a":"420035190002003","b":"420035615002000"},"geometry":{"type":"MultiLineString","coordinates":[[[-79.861485958099351,40.438226573746931],[-79.862129688262925,40.438095921163097]],[[-79.862129688262925,40.438095921163097],[-79.863116741180406,40.43788361017284]],[[-79.863116741180406,40.43788361017284],[-79.863438606262207,40.437818283579418]]]}},
{"type":"Feature","properties":{"a":"420035190003010","b":"420035190003011"},"geometry":{"type":"MultiLineString","coordinates":[[[-79.853675365447984,40.451192579532226],[-79.854168891906724,40.451192579532226]],[[-79.854168891906724,40.451192579532226],[-79.854190349578843,40.451208907937286]]]}},
{"type":"Feature","properties":{"a":"420035190003010","b":"420035232003013"},"geometry":{"type":"LineString","coordinates":[[-79.854211807250962,40.452825400399377],[-79.853718280792222,40.452645792046084]]}},
{"type":"Feature","properties":{"a":"420035190003010","b":"420035614001004"},"geometry":{"type":"MultiLineString","coordinates":[[[-79.854190349578843,40.451208907937286],[-79.854211807250962,40.452613135930271]],[[-79.854211807250962,40.452613135930271],[-79.854211807250962,40.452825400399377]]]}},
{"type":"Feature","properties":{"a":"420035190003011","b":"420035190003023"},"geometry":{"type":"MultiLineString","coordinates":[[[-79.853653907775879,40.449869965546199],[-79.85378265380858,40.450000595246529]],[[-79.85378265380858,40.450000595246529],[-79.853975772857666,40.450180210669878]],[[-79.853975772857666,40.450180210669878],[-79.854168891906724,40.450294511143888]]]}},
{"type":"Feature","properties":{"a":"420035190003011","b":"420035614001007"},"geometry":{"type":"MultiLineString","coordinates":[[[-79.854168891906724,40.450294511143888],[-79.854190349578843,40.451110937447396]],[[-79.854190349578843,40.451110937447396],[-79.854190349578843,40.451208907937286]]]}},
{"type":"Feature","properties":{"a":"420035190003019","b":"420035190003020"},"geometry":{"type":"MultiLineString","coordinates":[[[-79.857645034790039,40.442113371979602],[-79.857687950134277,40.442178694399502]],[[-79.857687950134277,40.442178694399502],[-79.857730865478501,40.442227686172771]],[[-79.857730865478501,40.442227686172771],[-79.857709407806396,40.442309339048869]],[[-79.857709407806396,40.442309339048869],[-79.857859611511216,40.442717601941617]],[[-79.857859611511216,40.442717601941617],[-79.857881069183335,40.442864575976017]]]}},
{"type":"Feature","properties":{"a":"420035190003019","b":"420035190003021"},"geometry":{"type":"MultiLineString","coordinates":[[[-79.850800037384033,40.446097923430507],[-79.849920272827134,40.446081593783653]],[[-79.849920272827134,40.446081593783653],[-79.848418235778809,40.445950956465893]],[[-79.854040145874009,40.445820318894228],[-79.851958751678453,40.44606526413282]],[[-79.851958751678453,40.44606526413282],[-79.850800037384033,40.446097923430507]]]}},
{"type":"Feature","properties":{"a":"420035190003019","b":"420035614001011"},"geometry":{"type":"MultiLineString","coordinates":[[[-79.858503341674805,40.445167127227251],[-79.856829643249498,40.445412074846253]],[[-79.856829643249498,40.445412074846253],[-79.856443405151367,40.445461064262929]]]}},
{"type":"Feature","properties":{"a":"420035190003019","b":"420035614001012"},"geometry":{"type":"MultiLineString","coordinates":[[[-79.856443405151367,40.445461064262929],[-79.856014251708984,40.445526383429637]],[[-79.856014251708984,40.445526383429637],[-79.855864048004136,40.445542713211381]],[[-79.855864048004136,40.445542713211381],[-79.855327606201172,40.445624362060656]]]}},
{"type":"Feature","properties":{"a":"420035190003019","b":"420035614001013"},"geometry":{"type":"MultiLineString","coordinates":[[[-79.855327606201172,40.445624362060656],[-79.855241775512681,40.44564069181861]],[[-79.855241775512681,40.44564069181861],[-79.854083061218262,40.445803989179922]],[[-79.854083061218262,40.445803989179922],[-79.854040145874009,40.445820318894228]]]}},
{"type":"Feature","properties":{"a":"420035190003019","b":"420035615001000"},"geometry":{"type":"MultiLineString","coordinates":[[[-79.857881069183335,40.442864575976017],[-79.857923984527574,40.443060540855335]],[[-79.857923984527574,40.443060540855335],[-79.858224391937242,40.444187327824764]],[[-79.858224391937242,40.444187327824764],[-79.858503341674805,40.445167127227251]]]}},
{"type":"Feature","properties":{"a":"420035190003020","b":"420035190003026"},"geometry":{"type":"MultiLineString","coordinates":[[[-79.858031272888184,40.442472644503518],[-79.858181476593018,40.442603288581594]],[[-79.858181476593018,40.442603288581594],[-79.858310222625732,40.442733932405758]]]}},
{"type":"Feature","properties":{"a":"420035190003020","b":"420035615001000"},"geometry":{"type":"LineString","coordinates":[[-79.858310222625732,40.442733932405758],[-79.857881069183335,40.442864575976017]]}},
{"type":"Feature","properties":{"a":"420035190003021","b":"420035190003022"},"geometry":{"type":"MultiLineString","coordinates":[[[-79.854061603546128,40.447110353787899],[-79.853997230529785,40.447094024387013]],[[-79.853997230529785,40.447094024387013],[-79.853310585021973,40.44694705960049]],[[-79.853310585021973,40.44694705960049],[-79.853160381317124,40.446898071266894]],[[-79.853160381317124,40.446898071266894],[-79.852967262268066,40.44688174181443]],[[-79.852967262268066,40.44688174181443],[-79.851894378662109,40.44688174181443]],[[-79.851894378662109,40.44688174181443],[-79.851465225219727,40.446734776563723]],[[-79.851465225219727,40.446734776563723],[-79.851250648498521,40.446702117575477]],[[-79.851250648498521,40.446702117575477],[-79.85101461410521,40.446702117575477]],[[-79.85101461410521,40.446702117575477],[-79.850778579711914,40.446767435536096]],[[-79.850778579711914,40.446767435536096],[-79.850585460662828,40.446849082897607]],[[-79.850585460662828,40.446849082897607],[-79.850456714630127,40.44694705960049]],[[-79.850456714630127,40.44694705960049],[-79.850027561187744,40.447289976935828]]]}},
{"type":"Feature","properties":{"a":"420035190003021","b":"420035614001013"},"geometry":{"type":"MultiLineString","coordinates":[[[-79.854040145874009,40.445820318894228],[-79.854061603546128,40.44642451553468]],[[-79.854061603546128,40.44642451553468],[-79.854061603546128,40.44694705960049]],[[-79.854061603546128,40.44694705960049],[-79.854061603546128,40.447110353787899]]]}},
{"type":"Feature","properties":{"a":"420035190003022","b":"420035190003023"},"geometry":{"type":"MultiLineString","coordinates":[[[-79.854147434234605,40.449461746096105],[-79.853932857513428,40.449331115348372]],[[-79.853932857513428,40.449331115348372],[-79.85378265380858,40.449298457621758]],[[-79.85378265380858,40.449298457621758],[-79.853610992431641,40.449249471002091]]]}},
{"type":"Feature","properties":{"a":"420035190003022","b":"420035614001009"},"geometry":{"type":"MultiLineString","coordinates":[[[-79.854061603546128,40.447110353787899],[-79.854083061218262,40.44715934196676]],[[-79.854083061218262,40.44715934196676],[-79.854104518890367,40.448367705742207]],[[-79.854104518890367,40.448367705742207],[-79.854147434234605,40.449461746096105]]]}},
{"type":"Feature","properties":{"a":"420035190003023","b":"420035614001008"},"geometry":{"type":"MultiLineString","coordinates":[[[-79.854147434234605,40.449461746096105],[-79.854147434234605,40.449657691741614]],[[-79.854147434234605,40.449657691741614],[-79.854168891906724,40.450294511143888]]]}},
{"type":"Feature","properties":{"a":"420035190003025","b":"420035190003026"},"geometry":{"type":"MultiLineString","coordinates":[[[-79.863803386688218,40.43773662524837],[-79.862258434295654,40.438765512971436]],[[-79.862258434295654,40.438765512971436],[-79.862108230590806,40.438896164254032]],[[-79.862108230590806,40.438896164254032],[-79.860734939575181,40.439761722588209]],[[-79.860734939575181,40.439761722588209],[-79.857451915740967,40.44193373499759]]]}},
{"type":"Feature","properties":{"a":"420035190003025","b":"420035615002001"},"geometry":{"type":"LineString","coordinates":[[-79.863438606262207,40.437818283579418],[-79.863803386688218,40.43773662524837]]}},
{"type":"Feature","properties":{"a":"420035190003026","b":"420035615001001"},"geometry":{"type":"MultiLineString","coordinates":[[[-79.86060619354248,40.442015388230743],[-79.859318733215318,40.442423652908779]],[[-79.859318733215318,40.442423652908779],[-79.858374595642076,40.442701271473517]],[[-79.858374595642076,40.442701271473517],[-79.858310222625732,40.442733932405758]]]}},
{"type":"Feature","properties":{"a":"420035190003026","b":"420035615001003"},"geometry":{"type":"LineString","coordinates":[[-79.861657619476318,40.441672443984999],[-79.86060619354248,40.442015388230743]]}},
{"type":"Feature","properties":{"a":"420035190003026","b":"420035615001004"},"geometry":{"type":"MultiLineString","coordinates":[[[-79.8651123046875,40.437458986180971],[-79.862837791442857,40.43865119289088]],[[-79.862837791442857,40.43865119289088],[-79.861593246459961,40.439386104302443]],[[-79.861593246459961,40.439386104302443],[-79.862086772918687,40.4415254673441]],[[-79.862086772918687,40.4415254673441],[-79.861657619476318,40.441672443984999]]]}},
{"type":"Feature","properties":{"a":"420035190003026","b":"420035615002002"},"geometry":{"type":"LineString","coordinates":[[-79.863803386688218,40.43773662524837],[-79.864597320556641,40.437556976570974]]}},
{"type":"Feature","properties":{"a":"420035190003026","b":"420035615002003"},"geometry":{"type":"LineString","coordinates":[[-79.864597320556641,40.437556976570974],[-79.8651123046875,40.437458986180971]]}},
{"type":"Feature","properties":{"a":"420035231003016","b":"420035232004004"},"geometry":{"type":"MultiLineString","coordinates":[[[-79.866034984588609,40.459421592774142],[-79.865992069244371,40.459339960687586]],[[-79.865992069244371,40.459339960687586],[-79.865627288818345,40.458866492629554]],[[-79.865627288818345,40.458866492629554],[-79.865369796752915,40.458556287609859]]]}},
{"type":"Feature","properties":{"a":"420035231003016","b":"420035614002009"},"geometry":{"type":"MultiLineString","coordinates":[[[-79.865369796752915,40.458556287609859],[-79.867022037506089,40.458539960990201]],[[-79.867022037506089,40.458539960990201],[-79.868116378784165,40.456711354481136]],[[-79.868116378784165,40.456711354481136],[-79.868073463439927,40.456695027413133]],[[-79.868073463439927,40.456695027413133],[-79.868266582488999,40.45635215806859]]]}},
{"type":"Feature","properties":{"a":"420035232003006","b":"420035232003008"},"geometry":{"type":"MultiLineString","coordinates":[[[-79.85127210617064,40.454376543474069],[-79.851508140563951,40.454458181591384]],[[-79.851508140563951,40.454458181591384],[-79.852259159088135,40.454719422900219]],[[-79.852259159088135,40.454719422900219],[-79.85251665115355,40.454801060600943]],[[-79.854061603546128,40.456335830913304],[-79.854319095611572,40.456335830913304]],[[-79.854319095611572,40.456335830913304],[-79.855134487152085,40.456319503754045]],[[-79.855134487152085,40.456319503754045],[-79.855499267578111,40.456335830913304]]]}},
{"type":"Feature","properties":{"a":"420035232003006","b":"420035232004000"},"geometry":{"type":"MultiLineString","coordinates":[[[-79.856894016265855,40.457478722201721],[-79.856679439544678,40.457625663956897]],[[-79.856679439544678,40.457625663956897],[-79.855799674987779,40.458082814028863]],[[-79.855799674987779,40.458082814028863],[-79.855563640594468,40.45816444764295]]]}},
{"type":"Feature","properties":{"a":"420035232003006","b":"420035232004006"},"geometry":{"type":"MultiLineString","coordinates":[[[-79.85713005065918,40.457282799361579],[-79.857022762298584,40.457380760853077]],[[-79.857022762298584,40.457380760853077],[-79.856894016265855,40.457478722201721]]]}},
{"type":"Feature","properties":{"a":"420035232003006","b":"420035614001000"},"geometry":{"type":"MultiLineString","coordinates":[[[-79.855499267578111,40.456335830913304],[-79.85552072525023,40.457250145499344]],[[-79.85552072525023,40.457250145499344],[-79.855542182922349,40.457380760853077]],[[-79.855542182922349,40.457380760853077],[-79.856936931610093,40.457348107038442]],[[-79.856936931610093,40.457348107038442],[-79.85713005065918,40.457282799361579]]]}},
{"type":"Feature","properties":{"a":"420035232003008","b":"420035232003013"},"geometry":{"type":"MultiLineString","coordinates":[[[-79.853739738464341,40.453233599416933],[-79.853889942169189,40.453249927326063]],[[-79.853889942169189,40.453249927326063],[-79.853975772857666,40.453249927326063]],[[-79.853975772857666,40.453249927326063],[-79.854233264923096,40.453233599416933]]]}},
{"type":"Feature","properties":{"a":"420035232003008","b":"420035614001001"},"geometry":{"type":"MultiLineString","coordinates":[[[-79.854233264923096,40.453233599416933],[-79.854233264923096,40.453609140323032]],[[-79.854233264923096,40.453609140323032],[-79.855477809905992,40.453609140323032]],[[-79.855477809905992,40.453609140323032],[-79.855563640594468,40.454801060600943]],[[-79.855563640594468,40.454801060600943],[-79.855499267578111,40.456335830913304]]]}},
{"type":"Feature","properties":{"a":"420035232003013","b":"420035614001004"},"geometry":{"type":"LineString","coordinates":[[-79.854211807250962,40.452825400399377],[-79.854233264923096,40.453233599416933]]}},
{"type":"Feature","properties":{"a":"420035232004000","b":"420035232004002"},"geometry":{"type":"MultiLineString","coordinates":[[[-79.860112667083726,40.458866492629554],[-79.860134124755845,40.459715467464406]],[[-79.860134124755845,40.459715467464406],[-79.860177040100098,40.46040117007577]],[[-79.860177040100098,40.46040117007577],[-79.860177040100098,40.460890953370217]]]}},
{"type":"Feature","properties":{"a":"420035232004000","b":"420035232004006"},"geometry":{"type":"MultiLineString","coordinates":[[[-79.856894016265855,40.457478722201721],[-79.85725879669188,40.458523634366578]],[[-79.85725879669188,40.458523634366578],[-79.857301712036133,40.458686900424311]],[[-79.857301712036133,40.458686900424311],[-79.857301712036133,40.458915472238573]],[[-79.857301712036133,40.458915472238573],[-79.857430458068833,40.458980778328382]],[[-79.857430458068833,40.458980778328382],[-79.857881069183335,40.458980778328382]]]}},
{"type":"Feature","properties":{"a":"420035232004000","b":"420035614002000"},"geometry":{"type":"MultiLineString","coordinates":[[[-79.857881069183335,40.458980778328382],[-79.858009815216064,40.459405266364769]],[[-79.858009815216064,40.459405266364769],[-79.859619140624986,40.45935628711284]],[[-79.859619140624986,40.45935628711284],[-79.859619140624986,40.458882819169865]]]}},
{"type":"Feature","properties":{"a":"420035232004000","b":"420035614002001"},"geometry":{"type":"MultiLineString","coordinates":[[[-79.859619140624986,40.458882819169865],[-79.859962463378892,40.458866492629554]],[[-79.859962463378892,40.458866492629554],[-79.860112667083726,40.458866492629554]]]}},
{"type":"Feature","properties":{"a":"420035232004002","b":"420035232004003"},"geometry":{"type":"MultiLineString","coordinates":[[[-79.861292839050293,40.458588940837281],[-79.861378669738755,40.46046647472135]],[[-79.861378669738755,40.46046647472135],[-79.861421585082994,40.460678714381054]],[[-79.861421585082994,40.460678714381054],[-79.861807823181138,40.461446036787081]]]}},
{"type":"Feature","properties":{"a":"420035232004002","b":"420035614002002"},"geometry":{"type":"MultiLineString","coordinates":[[[-79.860112667083726,40.458866492629554],[-79.860649108886705,40.458833839537029]],[[-79.860649108886705,40.458833839537029],[-79.8606276512146,40.458588940837281]],[[-79.8606276512146,40.458588940837281],[-79.861292839050293,40.458588940837281]]]}},
{"type":"Feature","properties":{"a":"420035232004003","b":"420035232004004"},"geometry":{"type":"MultiLineString","coordinates":[[[-79.863095283508287,40.460074645895638],[-79.863073825836182,40.460956257539671]],[[-79.863073825836182,40.460956257539671],[-79.863052368164062,40.461037887662229]],[[-79.863052368164062,40.461037887662229],[-79.863052368164062,40.461413384948344]]]}},
{"type":"Feature","properties":{"a":"420035232004003","b":"420035232004005"},"geometry":{"type":"MultiLineString","coordinates":[[[-79.862494468688951,40.458572614225552],[-79.86251592636107,40.458768533304394]],[[-79.86251592636107,40.458768533304394],[-79.86262321472168,40.459160369748034]],[[-79.86262321472168,40.459160369748034],[-79.863095283508287,40.460074645895638]]]}},
{"type":"Feature","properties":{"a":"420035232004003","b":"420035614002003"},"geometry":{"type":"MultiLineString","coordinates":[[[-79.861292839050293,40.458588940837281],[-79.862194061279283,40.458572614225552]],[[-79.862194061279283,40.458572614225552],[-79.862494468688951,40.458572614225552]]]}},
{"type":"Feature","properties":{"a":"420035232004004","b":"420035232004005"},"geometry":{"type":"MultiLineString","coordinates":[[[-79.863095283508287,40.460074645895638],[-79.863953590393066,40.460058319644965]],[[-79.863953590393066,40.460058319644965],[-79.863953590393066,40.459748120128424]],[[-79.863953590393066,40.459748120128424],[-79.863932132720947,40.458572614225552]]]}},
{"type":"Feature","properties":{"a":"420035232004004","b":"420035614002005"},"geometry":{"type":"MultiLineString","coordinates":[[[-79.863932132720947,40.458572614225552],[-79.864232540130601,40.458572614225552]],[[-79.864232540130601,40.458572614225552],[-79.864811897277832,40.458556287609859]]]}},
{"type":"Feature","properties":{"a":"420035232004004","b":"420035614002006"},"geometry":{"type":"LineString","coordinates":[[-79.864811897277832,40.458556287609859],[-79.865369796752915,40.458556287609859]]}},
{"type":"Feature","properties":{"a":"420035232004005","b":"420035614002004"},"geometry":{"type":"LineString","coordinates":[[-79.862494468688951,40.458572614225552],[-79.863932132720947,40.458572614225552]]}},
{"type":"Feature","properties":{"a":"420035232004006","b":"420035614002000"},"geometry":{"type":"MultiLineString","coordinates":[[[-79.85713005065918,40.457282799361579],[-79.857280254363999,40.45723381856228]],[[-79.857280254363999,40.45723381856228],[-79.85751628875731,40.457919546503099]],[[-79.85751628875731,40.457919546503099],[-79.857881069183335,40.458980778328382]]]}},
{"type":"Feature","properties":{"a":"420035604001000","b":"420035604001001"},"geometry":{"type":"MultiLineString","coordinates":[[[-79.888072013854966,40.445787659461644],[-79.888136386871338,40.44593462678332]],[[-79.888136386871338,40.44593462678332],[-79.888265132904039,40.446114253073404]],[[-79.888265132904039,40.446114253073404],[-79.88882303237915,40.44694705960049]],[[-79.88882303237915,40.44694705960049],[-79.889938831329346,40.448188085474612]],[[-79.889938831329346,40.448188085474612],[-79.890432357788072,40.448661628780954]],[[-79.890432357788072,40.448661628780954],[-79.891376495361314,40.449412759595461]],[[-79.891376495361314,40.449412759595461],[-79.892449378967271,40.450114896026022]]]}},
{"type":"Feature","properties":{"a":"420035604001000","b":"420035604001002"},"geometry":{"type":"MultiLineString","coordinates":[[[-79.887363910675035,40.445885637711804],[-79.887256622314439,40.445624362060656]],[[-79.887256622314439,40.445624362060656],[-79.887256622314439,40.445477394060553]],[[-79.888179302215576,40.447665551057504],[-79.888479709625244,40.447714538831697]],[[-79.888479709625244,40.447714538831697],[-79.888436794281006,40.447616563247614]],[[-79.888436794281006,40.447616563247614],[-79.887943267822266,40.44694705960049]],[[-79.887943267822266,40.44694705960049],[-79.887642860412583,40.446473504213429]],[[-79.887642860412583,40.446473504213429],[-79.887363910675035,40.445885637711804]]]}},
{"type":"Feature","properties":{"a":"420035604001000","b":"420035604001004"},"geometry":{"type":"MultiLineString","coordinates":[[[-79.887256622314439,40.445477394060553],[-79.887621402740479,40.445608032298736]],[[-79.887621402740479,40.445608032298736],[-79.887814521789551,40.445689681068657]],[[-79.887814521789551,40.445689681068657],[-79.888072013854966,40.445787659461644]]]}},
{"type":"Feature","properties":{"a":"420035604001001","b":"420035604001003"},"geometry":{"type":"LineString","coordinates":[[-79.887557029724107,40.444791539144404],[-79.887685775756822,40.444660899319288]]}},
{"type":"Feature","properties":{"a":"420035604001001","b":"420035604001004"},"geometry":{"type":"MultiLineString","coordinates":[[[-79.888072013854966,40.445787659461644],[-79.88798618316649,40.44564069181861]],[[-79.88798618316649,40.44564069181861],[-79.887557029724107,40.444791539144404]]]}},
{"type":"Feature","properties":{"a":"420035604001001","b":"420035604001005"},"geometry":{"type":"MultiLineString","coordinates":[[[-79.887814521789551,40.444693559299367],[-79.888072013854966,40.445330425739108]],[[-79.888072013854966,40.445330425739108],[-79.888479709625244,40.446032604819244]],[[-79.888479709625244,40.446032604819244],[-79.88884449005127,40.446571481463813]],[[-79.88884449005127,40.446571481463813],[-79.889144897460938,40.44694705960049]],[[-79.889144897460938,40.44694705960049],[-79.889917373657227,40.44781251427294]],[[-79.889917373657227,40.44781251427294],[-79.890754222869859,40.44857998362135]],[[-79.890754222869859,40.44857998362135],[-79.891612529754624,40.449249471002091]],[[-79.891612529754624,40.449249471002091],[-79.892513751983643,40.449869965546199]]]}},
{"type":"Feature","properties":{"a":"420035604001001","b":"420035604001019"},"geometry":{"type":"MultiLineString","coordinates":[[[-79.887685775756822,40.444660899319288],[-79.887707233428941,40.444660899319288]],[[-79.887707233428941,40.444660899319288],[-79.887793064117432,40.444693559299367]],[[-79.887793064117432,40.444693559299367],[-79.887814521789551,40.444693559299367]]]}},
{"type":"Feature","properties":{"a":"420035604001002","b":"420035604001003"},"geometry":{"type":"MultiLineString","coordinates":[[[-79.886827468872056,40.445330425739108],[-79.887192249298081,40.445461064262929]],[[-79.887192249298081,40.445461064262929],[-79.887256622314439,40.445477394060553]]]}},
{"type":"Feature","properties":{"a":"420035604001002","b":"420035648002014"},"geometry":{"type":"MultiLineString","coordinates":[[[-79.885969161987305,40.446832753433235],[-79.88609790802002,40.446587810991659]],[[-79.88609790802002,40.446587810991659],[-79.886162281036363,40.446522492856467]],[[-79.885926246643066,40.446898071266894],[-79.885969161987305,40.446832753433235]]]}},
{"type":"Feature","properties":{"a":"420035604001002","b":"420035648002026"},"geometry":{"type":"MultiLineString","coordinates":[[[-79.886376857757554,40.446114253073404],[-79.886462688446045,40.445967286144494]],[[-79.886462688446045,40.445967286144494],[-79.886741638183594,40.445493723854213]],[[-79.886741638183594,40.445493723854213],[-79.886827468872056,40.445330425739108]]]}},
{"type":"Feature","properties":{"a":"420035604001002","b":"420035648002027"},"geometry":{"type":"LineString","coordinates":[[-79.886162281036363,40.446522492856467],[-79.886376857757554,40.446114253073404]]}},
{"type":"Feature","properties":{"a":"420035604001003","b":"420035604001004"},"geometry":{"type":"MultiLineString","coordinates":[[[-79.887557029724107,40.444791539144404],[-79.887471199035645,40.444971168489353]],[[-79.887471199035645,40.444971168489353],[-79.887471199035645,40.445036488132132]],[[-79.887471199035645,40.445036488132132],[-79.887256622314439,40.445477394060553]]]}},
{"type":"Feature","properties":{"a":"420035604001003","b":"420035647003005"},"geometry":{"type":"MultiLineString","coordinates":[[[-79.887127876281738,40.444464939105536],[-79.887342453002915,40.444530259240267]],[[-79.887342453002915,40.444530259240267],[-79.887471199035645,40.44457924929965]]]}},
{"type":"Feature","properties":{"a":"420035604001003","b":"420035647003006"},"geometry":{"type":"MultiLineString","coordinates":[[[-79.887471199035645,40.44457924929965],[-79.887578487396226,40.444611909319413]],[[-79.887578487396226,40.444611909319413],[-79.887642860412583,40.444644569323287]],[[-79.887642860412583,40.444644569323287],[-79.887685775756822,40.444660899319288]]]}},
{"type":"Feature","properties":{"a":"420035604001003","b":"420035648002029"},"geometry":{"type":"MultiLineString","coordinates":[[[-79.886827468872056,40.445330425739108],[-79.887149333953857,40.444758879211925]],[[-79.887149333953857,40.444758879211925],[-79.887170791625962,40.444611909319413]],[[-79.887170791625962,40.444611909319413],[-79.887127876281738,40.444464939105536]]]}},
{"type":"Feature","properties":{"a":"420035604001005","b":"420035604001006"},"geometry":{"type":"MultiLineString","coordinates":[[[-79.892406463623033,40.448384034833637],[-79.892578124999986,40.448449351159688]],[[-79.892578125,40.448449351159688],[-79.892728328704834,40.448498338362569]],[[-79.892728328704834,40.448498338362569],[-79.892792701721191,40.448514667422259]]]}},
{"type":"Feature","properties":{"a":"420035604001005","b":"420035604001007"},"geometry":{"type":"MultiLineString","coordinates":[[[-79.891312122344971,40.445852978310953],[-79.890904426574707,40.446587810991659]],[[-79.890904426574707,40.446587810991659],[-79.89081859588623,40.446767435536096]],[[-79.89081859588623,40.446767435536096],[-79.890711307525621,40.44694705960049]],[[-79.890711307525621,40.44694705960049],[-79.890325069427476,40.447632892521554]],[[-79.890325069427476,40.447632892521554],[-79.892277717590318,40.448286060225549]]]}},
{"type":"Feature","properties":{"a":"420035604001005","b":"420035604001008"},"geometry":{"type":"MultiLineString","coordinates":[[[-79.88957405090332,40.445281436227212],[-79.889659881591783,40.445314095905772]],[[-79.889659881591783,40.445314095905772],[-79.890968799591064,40.445738670282992]],[[-79.890968799591064,40.445738670282992],[-79.891312122344971,40.445852978310953]]]}},
{"type":"Feature","properties":{"a":"420035604001005","b":"420035604001018"},"geometry":{"type":"MultiLineString","coordinates":[[[-79.888114929199219,40.444791539144404],[-79.888415336608873,40.444889518846608]],[[-79.888415336608873,40.444889518846608],[-79.88873720169066,40.445003828318676]],[[-79.88873720169066,40.445003828318676],[-79.88957405090332,40.445281436227212]]]}},
{"type":"Feature","properties":{"a":"420035604001005","b":"420035604001019"},"geometry":{"type":"MultiLineString","coordinates":[[[-79.887814521789551,40.444693559299367],[-79.887878894805894,40.444709889283459]],[[-79.887878894805894,40.444709889283459],[-79.888050556182847,40.44477520918015]],[[-79.888050556182847,40.44477520918015],[-79.888114929199219,40.444791539144404]]]}},
{"type":"Feature","properties":{"a":"420035604001006","b":"420035604001007"},"geometry":{"type":"MultiLineString","coordinates":[[[-79.892578125,40.448024793905688],[-79.892814159393325,40.447747197327985]],[[-79.892814159393325,40.447747197327985],[-79.892942905426025,40.447567575402019]],[[-79.892942905426025,40.447567575402019],[-79.893007278442397,40.447502258219011]],[[-79.892342090606689,40.448335047547445],[-79.892578124999986,40.448024793905688]]]}},
{"type":"Feature","properties":{"a":"420035604001007","b":"420035604001009"},"geometry":{"type":"MultiLineString","coordinates":[[[-79.891612529754624,40.445967286144494],[-79.892513751983643,40.446261219680956]],[[-79.892513751983643,40.446261219680956],[-79.892578124999986,40.44627754928419]],[[-79.891312122344971,40.445852978310953],[-79.891612529754624,40.445967286144494]],[[-79.892578125,40.44627754928419],[-79.892814159393325,40.446359197240795]]]}},
{"type":"Feature","properties":{"a":"420035604001007","b":"420035604001010"},"geometry":{"type":"MultiLineString","coordinates":[[[-79.892814159393325,40.446359197240795],[-79.893093109130859,40.44644084509823]],[[-79.893093109130859,40.44644084509823],[-79.89317893981935,40.446489833765078]],[[-79.89317893981935,40.446489833765078],[-79.893221855163574,40.446489833765078]]]}},
{"type":"Feature","properties":{"a":"420035604001008","b":"420035604001009"},"geometry":{"type":"MultiLineString","coordinates":[[[-79.891762733459458,40.445052818032906],[-79.891655445098877,40.445216116822465]],[[-79.891655445098877,40.445216116822465],[-79.891397953033433,40.445706010810738]],[[-79.891397953033433,40.445706010810738],[-79.891312122344971,40.445852978310953]]]}},
{"type":"Feature","properties":{"a":"420035604001008","b":"420035604001011"},"geometry":{"type":"MultiLineString","coordinates":[[[-79.891934394836412,40.444644569323287],[-79.891891479492188,40.444726219263586]],[[-79.891891479492188,40.444726219263586],[-79.891848564147949,40.444889518846608]],[[-79.891848564147949,40.444889518846608],[-79.891762733459458,40.445052818032906]]]}},
{"type":"Feature","properties":{"a":"420035604001008","b":"420035604001017"},"geometry":{"type":"MultiLineString","coordinates":[[[-79.890239238739014,40.444089347098988],[-79.89058256149292,40.444203657931851]],[[-79.89058256149292,40.444203657931851],[-79.891591072082505,40.444530259240267]],[[-79.891591072082505,40.444530259240267],[-79.891934394836412,40.444644569323287]]]}},
{"type":"Feature","properties":{"a":"420035604001008","b":"420035604001018"},"geometry":{"type":"MultiLineString","coordinates":[[[-79.88957405090332,40.445281436227212],[-79.889745712280259,40.444954838568734]],[[-79.889745712280259,40.444954838568734],[-79.889810085296631,40.444873188906165]]]}},
{"type":"Feature","properties":{"a":"420035604001008","b":"420035604001020"},"geometry":{"type":"MultiLineString","coordinates":[[[-79.889810085296631,40.444873188906165],[-79.889853000640869,40.444791539144404]],[[-79.889853000640869,40.444791539144404],[-79.889981746673556,40.444562919283818]],[[-79.889981746673556,40.444562919283818],[-79.890024662017808,40.444481269145165]]]}},
{"type":"Feature","properties":{"a":"420035604001008","b":"420035604001021"},"geometry":{"type":"MultiLineString","coordinates":[[[-79.890024662017808,40.444481269145165],[-79.890067577362046,40.444399618907319]],[[-79.890067577362046,40.444399618907319],[-79.890196323394775,40.444170997713726]],[[-79.890196323394775,40.444170997713726],[-79.890239238739014,40.444089347098988]]]}},
{"type":"Feature","properties":{"a":"420035604001009","b":"420035604001010"},"geometry":{"type":"MultiLineString","coordinates":[[[-79.89307165145874,40.445477394060553],[-79.893028736114516,40.445657021572586]],[[-79.893028736114516,40.445657021572586],[-79.892878532409668,40.446195901228393]],[[-79.892878532409668,40.446195901228393],[-79.892814159393325,40.446359197240795]]]}},
{"type":"Feature","properties":{"a":"420035604001009","b":"420035604001011"},"geometry":{"type":"MultiLineString","coordinates":[[[-79.891762733459458,40.445052818032906],[-79.891891479492188,40.445101807711431]],[[-79.891891479492188,40.445101807711431],[-79.89232063293457,40.445232446679604]],[[-79.89232063293457,40.445232446679604],[-79.892449378967271,40.445281436227212]]]}},
{"type":"Feature","properties":{"a":"420035604001009","b":"420035604001012"},"geometry":{"type":"MultiLineString","coordinates":[[[-79.892449378967271,40.445281436227212],[-79.892578124999986,40.445314095905772]],[[-79.892964363098159,40.445444734461333],[-79.89307165145874,40.445477394060553]],[[-79.892578125,40.445314095905772],[-79.892964363098159,40.445444734461333]]]}},
{"type":"Feature","properties":{"a":"420035604001010","b":"420035604001012"},"geometry":{"type":"MultiLineString","coordinates":[[[-79.89307165145874,40.445477394060553],[-79.893093109130859,40.445461064262929]],[[-79.893093109130859,40.445461064262929],[-79.893093109130859,40.445395745032762]],[[-79.893093109130859,40.445395745032762],[-79.893114566802979,40.445379415215292]]]}},
{"type":"Feature","properties":{"a":"420035604001010","b":"420035604001013"},"geometry":{"type":"MultiLineString","coordinates":[[[-79.893114566802979,40.445379415215292],[-79.893157482147231,40.445395745032762]],[[-79.893157482147231,40.445395745032762],[-79.893264770507812,40.445428404655772]],[[-79.893264770507812,40.445428404655772],[-79.893436431884766,40.445493723854213]]]}},
{"type":"Feature","properties":{"a":"420035604001011","b":"420035604001012"},"geometry":{"type":"MultiLineString","coordinates":[[[-79.892663955688491,40.444611909319413],[-79.892578125,40.444905848783094]],[[-79.892706871032715,40.444432279014364],[-79.892663955688491,40.444611909319413]],[[-79.892578124999986,40.444905848783094],[-79.892513751983643,40.445118137596346]],[[-79.892513751983643,40.445118137596346],[-79.892449378967271,40.445281436227212]]]}},
{"type":"Feature","properties":{"a":"420035604001011","b":"420035604001015"},"geometry":{"type":"MultiLineString","coordinates":[[[-79.892578125,40.444399618907319],[-79.892599582672119,40.444399618907319]],[[-79.892599582672119,40.444399618907319],[-79.892706871032715,40.444432279014364]],[[-79.892084598541246,40.444219988034952],[-79.892213344573975,40.44426897832048]],[[-79.892213344573975,40.44426897832048],[-79.892578124999986,40.444399618907319]]]}},
{"type":"Feature","properties":{"a":"420035604001011","b":"420035604001017"},"geometry":{"type":"MultiLineString","coordinates":[[[-79.891934394836412,40.444644569323287],[-79.891955852508531,40.444562919283818]],[[-79.891955852508531,40.444562919283818],[-79.892063140869126,40.444301638490998]],[[-79.892063140869126,40.444301638490998],[-79.892084598541246,40.444219988034952]]]}},
{"type":"Feature","properties":{"a":"420035604001012","b":"420035604001013"},"geometry":{"type":"MultiLineString","coordinates":[[[-79.893350601196303,40.444562919283818],[-79.893307685852065,40.444726219263586]],[[-79.893307685852065,40.444726219263586],[-79.893157482147231,40.445216116822465]],[[-79.893157482147231,40.445216116822465],[-79.893114566802979,40.445379415215292]]]}},
{"type":"Feature","properties":{"a":"420035604001012","b":"420035604001015"},"geometry":{"type":"MultiLineString","coordinates":[[[-79.892706871032715,40.444432279014364],[-79.893200397491455,40.444546589264029]],[[-79.893200397491455,40.444546589264029],[-79.893221855163574,40.444562919283818]],[[-79.893221855163574,40.444562919283818],[-79.893350601196303,40.444562919283818]]]}},
{"type":"Feature","properties":{"a":"420035604001013","b":"420035604001014"},"geometry":{"type":"MultiLineString","coordinates":[[[-79.893350601196303,40.444562919283818],[-79.893500804901137,40.444562919283818]],[[-79.893500804901137,40.444562919283818],[-79.8935866355896,40.444595579311517]]]}},
{"type":"Feature","properties":{"a":"420035604001014","b":"420035604001015"},"geometry":{"type":"MultiLineString","coordinates":[[[-79.893350601196303,40.444562919283818],[-79.893393516540542,40.444399618907319]],[[-79.893393516540542,40.444399618907319],[-79.893543720245361,40.443942375742523]],[[-79.893543720245361,40.443942375742523],[-79.8935866355896,40.443779073858444]]]}},
{"type":"Feature","properties":{"a":"420035604001014","b":"420035604002004"},"geometry":{"type":"LineString","coordinates":[[-79.8935866355896,40.443779073858444],[-79.893758296966553,40.443828064465322]]}},
{"type":"Feature","properties":{"a":"420035604001015","b":"420035604001016"},"geometry":{"type":"MultiLineString","coordinates":[[[-79.892148971557603,40.444056686825327],[-79.89232063293457,40.443550450554227]],[[-79.89232063293457,40.443550450554227],[-79.892363548278809,40.443370817412557]],[[-79.892084598541246,40.444219988034952],[-79.892148971557603,40.444056686825327]]]}},
{"type":"Feature","properties":{"a":"420035604001015","b":"420035604002004"},"geometry":{"type":"MultiLineString","coordinates":[[[-79.892363548278809,40.443370817412557],[-79.892578124999986,40.443452468900098]],[[-79.892578125,40.443452468900098],[-79.893007278442397,40.44358311107387]],[[-79.893007278442397,40.44358311107387],[-79.8935866355896,40.443779073858444]]]}},
{"type":"Feature","properties":{"a":"420035604001016","b":"420035604001017"},"geometry":{"type":"MultiLineString","coordinates":[[[-79.892084598541246,40.444219988034952],[-79.891977310180664,40.444187327824764]],[[-79.891977310180664,40.444187327824764],[-79.891676902770996,40.444089347098988]],[[-79.891676902770996,40.444089347098988],[-79.8915696144104,40.444040356682542]]]}},
{"type":"Feature","properties":{"a":"420035604001016","b":"420035604001023"},"geometry":{"type":"MultiLineString","coordinates":[[[-79.8915696144104,40.444040356682542],[-79.891591072082505,40.443958705909118]],[[-79.891591072082505,40.443958705909118],[-79.891676902770996,40.44371375299373]],[[-79.891676902770996,40.44371375299373],[-79.89171981811522,40.443615771577633]]]}},
{"type":"Feature","properties":{"a":"420035604001016","b":"420035604001024"},"geometry":{"type":"MultiLineString","coordinates":[[[-79.89171981811522,40.443615771577633],[-79.891827106475816,40.443289165825817]],[[-79.891827106475816,40.443289165825817],[-79.891827106475816,40.443256505163362]],[[-79.891827106475816,40.443256505163362],[-79.891848564147949,40.443207514139907]]]}},
{"type":"Feature","properties":{"a":"420035604001016","b":"420035604002003"},"geometry":{"type":"MultiLineString","coordinates":[[[-79.891848564147949,40.443207514139907],[-79.891955852508531,40.443240174826173]],[[-79.891955852508531,40.443240174826173],[-79.892256259918199,40.443338156789757]],[[-79.892256259918199,40.443338156789757],[-79.892363548278809,40.443370817412557]]]}},
{"type":"Feature","properties":{"a":"420035604001017","b":"420035604001021"},"geometry":{"type":"MultiLineString","coordinates":[[[-79.890239238739014,40.444089347098988],[-79.890303611755371,40.444007696385064]],[[-79.890303611755371,40.444007696385064],[-79.890475273132324,40.443681092537574]]]}},
{"type":"Feature","properties":{"a":"420035604001017","b":"420035604001023"},"geometry":{"type":"MultiLineString","coordinates":[[[-79.890475273132324,40.443681092537574],[-79.89073276519774,40.443779073858444]],[[-79.89073276519774,40.443779073858444],[-79.8915696144104,40.444040356682542]]]}},
{"type":"Feature","properties":{"a":"420035604001018","b":"420035604001019"},"geometry":{"type":"LineString","coordinates":[[-79.888114929199219,40.444791539144404],[-79.887964725494385,40.444285308407721]]}},
{"type":"Feature","properties":{"a":"420035604001018","b":"420035604001020"},"geometry":{"type":"MultiLineString","coordinates":[[[-79.887964725494385,40.444285308407721],[-79.8880934715271,40.444317968570303]],[[-79.8880934715271,40.444317968570303],[-79.889810085296631,40.444873188906165]]]}},
{"type":"Feature","properties":{"a":"420035604001019","b":"420035604001020"},"geometry":{"type":"MultiLineString","coordinates":[[[-79.887471199035645,40.442701271473517],[-79.887664318084703,40.443272835496579]],[[-79.887664318084703,40.443272835496579],[-79.887750148773193,40.443517790018717]],[[-79.887750148773193,40.443517790018717],[-79.887964725494385,40.444285308407721]]]}},
{"type":"Feature","properties":{"a":"420035604001019","b":"420035604001027"},"geometry":{"type":"MultiLineString","coordinates":[[[-79.887127876281738,40.442570627585873],[-79.887149333953857,40.442586958085712]],[[-79.887149333953857,40.442586958085712],[-79.887213706970201,40.442619619073497]],[[-79.887213706970201,40.442619619073497],[-79.887471199035645,40.442701271473517]]]}},
{"type":"Feature","properties":{"a":"420035604001019","b":"420035647003006"},"geometry":{"type":"MultiLineString","coordinates":[[[-79.887685775756822,40.444660899319288],[-79.887578487396226,40.444236318134095]],[[-79.887578487396226,40.444236318134095],[-79.88723516464232,40.442995219292371]],[[-79.88723516464232,40.442995219292371],[-79.887127876281738,40.442570627585873]]]}},
{"type":"Feature","properties":{"a":"420035604001020","b":"420035604001021"},"geometry":{"type":"MultiLineString","coordinates":[[[-79.888200759887695,40.442929897665934],[-79.887921810150132,40.443403478019469]],[[-79.887921810150132,40.443403478019469],[-79.887943267822266,40.443795404064709]],[[-79.887943267822266,40.443795404064709],[-79.890024662017808,40.444481269145165]]]}},
{"type":"Feature","properties":{"a":"420035604001020","b":"420035604001026"},"geometry":{"type":"MultiLineString","coordinates":[[[-79.887471199035645,40.442701271473517],[-79.887793064117432,40.442799254222628]],[[-79.887793064117432,40.442799254222628],[-79.888200759887695,40.442929897665934]]]}},
{"type":"Feature","properties":{"a":"420035604001021","b":"420035604001022"},"geometry":{"type":"MultiLineString","coordinates":[[[-79.888200759887695,40.442929897665934],[-79.888865947723389,40.443142192719776]],[[-79.888865947723389,40.443142192719776],[-79.889016151428208,40.443207514139907]],[[-79.889016151428208,40.443207514139907],[-79.890475273132324,40.443681092537574]]]}},
{"type":"Feature","properties":{"a":"420035604001022","b":"420035604001023"},"geometry":{"type":"MultiLineString","coordinates":[[[-79.890689849853501,40.443289165825817],[-79.890646934509277,40.443370817412557]],[[-79.890646934509277,40.443370817412557],[-79.890518188476562,40.443599441327734]],[[-79.890518188476562,40.443599441327734],[-79.890475273132324,40.443681092537574]]]}},
{"type":"Feature","properties":{"a":"420035604001022","b":"420035604001025"},"geometry":{"type":"MultiLineString","coordinates":[[[-79.888415336608873,40.442537966574292],[-79.888887405395508,40.442684941001446]],[[-79.888887405395508,40.442684941001446],[-79.890239238739014,40.443142192719776]],[[-79.890239238739014,40.443142192719776],[-79.890689849853501,40.443289165825817]]]}},
{"type":"Feature","properties":{"a":"420035604001022","b":"420035604001026"},"geometry":{"type":"MultiLineString","coordinates":[[[-79.888200759887695,40.442929897665934],[-79.888243675231919,40.442848245543622]],[[-79.888243675231919,40.442848245543622],[-79.888372421264634,40.442619619073497]],[[-79.888372421264634,40.442619619073497],[-79.888415336608873,40.442537966574292]]]}},
{"type":"Feature","properties":{"a":"420035604001023","b":"420035604001024"},"geometry":{"type":"MultiLineString","coordinates":[[[-79.890689849853501,40.443289165825817],[-79.890904426574707,40.443370817412557]],[[-79.890904426574707,40.443370817412557],[-79.891505241394043,40.44356678081602]],[[-79.891505241394043,40.44356678081602],[-79.89171981811522,40.443615771577633]]]}},
{"type":"Feature","properties":{"a":"420035604001024","b":"420035604001025"},"geometry":{"type":"LineString","coordinates":[[-79.890689849853501,40.443289165825817],[-79.890925884246826,40.442897236828905]]}},
{"type":"Feature","properties":{"a":"420035604001024","b":"420035604002003"},"geometry":{"type":"MultiLineString","coordinates":[[[-79.890925884246826,40.442897236828905],[-79.891591072082505,40.443125862354819]],[[-79.891591072082505,40.443125862354819],[-79.891762733459458,40.443174853437775]],[[-79.891762733459458,40.443174853437775],[-79.891848564147949,40.443207514139907]]]}},
{"type":"Feature","properties":{"a":"420035604001025","b":"420035604001026"},"geometry":{"type":"MultiLineString","coordinates":[[[-79.888415336608873,40.442537966574292],[-79.888479709625244,40.442456313975903]],[[-79.888479709625244,40.442456313975903],[-79.888608455657945,40.442227686172771]],[[-79.888608455657945,40.442227686172771],[-79.888651371002183,40.442146033197488]]]}},
{"type":"Feature","properties":{"a":"420035604001025","b":"420035604002002"},"geometry":{"type":"LineString","coordinates":[[-79.888651371002183,40.442146033197488],[-79.890925884246826,40.442897236828905]]}},
{"type":"Feature","properties":{"a":"420035604001026","b":"420035604001027"},"geometry":{"type":"MultiLineString","coordinates":[[[-79.887471199035645,40.442701271473517],[-79.887278079986572,40.442064380123021]],[[-79.887278079986572,40.442064380123021],[-79.887170791625962,40.441688774703046]]]}},
{"type":"Feature","properties":{"a":"420035604001026","b":"420035604002000"},"geometry":{"type":"LineString","coordinates":[[-79.887170791625962,40.441688774703046],[-79.887256622314439,40.441672443984999]]}},
{"type":"Feature","properties":{"a":"420035604001026","b":"420035604002001"},"geometry":{"type":"MultiLineString","coordinates":[[[-79.887256622314439,40.441672443984999],[-79.887385368347154,40.441721436127217]],[[-79.887385368347154,40.441721436127217],[-79.888372421264634,40.442048049496236]],[[-79.888372421264634,40.442048049496236],[-79.888651371002183,40.442146033197488]]]}},
{"type":"Feature","properties":{"a":"420035604001027","b":"420035604002000"},"geometry":{"type":"MultiLineString","coordinates":[[[-79.886913299560533,40.440643600750398],[-79.886891841888414,40.440725255550618]],[[-79.886891841888414,40.440725255550618],[-79.886891841888414,40.440806910251659]],[[-79.886891841888414,40.440806910251659],[-79.887170791625962,40.441688774703046]]]}},
{"type":"Feature","properties":{"a":"420035604001027","b":"420035604002012"},"geometry":{"type":"MultiLineString","coordinates":[[[-79.886548519134507,40.440496621860071],[-79.88659143447876,40.440512952863742]],[[-79.88659143447876,40.440512952863742],[-79.886612892150879,40.440512952863742]],[[-79.886612892150879,40.440512952863742],[-79.886913299560533,40.440643600750398]]]}},
{"type":"Feature","properties":{"a":"420035604001027","b":"420035647003008"},"geometry":{"type":"MultiLineString","coordinates":[[[-79.887127876281738,40.442570627585873],[-79.886891841888414,40.441786758927982]],[[-79.886891841888414,40.441786758927982],[-79.886848926544175,40.44159079033529]],[[-79.886848926544175,40.44159079033529],[-79.886548519134507,40.440496621860071]]]}},
{"type":"Feature","properties":{"a":"420035604002000","b":"420035604002001"},"geometry":{"type":"MultiLineString","coordinates":[[[-79.887685775756822,40.440888564853516],[-79.887428283691406,40.441345828791043]],[[-79.887428283691406,40.441345828791043],[-79.887299537658691,40.441558128847632]],[[-79.887299537658691,40.441558128847632],[-79.887256622314439,40.441672443984999]]]}},
{"type":"Feature","properties":{"a":"420035604002000","b":"420035604002011"},"geometry":{"type":"LineString","coordinates":[[-79.886913299560533,40.440643600750398],[-79.887685775756822,40.440888564853516]]}},
{"type":"Feature","properties":{"a":"420035604002001","b":"420035604002002"},"geometry":{"type":"MultiLineString","coordinates":[[[-79.889101982116685,40.441345828791043],[-79.889016151428208,40.441509136586383]],[[-79.889016151428208,40.441509136586383],[-79.88873720169066,40.441982726949384]],[[-79.88873720169066,40.441982726949384],[-79.888651371002183,40.442146033197488]]]}},
{"type":"Feature","properties":{"a":"420035604002001","b":"420035604002010"},"geometry":{"type":"LineString","coordinates":[[-79.887685775756822,40.440888564853516],[-79.889101982116685,40.441345828791043]]}},
{"type":"Feature","properties":{"a":"420035604002002","b":"420035604002003"},"geometry":{"type":"MultiLineString","coordinates":[[[-79.891269207000718,40.442048049496236],[-79.891269207000718,40.442211355585648]],[[-79.891269207000718,40.442211355585648],[-79.891204833984375,40.442407322369263]],[[-79.891204833984375,40.442407322369263],[-79.890925884246826,40.442897236828905]]]}},
{"type":"Feature","properties":{"a":"420035604002002","b":"420035604002007"},"geometry":{"type":"MultiLineString","coordinates":[[[-79.889101982116685,40.441345828791043],[-79.889531135559082,40.441492805824701]],[[-79.889531135559082,40.441492805824701],[-79.890689849853501,40.441884743010093]],[[-79.890689849853501,40.441884743010093],[-79.891269207000718,40.442048049496236]]]}},
{"type":"Feature","properties":{"a":"420035604002003","b":"420035604002004"},"geometry":{"type":"MultiLineString","coordinates":[[[-79.892385005950928,40.442276677910328],[-79.892406463623033,40.44248897502716]],[[-79.892406463623033,40.44248897502716],[-79.892406463623033,40.443256505163362]],[[-79.892406463623033,40.443256505163362],[-79.892363548278809,40.443370817412557]]]}},
{"type":"Feature","properties":{"a":"420035604002003","b":"420035604002006"},"geometry":{"type":"MultiLineString","coordinates":[[[-79.891269207000718,40.442048049496236],[-79.891419410705552,40.442244016755922]],[[-79.891419410705552,40.442244016755922],[-79.891548156738281,40.442309339048869]],[[-79.891548156738281,40.442309339048869],[-79.892385005950928,40.442276677910328]]]}},
{"type":"Feature","properties":{"a":"420035604002004","b":"420035604002005"},"geometry":{"type":"MultiLineString","coordinates":[[[-79.892385005950928,40.442276677910328],[-79.892578124999986,40.442276677910328]],[[-79.892578125,40.442276677910328],[-79.89369392395021,40.442293008481577]],[[-79.89369392395021,40.442293008481577],[-79.894037246704116,40.442293008481577]],[[-79.894037246704116,40.442293008481577],[-79.894080162048354,40.442309339048869]]]}},
{"type":"Feature","properties":{"a":"420035604002005","b":"420035604002006"},"geometry":{"type":"MultiLineString","coordinates":[[[-79.892363548278809,40.441313167184376],[-79.892385005950928,40.441247843923421]],[[-79.892385005950928,40.442276677910328],[-79.892385005950928,40.441460144289437]],[[-79.892385005950928,40.441460144289437],[-79.892363548278809,40.441313167184376]]]}},
{"type":"Feature","properties":{"a":"420035604002005","b":"420035605001005"},"geometry":{"type":"MultiLineString","coordinates":[[[-79.892578125,40.441247843923421],[-79.893157482147231,40.441231513098259]],[[-79.893157482147231,40.441231513098259],[-79.893372058868422,40.441231513098259]],[[-79.892385005950928,40.441247843923421],[-79.892578124999986,40.441247843923421]]]}},
{"type":"Feature","properties":{"a":"420035604002005","b":"420035605001006"},"geometry":{"type":"MultiLineString","coordinates":[[[-79.893372058868422,40.441231513098259],[-79.894273281097412,40.441231513098259]],[[-79.894273281097412,40.441231513098259],[-79.894359111785903,40.441166189757965]]]}},
{"type":"Feature","properties":{"a":"420035604002006","b":"420035604002007"},"geometry":{"type":"LineString","coordinates":[[-79.891269207000718,40.442048049496236],[-79.891269207000718,40.44157445959344]]}},
{"type":"Feature","properties":{"a":"420035604002006","b":"420035604002008"},"geometry":{"type":"LineString","coordinates":[[-79.891269207000718,40.44157445959344],[-79.891269207000718,40.441133528064]]}},
{"type":"Feature","properties":{"a":"420035604002006","b":"420035605001003"},"geometry":{"type":"MultiLineString","coordinates":[[[-79.891269207000718,40.441133528064],[-79.891376495361314,40.441182520598979]],[[-79.891376495361314,40.441182520598979],[-79.891505241394043,40.441215182269126]],[[-79.891505241394043,40.441215182269126],[-79.891805648803697,40.441231513098259]]]}},
{"type":"Feature","properties":{"a":"420035604002006","b":"420035605001004"},"geometry":{"type":"MultiLineString","coordinates":[[[-79.891805648803697,40.441231513098259],[-79.891934394836412,40.441247843923421]],[[-79.891934394836412,40.441247843923421],[-79.892213344573975,40.441264174744603]],[[-79.892213344573975,40.441264174744603],[-79.892385005950928,40.441247843923421]]]}},
{"type":"Feature","properties":{"a":"420035604002007","b":"420035604002008"},"geometry":{"type":"MultiLineString","coordinates":[[[-79.889316558837876,40.440953888463589],[-79.890882968902588,40.441460144289437]],[[-79.890882968902588,40.441460144289437],[-79.891161918640137,40.441558128847632]],[[-79.891161918640137,40.441558128847632],[-79.891269207000718,40.44157445959344]]]}},
{"type":"Feature","properties":{"a":"420035604002007","b":"420035604002010"},"geometry":{"type":"MultiLineString","coordinates":[[[-79.889101982116685,40.441345828791043],[-79.889144897460938,40.441264174744603]],[[-79.889144897460938,40.441264174744603],[-79.889273643493638,40.441035542886922]],[[-79.889273643493638,40.441035542886922],[-79.889316558837876,40.440953888463589]]]}},
{"type":"Feature","properties":{"a":"420035604002008","b":"420035604002009"},"geometry":{"type":"MultiLineString","coordinates":[[[-79.889316558837876,40.440953888463589],[-79.889359474182115,40.440872233941079]],[[-79.889359474182115,40.440872233941079],[-79.889509677886963,40.440643600750398]],[[-79.889509677886963,40.440643600750398],[-79.889552593231201,40.440561945851002]]]}},
{"type":"Feature","properties":{"a":"420035604002008","b":"420035605001002"},"geometry":{"type":"LineString","coordinates":[[-79.889552593231201,40.440561945851002],[-79.891269207000718,40.441133528064]]}},
{"type":"Feature","properties":{"a":"420035604002009","b":"420035604002010"},"geometry":{"type":"LineString","coordinates":[[-79.889316558837876,40.440953888463589],[-79.887900352478013,40.440512952863742]]}},
{"type":"Feature","properties":{"a":"420035604002009","b":"420035604002011"},"geometry":{"type":"LineString","coordinates":[[-79.887900352478013,40.440512952863742],[-79.887793064117432,40.44048029085242]]}},
{"type":"Feature","properties":{"a":"420035604002009","b":"420035604002013"},"geometry":{"type":"MultiLineString","coordinates":[[[-79.887793064117432,40.44048029085242],[-79.887964725494385,40.440398635754647]],[[-79.887964725494385,40.440398635754647],[-79.888114929199219,40.440153669866277]],[[-79.888114929199219,40.440153669866277],[-79.888157844543457,40.440104676581484]]]}},
{"type":"Feature","properties":{"a":"420035604002009","b":"420035605001001"},"geometry":{"type":"MultiLineString","coordinates":[[[-79.888157844543457,40.440104676581484],[-79.888586997985826,40.440235325261575]],[[-79.888586997985826,40.440235325261575],[-79.889552593231201,40.440561945851002]]]}},
{"type":"Feature","properties":{"a":"420035604002010","b":"420035604002011"},"geometry":{"type":"LineString","coordinates":[[-79.887685775756822,40.440888564853516],[-79.887900352478013,40.440512952863742]]}},
{"type":"Feature","properties":{"a":"420035604002011","b":"420035604002012"},"geometry":{"type":"LineString","coordinates":[[-79.886913299560533,40.440643600750398],[-79.887793064117432,40.44048029085242]]}},
{"type":"Feature","properties":{"a":"420035604002012","b":"420035604002013"},"geometry":{"type":"MultiLineString","coordinates":[[[-79.88648414611815,40.440088345478628],[-79.886612892150879,40.440104676581484]],[[-79.886612892150879,40.440104676581484],[-79.887793064117432,40.44048029085242]]]}},
{"type":"Feature","properties":{"a":"420035604002012","b":"420035647003032"},"geometry":{"type":"MultiLineString","coordinates":[[[-79.886548519134507,40.440496621860071],[-79.886527061462388,40.440398635754647]],[[-79.886527061462388,40.440398635754647],[-79.88648414611815,40.440088345478628]]]}},
{"type":"Feature","properties":{"a":"420035604002013","b":"420035605001000"},"geometry":{"type":"MultiLineString","coordinates":[[[-79.887020587921128,40.439712729017778],[-79.88723516464232,40.439794384948662]],[[-79.88723516464232,40.439794384948662],[-79.887921810150132,40.440023021027486]],[[-79.887921810150132,40.440023021027486],[-79.888157844543457,40.440104676581484]]]}},
{"type":"Feature","properties":{"a":"420035604002013","b":"420035605002000"},"geometry":{"type":"LineString","coordinates":[[-79.886398315429688,40.439680066617647],[-79.886527061462388,40.439680066617647]]}},
{"type":"Feature","properties":{"a":"420035604002013","b":"420035605002001"},"geometry":{"type":"MultiLineString","coordinates":[[[-79.886527061462388,40.439680066617647],[-79.886634349822998,40.439680066617647]],[[-79.886634349822998,40.439680066617647],[-79.886934757232666,40.439696397819709]],[[-79.886934757232666,40.439696397819709],[-79.887020587921128,40.439712729017778]]]}},
{"type":"Feature","properties":{"a":"420035604002013","b":"420035647003032"},"geometry":{"type":"MultiLineString","coordinates":[[[-79.88648414611815,40.440088345478628],[-79.886462688446045,40.439957696512884]],[[-79.886462688446045,40.439957696512884],[-79.886398315429688,40.439745391402028]],[[-79.886398315429688,40.439745391402028],[-79.886398315429688,40.439680066617647]]]}},
{"type":"Feature","properties":{"a":"420035605001000","b":"420035605001001"},"geometry":{"type":"MultiLineString","coordinates":[[[-79.888608455657945,40.439304447875656],[-79.888522624969482,40.439467760630045]],[[-79.888522624969482,40.439467760630045],[-79.888243675231919,40.43994136537431]],[[-79.888243675231919,40.43994136537431],[-79.888157844543457,40.440104676581484]]]}},
{"type":"Feature","properties":{"a":"420035605001000","b":"420035605001013"},"geometry":{"type":"MultiLineString","coordinates":[[[-79.888887405395508,40.43884717005281],[-79.888865947723389,40.438863501457185]],[[-79.888865947723389,40.438863501457185],[-79.88884449005127,40.438896164254032]],[[-79.88884449005127,40.438896164254032],[-79.88884449005127,40.438912495646505]]]}},
{"type":"Feature","properties":{"a":"420035605001000","b":"420035605001014"},"geometry":{"type":"MultiLineString","coordinates":[[[-79.88884449005127,40.438912495646505],[-79.888801574707031,40.438994152549355]],[[-79.888801574707031,40.438994152549355],[-79.888651371002183,40.439239122662812]],[[-79.888651371002183,40.439239122662812],[-79.888608455657945,40.439304447875656]]]}},
{"type":"Feature","properties":{"a":"420035605001000","b":"420035605002001"},"geometry":{"type":"MultiLineString","coordinates":[[[-79.887020587921128,40.439712729017778],[-79.887342453002915,40.438945158419543]],[[-79.887342453002915,40.438945158419543],[-79.887320995330796,40.438765512971436]],[[-79.887320995330796,40.438765512971436],[-79.887278079986572,40.43852054113222]]]}},
{"type":"Feature","properties":{"a":"420035605001000","b":"420035605002002"},"geometry":{"type":"MultiLineString","coordinates":[[[-79.887278079986572,40.43852054113222],[-79.887514114379883,40.438455215157688]],[[-79.887514114379883,40.438455215157688],[-79.8882222175598,40.438291899943628]],[[-79.8882222175598,40.438291899943628],[-79.888458251953125,40.438242905302054]]]}},
{"type":"Feature","properties":{"a":"420035605001000","b":"420035605002004"},"geometry":{"type":"MultiLineString","coordinates":[[[-79.888458251953125,40.438242905302054],[-79.888522624969482,40.43835722607686]],[[-79.888522624969482,40.43835722607686],[-79.888801574707031,40.438732850111116]],[[-79.888801574707031,40.438732850111116],[-79.888887405395508,40.43884717005281]]]}},
{"type":"Feature","properties":{"a":"420035605001001","b":"420035605001002"},"geometry":{"type":"MultiLineString","coordinates":[[[-79.890024662017808,40.439696397819709],[-79.889938831329346,40.439876040780355]],[[-79.889938831329346,40.439876040780355],[-79.889638423919664,40.440382304723194]],[[-79.889638423919664,40.440382304723194],[-79.889552593231201,40.440561945851002]]]}},
{"type":"Feature","properties":{"a":"420035605001001","b":"420035605001014"},"geometry":{"type":"MultiLineString","coordinates":[[[-79.888608455657945,40.439304447875656],[-79.888887405395508,40.4394024355759]],[[-79.888887405395508,40.4394024355759],[-79.889702796936021,40.439663735411642]],[[-79.889702796936021,40.439663735411642],[-79.890024662017808,40.439696397819709]]]}},
{"type":"Feature","properties":{"a":"420035605001002","b":"420035605001003"},"geometry":{"type":"MultiLineString","coordinates":[[[-79.891247749328613,40.440006689904784],[-79.891247749328613,40.440904895761989]],[[-79.891247749328613,40.440904895761989],[-79.891269207000718,40.441133528064]]]}},
{"type":"Feature","properties":{"a":"420035605001002","b":"420035605001015"},"geometry":{"type":"LineString","coordinates":[[-79.890024662017808,40.439696397819709],[-79.891247749328613,40.440006689904784]]}},
{"type":"Feature","properties":{"a":"420035605001003","b":"420035605001004"},"geometry":{"type":"MultiLineString","coordinates":[[[-79.89232063293457,40.438814507232159],[-79.891762733459458,40.438830838644463]],[[-79.891762733459458,40.438830838644463],[-79.891784191131578,40.43884717005281]],[[-79.891784191131578,40.43884717005281],[-79.891805648803697,40.441231513098259]]]}},
{"type":"Feature","properties":{"a":"420035605001003","b":"420035605001009"},"geometry":{"type":"MultiLineString","coordinates":[[[-79.892170429229736,40.437948936702789],[-79.892256259918199,40.43811225274996]],[[-79.892256259918199,40.43811225274996],[-79.89232063293457,40.438308231482885]],[[-79.89232063293457,40.438308231482885],[-79.89232063293457,40.438814507232159]]]}},
{"type":"Feature","properties":{"a":"420035605001003","b":"420035605001015"},"geometry":{"type":"MultiLineString","coordinates":[[[-79.891247749328613,40.440006689904784],[-79.891226291656494,40.439108472046712]],[[-79.891226291656494,40.439108472046712],[-79.890990257263184,40.438602198511148]],[[-79.890990257263184,40.438602198511148],[-79.890861511230469,40.4382755684004]]]}},
{"type":"Feature","properties":{"a":"420035605001003","b":"420035605002004"},"geometry":{"type":"MultiLineString","coordinates":[[[-79.890861511230469,40.4382755684004],[-79.890904426574707,40.438259236853213]],[[-79.890904426574707,40.438259236853213],[-79.891054630279527,40.438226573746931]],[[-79.891054630279527,40.438226573746931],[-79.891097545623765,40.438210242187843]]]}},
{"type":"Feature","properties":{"a":"420035605001003","b":"420035605002013"},"geometry":{"type":"MultiLineString","coordinates":[[[-79.891097545623765,40.438210242187843],[-79.891397953033433,40.438144915911778]],[[-79.891397953033433,40.438144915911778],[-79.891612529754624,40.438079589572261]],[[-79.891612529754624,40.438079589572261],[-79.892170429229736,40.437948936702789]]]}},
{"type":"Feature","properties":{"a":"420035605001004","b":"420035605001005"},"geometry":{"type":"MultiLineString","coordinates":[[[-79.892899990081787,40.440545614859218],[-79.892578125,40.440545614859218]],[[-79.892578124999986,40.440545614859218],[-79.892363548278809,40.440545614859218]],[[-79.892363548278809,40.440545614859218],[-79.892385005950928,40.441247843923421]]]}},
{"type":"Feature","properties":{"a":"420035605001004","b":"420035605001007"},"geometry":{"type":"MultiLineString","coordinates":[[[-79.892857074737563,40.439239122662812],[-79.892878532409668,40.439304447875656]],[[-79.892878532409668,40.439304447875656],[-79.892899990081787,40.440267987391934]],[[-79.892899990081787,40.440267987391934],[-79.892899990081787,40.440545614859218]]]}},
{"type":"Feature","properties":{"a":"420035605001004","b":"420035605001008"},"geometry":{"type":"MultiLineString","coordinates":[[[-79.892857074737563,40.439141134724544],[-79.892857074737563,40.439239122662812]],[[-79.892835617065444,40.438798175815883],[-79.892835617065444,40.438879832857587]],[[-79.892835617065444,40.438879832857587],[-79.892857074737563,40.439141134724544]]]}},
{"type":"Feature","properties":{"a":"420035605001004","b":"420035605001009"},"geometry":{"type":"MultiLineString","coordinates":[[[-79.892578125,40.438798175815883],[-79.892835617065444,40.438798175815883]],[[-79.89232063293457,40.438814507232159],[-79.892427921295152,40.438814507232159]],[[-79.892427921295152,40.438814507232159],[-79.892578124999986,40.438798175815883]]]}},
{"type":"Feature","properties":{"a":"420035605001005","b":"420035605001006"},"geometry":{"type":"MultiLineString","coordinates":[[[-79.893414974212646,40.440529283863455],[-79.893393516540542,40.440676262682388]],[[-79.893393516540542,40.440676262682388],[-79.893372058868422,40.441100866354176]],[[-79.893372058868422,40.441100866354176],[-79.893372058868422,40.441231513098259]]]}},
{"type":"Feature","properties":{"a":"420035605001005","b":"420035605001007"},"geometry":{"type":"MultiLineString","coordinates":[[[-79.892899990081787,40.440545614859218],[-79.893007278442397,40.440529283863455]],[[-79.893007278442397,40.440529283863455],[-79.893414974212646,40.440529283863455]]]}},
{"type":"Feature","properties":{"a":"420035605001006","b":"420035605001007"},"geometry":{"type":"LineString","coordinates":[[-79.893414974212646,40.440529283863455],[-79.893522262573242,40.439222791349685]]}},
{"type":"Feature","properties":{"a":"420035605001006","b":"420035605001008"},"geometry":{"type":"LineString","coordinates":[[-79.893522262573242,40.439222791349685],[-79.893522262573242,40.438765512971436]]}},
{"type":"Feature","properties":{"a":"420035605001006","b":"420035605001010"},"geometry":{"type":"MultiLineString","coordinates":[[[-79.893522262573242,40.438765512971436],[-79.894616603851318,40.438732850111116]],[[-79.894616603851318,40.438732850111116],[-79.894809722900391,40.438716518675001]],[[-79.894809722900391,40.438716518675001],[-79.89483118057251,40.43865119289088]]]}},
{"type":"Feature","properties":{"a":"420035605001007","b":"420035605001008"},"geometry":{"type":"MultiLineString","coordinates":[[[-79.892857074737563,40.439239122662812],[-79.892985820770278,40.439239122662812]],[[-79.892985820770278,40.439239122662812],[-79.893372058868422,40.439222791349685]],[[-79.893372058868422,40.439222791349685],[-79.893522262573242,40.439222791349685]]]}},
{"type":"Feature","properties":{"a":"420035605001008","b":"420035605001009"},"geometry":{"type":"MultiLineString","coordinates":[[[-79.892835617065444,40.438798175815883],[-79.892964363098159,40.438798175815883]],[[-79.892964363098159,40.438798175815883],[-79.893393516540542,40.438781844395642]],[[-79.893393516540542,40.438781844395642],[-79.893522262573242,40.438765512971436]]]}},
{"type":"Feature","properties":{"a":"420035605001009","b":"420035605001010"},"geometry":{"type":"MultiLineString","coordinates":[[[-79.893264770507812,40.437752956922516],[-79.893522262573242,40.438340894549505]],[[-79.893522262573242,40.438340894549505],[-79.893522262573242,40.438765512971436]],[[-79.893243312835693,40.437671298512136],[-79.893264770507812,40.437752956922516]]]}},
{"type":"Feature","properties":{"a":"420035605001009","b":"420035605002014"},"geometry":{"type":"MultiLineString","coordinates":[[[-79.892578125,40.437834615233719],[-79.893028736114516,40.437720293570266]],[[-79.893028736114516,40.437720293570266],[-79.893243312835693,40.437671298512136]],[[-79.892170429229736,40.437948936702789],[-79.892385005950928,40.43788361017284]],[[-79.892385005950928,40.43788361017284],[-79.892578124999986,40.437834615233726]]]}},
{"type":"Feature","properties":{"a":"420035605001010","b":"420035605001011"},"geometry":{"type":"MultiLineString","coordinates":[[[-79.894466400146484,40.437801951921145],[-79.894809722900391,40.438585867043294]],[[-79.894809722900391,40.438585867043294],[-79.89483118057251,40.43865119289088]]]}},
{"type":"Feature","properties":{"a":"420035605001010","b":"420035605001012"},"geometry":{"type":"MultiLineString","coordinates":[[[-79.894294738769531,40.437409990932423],[-79.894337654113784,40.437491649660174]],[[-79.894337654113784,40.437491649660174],[-79.894444942474379,40.437720293570266]],[[-79.894444942474379,40.437720293570266],[-79.894466400146484,40.437801951921145]]]}},
{"type":"Feature","properties":{"a":"420035605001010","b":"420035605002015"},"geometry":{"type":"MultiLineString","coordinates":[[[-79.893243312835693,40.437671298512136],[-79.894080162048354,40.437458986180971]],[[-79.894080162048354,40.437458986180971],[-79.894294738769531,40.437409990932423]]]}},
{"type":"Feature","properties":{"a":"420035605001011","b":"420035605001012"},"geometry":{"type":"MultiLineString","coordinates":[[[-79.894466400146484,40.437801951921145],[-79.89457368850708,40.437785620258907]],[[-79.89457368850708,40.437785620258907],[-79.895002841949477,40.437671298512136]],[[-79.895002841949477,40.437671298512136],[-79.895045757293715,40.437671298512136]]]}},
{"type":"Feature","properties":{"a":"420035605001012","b":"420035605002016"},"geometry":{"type":"MultiLineString","coordinates":[[[-79.894294738769531,40.437409990932423],[-79.894444942474379,40.437360995648156]],[[-79.894444942474379,40.437360995648156],[-79.895024299621596,40.437214009581147]],[[-79.895024299621596,40.437214009581147],[-79.895045757293715,40.437671298512136]]]}},
{"type":"Feature","properties":{"a":"420035605001013","b":"420035605001014"},"geometry":{"type":"MultiLineString","coordinates":[[[-79.890217781066895,40.439369773025021],[-79.889938831329346,40.439271785277171]],[[-79.889938831329346,40.439271785277171],[-79.889123439788818,40.439010483918018]],[[-79.889123439788818,40.439010483918018],[-79.88884449005127,40.438912495646505]]]}},
{"type":"Feature","properties":{"a":"420035605001013","b":"420035605001015"},"geometry":{"type":"MultiLineString","coordinates":[[[-79.890003204345689,40.438487878152898],[-79.890089035034165,40.438667524342861]],[[-79.890089035034165,40.438667524342861],[-79.890303611755371,40.43919012871153]],[[-79.890303611755371,40.43919012871153],[-79.890217781066895,40.439369773025021]]]}},
{"type":"Feature","properties":{"a":"420035605001013","b":"420035605002004"},"geometry":{"type":"MultiLineString","coordinates":[[[-79.888887405395508,40.43884717005281],[-79.888930320739732,40.438765512971436]],[[-79.888930320739732,40.438765512971436],[-79.889767169952378,40.438553204095697]],[[-79.889767169952378,40.438553204095697],[-79.890003204345689,40.438487878152898]]]}},
{"type":"Feature","properties":{"a":"420035605001014","b":"420035605001015"},"geometry":{"type":"MultiLineString","coordinates":[[[-79.890217781066895,40.439369773025021],[-79.890174865722656,40.439435098110913]],[[-79.890174865722656,40.439435098110913],[-79.890067577362046,40.439631072987716]],[[-79.890067577362046,40.439631072987716],[-79.890024662017808,40.439696397819709]]]}},
{"type":"Feature","properties":{"a":"420035605001015","b":"420035605002004"},"geometry":{"type":"MultiLineString","coordinates":[[[-79.890003204345689,40.438487878152898],[-79.890174865722656,40.438455215157688]],[[-79.890174865722656,40.438455215157688],[-79.890689849853501,40.438324563018178]],[[-79.890689849853501,40.438324563018178],[-79.890861511230469,40.4382755684004]]]}},
{"type":"Feature","properties":{"a":"420035605002000","b":"420035605002001"},"geometry":{"type":"MultiLineString","coordinates":[[[-79.886162281036363,40.437899941811274],[-79.886248111724854,40.438259236853213]],[[-79.886248111724854,40.438259236853213],[-79.886527061462388,40.439631072987716]],[[-79.886527061462388,40.439631072987716],[-79.886527061462388,40.439680066617647]]]}},
{"type":"Feature","properties":{"a":"420035605002000","b":"420035605002006"},"geometry":{"type":"MultiLineString","coordinates":[[[-79.885990619659424,40.437916273445751],[-79.886033535003648,40.437916273445751]],[[-79.886033535003648,40.437916273445751],[-79.886140823364244,40.437899941811274]],[[-79.886140823364244,40.437899941811274],[-79.886162281036363,40.437899941811274]]]}},
{"type":"Feature","properties":{"a":"420035605002000","b":"420035647003036"},"geometry":{"type":"MultiLineString","coordinates":[[[-79.886398315429688,40.439680066617647],[-79.88622665405272,40.438879832857587]],[[-79.88622665405272,40.438879832857587],[-79.886033535003648,40.438161247486747]],[[-79.886033535003648,40.438161247486747],[-79.885990619659424,40.437916273445751]]]}},
{"type":"Feature","properties":{"a":"420035605002001","b":"420035605002002"},"geometry":{"type":"MultiLineString","coordinates":[[[-79.887149333953857,40.437785620258907],[-79.887170791625962,40.437932605076249]],[[-79.887170791625962,40.437932605076249],[-79.887256622314439,40.438373557600251]],[[-79.887256622314439,40.438373557600251],[-79.887278079986572,40.43852054113222]]]}},
{"type":"Feature","properties":{"a":"420035605002001","b":"420035605002005"},"geometry":{"type":"MultiLineString","coordinates":[[[-79.886162281036363,40.437899941811274],[-79.886355400085435,40.43788361017284]],[[-79.886355400085435,40.43788361017284],[-79.886956214904785,40.437801951921145]],[[-79.886956214904785,40.437801951921145],[-79.887149333953857,40.437785620258907]]]}},
{"type":"Feature","properties":{"a":"420035605002002","b":"420035605002003"},"geometry":{"type":"MultiLineString","coordinates":[[[-79.888200759887695,40.437638635120209],[-79.888308048248277,40.437916273445751]],[[-79.888308048248277,40.437916273445751],[-79.888372421264634,40.438128584332851]],[[-79.888372421264634,40.438128584332851],[-79.888458251953125,40.438242905302054]]]}},
{"type":"Feature","properties":{"a":"420035605002002","b":"420035605002008"},"geometry":{"type":"MultiLineString","coordinates":[[[-79.887149333953857,40.437785620258907],[-79.88798618316649,40.437671298512136]],[[-79.88798618316649,40.437671298512136],[-79.888072013854966,40.437671298512136]],[[-79.888072013854966,40.437671298512136],[-79.888200759887695,40.437638635120209]]]}},
{"type":"Feature","properties":{"a":"420035605002003","b":"420035605002004"},"geometry":{"type":"MultiLineString","coordinates":[[[-79.890196323394775,40.437834615233726],[-79.889853000640869,40.437916273445751]],[[-79.889853000640869,40.437916273445751],[-79.888801574707031,40.438161247486747]],[[-79.888801574707031,40.438161247486747],[-79.888458251953125,40.438242905302054]]]}},
{"type":"Feature","properties":{"a":"420035605002003","b":"420035605002009"},"geometry":{"type":"MultiLineString","coordinates":[[[-79.888200759887695,40.437638635120209],[-79.888565540313706,40.437589640002564]],[[-79.888565540313706,40.437589640002564],[-79.889616966247544,40.437328332105487]],[[-79.889616966247544,40.437328332105487],[-79.889960289001465,40.437246673179374]]]}},
{"type":"Feature","properties":{"a":"420035605002003","b":"420035605002011"},"geometry":{"type":"MultiLineString","coordinates":[[[-79.889960289001465,40.437246673179374],[-79.890003204345689,40.437360995648156]],[[-79.890003204345689,40.437360995648156],[-79.890153408050537,40.437703961888197]],[[-79.890153408050537,40.437703961888197],[-79.890196323394775,40.437834615233726]]]}},
{"type":"Feature","properties":{"a":"420035605002004","b":"420035605002011"},"geometry":{"type":"MultiLineString","coordinates":[[[-79.890196323394775,40.437834615233726],[-79.890282154083252,40.437801951921145]],[[-79.890282154083252,40.437801951921145],[-79.89058256149292,40.43773662524837]],[[-79.89058256149292,40.43773662524837],[-79.890668392181382,40.437720293570266]]]}},
{"type":"Feature","properties":{"a":"420035605002004","b":"420035605002012"},"geometry":{"type":"MultiLineString","coordinates":[[[-79.890668392181382,40.437720293570266],[-79.890754222869859,40.437687630202149]],[[-79.890754222869859,40.437687630202149],[-79.890990257263184,40.437638635120209]],[[-79.890990257263184,40.437638635120209],[-79.891054630279527,40.437622303418294]]]}},
{"type":"Feature","properties":{"a":"420035605002004","b":"420035605002013"},"geometry":{"type":"MultiLineString","coordinates":[[[-79.891054630279527,40.437622303418294],[-79.891033172607408,40.43773662524837]],[[-79.891033172607408,40.43773662524837],[-79.891033172607408,40.437785620258907]],[[-79.891033172607408,40.437785620258907],[-79.891097545623765,40.438210242187843]]]}},
{"type":"Feature","properties":{"a":"420035605002005","b":"420035605002006"},"geometry":{"type":"MultiLineString","coordinates":[[[-79.886162281036363,40.437899941811274],[-79.886140823364244,40.437752956922516]],[[-79.886140823364244,40.437752956922516],[-79.886033535003648,40.43729566854693]],[[-79.886033535003648,40.43729566854693],[-79.886012077331529,40.43714868233711]]]}},
{"type":"Feature","properties":{"a":"420035605002005","b":"420035605002007"},"geometry":{"type":"MultiLineString","coordinates":[[[-79.886012077331529,40.43714868233711],[-79.88648414611815,40.437099686862418]],[[-79.88648414611815,40.437099686862418],[-79.886784553527832,40.437050691352034]],[[-79.886784553527832,40.437050691352034],[-79.886999130249009,40.437034359507308]]]}},
{"type":"Feature","properties":{"a":"420035605002005","b":"420035605002008"},"geometry":{"type":"MultiLineString","coordinates":[[[-79.886999130249009,40.437034359507308],[-79.887020587921128,40.437181345967069]],[[-79.887020587921128,40.437181345967069],[-79.887106418609619,40.437638635120209]],[[-79.887106418609619,40.437638635120209],[-79.887149333953857,40.437785620258907]]]}},
{"type":"Feature","properties":{"a":"420035605002006","b":"420035605002007"},"geometry":{"type":"MultiLineString","coordinates":[[[-79.885947704315186,40.436854708953433],[-79.885969161987305,40.43700169580594]],[[-79.885969161987305,40.43700169580594],[-79.886012077331529,40.43714868233711]]]}},
{"type":"Feature","properties":{"a":"420035605002006","b":"420035647003037"},"geometry":{"type":"MultiLineString","coordinates":[[[-79.885990619659424,40.437916273445751],[-79.885926246643066,40.437622303418294]],[[-79.885926246643066,40.437622303418294],[-79.885776042938218,40.436838377061093]]]}},
{"type":"Feature","properties":{"a":"420035605002007","b":"420035605002008"},"geometry":{"type":"MultiLineString","coordinates":[[[-79.887921810150132,40.436920036483116],[-79.88772869110106,40.436952700224147]],[[-79.88772869110106,40.436952700224147],[-79.887170791625962,40.43700169580594]],[[-79.887170791625962,40.43700169580594],[-79.886999130249009,40.437034359507308]]]}},
{"type":"Feature","properties":{"a":"420035605002007","b":"420035605002017"},"geometry":{"type":"MultiLineString","coordinates":[[[-79.887793064117432,40.436577066244169],[-79.887814521789551,40.436642394043616]],[[-79.887814521789551,40.436642394043616],[-79.887900352478013,40.436854708953433]],[[-79.887900352478013,40.436854708953433],[-79.887921810150132,40.436920036483116]]]}},
{"type":"Feature","properties":{"a":"420035605002007","b":"420035605002018"},"geometry":{"type":"MultiLineString","coordinates":[[[-79.887642860412583,40.436250426294841],[-79.88772869110106,40.436430078463353]],[[-79.88772869110106,40.436430078463353],[-79.887793064117432,40.436577066244169]]]}},
{"type":"Feature","properties":{"a":"420035605002008","b":"420035605002009"},"geometry":{"type":"MultiLineString","coordinates":[[[-79.887921810150132,40.436920036483116],[-79.887964725494385,40.437067023192796]],[[-79.887964725494385,40.437067023192796],[-79.888136386871338,40.437507981393829]],[[-79.888136386871338,40.437507981393829],[-79.888200759887695,40.437638635120209]]]}},
{"type":"Feature","properties":{"a":"420035605002009","b":"420035605002010"},"geometry":{"type":"MultiLineString","coordinates":[[[-79.889466762542725,40.436593398199982],[-79.889681339263902,40.436789381360278]],[[-79.889681339263902,40.436789381360278],[-79.889853000640869,40.436969032088705]],[[-79.889853000640869,40.436969032088705],[-79.889960289001465,40.437246673179374]]]}},
{"type":"Feature","properties":{"a":"420035605002009","b":"420035605002017"},"geometry":{"type":"MultiLineString","coordinates":[[[-79.887921810150132,40.436920036483116],[-79.8882222175598,40.436871040841808]],[[-79.8882222175598,40.436871040841808],[-79.889144897460938,40.436658725983555]],[[-79.889144897460938,40.436658725983555],[-79.889466762542725,40.436593398199982]]]}},
{"type":"Feature","properties":{"a":"420035605002010","b":"420035605002011"},"geometry":{"type":"MultiLineString","coordinates":[[[-79.890432357788072,40.43714868233711],[-79.890196323394775,40.437197677776091]],[[-79.890196323394775,40.437197677776091],[-79.890067577362046,40.437230341382239]],[[-79.890067577362046,40.437230341382239],[-79.889960289001465,40.437246673179374]]]}},
{"type":"Feature","properties":{"a":"420035605002010","b":"420035605002012"},"geometry":{"type":"MultiLineString","coordinates":[[[-79.890990257263184,40.4370833550296],[-79.890882968902588,40.437099686862418]],[[-79.890882968902588,40.437099686862418],[-79.890518188476562,40.43713235051618]],[[-79.890518188476562,40.43713235051618],[-79.890432357788072,40.43714868233711]]]}},
{"type":"Feature","properties":{"a":"420035605002010","b":"420035605002017"},"geometry":{"type":"MultiLineString","coordinates":[[[-79.889466762542725,40.436593398199982],[-79.889380931854234,40.436528070352928]],[[-79.889380931854234,40.436528070352928],[-79.889166355133057,40.436332086430944]],[[-79.889166355133057,40.436332086430944],[-79.889101982116685,40.436266758329992]]]}},
{"type":"Feature","properties":{"a":"420035605002010","b":"420035605002018"},"geometry":{"type":"MultiLineString","coordinates":[[[-79.889101982116685,40.436266758329992],[-79.888994693756089,40.436185098114557]],[[-79.888994693756089,40.436185098114557],[-79.888758659362779,40.43597278109025]],[[-79.888758659362779,40.43597278109025],[-79.888672828674302,40.435891120517752]]]}},
{"type":"Feature","properties":{"a":"420035605002010","b":"420035605002023"},"geometry":{"type":"MultiLineString","coordinates":[[[-79.889745712280259,40.435548145030289],[-79.890797138214097,40.436511738381256]],[[-79.890797138214097,40.436511738381256],[-79.890990257263184,40.4370833550296]]]}},
{"type":"Feature","properties":{"a":"420035605002011","b":"420035605002012"},"geometry":{"type":"MultiLineString","coordinates":[[[-79.890432357788072,40.43714868233711],[-79.890496730804443,40.437263004972529]],[[-79.890496730804443,40.437263004972529],[-79.890668392181382,40.437720293570266]]]}},
{"type":"Feature","properties":{"a":"420035605002012","b":"420035605002013"},"geometry":{"type":"MultiLineString","coordinates":[[[-79.890990257263184,40.4370833550296],[-79.890990257263184,40.437197677776091]],[[-79.890990257263184,40.437197677776091],[-79.891054630279527,40.437507981393829]],[[-79.891054630279527,40.437507981393829],[-79.891054630279527,40.437622303418294]]]}},
{"type":"Feature","properties":{"a":"420035605002013","b":"420035605002014"},"geometry":{"type":"MultiLineString","coordinates":[[[-79.891998767852783,40.437540644849228],[-79.892041683197021,40.437622303418294]],[[-79.892041683197021,40.437622303418294],[-79.892148971557603,40.437867278530433]],[[-79.892148971557603,40.437867278530433],[-79.892170429229736,40.437948936702789]]]}},
{"type":"Feature","properties":{"a":"420035605002013","b":"420035605002021"},"geometry":{"type":"MultiLineString","coordinates":[[[-79.891741275787339,40.436903704606642],[-79.891784191131578,40.437034359507308]],[[-79.891784191131578,40.437034359507308],[-79.891955852508531,40.437409990932423]],[[-79.891955852508531,40.437409990932423],[-79.891998767852783,40.437540644849228]]]}},
{"type":"Feature","properties":{"a":"420035605002013","b":"420035605002023"},"geometry":{"type":"MultiLineString","coordinates":[[[-79.890990257263184,40.4370833550296],[-79.891161918640137,40.437050691352034]],[[-79.891161918640137,40.437050691352034],[-79.891591072082505,40.436952700224147]],[[-79.891591072082505,40.436952700224147],[-79.891741275787339,40.436903704606642]]]}},
{"type":"Feature","properties":{"a":"420035605002014","b":"420035605002015"},"geometry":{"type":"MultiLineString","coordinates":[[[-79.893093109130859,40.437344663878804],[-79.893200397491455,40.437589640002564]],[[-79.893200397491455,40.437589640002564],[-79.893243312835693,40.437671298512136]],[[-79.893050193786635,40.437279336761719],[-79.893093109130859,40.437344663878804]]]}},
{"type":"Feature","properties":{"a":"420035605002014","b":"420035605002020"},"geometry":{"type":"MultiLineString","coordinates":[[[-79.892578125,40.437393659174973],[-79.892964363098159,40.43729566854693]],[[-79.892964363098159,40.43729566854693],[-79.893050193786635,40.437279336761719]],[[-79.892535209655762,40.437393659174973],[-79.892578124999986,40.437393659174973]]]}},
{"type":"Feature","properties":{"a":"420035605002014","b":"420035605002021"},"geometry":{"type":"MultiLineString","coordinates":[[[-79.891998767852783,40.437540644849228],[-79.892106056213365,40.437507981393829]],[[-79.892106056213365,40.437507981393829],[-79.892427921295152,40.437426322685909]],[[-79.892427921295152,40.437426322685909],[-79.892535209655762,40.437393659174973]]]}},
{"type":"Feature","properties":{"a":"420035605002015","b":"420035605002016"},"geometry":{"type":"MultiLineString","coordinates":[[[-79.894123077392578,40.43700169580594],[-79.894144535064697,40.4370833550296]],[[-79.894144535064697,40.4370833550296],[-79.894251823425293,40.437328332105487]],[[-79.894251823425293,40.437328332105487],[-79.894294738769531,40.437409990932423]]]}},
{"type":"Feature","properties":{"a":"420035605002015","b":"420035605002019"},"geometry":{"type":"MultiLineString","coordinates":[[[-79.893050193786635,40.437279336761719],[-79.89317893981935,40.437246673179374]],[[-79.89317893981935,40.437246673179374],[-79.893479347229004,40.437165014154068]],[[-79.893479347229004,40.437165014154068],[-79.8935866355896,40.43713235051618]]]}},
{"type":"Feature","properties":{"a":"420035605002015","b":"420035605002029"},"geometry":{"type":"MultiLineString","coordinates":[[[-79.8935866355896,40.43713235051618],[-79.89369392395021,40.437116018691285]],[[-79.89369392395021,40.437116018691285],[-79.894015789031997,40.437034359507308]],[[-79.894015789031997,40.437034359507308],[-79.894123077392578,40.43700169580594]]]}},
{"type":"Feature","properties":{"a":"420035605002016","b":"420035605002030"},"geometry":{"type":"MultiLineString","coordinates":[[[-79.894123077392578,40.43700169580594],[-79.894230365753174,40.436969032088705]],[[-79.894230365753174,40.436969032088705],[-79.894530773162842,40.436887372726204]],[[-79.894530773162842,40.436887372726204],[-79.894638061523438,40.436871040841808]]]}},
{"type":"Feature","properties":{"a":"420035605002016","b":"420035605002031"},"geometry":{"type":"MultiLineString","coordinates":[[[-79.894638061523438,40.436871040841808],[-79.895002841949477,40.436773049452079]],[[-79.895002841949477,40.436773049452079],[-79.895153045654297,40.436756717539907]],[[-79.895153045654297,40.436756717539907],[-79.895195960998535,40.436740385623764]]]}},
{"type":"Feature","properties":{"a":"420035605002017","b":"420035605002018"},"geometry":{"type":"MultiLineString","coordinates":[[[-79.887793064117432,40.436577066244169],[-79.888050556182847,40.436511738381256]],[[-79.888050556182847,40.436511738381256],[-79.88884449005127,40.436332086430944]],[[-79.88884449005127,40.436332086430944],[-79.889101982116685,40.436266758329992]]]}},
{"type":"Feature","properties":{"a":"420035605002019","b":"420035605002020"},"geometry":{"type":"MultiLineString","coordinates":[[[-79.893050193786635,40.437279336761719],[-79.893007278442397,40.43714868233711]],[[-79.893007278442397,40.43714868233711],[-79.892835617065444,40.436756717539907]],[[-79.892835617065444,40.436756717539907],[-79.892792701721191,40.436642394043616]]]}},
{"type":"Feature","properties":{"a":"420035605002019","b":"420035605002027"},"geometry":{"type":"MultiLineString","coordinates":[[[-79.892792701721191,40.436642394043616],[-79.892899990081787,40.436609730151829]],[[-79.892899990081787,40.436609730151829],[-79.893221855163574,40.436528070352928]],[[-79.893221855163574,40.436528070352928],[-79.893307685852065,40.436511738381256]]]}},
{"type":"Feature","properties":{"a":"420035605002019","b":"420035605002029"},"geometry":{"type":"MultiLineString","coordinates":[[[-79.893307685852065,40.436511738381256],[-79.893350601196303,40.436560734284392]],[[-79.893350601196303,40.436560734284392],[-79.893543720245361,40.43700169580594]],[[-79.893543720245361,40.43700169580594],[-79.8935866355896,40.43713235051618]]]}},
{"type":"Feature","properties":{"a":"420035605002020","b":"420035605002021"},"geometry":{"type":"MultiLineString","coordinates":[[[-79.892535209655762,40.437393659174973],[-79.89247083663939,40.437279336761719]],[[-79.89247083663939,40.437279336761719],[-79.892299175262437,40.436822045164789]],[[-79.892299175262437,40.436822045164789],[-79.892256259918199,40.436773049452079]]]}},
{"type":"Feature","properties":{"a":"420035605002020","b":"420035605002026"},"geometry":{"type":"MultiLineString","coordinates":[[[-79.892578125,40.436691389851539],[-79.89268541336061,40.436658725983555]],[[-79.89268541336061,40.436658725983555],[-79.892792701721191,40.436642394043616]],[[-79.892256259918199,40.436773049452079],[-79.892363548278809,40.436740385623764]],[[-79.892363548278809,40.436740385623764],[-79.892578124999986,40.436691389851539]]]}},
{"type":"Feature","properties":{"a":"420035605002021","b":"420035605002022"},"geometry":{"type":"MultiLineString","coordinates":[[[-79.891741275787339,40.436903704606642],[-79.891827106475816,40.436887372726204]],[[-79.891827106475816,40.436887372726204],[-79.892148971557603,40.436805713264519]],[[-79.892148971557603,40.436805713264519],[-79.892256259918199,40.436773049452079]]]}},
{"type":"Feature","properties":{"a":"420035605002022","b":"420035605002023"},"geometry":{"type":"MultiLineString","coordinates":[[[-79.891741275787339,40.436903704606642],[-79.891419410705552,40.436250426294841]],[[-79.891419410705552,40.436250426294841],[-79.891119003295884,40.435825791988364]]]}},
{"type":"Feature","properties":{"a":"420035605002022","b":"420035605002024"},"geometry":{"type":"MultiLineString","coordinates":[[[-79.891119003295884,40.435825791988364],[-79.891204833984375,40.43579312769986]],[[-79.891204833984375,40.43579312769986],[-79.891505241394043,40.435662470387172]],[[-79.891505241394043,40.435662470387172],[-79.891612529754624,40.435629806019321]]]}},
{"type":"Feature","properties":{"a":"420035605002022","b":"420035605002026"},"geometry":{"type":"MultiLineString","coordinates":[[[-79.891612529754624,40.435629806019321],[-79.891762733459458,40.435842124126658]],[[-79.891762733459458,40.435842124126658],[-79.891934394836412,40.436070773646314]],[[-79.891934394836412,40.436070773646314],[-79.892256259918199,40.436773049452079]]]}},
{"type":"Feature","properties":{"a":"420035605002023","b":"420035605002024"},"geometry":{"type":"MultiLineString","coordinates":[[[-79.890646934509277,40.435172503203304],[-79.890689849853501,40.435237832367442]],[[-79.890689849853501,40.435237832367442],[-79.891119003295884,40.435825791988364]]]}},
{"type":"Feature","properties":{"a":"420035605002024","b":"420035605002025"},"geometry":{"type":"MultiLineString","coordinates":[[[-79.891119003295884,40.434976515330042],[-79.891183376312256,40.435041844684605]],[[-79.891183376312256,40.435041844684605],[-79.891548156738281,40.435548145030289]],[[-79.891548156738281,40.435548145030289],[-79.891612529754624,40.435629806019321]]]}},
{"type":"Feature","properties":{"a":"420035605002025","b":"420035605002026"},"geometry":{"type":"MultiLineString","coordinates":[[[-79.892084598541246,40.435417487241537],[-79.891998767852783,40.43545015171253]],[[-79.891998767852783,40.43545015171253],[-79.891698360443115,40.435580809437809]],[[-79.891698360443115,40.435580809437809],[-79.891612529754624,40.435629806019321]]]}},
{"type":"Feature","properties":{"a":"420035605002025","b":"420035605002038"},"geometry":{"type":"MultiLineString","coordinates":[[[-79.891612529754624,40.434764194489361],[-79.891676902770996,40.434845856430506]],[[-79.891676902770996,40.434845856430506],[-79.891977310180664,40.43527049692571]],[[-79.891977310180664,40.43527049692571],[-79.892084598541246,40.435417487241537]]]}},
{"type":"Feature","properties":{"a":"420035605002026","b":"420035605002027"},"geometry":{"type":"MultiLineString","coordinates":[[[-79.892084598541246,40.435417487241537],[-79.892256259918199,40.435646138205229]],[[-79.892256259918199,40.435646138205229],[-79.892406463623033,40.435842124126658]],[[-79.892406463623033,40.435842124126658],[-79.892578124999986,40.436119769870793]],[[-79.892578125,40.436119769870793],[-79.892792701721191,40.436642394043616]]]}},
{"type":"Feature","properties":{"a":"420035605002027","b":"420035605002028"},"geometry":{"type":"MultiLineString","coordinates":[[[-79.893028736114516,40.435842124126658],[-79.893093109130859,40.435956448983688]],[[-79.893093109130859,40.435956448983688],[-79.893307685852065,40.436511738381256]],[[-79.892578125,40.435205167793313],[-79.893028736114516,40.435842124126658]]]}},
{"type":"Feature","properties":{"a":"420035605002027","b":"420035605002038"},"geometry":{"type":"MultiLineString","coordinates":[[[-79.892084598541246,40.435417487241537],[-79.892191886901855,40.435368490505297]],[[-79.892191886901855,40.435368490505297],[-79.89247083663939,40.435254164648562]],[[-79.89247083663939,40.435254164648562],[-79.892578124999986,40.435205167793313]]]}},
{"type":"Feature","properties":{"a":"420035605002028","b":"420035605002029"},"geometry":{"type":"MultiLineString","coordinates":[[[-79.893844127655044,40.436364750457621],[-79.893736839294448,40.436397414468409]],[[-79.893736839294448,40.436397414468409],[-79.893414974212646,40.436479074425996]],[[-79.893414974212646,40.436479074425996],[-79.893307685852065,40.436511738381256]]]}},
{"type":"Feature","properties":{"a":"420035605002028","b":"420035605002035"},"geometry":{"type":"MultiLineString","coordinates":[[[-79.89307165145874,40.435009180015264],[-79.893243312835693,40.435254164648562]],[[-79.893243312835693,40.435254164648562],[-79.89356517791748,40.435695134739149]],[[-79.89356517791748,40.435695134739149],[-79.893844127655044,40.436364750457621]]]}},
{"type":"Feature","properties":{"a":"420035605002028","b":"420035605002037"},"geometry":{"type":"MultiLineString","coordinates":[[[-79.892578125,40.435205167793313],[-79.892663955688491,40.435172503203304]],[[-79.892663955688491,40.435172503203304],[-79.892964363098159,40.435041844684605]],[[-79.892964363098159,40.435041844684605],[-79.89307165145874,40.435009180015264]]]}},
{"type":"Feature","properties":{"a":"420035605002029","b":"420035605002030"},"geometry":{"type":"MultiLineString","coordinates":[[[-79.893844127655044,40.436364750457621],[-79.893908500671387,40.436495406405612]],[[-79.893908500671387,40.436495406405612],[-79.894058704376235,40.436871040841808]],[[-79.894058704376235,40.436871040841808],[-79.894123077392578,40.43700169580594]]]}},
{"type":"Feature","properties":{"a":"420035605002030","b":"420035605002031"},"geometry":{"type":"MultiLineString","coordinates":[[[-79.894380569458022,40.436234094255724],[-79.89442348480226,40.436364750457621]],[[-79.89442348480226,40.436364750457621],[-79.894595146179199,40.436740385623764]],[[-79.894595146179199,40.436740385623764],[-79.894638061523438,40.436871040841808]]]}},
{"type":"Feature","properties":{"a":"420035605002030","b":"420035605002035"},"geometry":{"type":"MultiLineString","coordinates":[[[-79.893844127655044,40.436364750457621],[-79.893951416015625,40.436348418446265]],[[-79.893951416015625,40.436348418446265],[-79.894273281097412,40.436266758329992]],[[-79.894273281097412,40.436266758329992],[-79.894380569458022,40.436234094255724]]]}},
{"type":"Feature","properties":{"a":"420035605002031","b":"420035605002032"},"geometry":{"type":"MultiLineString","coordinates":[[[-79.894917011260986,40.436103437799929],[-79.895045757293715,40.436413746467863]],[[-79.895045757293715,40.436413746467863],[-79.895174503326416,40.436675057919537]]]}},
{"type":"Feature","properties":{"a":"420035605002031","b":"420035605002034"},"geometry":{"type":"MultiLineString","coordinates":[[[-79.894380569458022,40.436234094255724],[-79.894487857818604,40.436201430165575]],[[-79.894487857818604,40.436201430165575],[-79.894809722900391,40.436119769870793]],[[-79.894809722900391,40.436119769870793],[-79.894917011260986,40.436103437799929]]]}},
{"type":"Feature","properties":{"a":"420035605002032","b":"420035605002033"},"geometry":{"type":"MultiLineString","coordinates":[[[-79.894917011260986,40.436103437799929],[-79.895303249359131,40.436005445291464]],[[-79.895303249359131,40.436005445291464],[-79.895346164703383,40.435989113192839]],[[-79.895346164703383,40.435989113192839],[-79.895367622375502,40.43597278109025]]]}},
{"type":"Feature","properties":{"a":"420035605002033","b":"420035605002034"},"geometry":{"type":"MultiLineString","coordinates":[[[-79.894917011260986,40.436103437799929],[-79.894595146179199,40.435335825994642]],[[-79.894595146179199,40.435335825994642],[-79.894251823425293,40.434878521179193]],[[-79.894251823425293,40.434878521179193],[-79.894037246704116,40.434584537869725]]]}},
{"type":"Feature","properties":{"a":"420035605002033","b":"420035605002039"},"geometry":{"type":"MultiLineString","coordinates":[[[-79.894509315490723,40.434388548282683],[-79.895088672637954,40.435172503203304]],[[-79.895088672637954,40.435172503203304],[-79.895389080047622,40.435891120517752]]]}},
{"type":"Feature","properties":{"a":"420035605002033","b":"420035605002041"},"geometry":{"type":"MultiLineString","coordinates":[[[-79.894037246704116,40.434584537869725],[-79.894144535064697,40.434551872978233]],[[-79.894144535064697,40.434551872978233],[-79.89442348480226,40.434421213253529]],[[-79.89442348480226,40.434421213253529],[-79.894509315490723,40.434388548282683]]]}},
{"type":"Feature","properties":{"a":"420035605002034","b":"420035605002035"},"geometry":{"type":"MultiLineString","coordinates":[[[-79.894380569458022,40.436234094255724],[-79.894101619720459,40.435580809437809]],[[-79.894101619720459,40.435580809437809],[-79.893758296966553,40.435074509338079]],[[-79.893758296966553,40.435074509338079],[-79.893543720245361,40.434796859277718]]]}},
{"type":"Feature","properties":{"a":"420035605002034","b":"420035605002042"},"geometry":{"type":"MultiLineString","coordinates":[[[-79.893543720245361,40.434796859277718],[-79.893651008605971,40.434764194489361]],[[-79.893651008605971,40.434764194489361],[-79.893951416015625,40.434633535177241]],[[-79.893951416015625,40.434633535177241],[-79.894037246704116,40.434584537869725]]]}},
{"type":"Feature","properties":{"a":"420035605002035","b":"420035605002036"},"geometry":{"type":"MultiLineString","coordinates":[[[-79.89307165145874,40.435009180015264],[-79.893157482147231,40.434960182981492]],[[-79.893157482147231,40.434960182981492],[-79.893457889556885,40.434845856430506]],[[-79.893457889556885,40.434845856430506],[-79.893543720245361,40.434796859277718]]]}},
{"type":"Feature","properties":{"a":"420035605002036","b":"420035605002037"},"geometry":{"type":"MultiLineString","coordinates":[[[-79.89307165145874,40.435009180015264],[-79.892964363098159,40.434878521179193]],[[-79.892964363098159,40.434878521179193],[-79.892663955688491,40.434470210680047]],[[-79.892663955688491,40.434470210680047],[-79.892599582672119,40.434355883295964]]]}},
{"type":"Feature","properties":{"a":"420035605002036","b":"420035605002042"},"geometry":{"type":"MultiLineString","coordinates":[[[-79.89307165145874,40.434159893042441],[-79.893157482147231,40.434274220759754]],[[-79.893157482147231,40.434274220759754],[-79.893457889556885,40.434666200029064]],[[-79.893457889556885,40.434666200029064],[-79.893543720245361,40.434796859277718]]]}},
{"type":"Feature","properties":{"a":"420035605002037","b":"420035605002038"},"geometry":{"type":"MultiLineString","coordinates":[[[-79.892578124999986,40.435205167793313],[-79.89247083663939,40.435074509338079]],[[-79.89247083663939,40.435074509338079],[-79.892170429229736,40.434649867605145]],[[-79.892170429229736,40.434649867605145],[-79.892106056213365,40.434568205425968]]]}},
{"type":"Feature","properties":{"a":"420035605002039","b":"420035605002040"},"geometry":{"type":"MultiLineString","coordinates":[[[-79.894509315490723,40.434388548282683],[-79.894895553588867,40.434225223190424]],[[-79.894895553588867,40.434225223190424],[-79.894917011260986,40.434208890659377]],[[-79.894917011260986,40.434208890659377],[-79.895024299621596,40.434176225585382]]]}},
{"type":"Feature","properties":{"a":"420035605002040","b":"420035605002041"},"geometry":{"type":"MultiLineString","coordinates":[[[-79.894509315490723,40.434388548282683],[-79.894380569458022,40.434192558124359]],[[-79.894380569458022,40.434192558124359],[-79.894058704376235,40.433735245533384]]]}},
{"type":"Feature","properties":{"a":"420035605002041","b":"420035605002042"},"geometry":{"type":"MultiLineString","coordinates":[[[-79.894037246704116,40.434584537869725],[-79.893951416015625,40.434470210680047]],[[-79.893951416015625,40.434470210680047],[-79.89367246627809,40.434094562830985]],[[-79.89367246627809,40.434094562830985],[-79.89356517791748,40.433947569623136]]]}},
{"type":"Feature","properties":{"a":"420035614001000","b":"420035614001001"},"geometry":{"type":"MultiLineString","coordinates":[[[-79.855499267578111,40.456335830913304],[-79.855842590332017,40.456335830913304]],[[-79.855842590332017,40.456335830913304],[-79.855906963348374,40.45635215806859]]]}},
{"type":"Feature","properties":{"a":"420035614001000","b":"420035614001002"},"geometry":{"type":"MultiLineString","coordinates":[[[-79.855906963348374,40.45635215806859],[-79.85637903213501,40.456368485219912]],[[-79.85637903213501,40.456368485219912],[-79.856765270233154,40.456384812367268]],[[-79.856765270233154,40.456384812367268],[-79.856979846954346,40.456368485219912]]]}},
{"type":"Feature","properties":{"a":"420035614001000","b":"420035614002000"},"geometry":{"type":"MultiLineString","coordinates":[[[-79.857387542724595,40.456907278987686],[-79.857323169708252,40.457070548973348]],[[-79.857323169708252,40.457070548973348],[-79.857151508331299,40.457266472432458]],[[-79.857151508331299,40.457266472432458],[-79.85713005065918,40.457282799361579]]]}},
{"type":"Feature","properties":{"a":"420035614001000","b":"420035614002012"},"geometry":{"type":"MultiLineString","coordinates":[[[-79.857022762298584,40.456466448044523],[-79.857044219970703,40.456482775168062]],[[-79.857044219970703,40.456482775168062],[-79.857172966003404,40.456662373265232]],[[-79.857172966003404,40.456662373265232],[-79.857387542724595,40.456907278987686]]]}},
{"type":"Feature","properties":{"a":"420035614001000","b":"420035614002017"},"geometry":{"type":"MultiLineString","coordinates":[[[-79.856979846954346,40.456368485219912],[-79.856979846954346,40.456401139510653]],[[-79.856979846954346,40.456401139510653],[-79.857001304626465,40.456417466650066]],[[-79.857001304626465,40.456417466650066],[-79.857022762298584,40.456466448044523]]]}},
{"type":"Feature","properties":{"a":"420035614001001","b":"420035614001002"},"geometry":{"type":"MultiLineString","coordinates":[[[-79.855949878692627,40.453560156845604],[-79.855971336364746,40.453674451570699]],[[-79.855971336364746,40.453674451570699],[-79.856014251708984,40.454784733068735]],[[-79.856014251708984,40.454784733068735],[-79.855906963348374,40.45635215806859]]]}},
{"type":"Feature","properties":{"a":"420035614001001","b":"420035614001003"},"geometry":{"type":"MultiLineString","coordinates":[[[-79.855606555938721,40.452825400399377],[-79.85562801361084,40.452890712408824]],[[-79.85562801361084,40.452890712408824],[-79.855928421020494,40.453494845486837]],[[-79.855928421020494,40.453494845486837],[-79.855949878692627,40.453560156845604]]]}},
{"type":"Feature","properties":{"a":"420035614001001","b":"420035614001004"},"geometry":{"type":"MultiLineString","coordinates":[[[-79.854233264923096,40.453233599416933],[-79.85461950302124,40.453217271503846]],[[-79.85461950302124,40.453217271503846],[-79.854726791381822,40.453200943586786]],[[-79.854726791381822,40.453200943586786],[-79.854876995086656,40.453151959811798]]]}},
{"type":"Feature","properties":{"a":"420035614001001","b":"420035614001005"},"geometry":{"type":"MultiLineString","coordinates":[[[-79.854876995086656,40.453151959811798],[-79.855027198791504,40.453102976001105]],[[-79.855027198791504,40.453102976001105],[-79.855456352233873,40.452890712408824]],[[-79.855456352233873,40.452890712408824],[-79.855606555938721,40.452825400399377]]]}},
{"type":"Feature","properties":{"a":"420035614001002","b":"420035614001003"},"geometry":{"type":"MultiLineString","coordinates":[[[-79.855949878692627,40.453560156845604],[-79.856164455413804,40.453560156845604]],[[-79.856164455413804,40.453560156845604],[-79.856829643249498,40.453543829011863]],[[-79.856829643249498,40.453543829011863],[-79.857044219970703,40.453543829011863]]]}},
{"type":"Feature","properties":{"a":"420035614001002","b":"420035614002017"},"geometry":{"type":"MultiLineString","coordinates":[[[-79.857044219970703,40.453543829011863],[-79.857087135314927,40.454474509202939]],[[-79.857087135314927,40.454474509202939],[-79.857087135314927,40.454686767792161]],[[-79.857087135314927,40.454686767792161],[-79.857001304626465,40.456090923107865]],[[-79.857001304626465,40.456090923107865],[-79.856958389282227,40.456335830913304]],[[-79.856958389282227,40.456335830913304],[-79.856979846954346,40.456368485219912]]]}},
{"type":"Feature","properties":{"a":"420035614001003","b":"420035614001005"},"geometry":{"type":"MultiLineString","coordinates":[[[-79.855606555938721,40.452825400399377],[-79.855821132659898,40.452711104230097]],[[-79.855821132659898,40.452711104230097],[-79.85652923583983,40.452368214555811]],[[-79.85652923583983,40.452368214555811],[-79.856743812561021,40.452253917608907]]]}},
{"type":"Feature","properties":{"a":"420035614001003","b":"420035614001006"},"geometry":{"type":"MultiLineString","coordinates":[[[-79.856743812561021,40.452253917608907],[-79.856872558593736,40.452302902038518]],[[-79.856872558593736,40.452302902038518],[-79.857215881347642,40.452335558305109]]]}},
{"type":"Feature","properties":{"a":"420035614001003","b":"420035614002017"},"geometry":{"type":"MultiLineString","coordinates":[[[-79.857215881347642,40.452335558305109],[-79.857172966003404,40.452580479798591]],[[-79.857172966003404,40.452580479798591],[-79.857065677642808,40.453462189783643]],[[-79.857065677642808,40.453462189783643],[-79.857044219970703,40.453543829011863]]]}},
{"type":"Feature","properties":{"a":"420035614001004","b":"420035614001005"},"geometry":{"type":"MultiLineString","coordinates":[[[-79.855134487152085,40.451584460158692],[-79.855070114135728,40.451633445076318]],[[-79.855070114135728,40.451633445076318],[-79.854812622070298,40.45200899492518]],[[-79.854812622070298,40.45200899492518],[-79.854834079742417,40.453070320107479]],[[-79.854834079742417,40.453070320107479],[-79.854876995086656,40.453151959811798]]]}},
{"type":"Feature","properties":{"a":"420035614001004","b":"420035614001007"},"geometry":{"type":"MultiLineString","coordinates":[[[-79.854190349578843,40.451208907937286],[-79.854254722595215,40.451225236338381]],[[-79.854254722595215,40.451225236338381],[-79.85451221466063,40.451323206661634]],[[-79.85451221466063,40.451323206661634],[-79.855134487152085,40.451584460158692]]]}},
{"type":"Feature","properties":{"a":"420035614001005","b":"420035614001006"},"geometry":{"type":"MultiLineString","coordinates":[[[-79.856100082397461,40.451976338499897],[-79.856228828430162,40.452025323131863]],[[-79.856228828430162,40.452025323131863],[-79.85637903213501,40.452106964105788]],[[-79.85637903213501,40.452106964105788],[-79.856743812561021,40.452253917608907]]]}},
{"type":"Feature","properties":{"a":"420035614001005","b":"420035614001007"},"geometry":{"type":"MultiLineString","coordinates":[[[-79.855134487152085,40.451584460158692],[-79.855327606201172,40.451666101668231]],[[-79.855327606201172,40.451666101668231],[-79.855821132659898,40.451878369128849]],[[-79.855821132659898,40.451878369128849],[-79.856100082397461,40.451976338499897]]]}},
{"type":"Feature","properties":{"a":"420035614001006","b":"420035614001007"},"geometry":{"type":"MultiLineString","coordinates":[[[-79.856100082397461,40.451976338499897],[-79.856014251708984,40.45156813184488]],[[-79.856014251708984,40.45156813184488],[-79.856035709381104,40.451372191769693]],[[-79.856035709381104,40.451372191769693],[-79.856078624725342,40.450931324511643]]]}},
{"type":"Feature","properties":{"a":"420035614001006","b":"420035614001008"},"geometry":{"type":"MultiLineString","coordinates":[[[-79.856078624725342,40.450931324511643],[-79.856207370758042,40.449984266547879]],[[-79.856207370758042,40.449984266547879],[-79.856207370758042,40.449820979343116]],[[-79.856207370758042,40.449820979343116],[-79.856164455413804,40.44970667806372]]]}},
{"type":"Feature","properties":{"a":"420035614001006","b":"420035614001010"},"geometry":{"type":"MultiLineString","coordinates":[[[-79.856164455413804,40.44970667806372],[-79.856443405151367,40.44970667806372]],[[-79.856443405151367,40.44970667806372],[-79.856936931610093,40.449723006829821]],[[-79.856936931610093,40.449723006829821],[-79.857559204101548,40.449723006829821]]]}},
{"type":"Feature","properties":{"a":"420035614001006","b":"420035614002016"},"geometry":{"type":"MultiLineString","coordinates":[[[-79.857323169708252,40.451502818549969],[-79.857301712036133,40.451666101668231]],[[-79.857301712036133,40.451666101668231],[-79.857237339019761,40.452172276813513]],[[-79.857237339019761,40.452172276813513],[-79.857215881347642,40.452335558305109]]]}},
{"type":"Feature","properties":{"a":"420035614001006","b":"420035614002029"},"geometry":{"type":"MultiLineString","coordinates":[[[-79.857559204101548,40.449723006829821],[-79.85751628875731,40.450065910001477]],[[-79.85751628875731,40.450065910001477],[-79.85736608505249,40.451143594293235]],[[-79.85736608505249,40.451143594293235],[-79.857323169708252,40.451502818549969]]]}},
{"type":"Feature","properties":{"a":"420035614001007","b":"420035614001008"},"geometry":{"type":"MultiLineString","coordinates":[[[-79.854168891906724,40.450294511143888],[-79.85461950302124,40.450408811423479]],[[-79.85461950302124,40.450408811423479],[-79.854812622070298,40.450408811423479]],[[-79.854812622070298,40.450408811423479],[-79.855499267578111,40.450490454361308]],[[-79.855499267578111,40.450490454361308],[-79.855713844299316,40.450572097199952]],[[-79.855713844299316,40.450572097199952],[-79.855928421020494,40.45073538257968]],[[-79.855928421020494,40.45073538257968],[-79.856078624725342,40.450931324511643]]]}},
{"type":"Feature","properties":{"a":"420035614001008","b":"420035614001009"},"geometry":{"type":"MultiLineString","coordinates":[[[-79.854147434234605,40.449461746096105],[-79.854168891906724,40.449494403743365]],[[-79.854168891906724,40.449494403743365],[-79.854362010955811,40.449592376589926]],[[-79.854362010955811,40.449592376589926],[-79.854598045349121,40.449657691741614]],[[-79.854598045349121,40.449657691741614],[-79.854748249053941,40.449657691741614]]]}},
{"type":"Feature","properties":{"a":"420035614001008","b":"420035614001010"},"geometry":{"type":"MultiLineString","coordinates":[[[-79.854748249053941,40.449657691741614],[-79.854984283447266,40.449674020519616]],[[-79.854984283447266,40.449674020519616],[-79.855885505676255,40.449690349293654]],[[-79.855885505676255,40.449690349293654],[-79.856164455413804,40.44970667806372]]]}},
{"type":"Feature","properties":{"a":"420035614001009","b":"420035614001010"},"geometry":{"type":"MultiLineString","coordinates":[[[-79.854555130004869,40.448759602841548],[-79.854555130004869,40.449037195237594]],[[-79.854555130004869,40.449037195237594],[-79.854705333709717,40.449363773059119]],[[-79.854705333709717,40.449363773059119],[-79.854748249053941,40.449657691741614]]]}},
{"type":"Feature","properties":{"a":"420035614001009","b":"420035614001013"},"geometry":{"type":"MultiLineString","coordinates":[[[-79.854061603546128,40.447110353787899],[-79.854533672332749,40.447110353787899]],[[-79.854533672332749,40.447110353787899],[-79.85461950302124,40.447094024387013]],[[-79.85461950302124,40.447094024387013],[-79.85476970672606,40.44773086808182]],[[-79.85476970672606,40.44773086808182],[-79.854791164398179,40.448090110580871]],[[-79.854791164398179,40.448090110580871],[-79.854748249053941,40.448253401991103]],[[-79.854748249053941,40.448253401991103],[-79.854555130004869,40.448677957800975]],[[-79.854555130004869,40.448677957800975],[-79.854555130004869,40.448759602841548]]]}},
{"type":"Feature","properties":{"a":"420035614001010","b":"420035614001011"},"geometry":{"type":"LineString","coordinates":[[-79.857001304626465,40.448726944837219],[-79.857709407806396,40.448759602841548]]}},
{"type":"Feature","properties":{"a":"420035614001010","b":"420035614001012"},"geometry":{"type":"LineString","coordinates":[[-79.856786727905273,40.448726944837219],[-79.857001304626465,40.448726944837219]]}},
{"type":"Feature","properties":{"a":"420035614001010","b":"420035614001013"},"geometry":{"type":"MultiLineString","coordinates":[[[-79.854555130004869,40.448759602841548],[-79.855155944824205,40.448808589818285]],[[-79.855155944824205,40.448808589818285],[-79.855563640594468,40.448939221581682]],[[-79.855563640594468,40.448939221581682],[-79.855799674987779,40.448971879482848]],[[-79.855799674987779,40.448971879482848],[-79.856078624725342,40.448939221581682]],[[-79.856078624725342,40.448939221581682],[-79.856786727905273,40.448726944837219]]]}},
{"type":"Feature","properties":{"a":"420035614001010","b":"420035614004000"},"geometry":{"type":"MultiLineString","coordinates":[[[-79.857709407806396,40.448759602841548],[-79.857687950134277,40.448873905731716]],[[-79.857687950134277,40.448873905731716],[-79.857666492462158,40.448955550534251]],[[-79.857666492462158,40.448955550534251],[-79.857559204101548,40.449723006829821]]]}},
{"type":"Feature","properties":{"a":"420035614001011","b":"420035614001012"},"geometry":{"type":"MultiLineString","coordinates":[[[-79.856872558593736,40.446620470035441],[-79.856636524200439,40.446310208478728]],[[-79.856636524200439,40.446310208478728],[-79.856636524200439,40.44627754928419]],[[-79.856636524200439,40.44627754928419],[-79.856443405151367,40.445461064262929]],[[-79.857001304626465,40.448726944837219],[-79.856958389282227,40.44694705960049]],[[-79.856958389282227,40.44694705960049],[-79.856958389282227,40.446849082897607]],[[-79.856958389282227,40.446849082897607],[-79.856872558593736,40.446620470035441]]]}},
{"type":"Feature","properties":{"a":"420035614001011","b":"420035614004000"},"geometry":{"type":"MultiLineString","coordinates":[[[-79.858138561248779,40.447943147972438],[-79.857902526855455,40.448269731110308]],[[-79.857902526855455,40.448269731110308],[-79.857795238494873,40.448449351159688]],[[-79.857795238494873,40.448449351159688],[-79.857709407806396,40.448759602841548]]]}},
{"type":"Feature","properties":{"a":"420035614001011","b":"420035614004014"},"geometry":{"type":"MultiLineString","coordinates":[[[-79.858503341674805,40.445167127227251],[-79.858589172363267,40.445559042989167]],[[-79.858589172363267,40.445559042989167],[-79.858610630035386,40.44694705960049]],[[-79.858610630035386,40.44694705960049],[-79.858589172363267,40.447224659483034]],[[-79.858589172363267,40.447224659483034],[-79.858481884002686,40.4474695996037]],[[-79.858481884002686,40.4474695996037],[-79.858138561248779,40.447943147972438]]]}},
{"type":"Feature","properties":{"a":"420035614001012","b":"420035614001013"},"geometry":{"type":"MultiLineString","coordinates":[[[-79.856786727905273,40.448726944837219],[-79.856700897216797,40.448628970729011]],[[-79.856700897216797,40.448628970729011],[-79.856357574462891,40.448433022084124]],[[-79.856357574462891,40.448433022084124],[-79.856121540069552,40.448188085474612]],[[-79.856121540069552,40.448188085474612],[-79.855971336364746,40.447894160364889]],[[-79.855971336364746,40.447894160364889],[-79.855713844299316,40.44694705960049]],[[-79.855713844299316,40.44694705960049],[-79.855413436889634,40.445738670282992]],[[-79.855413436889634,40.445738670282992],[-79.855327606201172,40.445624362060656]]]}},
{"type":"Feature","properties":{"a":"420035614002000","b":"420035614002001"},"geometry":{"type":"MultiLineString","coordinates":[[[-79.858546257019043,40.458474654471893],[-79.858675003051758,40.458882819169865]],[[-79.858675003051758,40.458882819169865],[-79.858696460723877,40.458899145706205]],[[-79.858696460723877,40.458899145706205],[-79.85876083374022,40.458915472238573]],[[-79.85876083374022,40.458915472238573],[-79.859619140624986,40.458882819169865]]]}},
{"type":"Feature","properties":{"a":"420035614002000","b":"420035614002014"},"geometry":{"type":"MultiLineString","coordinates":[[[-79.857387542724595,40.456907278987686],[-79.857559204101548,40.457119529891692]],[[-79.857559204101548,40.457119529891692],[-79.858160018920898,40.457788932196827]],[[-79.858160018920898,40.457788932196827],[-79.858331680297852,40.457919546503099]]]}},
{"type":"Feature","properties":{"a":"420035614002000","b":"420035614002015"},"geometry":{"type":"MultiLineString","coordinates":[[[-79.858331680297852,40.457919546503099],[-79.858374595642076,40.458017507066174]],[[-79.858374595642076,40.458017507066174],[-79.858438968658433,40.458180774353863]],[[-79.858438968658433,40.458180774353863],[-79.858546257019043,40.458474654471893]]]}},
{"type":"Feature","properties":{"a":"420035614002001","b":"420035614002002"},"geometry":{"type":"MultiLineString","coordinates":[[[-79.860091209411607,40.458442001188921],[-79.860091209411607,40.458523634366578]],[[-79.860091209411607,40.458523634366578],[-79.860112667083726,40.458784859868508]],[[-79.860112667083726,40.458784859868508],[-79.860112667083726,40.458866492629554]]]}},
{"type":"Feature","properties":{"a":"420035614002001","b":"420035614002015"},"geometry":{"type":"MultiLineString","coordinates":[[[-79.858546257019043,40.458474654471893],[-79.858846664428711,40.458458327832389]],[[-79.858846664428711,40.458458327832389],[-79.859790802001939,40.458442001188921]],[[-79.859790802001939,40.458442001188921],[-79.860091209411607,40.458442001188921]]]}},
{"type":"Feature","properties":{"a":"420035614002002","b":"420035614002003"},"geometry":{"type":"MultiLineString","coordinates":[[[-79.861271381378174,40.458180774353863],[-79.861271381378174,40.458246081157867]],[[-79.861271381378174,40.458246081157867],[-79.861292839050293,40.458425674541495]],[[-79.861292839050293,40.458425674541495],[-79.861292839050293,40.458588940837281]]]}},
{"type":"Feature","properties":{"a":"420035614002002","b":"420035614002007"},"geometry":{"type":"MultiLineString","coordinates":[[[-79.861035346984849,40.45816444764295],[-79.861078262329087,40.45816444764295]],[[-79.861078262329087,40.45816444764295],[-79.861228466033936,40.458180774353863]],[[-79.861228466033936,40.458180774353863],[-79.861271381378174,40.458180774353863]]]}},
{"type":"Feature","properties":{"a":"420035614002002","b":"420035614002014"},"geometry":{"type":"LineString","coordinates":[[-79.860091209411607,40.458050160555452],[-79.860198497772217,40.458066487294147]]}},
{"type":"Feature","properties":{"a":"420035614002002","b":"420035614002015"},"geometry":{"type":"LineString","coordinates":[[-79.860091209411607,40.458442001188921],[-79.860091209411607,40.458050160555452]]}},
{"type":"Feature","properties":{"a":"420035614002002","b":"420035614002018"},"geometry":{"type":"MultiLineString","coordinates":[[[-79.860198497772217,40.458066487294147],[-79.860584735870361,40.458131794209223]],[[-79.860584735870361,40.458131794209223],[-79.86086368560791,40.45816444764295]],[[-79.86086368560791,40.45816444764295],[-79.861035346984849,40.45816444764295]]]}},
{"type":"Feature","properties":{"a":"420035614002003","b":"420035614002004"},"geometry":{"type":"MultiLineString","coordinates":[[[-79.862129688262925,40.458213427763809],[-79.862236976623535,40.458246081157867]],[[-79.862236976623535,40.458246081157867],[-79.862344264984131,40.458311387898362]],[[-79.862344264984131,40.458311387898362],[-79.862451553344712,40.458442001188921]],[[-79.862451553344712,40.458442001188921],[-79.862494468688951,40.458572614225552]]]}},
{"type":"Feature","properties":{"a":"420035614002003","b":"420035614002006"},"geometry":{"type":"MultiLineString","coordinates":[[[-79.861850738525376,40.458180774353863],[-79.86200094223021,40.458180774353863]],[[-79.86200094223021,40.458180774353863],[-79.862022399902344,40.458197101060826]],[[-79.862022399902344,40.458197101060826],[-79.862129688262925,40.458213427763809]]]}},
{"type":"Feature","properties":{"a":"420035614002003","b":"420035614002007"},"geometry":{"type":"LineString","coordinates":[[-79.861271381378174,40.458180774353863],[-79.861850738525376,40.458180774353863]]}},
{"type":"Feature","properties":{"a":"420035614002004","b":"420035614002005"},"geometry":{"type":"MultiLineString","coordinates":[[[-79.863910675048828,40.458197101060826],[-79.863910675048828,40.458262407848935]],[[-79.863910675048828,40.458262407848935],[-79.863932132720947,40.458458327832389]],[[-79.863932132720947,40.458458327832389],[-79.863932132720947,40.458572614225552]]]}},
{"type":"Feature","properties":{"a":"420035614002004","b":"420035614002006"},"geometry":{"type":"MultiLineString","coordinates":[[[-79.862129688262925,40.458213427763809],[-79.862322807311998,40.458180774353863]],[[-79.862322807311998,40.458180774353863],[-79.863910675048828,40.458197101060826]]]}},
{"type":"Feature","properties":{"a":"420035614002005","b":"420035614002006"},"geometry":{"type":"MultiLineString","coordinates":[[[-79.863910675048828,40.458197101060826],[-79.864811897277832,40.458197101060826]],[[-79.864811897277832,40.458197101060826],[-79.864811897277832,40.458556287609859]]]}},
{"type":"Feature","properties":{"a":"420035614002006","b":"420035614002007"},"geometry":{"type":"MultiLineString","coordinates":[[[-79.861850738525376,40.458180774353863],[-79.861850738525376,40.457674644470544]],[[-79.861850738525376,40.457674644470544],[-79.8617649078369,40.456368485219912]],[[-79.8617649078369,40.456368485219912],[-79.861657619476318,40.456254195077356]],[[-79.861657619476318,40.456254195077356],[-79.861550331115723,40.456205213528165]],[[-79.861550331115723,40.456205213528165],[-79.861443042755113,40.456172559142196]],[[-79.861443042755113,40.456172559142196],[-79.861292839050293,40.456172559142196]],[[-79.861292839050293,40.456172559142196],[-79.861078262329087,40.456254195077356]],[[-79.861078262329087,40.456254195077356],[-79.860970973968506,40.456384812367268]],[[-79.860970973968506,40.456384812367268],[-79.860949516296387,40.456466448044523]]]}},
{"type":"Feature","properties":{"a":"420035614002006","b":"420035614002008"},"geometry":{"type":"MultiLineString","coordinates":[[[-79.860949516296387,40.456466448044523],[-79.860885143280029,40.456450120916998]],[[-79.860885143280029,40.456450120916998],[-79.860327243804917,40.456417466650066]],[[-79.860327243804917,40.456417466650066],[-79.860177040100098,40.456417466650066]]]}},
{"type":"Feature","properties":{"a":"420035614002006","b":"420035614002009"},"geometry":{"type":"MultiLineString","coordinates":[[[-79.863846302032456,40.456090923107865],[-79.863910675048828,40.456450120916998]],[[-79.863910675048828,40.456450120916998],[-79.864146709442124,40.457037895007964]],[[-79.864146709442124,40.457037895007964],[-79.865369796752915,40.458556287609859]]]}},
{"type":"Feature","properties":{"a":"420035614002006","b":"420035614002011"},"geometry":{"type":"MultiLineString","coordinates":[[[-79.85777378082274,40.456025614208976],[-79.858996868133545,40.456025614208976]],[[-79.858996868133545,40.456025614208976],[-79.861078262329087,40.456041941439643]],[[-79.861078262329087,40.456041941439643],[-79.863846302032456,40.456090923107865]]]}},
{"type":"Feature","properties":{"a":"420035614002006","b":"420035614002012"},"geometry":{"type":"MultiLineString","coordinates":[[[-79.857687950134277,40.456205213528165],[-79.857709407806396,40.456172559142196]],[[-79.857709407806396,40.456172559142196],[-79.857752323150621,40.456058268666361]],[[-79.857752323150621,40.456058268666361],[-79.85777378082274,40.456025614208976]]]}},
{"type":"Feature","properties":{"a":"420035614002006","b":"420035614002013"},"geometry":{"type":"MultiLineString","coordinates":[[[-79.860177040100098,40.456417466650066],[-79.858288764953599,40.456303176590822]],[[-79.858288764953599,40.456303176590822],[-79.858031272888184,40.456254195077356]],[[-79.858031272888184,40.456254195077356],[-79.857687950134277,40.456205213528165]]]}},
{"type":"Feature","properties":{"a":"420035614002007","b":"420035614002008"},"geometry":{"type":"MultiLineString","coordinates":[[[-79.86101388931273,40.457821585797205],[-79.860970973968506,40.456792989761631]],[[-79.860970973968506,40.456792989761631],[-79.860970973968506,40.456613392013615]],[[-79.860970973968506,40.456613392013615],[-79.860949516296387,40.456466448044523]]]}},
{"type":"Feature","properties":{"a":"420035614002007","b":"420035614002018"},"geometry":{"type":"MultiLineString","coordinates":[[[-79.861035346984849,40.45816444764295],[-79.861035346984849,40.458082814028863]],[[-79.861035346984849,40.458082814028863],[-79.86101388931273,40.457821585797205]]]}},
{"type":"Feature","properties":{"a":"420035614002008","b":"420035614002013"},"geometry":{"type":"MultiLineString","coordinates":[[[-79.860219955444336,40.457576683407559],[-79.860177040100098,40.456744008605234]],[[-79.860177040100098,40.456744008605234],[-79.860177040100098,40.456417466650066]]]}},
{"type":"Feature","properties":{"a":"420035614002008","b":"420035614002018"},"geometry":{"type":"MultiLineString","coordinates":[[[-79.86060619354248,40.457870566168012],[-79.86060619354248,40.457560356549834]],[[-79.86060619354248,40.457560356549834],[-79.860219955444336,40.457576683407559]],[[-79.86101388931273,40.457821585797205],[-79.860949516296387,40.457870566168012]],[[-79.860949516296387,40.457870566168012],[-79.86060619354248,40.457870566168012]]]}},
{"type":"Feature","properties":{"a":"420035614002009","b":"420035614002010"},"geometry":{"type":"MultiLineString","coordinates":[[[-79.863846302032456,40.456090923107865],[-79.865734577178941,40.456090923107865]],[[-79.865734577178941,40.456090923107865],[-79.865841865539551,40.455748050680498]]]}},
{"type":"Feature","properties":{"a":"420035614002010","b":"420035614002011"},"geometry":{"type":"MultiLineString","coordinates":[[[-79.863846302032456,40.456090923107865],[-79.863824844360337,40.455943977996107]],[[-79.863824844360337,40.455943977996107],[-79.863824844360337,40.455846014409722]]]}},
{"type":"Feature","properties":{"a":"420035614002010","b":"420035614003000"},"geometry":{"type":"MultiLineString","coordinates":[[[-79.863824844360337,40.455846014409722],[-79.863824844360337,40.454654112668237]],[[-79.863824844360337,40.454654112668237],[-79.863867759704576,40.454474509202939]],[[-79.863867759704576,40.454474509202939],[-79.864039421081529,40.454147956217923]],[[-79.864039421081529,40.454147956217923],[-79.864168167114244,40.453984679130279]],[[-79.864168167114244,40.453984679130279],[-79.864575862884521,40.453674451570699]],[[-79.864575862884521,40.453674451570699],[-79.866485595703125,40.45276008832645]]]}},
{"type":"Feature","properties":{"a":"420035614002011","b":"420035614002012"},"geometry":{"type":"MultiLineString","coordinates":[[[-79.85777378082274,40.456025614208976],[-79.857838153839111,40.455878668954391]],[[-79.857838153839111,40.455878668954391],[-79.858052730560289,40.455437831262358]],[[-79.858052730560289,40.455437831262358],[-79.85811710357666,40.455290884722267]]]}},
{"type":"Feature","properties":{"a":"420035614002011","b":"420035614003000"},"geometry":{"type":"MultiLineString","coordinates":[[[-79.85811710357666,40.455290884722267],[-79.860134124755845,40.455650086808461]],[[-79.860134124755845,40.455650086808461],[-79.860284328460693,40.455650086808461]],[[-79.860284328460693,40.455650086808461],[-79.860584735870361,40.455584777481072]],[[-79.860584735870361,40.455584777481072],[-79.863181114196763,40.455601104818868]],[[-79.863181114196763,40.455601104818868],[-79.863266944885254,40.455633759482559]],[[-79.863266944885254,40.455633759482559],[-79.863460063934312,40.45578070527278]],[[-79.863460063934312,40.45578070527278],[-79.863588809967041,40.455829687131441]],[[-79.863588809967041,40.455829687131441],[-79.863824844360337,40.455846014409722]]]}},
{"type":"Feature","properties":{"a":"420035614002012","b":"420035614002013"},"geometry":{"type":"MultiLineString","coordinates":[[[-79.857687950134277,40.456205213528165],[-79.857623577117906,40.456335830913304]],[[-79.857623577117906,40.456335830913304],[-79.857559204101548,40.456482775168062]],[[-79.857559204101548,40.456482775168062],[-79.857387542724595,40.456907278987686]]]}},
{"type":"Feature","properties":{"a":"420035614002012","b":"420035614002016"},"geometry":{"type":"MultiLineString","coordinates":[[[-79.857494831085205,40.452368214555811],[-79.85777378082274,40.452400870790662]],[[-79.85777378082274,40.452400870790662],[-79.857795238494873,40.452400870790662]],[[-79.857795238494873,40.452400870790662],[-79.857902526855455,40.452417198902126]]]}},
{"type":"Feature","properties":{"a":"420035614002012","b":"420035614002017"},"geometry":{"type":"MultiLineString","coordinates":[[[-79.857022762298584,40.456466448044523],[-79.857301712036133,40.456188886337166]],[[-79.857301712036133,40.456188886337166],[-79.857559204101548,40.453854057174503]],[[-79.857559204101548,40.453854057174503],[-79.857494831085205,40.452368214555811]]]}},
{"type":"Feature","properties":{"a":"420035614002012","b":"420035614002019"},"geometry":{"type":"MultiLineString","coordinates":[[[-79.857902526855455,40.452417198902126],[-79.857881069183335,40.452874384412418]],[[-79.857881069183335,40.452874384412418],[-79.857966899871812,40.453021336237278]],[[-79.857966899871812,40.453021336237278],[-79.858095645904527,40.453102976001105]],[[-79.858095645904527,40.453102976001105],[-79.858589172363267,40.453151959811798]],[[-79.858589172363267,40.453151959811798],[-79.859018325805664,40.453478517637222]]]}},
{"type":"Feature","properties":{"a":"420035614002012","b":"420035614003000"},"geometry":{"type":"MultiLineString","coordinates":[[[-79.859018325805664,40.453478517637222],[-79.858996868133545,40.453494845486837]],[[-79.858996868133545,40.453494845486837],[-79.858803749084473,40.453821401645882]],[[-79.858803749084473,40.453821401645882],[-79.85811710357666,40.455290884722267]]]}},
{"type":"Feature","properties":{"a":"420035614002013","b":"420035614002014"},"geometry":{"type":"MultiLineString","coordinates":[[[-79.859833717346191,40.457593010261306],[-79.859812259674058,40.456711354481136]],[[-79.859812259674058,40.456711354481136],[-79.858546257019043,40.456727681545175]],[[-79.858546257019043,40.456727681545175],[-79.858546257019043,40.456776662713466]],[[-79.858546257019043,40.456776662713466],[-79.857559204101548,40.456841970882309]],[[-79.857559204101548,40.456841970882309],[-79.857387542724595,40.456907278987686]],[[-79.860219955444336,40.457576683407559],[-79.859833717346191,40.457593010261306]]]}},
{"type":"Feature","properties":{"a":"420035614002014","b":"420035614002015"},"geometry":{"type":"MultiLineString","coordinates":[[[-79.860091209411607,40.458050160555452],[-79.859855175018311,40.458001180315577]],[[-79.859855175018311,40.458001180315577],[-79.859490394592285,40.457968526802496]],[[-79.859490394592285,40.457968526802496],[-79.858589172363267,40.457968526802496]],[[-79.858589172363267,40.457968526802496],[-79.858331680297852,40.457919546503099]]]}},
{"type":"Feature","properties":{"a":"420035614002014","b":"420035614002018"},"geometry":{"type":"MultiLineString","coordinates":[[[-79.860219955444336,40.457576683407559],[-79.860219955444336,40.457968526802496]],[[-79.860219955444336,40.457968526802496],[-79.860198497772217,40.458066487294147]]]}},
{"type":"Feature","properties":{"a":"420035614002016","b":"420035614002017"},"geometry":{"type":"MultiLineString","coordinates":[[[-79.857494831085205,40.452368214555811],[-79.857344627380371,40.452351886432446]],[[-79.857344627380371,40.452351886432446],[-79.857215881347642,40.452335558305109]]]}},
{"type":"Feature","properties":{"a":"420035614002016","b":"420035614002027"},"geometry":{"type":"LineString","coordinates":[[-79.858009815216064,40.45155180352711],[-79.857902526855455,40.452417198902126]]}},
{"type":"Feature","properties":{"a":"420035614002016","b":"420035614002029"},"geometry":{"type":"LineString","coordinates":[[-79.857323169708252,40.451502818549969],[-79.858009815216064,40.45155180352711]]}},
{"type":"Feature","properties":{"a":"420035614002019","b":"420035614002020"},"geometry":{"type":"MultiLineString","coordinates":[[[-79.858717918395982,40.452417198902126],[-79.85876083374022,40.452809072387097]],[[-79.85876083374022,40.452809072387097],[-79.858846664428711,40.452988680303967]],[[-79.858846664428711,40.452988680303967],[-79.859018325805664,40.453184615665762]],[[-79.859018325805664,40.453184615665762],[-79.85927581787108,40.453282583132406]]]}},
{"type":"Feature","properties":{"a":"420035614002019","b":"420035614002027"},"geometry":{"type":"MultiLineString","coordinates":[[[-79.857902526855455,40.452417198902126],[-79.858396053314195,40.452433527009617]],[[-79.858396053314195,40.452433527009617],[-79.858675003051758,40.452433527009617]],[[-79.858675003051758,40.452433527009617],[-79.858717918395982,40.452417198902126]]]}},
{"type":"Feature","properties":{"a":"420035614002019","b":"420035614003000"},"geometry":{"type":"MultiLineString","coordinates":[[[-79.85927581787108,40.453282583132406],[-79.85925436019896,40.453282583132406]],[[-79.85925436019896,40.453282583132406],[-79.859061241149888,40.453429534064583]],[[-79.859061241149888,40.453429534064583],[-79.859018325805664,40.453478517637222]]]}},
{"type":"Feature","properties":{"a":"420035614002020","b":"420035614002021"},"geometry":{"type":"MultiLineString","coordinates":[[[-79.861657619476318,40.451437505191578],[-79.861314296722412,40.451845712640086]],[[-79.861314296722412,40.451845712640086],[-79.861078262329087,40.452090635918935]],[[-79.861078262329087,40.452090635918935],[-79.860455989837632,40.452515167487611]]]}},
{"type":"Feature","properties":{"a":"420035614002020","b":"420035614002023"},"geometry":{"type":"MultiLineString","coordinates":[[[-79.86060619354248,40.451094609018533],[-79.860713481903062,40.451127265872302]],[[-79.860713481903062,40.451127265872302],[-79.86101388931273,40.451241564735511]],[[-79.86101388931273,40.451241564735511],[-79.861121177673326,40.451274221517856]]]}},
{"type":"Feature","properties":{"a":"420035614002020","b":"420035614002024"},"geometry":{"type":"MultiLineString","coordinates":[[[-79.861121177673326,40.451274221517856],[-79.861550331115723,40.451404848488572]],[[-79.861550331115723,40.451404848488572],[-79.861593246459961,40.451421176842054]],[[-79.861593246459961,40.451421176842054],[-79.861657619476318,40.451437505191578]]]}},
{"type":"Feature","properties":{"a":"420035614002020","b":"420035614002026"},"geometry":{"type":"MultiLineString","coordinates":[[[-79.859898090362549,40.451862040886446],[-79.860069751739488,40.451731414804449]],[[-79.860069751739488,40.451731414804449],[-79.860477447509751,40.451257893128663]],[[-79.860477447509751,40.451257893128663],[-79.86060619354248,40.451094609018533]]]}},
{"type":"Feature","properties":{"a":"420035614002020","b":"420035614002027"},"geometry":{"type":"MultiLineString","coordinates":[[[-79.858717918395982,40.452417198902126],[-79.858932495117173,40.452384542675219]],[[-79.858932495117173,40.452384542675219],[-79.859147071838379,40.452302902038518]],[[-79.859147071838379,40.452302902038518],[-79.859554767608643,40.452090635918935]],[[-79.859554767608643,40.452090635918935],[-79.859898090362549,40.451862040886446]]]}},
{"type":"Feature","properties":{"a":"420035614002020","b":"420035614003000"},"geometry":{"type":"MultiLineString","coordinates":[[[-79.860455989837632,40.452515167487611],[-79.859318733215318,40.453249927326063]],[[-79.859318733215318,40.453249927326063],[-79.85927581787108,40.453282583132406]]]}},
{"type":"Feature","properties":{"a":"420035614002021","b":"420035614002022"},"geometry":{"type":"MultiLineString","coordinates":[[[-79.862987995147691,40.451421176842054],[-79.862108230590806,40.452482511308318]],[[-79.862108230590806,40.452482511308318],[-79.861936569213867,40.452645792046084]],[[-79.861936569213867,40.452645792046084],[-79.861121177673326,40.453184615665762]],[[-79.861121177673326,40.453184615665762],[-79.86086368560791,40.453266255231213]],[[-79.86086368560791,40.453266255231213],[-79.860498905181885,40.453315238922883]]]}},
{"type":"Feature","properties":{"a":"420035614002021","b":"420035614002024"},"geometry":{"type":"LineString","coordinates":[[-79.861657619476318,40.451437505191578],[-79.862043857574434,40.450980309905368]]}},
{"type":"Feature","properties":{"a":"420035614002021","b":"420035614003000"},"geometry":{"type":"MultiLineString","coordinates":[[[-79.860498905181885,40.453315238922883],[-79.860498905181885,40.453086648056278]],[[-79.860498905181885,40.453086648056278],[-79.860477447509751,40.453005008272605]],[[-79.860477447509751,40.453005008272605],[-79.860455989837632,40.452515167487611]],[[-79.862043857574434,40.450980309905368],[-79.862730503082275,40.451306878284342]],[[-79.862730503082275,40.451306878284342],[-79.862773418426499,40.451339535034954]],[[-79.862773418426499,40.451339535034954],[-79.862987995147691,40.451421176842054]]]}},
{"type":"Feature","properties":{"a":"420035614002022","b":"420035614003000"},"geometry":{"type":"MultiLineString","coordinates":[[[-79.860498905181885,40.453837729412179],[-79.860498905181885,40.453315238922883]],[[-79.862987995147691,40.451421176842054],[-79.863717555999756,40.451796727877181]],[[-79.863717555999756,40.451796727877181],[-79.862580299377441,40.453119303941975]],[[-79.862580299377441,40.453119303941975],[-79.861571788787842,40.453756090541027]],[[-79.861571788787842,40.453756090541027],[-79.861357212066636,40.453821401645882]],[[-79.861357212066636,40.453821401645882],[-79.860498905181885,40.453837729412179]]]}},
{"type":"Feature","properties":{"a":"420035614002023","b":"420035614002024"},"geometry":{"type":"MultiLineString","coordinates":[[[-79.863309860229478,40.448939221581682],[-79.863202571868882,40.449053524166359]],[[-79.863202571868882,40.449053524166359],[-79.862322807311998,40.44985363681581]],[[-79.862322807311998,40.44985363681581],[-79.861121177673326,40.451274221517856]]]}},
{"type":"Feature","properties":{"a":"420035614002023","b":"420035614002025"},"geometry":{"type":"LineString","coordinates":[[-79.862987995147691,40.448841247782923],[-79.863309860229478,40.448939221581682]]}},
{"type":"Feature","properties":{"a":"420035614002023","b":"420035614002026"},"geometry":{"type":"MultiLineString","coordinates":[[[-79.86060619354248,40.451094609018533],[-79.861958026885986,40.449478074921721]],[[-79.861958026885986,40.449478074921721],[-79.861958026885986,40.449184155453665]]]}},
{"type":"Feature","properties":{"a":"420035614002023","b":"420035614004004"},"geometry":{"type":"MultiLineString","coordinates":[[[-79.861958026885986,40.449184155453665],[-79.861958026885986,40.4487106158291]],[[-79.861958026885986,40.4487106158291],[-79.86251592636107,40.448759602841548]],[[-79.86251592636107,40.448759602841548],[-79.862666130065904,40.448759602841548]]]}},
{"type":"Feature","properties":{"a":"420035614002024","b":"420035614002025"},"geometry":{"type":"MultiLineString","coordinates":[[[-79.863309860229478,40.448939221581682],[-79.863760471343994,40.449102510928846]],[[-79.863760471343994,40.449102510928846],[-79.863824844360337,40.449118839841752]],[[-79.863824844360337,40.449118839841752],[-79.863889217376695,40.449200484346726]]]}},
{"type":"Feature","properties":{"a":"420035614002024","b":"420035614003000"},"geometry":{"type":"MultiLineString","coordinates":[[[-79.863889217376695,40.449200484346726],[-79.863717555999756,40.449265799879285]],[[-79.863717555999756,40.449265799879285],[-79.862837791442857,40.450065910001477]],[[-79.862837791442857,40.450065910001477],[-79.862043857574434,40.450980309905368]]]}},
{"type":"Feature","properties":{"a":"420035614002025","b":"420035614003000"},"geometry":{"type":"LineString","coordinates":[[-79.86401796340941,40.449167826556632],[-79.863889217376695,40.449200484346726]]}},
{"type":"Feature","properties":{"a":"420035614002025","b":"420035614003001"},"geometry":{"type":"MultiLineString","coordinates":[[[-79.86401796340941,40.448416693004603],[-79.864039421081529,40.4487106158291]],[[-79.864039421081529,40.4487106158291],[-79.864039421081529,40.449086182011989]],[[-79.864039421081529,40.449086182011989],[-79.86401796340941,40.449167826556632]]]}},
{"type":"Feature","properties":{"a":"420035614002025","b":"420035614004004"},"geometry":{"type":"MultiLineString","coordinates":[[[-79.862601757049561,40.448743273841366],[-79.862473011016831,40.448612641697096]],[[-79.862473011016831,40.448612641697096],[-79.862408638000474,40.448563654577534]]]}},
{"type":"Feature","properties":{"a":"420035614002025","b":"420035614004005"},"geometry":{"type":"MultiLineString","coordinates":[[[-79.862408638000474,40.448563654577534],[-79.862709045410156,40.448449351159688]],[[-79.862709045410156,40.448449351159688],[-79.862794876098619,40.448449351159688]]]}},
{"type":"Feature","properties":{"a":"420035614002025","b":"420035614004006"},"geometry":{"type":"MultiLineString","coordinates":[[[-79.862794876098619,40.448449351159688],[-79.862902164459229,40.448416693004603]],[[-79.862902164459229,40.448416693004603],[-79.86401796340941,40.448416693004603]]]}},
{"type":"Feature","properties":{"a":"420035614002026","b":"420035614002027"},"geometry":{"type":"MultiLineString","coordinates":[[[-79.859898090362549,40.451862040886446],[-79.859340190887451,40.451029295263389]],[[-79.859340190887451,40.451029295263389],[-79.859898090362549,40.45035982561317]],[[-79.859898090362549,40.45035982561317],[-79.859941005706787,40.450131224692946]],[[-79.859941005706787,40.450131224692946],[-79.85987663269043,40.45001692394122]],[[-79.85987663269043,40.45001692394122],[-79.858610630035386,40.449233142120931]]]}},
{"type":"Feature","properties":{"a":"420035614002026","b":"420035614004001"},"geometry":{"type":"MultiLineString","coordinates":[[[-79.858610630035386,40.449233142120931],[-79.859597682952881,40.448922892625134]],[[-79.859597682952881,40.448922892625134],[-79.859726428985581,40.448841247782923]],[[-79.859726428985581,40.448841247782923],[-79.860198497772217,40.44846568023128]]]}},
{"type":"Feature","properties":{"a":"420035614002026","b":"420035614004003"},"geometry":{"type":"MultiLineString","coordinates":[[[-79.860198497772217,40.44846568023128],[-79.860177040100098,40.448563654577534]],[[-79.860177040100098,40.448563654577534],[-79.860177040100098,40.4487106158291]],[[-79.860177040100098,40.4487106158291],[-79.860327243804917,40.448922892625134]]]}},
{"type":"Feature","properties":{"a":"420035614002026","b":"420035614004004"},"geometry":{"type":"MultiLineString","coordinates":[[[-79.860327243804917,40.448922892625134],[-79.860520362854004,40.449086182011989]],[[-79.860520362854004,40.449086182011989],[-79.8607563972473,40.449167826556632]],[[-79.8607563972473,40.449167826556632],[-79.860970973968506,40.449184155453665]],[[-79.860970973968506,40.449184155453665],[-79.861571788787842,40.449020866304856]],[[-79.861571788787842,40.449020866304856],[-79.861829280853257,40.449102510928846]],[[-79.861829280853257,40.449102510928846],[-79.861958026885986,40.449184155453665]]]}},
{"type":"Feature","properties":{"a":"420035614002027","b":"420035614002028"},"geometry":{"type":"MultiLineString","coordinates":[[[-79.858009815216064,40.45155180352711],[-79.858374595642076,40.451584460158692]],[[-79.858374595642076,40.451584460158692],[-79.858460426330566,40.45155180352711]],[[-79.858460426330566,40.45155180352711],[-79.858503341674805,40.451486490216325]],[[-79.858503341674805,40.451486490216325],[-79.858589172363267,40.450866010597807]],[[-79.858589172363267,40.450866010597807],[-79.858803749084473,40.450523111508673]],[[-79.858803749084473,40.450523111508673],[-79.858546257019043,40.449755664350128]],[[-79.858546257019043,40.449755664350128],[-79.858503341674805,40.44970667806372]],[[-79.858503341674805,40.44970667806372],[-79.858138561248779,40.449543390184495]]]}},
{"type":"Feature","properties":{"a":"420035614002027","b":"420035614004000"},"geometry":{"type":"MultiLineString","coordinates":[[[-79.858138561248779,40.449543390184495],[-79.858181476593018,40.449510732561038]],[[-79.858181476593018,40.449510732561038],[-79.858224391937242,40.449135168750679]],[[-79.858224391937242,40.449135168750679],[-79.858288764953599,40.449053524166359]]]}},
{"type":"Feature","properties":{"a":"420035614002027","b":"420035614004001"},"geometry":{"type":"MultiLineString","coordinates":[[[-79.858288764953599,40.449053524166359],[-79.858353137969971,40.449086182011989]],[[-79.858353137969971,40.449086182011989],[-79.858396053314195,40.449102510928846]],[[-79.858396053314195,40.449102510928846],[-79.858610630035386,40.449233142120931]]]}},
{"type":"Feature","properties":{"a":"420035614002028","b":"420035614002029"},"geometry":{"type":"MultiLineString","coordinates":[[[-79.858009815216064,40.45155180352711],[-79.858138561248779,40.450474125781675]],[[-79.858138561248779,40.450474125781675],[-79.858095645904527,40.449951609138665]],[[-79.858095645904527,40.449951609138665],[-79.858031272888184,40.449951609138665]],[[-79.858031272888184,40.449951609138665],[-79.857966899871812,40.449657691741614]]]}},
{"type":"Feature","properties":{"a":"420035614002028","b":"420035614004000"},"geometry":{"type":"MultiLineString","coordinates":[[[-79.857966899871812,40.449657691741614],[-79.858052730560289,40.449625034173707]],[[-79.858052730560289,40.449625034173707],[-79.85811710357666,40.449576047792085]],[[-79.85811710357666,40.449576047792085],[-79.858138561248779,40.449543390184495]]]}},
{"type":"Feature","properties":{"a":"420035614002029","b":"420035614004000"},"geometry":{"type":"MultiLineString","coordinates":[[[-79.857559204101548,40.449723006829821],[-79.857687950134277,40.44970667806372]],[[-79.857687950134277,40.44970667806372],[-79.857902526855455,40.449690349293654]],[[-79.857902526855455,40.449690349293654],[-79.857966899871812,40.449657691741614]]]}},
{"type":"Feature","properties":{"a":"420035614003000","b":"420035614003001"},"geometry":{"type":"MultiLineString","coordinates":[[[-79.86401796340941,40.449167826556632],[-79.864168167114244,40.449151497655642]],[[-79.864168167114244,40.449151497655642],[-79.866721630096421,40.449102510928846]],[[-79.866721630096421,40.449102510928846],[-79.867386817932115,40.449102510928846]]]}},
{"type":"Feature","properties":{"a":"420035614003000","b":"420035648001000"},"geometry":{"type":"MultiLineString","coordinates":[[[-79.867386817932115,40.449102510928846],[-79.867429733276353,40.449167826556632]],[[-79.867429733276353,40.449167826556632],[-79.867494106292725,40.449282128752508]],[[-79.867494106292725,40.449282128752508],[-79.867558479309082,40.449380101908531]]]}},
{"type":"Feature","properties":{"a":"420035614003001","b":"420035614003002"},"geometry":{"type":"MultiLineString","coordinates":[[[-79.867773056030259,40.448792260830004],[-79.867537021636963,40.448988208427487]],[[-79.867537021636963,40.448988208427487],[-79.867386817932115,40.449102510928846]]]}},
{"type":"Feature","properties":{"a":"420035614003001","b":"420035614003004"},"geometry":{"type":"MultiLineString","coordinates":[[[-79.867365360259996,40.448514667422259],[-79.867451190948486,40.448563654577534]],[[-79.867451190948486,40.448563654577534],[-79.867773056030259,40.448792260830004]]]}},
{"type":"Feature","properties":{"a":"420035614003001","b":"420035614003005"},"geometry":{"type":"MultiLineString","coordinates":[[[-79.86401796340941,40.448416693004603],[-79.865133762359619,40.44840036392111]],[[-79.865133762359619,40.44840036392111],[-79.865541458129869,40.448563654577534]],[[-79.865541458129869,40.448563654577534],[-79.867365360259996,40.448514667422259]]]}},
{"type":"Feature","properties":{"a":"420035614003002","b":"420035614003003"},"geometry":{"type":"MultiLineString","coordinates":[[[-79.869897365570054,40.448335047547445],[-79.869446754455552,40.448139098045601]],[[-79.869446754455552,40.448139098045601],[-79.869382381439195,40.448139098045601]],[[-79.869382381439195,40.448139098045601],[-79.868180751800537,40.449086182011989]]]}},
{"type":"Feature","properties":{"a":"420035614003002","b":"420035614003004"},"geometry":{"type":"LineString","coordinates":[[-79.867773056030259,40.448792260830004],[-79.86974716186522,40.44724098885218]]}},
{"type":"Feature","properties":{"a":"420035614003002","b":"420035614003008"},"geometry":{"type":"MultiLineString","coordinates":[[[-79.86974716186522,40.44724098885218],[-79.87034797668457,40.447698209577602]],[[-79.87034797668457,40.447698209577602],[-79.870455265045152,40.447763526570178]],[[-79.870455265045152,40.447763526570178],[-79.87049818038939,40.44781251427294]]]}},
{"type":"Feature","properties":{"a":"420035614003002","b":"420035648001000"},"geometry":{"type":"MultiLineString","coordinates":[[[-79.868180751800537,40.449086182011989],[-79.867558479309082,40.449086182011989]],[[-79.867558479309082,40.449086182011989],[-79.867386817932115,40.449102510928846]]]}},
{"type":"Feature","properties":{"a":"420035614003002","b":"420035648001001"},"geometry":{"type":"MultiLineString","coordinates":[[[-79.87049818038939,40.44781251427294],[-79.87024068832396,40.44797580635764]],[[-79.87024068832396,40.44797580635764],[-79.869897365570054,40.448335047547445]]]}},
{"type":"Feature","properties":{"a":"420035614003003","b":"420035648001000"},"geometry":{"type":"MultiLineString","coordinates":[[[-79.868996143341064,40.449053524166359],[-79.868888854980469,40.449069853091153]],[[-79.868888854980469,40.449069853091153],[-79.868352413177476,40.449069853091153]],[[-79.868352413177476,40.449069853091153],[-79.868180751800537,40.449086182011989]]]}},
{"type":"Feature","properties":{"a":"420035614003003","b":"420035648001001"},"geometry":{"type":"MultiLineString","coordinates":[[[-79.869897365570054,40.448335047547445],[-79.869704246520996,40.44846568023128]],[[-79.869704246520996,40.44846568023128],[-79.868996143341064,40.448988208427487]],[[-79.868996143341064,40.448988208427487],[-79.868996143341064,40.449053524166359]]]}},
{"type":"Feature","properties":{"a":"420035614003004","b":"420035614003005"},"geometry":{"type":"MultiLineString","coordinates":[[[-79.867365360259996,40.448514667422259],[-79.867279529571519,40.448335047547445]],[[-79.867279529571519,40.448335047547445],[-79.867343902587876,40.448106439739746]],[[-79.867343902587876,40.448106439739746],[-79.867687225341783,40.447502258219011]],[[-79.867687225341783,40.447502258219011],[-79.868223667144775,40.447045036160553]],[[-79.868223667144775,40.447045036160553],[-79.868116378784165,40.44694705960049]],[[-79.868116378784165,40.44694705960049],[-79.867558479309082,40.446457174657816]]]}},
{"type":"Feature","properties":{"a":"420035614003004","b":"420035614003006"},"geometry":{"type":"MultiLineString","coordinates":[[[-79.869596958160386,40.446081593783653],[-79.869768619537339,40.446195901228393]],[[-79.869768619537339,40.446195901228393],[-79.870433807373033,40.446702117575477]]]}},
{"type":"Feature","properties":{"a":"420035614003004","b":"420035614003008"},"geometry":{"type":"MultiLineString","coordinates":[[[-79.870433807373033,40.446702117575477],[-79.870111942291246,40.44694705960049]],[[-79.870111942291246,40.44694705960049],[-79.869875907897949,40.447143012577776]],[[-79.869875907897949,40.447143012577776],[-79.86974716186522,40.44724098885218]]]}},
{"type":"Feature","properties":{"a":"420035614003004","b":"420035614003009"},"geometry":{"type":"MultiLineString","coordinates":[[[-79.867730140686021,40.446375526820212],[-79.868738651275621,40.445722340548855]],[[-79.868738651275621,40.445722340548855],[-79.869039058685289,40.445542713211381]],[[-79.867558479309082,40.446457174657816],[-79.867730140686021,40.446375526820212]]]}},
{"type":"Feature","properties":{"a":"420035614003004","b":"420035614003011"},"geometry":{"type":"MultiLineString","coordinates":[[[-79.869039058685289,40.445542713211381],[-79.869060516357408,40.445608032298736]],[[-79.869060516357408,40.445608032298736],[-79.869468212127671,40.445983615819138]],[[-79.869468212127671,40.445983615819138],[-79.869596958160386,40.446081593783653]]]}},
{"type":"Feature","properties":{"a":"420035614003005","b":"420035614004006"},"geometry":{"type":"LineString","coordinates":[[-79.86401796340941,40.448416693004603],[-79.86401796340941,40.448008464726975]]}},
{"type":"Feature","properties":{"a":"420035614003005","b":"420035614004007"},"geometry":{"type":"MultiLineString","coordinates":[[[-79.86401796340941,40.448008464726975],[-79.86401796340941,40.447747197327985]],[[-79.86401796340941,40.447747197327985],[-79.86399650573729,40.447632892521554]],[[-79.86399650573729,40.447632892521554],[-79.86399650573729,40.447534916818448]]]}},
{"type":"Feature","properties":{"a":"420035614003005","b":"420035614004008"},"geometry":{"type":"MultiLineString","coordinates":[[[-79.867472648620605,40.446555151931996],[-79.867558479309082,40.446457174657816]],[[-79.86399650573729,40.447534916818448],[-79.864554405212388,40.447665551057504]],[[-79.864554405212388,40.447665551057504],[-79.865713119506822,40.447632892521554]],[[-79.865713119506822,40.447632892521554],[-79.866936206817613,40.447110353787899]],[[-79.866936206817613,40.447110353787899],[-79.867172241210938,40.44694705960049]],[[-79.867172241210938,40.44694705960049],[-79.867343902587876,40.446783765016328]],[[-79.867343902587876,40.446783765016328],[-79.867472648620605,40.446555151931996]]]}},
{"type":"Feature","properties":{"a":"420035614003006","b":"420035614003007"},"geometry":{"type":"MultiLineString","coordinates":[[[-79.871120452880845,40.446114253073404],[-79.870991706848145,40.446244890073764]],[[-79.870991706848145,40.446244890073764],[-79.870648384094224,40.446538822396221]],[[-79.870648384094224,40.446538822396221],[-79.870433807373033,40.446702117575477]]]}},
{"type":"Feature","properties":{"a":"420035614003006","b":"420035614003011"},"geometry":{"type":"MultiLineString","coordinates":[[[-79.869596958160386,40.446081593783653],[-79.869768619537339,40.445967286144494]],[[-79.869768619537339,40.445967286144494],[-79.870283603668199,40.44564069181861]],[[-79.870283603668199,40.44564069181861],[-79.870455265045152,40.445526383429637]]]}},
{"type":"Feature","properties":{"a":"420035614003006","b":"420035615003004"},"geometry":{"type":"MultiLineString","coordinates":[[[-79.870455265045152,40.445526383429637],[-79.870991706848145,40.445999945489802]],[[-79.870991706848145,40.445999945489802],[-79.870991706848145,40.446032604819244]],[[-79.870991706848145,40.446032604819244],[-79.871120452880845,40.446114253073404]]]}},
{"type":"Feature","properties":{"a":"420035614003007","b":"420035614003008"},"geometry":{"type":"MultiLineString","coordinates":[[[-79.87124919891356,40.447306306289107],[-79.870777130126939,40.44694705960049]],[[-79.870777130126939,40.44694705960049],[-79.870541095733628,40.446767435536096]],[[-79.870541095733628,40.446767435536096],[-79.870433807373033,40.446702117575477]]]}},
{"type":"Feature","properties":{"a":"420035614003007","b":"420035615003000"},"geometry":{"type":"MultiLineString","coordinates":[[[-79.871635437011705,40.446522492856467],[-79.871699810028076,40.446555151931996]],[[-79.871699810028076,40.446555151931996],[-79.872021675109863,40.446800094492602]]]}},
{"type":"Feature","properties":{"a":"420035614003007","b":"420035615003001"},"geometry":{"type":"MultiLineString","coordinates":[[[-79.871120452880845,40.446114253073404],[-79.871549606323228,40.44644084509823]],[[-79.871549606323228,40.44644084509823],[-79.871635437011705,40.446522492856467]]]}},
{"type":"Feature","properties":{"a":"420035614003007","b":"420035648001001"},"geometry":{"type":"MultiLineString","coordinates":[[[-79.872021675109863,40.446800094492602],[-79.871978759765611,40.446832753433235]],[[-79.871978759765611,40.446832753433235],[-79.871871471405015,40.446898071266894]],[[-79.871871471405015,40.446898071266894],[-79.871807098388672,40.44694705960049]],[[-79.871807098388672,40.44694705960049],[-79.87124919891356,40.447306306289107]]]}},
{"type":"Feature","properties":{"a":"420035614003008","b":"420035648001001"},"geometry":{"type":"MultiLineString","coordinates":[[[-79.87124919891356,40.447306306289107],[-79.87109899520874,40.447404282325472]],[[-79.87109899520874,40.447404282325472],[-79.870648384094224,40.447714538831697]],[[-79.870648384094224,40.447714538831697],[-79.87049818038939,40.44781251427294]]]}},
{"type":"Feature","properties":{"a":"420035614003009","b":"420035614003010"},"geometry":{"type":"MultiLineString","coordinates":[[[-79.867043495178208,40.445428404655772],[-79.86800909042357,40.444807869104693]],[[-79.86800909042357,40.444807869104693],[-79.868438243865953,40.444546589264029]],[[-79.868438243865953,40.444546589264029],[-79.868524074554443,40.444513929212526]]]}},
{"type":"Feature","properties":{"a":"420035614003009","b":"420035614003012"},"geometry":{"type":"MultiLineString","coordinates":[[[-79.868674278259263,40.444840529013362],[-79.86876010894774,40.445003828318676]],[[-79.86876010894774,40.445003828318676],[-79.868953227996826,40.445412074846253]],[[-79.868953227996826,40.445412074846253],[-79.869039058685289,40.445542713211381]]]}},
{"type":"Feature","properties":{"a":"420035614003009","b":"420035614004008"},"geometry":{"type":"MultiLineString","coordinates":[[[-79.867558479309082,40.446457174657816],[-79.867494106292725,40.446408185967165]],[[-79.867494106292725,40.446408185967165],[-79.867150783538818,40.445624362060656]],[[-79.867150783538818,40.445624362060656],[-79.867043495178208,40.445428404655772]]]}},
{"type":"Feature","properties":{"a":"420035614003009","b":"420035615003007"},"geometry":{"type":"MultiLineString","coordinates":[[[-79.868524074554443,40.444513929212526],[-79.868545532226562,40.44457924929965]],[[-79.868545532226562,40.44457924929965],[-79.868652820587158,40.44477520918015]],[[-79.868652820587158,40.44477520918015],[-79.868674278259263,40.444840529013362]]]}},
{"type":"Feature","properties":{"a":"420035614003010","b":"420035614004008"},"geometry":{"type":"MultiLineString","coordinates":[[[-79.867043495178208,40.445428404655772],[-79.866914749145508,40.445085477822559]],[[-79.866914749145508,40.445085477822559],[-79.866979122161851,40.444922178715608]],[[-79.866979122161851,40.444922178715608],[-79.86800909042357,40.44426897832048]],[[-79.86800909042357,40.44426897832048],[-79.868309497833252,40.444089347098988]]]}},
{"type":"Feature","properties":{"a":"420035614003010","b":"420035615003007"},"geometry":{"type":"MultiLineString","coordinates":[[[-79.868309497833252,40.444089347098988],[-79.868352413177476,40.444170997713726]],[[-79.868352413177476,40.444170997713726],[-79.868481159210205,40.444432279014364]],[[-79.868481159210205,40.444432279014364],[-79.868524074554443,40.444513929212526]]]}},
{"type":"Feature","properties":{"a":"420035614003011","b":"420035614003012"},"geometry":{"type":"MultiLineString","coordinates":[[[-79.869039058685289,40.445542713211381],[-79.869210720062256,40.445428404655772]],[[-79.869210720062256,40.445428404655772],[-79.869704246520996,40.445118137596346]],[[-79.869704246520996,40.445118137596346],[-79.869875907897949,40.445003828318676]]]}},
{"type":"Feature","properties":{"a":"420035614003011","b":"420035615003005"},"geometry":{"type":"MultiLineString","coordinates":[[[-79.869875907897949,40.445003828318676],[-79.869983196258545,40.445118137596346]],[[-79.869983196258545,40.445118137596346],[-79.870326519012451,40.445428404655772]],[[-79.870326519012451,40.445428404655772],[-79.870455265045152,40.445526383429637]]]}},
{"type":"Feature","properties":{"a":"420035614003012","b":"420035615003006"},"geometry":{"type":"MultiLineString","coordinates":[[[-79.869296550750732,40.444481269145165],[-79.869403839111314,40.444595579311517]],[[-79.869403839111314,40.444595579311517],[-79.86974716186522,40.444905848783094]],[[-79.86974716186522,40.444905848783094],[-79.869875907897949,40.445003828318676]]]}},
{"type":"Feature","properties":{"a":"420035614003012","b":"420035615003007"},"geometry":{"type":"MultiLineString","coordinates":[[[-79.868674278259263,40.444840529013362],[-79.86876010894774,40.44482419906101]],[[-79.86876010894774,40.44482419906101],[-79.868803024291992,40.444791539144404]],[[-79.868803024291992,40.444791539144404],[-79.869296550750732,40.444481269145165]]]}},
{"type":"Feature","properties":{"a":"420035614004000","b":"420035614004001"},"geometry":{"type":"MultiLineString","coordinates":[[[-79.860177040100098,40.44797580635764],[-79.859790802001939,40.448171756335576]],[[-79.859790802001939,40.448171756335576],[-79.858632087707505,40.448792260830004]],[[-79.858632087707505,40.448792260830004],[-79.858288764953599,40.449053524166359]]]}},
{"type":"Feature","properties":{"a":"420035614004000","b":"420035614004002"},"geometry":{"type":"MultiLineString","coordinates":[[[-79.861357212066636,40.447420611650976],[-79.861142635345445,40.44745327029009]],[[-79.861142635345445,40.44745327029009],[-79.861099720001206,40.4474695996037]],[[-79.861099720001206,40.4474695996037],[-79.860434532165513,40.44781251427294]],[[-79.860434532165513,40.44781251427294],[-79.860177040100098,40.44797580635764]]]}},
{"type":"Feature","properties":{"a":"420035614004000","b":"420035614004008"},"geometry":{"type":"MultiLineString","coordinates":[[[-79.860885143280029,40.446408185967165],[-79.861121177673326,40.446832753433235]],[[-79.861121177673326,40.446832753433235],[-79.861164093017564,40.44694705960049]],[[-79.861164093017564,40.44694705960049],[-79.861271381378174,40.447224659483034]],[[-79.861271381378174,40.447224659483034],[-79.861357212066636,40.447420611650976]]]}},
{"type":"Feature","properties":{"a":"420035614004000","b":"420035614004014"},"geometry":{"type":"MultiLineString","coordinates":[[[-79.860734939575181,40.446489833765078],[-79.860885143280029,40.446408185967165]],[[-79.858138561248779,40.447943147972438],[-79.858374595642076,40.447763526570178]],[[-79.858374595642076,40.447763526570178],[-79.859898090362549,40.44694705960049]],[[-79.859898090362549,40.44694705960049],[-79.860391616821275,40.446685788075406]],[[-79.860391616821275,40.446685788075406],[-79.860734939575181,40.446489833765078]]]}},
{"type":"Feature","properties":{"a":"420035614004001","b":"420035614004002"},"geometry":{"type":"MultiLineString","coordinates":[[[-79.860177040100098,40.44797580635764],[-79.860177040100098,40.448367705742207]],[[-79.860177040100098,40.448367705742207],[-79.860198497772217,40.44846568023128]]]}},
{"type":"Feature","properties":{"a":"420035614004002","b":"420035614004003"},"geometry":{"type":"MultiLineString","coordinates":[[[-79.86187219619751,40.447567575402019],[-79.861528873443604,40.447747197327985]],[[-79.861528873443604,40.447747197327985],[-79.860520362854004,40.448286060225549]],[[-79.860520362854004,40.448286060225549],[-79.860198497772217,40.44846568023128]]]}},
{"type":"Feature","properties":{"a":"420035614004002","b":"420035614004005"},"geometry":{"type":"MultiLineString","coordinates":[[[-79.861571788787842,40.447371623662562],[-79.861636161804199,40.447420611650976]],[[-79.861636161804199,40.447420611650976],[-79.861807823181138,40.447534916818448]],[[-79.861807823181138,40.447534916818448],[-79.86187219619751,40.447567575402019]]]}},
{"type":"Feature","properties":{"a":"420035614004002","b":"420035614004008"},"geometry":{"type":"MultiLineString","coordinates":[[[-79.861357212066636,40.447420611650976],[-79.861443042755113,40.447387952995996]],[[-79.861443042755113,40.447387952995996],[-79.861571788787842,40.447371623662562]]]}},
{"type":"Feature","properties":{"a":"420035614004003","b":"420035614004004"},"geometry":{"type":"MultiLineString","coordinates":[[[-79.862129688262925,40.44799213554429],[-79.862022399902344,40.448008464726975]],[[-79.862022399902344,40.448008464726975],[-79.8617649078369,40.448139098045601]],[[-79.8617649078369,40.448139098045601],[-79.860327243804917,40.448922892625134]]]}},
{"type":"Feature","properties":{"a":"420035614004003","b":"420035614004005"},"geometry":{"type":"MultiLineString","coordinates":[[[-79.86187219619751,40.447567575402019],[-79.861958026885986,40.447616563247614]],[[-79.861958026885986,40.447616563247614],[-79.862043857574434,40.447698209577602]],[[-79.862043857574434,40.447698209577602],[-79.862129688262925,40.447861501940018]],[[-79.862129688262925,40.447861501940018],[-79.862129688262925,40.44799213554429]]]}},
{"type":"Feature","properties":{"a":"420035614004004","b":"420035614004005"},"geometry":{"type":"MultiLineString","coordinates":[[[-79.862129688262925,40.44799213554429],[-79.862151145935044,40.448155427192575]],[[-79.862151145935044,40.448155427192575],[-79.862236976623535,40.448351376646812]],[[-79.862236976623535,40.448351376646812],[-79.862301349639893,40.44846568023128]],[[-79.862301349639893,40.44846568023128],[-79.862408638000474,40.448563654577534]]]}},
{"type":"Feature","properties":{"a":"420035614004005","b":"420035614004006"},"geometry":{"type":"MultiLineString","coordinates":[[[-79.863181114196763,40.448057452251213],[-79.862773418426499,40.448057452251213]],[[-79.862773418426499,40.448057452251213],[-79.862794876098619,40.44840036392111]],[[-79.862794876098619,40.44840036392111],[-79.862794876098619,40.448449351159688]]]}},
{"type":"Feature","properties":{"a":"420035614004005","b":"420035614004007"},"geometry":{"type":"MultiLineString","coordinates":[[[-79.863159656524644,40.447322635638422],[-79.863159656524644,40.44791048957137]],[[-79.863159656524644,40.44791048957137],[-79.863181114196763,40.448057452251213]]]}},
{"type":"Feature","properties":{"a":"420035614004005","b":"420035614004008"},"geometry":{"type":"MultiLineString","coordinates":[[[-79.861571788787842,40.447371623662562],[-79.861893653869629,40.447338964983764]],[[-79.861893653869629,40.447338964983764],[-79.862430095672593,40.447322635638422]],[[-79.862430095672593,40.447322635638422],[-79.863159656524644,40.447322635638422]]]}},
{"type":"Feature","properties":{"a":"420035614004006","b":"420035614004007"},"geometry":{"type":"MultiLineString","coordinates":[[[-79.863181114196763,40.448057452251213],[-79.863331317901597,40.448041123080436]],[[-79.863331317901597,40.448041123080436],[-79.863846302032456,40.448024793905688]],[[-79.863846302032456,40.448024793905688],[-79.86401796340941,40.448008464726975]]]}},
{"type":"Feature","properties":{"a":"420035614004007","b":"420035614004008"},"geometry":{"type":"MultiLineString","coordinates":[[[-79.863159656524644,40.447322635638422],[-79.863224029541016,40.447338964983764]],[[-79.863224029541016,40.447338964983764],[-79.86350297927855,40.447387952995996]],[[-79.86350297927855,40.447387952995996],[-79.86399650573729,40.447534916818448]]]}},
{"type":"Feature","properties":{"a":"420035614004008","b":"420035614004009"},"geometry":{"type":"MultiLineString","coordinates":[[[-79.867815971374512,40.442554297082062],[-79.867901802062988,40.442701271473517]],[[-79.867901802062988,40.442701271473517],[-79.868159294128418,40.442962558487089]],[[-79.868159294128418,40.442962558487089],[-79.868824481964111,40.443011549689068]],[[-79.868824481964111,40.443011549689068],[-79.868910312652574,40.442978888891716]],[[-79.868910312652574,40.442978888891716],[-79.869532585144043,40.442554297082062]],[[-79.869532585144043,40.442554297082062],[-79.869446754455552,40.442129702590535]],[[-79.869446754455552,40.442129702590535],[-79.86925363540648,40.441868412339659]]]}},
{"type":"Feature","properties":{"a":"420035614004008","b":"420035614004010"},"geometry":{"type":"LineString","coordinates":[[-79.861571788787842,40.445918297096782],[-79.861249923706055,40.444709889283459]]}},
{"type":"Feature","properties":{"a":"420035614004008","b":"420035614004011"},"geometry":{"type":"MultiLineString","coordinates":[[[-79.863352775573716,40.444301638490998],[-79.863824844360337,40.445248776532772]],[[-79.863824844360337,40.445248776532772],[-79.863975048065171,40.445379415215292]],[[-79.863975048065171,40.445379415215292],[-79.864361286163316,40.445542713211381]],[[-79.864361286163316,40.445542713211381],[-79.864833354949951,40.445885637711804]],[[-79.864833354949951,40.445885637711804],[-79.8651123046875,40.44593462678332]],[[-79.8651123046875,40.44593462678332],[-79.865391254425035,40.445836648604569]],[[-79.865391254425035,40.445836648604569],[-79.865455627441406,40.445771329739401]],[[-79.865455627441406,40.445771329739401],[-79.865520000457764,40.445608032298736]],[[-79.865520000457764,40.445608032298736],[-79.865434169769287,40.445395745032762]]]}},
{"type":"Feature","properties":{"a":"420035614004008","b":"420035614004012"},"geometry":{"type":"MultiLineString","coordinates":[[[-79.865434169769287,40.445395745032762],[-79.865734577178941,40.445493723854213]],[[-79.865734577178941,40.445493723854213],[-79.865820407867432,40.445493723854213]],[[-79.865820407867432,40.445493723854213],[-79.865927696228013,40.445412074846253]],[[-79.865927696228013,40.445412074846253],[-79.865927696228013,40.445199786961361]],[[-79.865927696228013,40.445199786961361],[-79.865992069244371,40.445003828318676]],[[-79.865992069244371,40.445003828318676],[-79.866077899932847,40.444807869104693]],[[-79.866077899932847,40.444807869104693],[-79.866271018981919,40.444628239323329]],[[-79.866271018981919,40.444628239323329],[-79.866335391998277,40.444481269145165]],[[-79.866335391998277,40.444481269145165],[-79.866356849670396,40.44433429864565]],[[-79.866356849670396,40.44433429864565],[-79.866313934326158,40.444089347098988]],[[-79.866313934326158,40.444089347098988],[-79.866077899932847,40.443501459745015]]]}},
{"type":"Feature","properties":{"a":"420035614004008","b":"420035614004013"},"geometry":{"type":"MultiLineString","coordinates":[[[-79.871635437011705,40.441411151956792],[-79.871485233306871,40.4415254673441]],[[-79.871485233306871,40.4415254673441],[-79.870777130126939,40.442276677910328]],[[-79.870777130126939,40.442276677910328],[-79.870669841766357,40.442439983444324]],[[-79.870669841766357,40.442439983444324],[-79.870584011077867,40.443240174826173]],[[-79.870584011077867,40.443240174826173],[-79.870326519012451,40.443697422767627]]]}},
{"type":"Feature","properties":{"a":"420035614004008","b":"420035614004014"},"geometry":{"type":"MultiLineString","coordinates":[[[-79.860885143280029,40.446408185967165],[-79.861056804656968,40.446326538070061]],[[-79.861056804656968,40.446326538070061],[-79.861550331115723,40.446261219680956]],[[-79.861550331115723,40.446261219680956],[-79.861786365509019,40.446163241978297]],[[-79.861786365509019,40.446163241978297],[-79.862065315246568,40.445999945489802]],[[-79.862065315246568,40.445999945489802],[-79.861915111541748,40.445967286144494]],[[-79.861915111541748,40.445967286144494],[-79.861571788787842,40.445918297096782]]]}},
{"type":"Feature","properties":{"a":"420035614004008","b":"420035615001003"},"geometry":{"type":"LineString","coordinates":[[-79.861249923706055,40.444709889283459],[-79.861550331115723,40.44467722931131]]}},
{"type":"Feature","properties":{"a":"420035614004008","b":"420035615001004"},"geometry":{"type":"MultiLineString","coordinates":[[[-79.861550331115723,40.44467722931131],[-79.862301349639893,40.444562919283818]],[[-79.862301349639893,40.444562919283818],[-79.862666130065904,40.444481269145165]],[[-79.862666130065904,40.444481269145165],[-79.863352775573716,40.444301638490998]]]}},
{"type":"Feature","properties":{"a":"420035614004008","b":"420035615001005"},"geometry":{"type":"MultiLineString","coordinates":[[[-79.866635799407945,40.443207514139907],[-79.866764545440674,40.443125862354819]],[[-79.866764545440674,40.443125862354819],[-79.866786003112793,40.443125862354819]],[[-79.866786003112793,40.443125862354819],[-79.867815971374512,40.442554297082062]]]}},
{"type":"Feature","properties":{"a":"420035614004008","b":"420035615001007"},"geometry":{"type":"MultiLineString","coordinates":[[[-79.866077899932847,40.443501459745015],[-79.866507053375244,40.443289165825817]],[[-79.866507053375244,40.443289165825817],[-79.866592884063706,40.443240174826173]],[[-79.866592884063706,40.443240174826173],[-79.866635799407945,40.443207514139907]]]}},
{"type":"Feature","properties":{"a":"420035614004008","b":"420035615001010"},"geometry":{"type":"MultiLineString","coordinates":[[[-79.86925363540648,40.441868412339659],[-79.871442317962646,40.440839572104302]],[[-79.871442317962646,40.440839572104302],[-79.871613979339585,40.44074158649876]],[[-79.871613979339585,40.44074158649876],[-79.871742725372314,40.440659931718372]]]}},
{"type":"Feature","properties":{"a":"420035614004008","b":"420035615003007"},"geometry":{"type":"MultiLineString","coordinates":[[[-79.870326519012451,40.443697422767627],[-79.869918823242173,40.44374641343402]],[[-79.869918823242173,40.44374641343402],[-79.868588447570787,40.443942375742523]],[[-79.868588447570787,40.443942375742523],[-79.868309497833252,40.444089347098988]]]}},
{"type":"Feature","properties":{"a":"420035614004008","b":"420035615003015"},"geometry":{"type":"MultiLineString","coordinates":[[[-79.871742725372314,40.440659931718372],[-79.871742725372314,40.440774248383136]],[[-79.871742725372314,40.440774248383136],[-79.871721267700195,40.441035542886922]],[[-79.871721267700195,40.441035542886922],[-79.871635437011705,40.441411151956792]]]}},
{"type":"Feature","properties":{"a":"420035614004009","b":"420035615001004"},"geometry":{"type":"MultiLineString","coordinates":[[[-79.867815971374512,40.442554297082062],[-79.868266582488999,40.442325669612181]],[[-79.868266582488999,40.442325669612181],[-79.86886739730835,40.442048049496236]]]}},
{"type":"Feature","properties":{"a":"420035614004009","b":"420035615001010"},"geometry":{"type":"MultiLineString","coordinates":[[[-79.86886739730835,40.442048049496236],[-79.869017601013184,40.441982726949384]],[[-79.869017601013184,40.441982726949384],[-79.869039058685289,40.44196639630276]],[[-79.869039058685289,40.44196639630276],[-79.86925363540648,40.441868412339659]]]}},
{"type":"Feature","properties":{"a":"420035614004010","b":"420035614004014"},"geometry":{"type":"MultiLineString","coordinates":[[[-79.861571788787842,40.445918297096782],[-79.861249923706055,40.445869308013357]],[[-79.861249923706055,40.445869308013357],[-79.860970973968506,40.444954838568734]],[[-79.860970973968506,40.444954838568734],[-79.860949516296387,40.444758879211925]]]}},
{"type":"Feature","properties":{"a":"420035614004010","b":"420035615001003"},"geometry":{"type":"LineString","coordinates":[[-79.860949516296387,40.444758879211925],[-79.861249923706055,40.444709889283459]]}},
{"type":"Feature","properties":{"a":"420035614004011","b":"420035614004012"},"geometry":{"type":"MultiLineString","coordinates":[[[-79.864768981933594,40.443926045571963],[-79.864854812622056,40.444105677229864]],[[-79.864854812622056,40.444105677229864],[-79.865434169769287,40.445395745032762]]]}},
{"type":"Feature","properties":{"a":"420035614004011","b":"420035615001004"},"geometry":{"type":"MultiLineString","coordinates":[[[-79.863352775573716,40.444301638490998],[-79.863889217376695,40.44415466759871]],[[-79.863889217376695,40.44415466759871],[-79.864768981933594,40.443926045571963]]]}},
{"type":"Feature","properties":{"a":"420035614004012","b":"420035615001004"},"geometry":{"type":"MultiLineString","coordinates":[[[-79.865477085113525,40.44371375299373],[-79.865949153900132,40.44356678081602]],[[-79.865949153900132,40.44356678081602],[-79.866077899932847,40.443501459745015]]]}},
{"type":"Feature","properties":{"a":"420035614004012","b":"420035615001006"},"geometry":{"type":"MultiLineString","coordinates":[[[-79.864768981933594,40.443926045571963],[-79.865305423736558,40.443762743648215]],[[-79.865305423736558,40.443762743648215],[-79.865477085113525,40.44371375299373]]]}},
{"type":"Feature","properties":{"a":"420035614004013","b":"420035615003006"},"geometry":{"type":"MultiLineString","coordinates":[[[-79.870970249176011,40.443011549689068],[-79.870948791503892,40.443158523080761]],[[-79.870948791503892,40.443158523080761],[-79.870884418487535,40.443403478019469]],[[-79.870884418487535,40.443403478019469],[-79.870734214782715,40.44358311107387]],[[-79.870734214782715,40.44358311107387],[-79.870584011077867,40.443681092537574]]]}},
{"type":"Feature","properties":{"a":"420035614004013","b":"420035615003007"},"geometry":{"type":"LineString","coordinates":[[-79.870584011077867,40.443681092537574],[-79.870326519012451,40.443697422767627]]}},
{"type":"Feature","properties":{"a":"420035614004013","b":"420035615003016"},"geometry":{"type":"MultiLineString","coordinates":[[[-79.871635437011705,40.441411151956792],[-79.871613979339585,40.4415254673441]],[[-79.871613979339585,40.4415254673441],[-79.871399402618408,40.441950065652165]],[[-79.871399402618408,40.441950065652165],[-79.871313571929917,40.442080710745863]]]}},
{"type":"Feature","properties":{"a":"420035614004013","b":"420035615003017"},"geometry":{"type":"MultiLineString","coordinates":[[[-79.871313571929917,40.442080710745863],[-79.871227741241441,40.442260347335107]],[[-79.871227741241441,40.442260347335107],[-79.871163368225083,40.442390991825775]],[[-79.871163368225083,40.442390991825775],[-79.870970249176011,40.443011549689068]]]}},
{"type":"Feature","properties":{"a":"420035614004014","b":"420035615001000"},"geometry":{"type":"MultiLineString","coordinates":[[[-79.858503341674805,40.445167127227251],[-79.858782291412339,40.445134467477281]],[[-79.858782291412339,40.445134467477281],[-79.860713481903062,40.444807869104693]],[[-79.860713481903062,40.444807869104693],[-79.860949516296387,40.444758879211925]]]}},
{"type":"Feature","properties":{"a":"420035615001000","b":"420035615001001"},"geometry":{"type":"MultiLineString","coordinates":[[[-79.858310222625732,40.442733932405758],[-79.858374595642076,40.442799254222628]],[[-79.858374595642076,40.442799254222628],[-79.858524799346924,40.442962558487089]],[[-79.858524799346924,40.442962558487089],[-79.858589172363267,40.443011549689068]],[[-79.859490394592285,40.443844394659678],[-79.859855175018311,40.444170997713726]],[[-79.859855175018311,40.444170997713726],[-79.860177040100098,40.444399618907319]],[[-79.860177040100098,40.444399618907319],[-79.860413074493394,40.444530259240267]],[[-79.860413074493394,40.444530259240267],[-79.860949516296387,40.444758879211925]]]}},
{"type":"Feature","properties":{"a":"420035615001000","b":"420035615001002"},"geometry":{"type":"MultiLineString","coordinates":[[[-79.858589172363267,40.443011549689068],[-79.858696460723877,40.443109531985904]],[[-79.858696460723877,40.443109531985904],[-79.858996868133545,40.443403478019469]],[[-79.858996868133545,40.443403478019469],[-79.859490394592285,40.443844394659678]]]}},
{"type":"Feature","properties":{"a":"420035615001001","b":"420035615001002"},"geometry":{"type":"MultiLineString","coordinates":[[[-79.859490394592285,40.443844394659678],[-79.859576225280762,40.443762743648215]],[[-79.859576225280762,40.443762743648215],[-79.859898090362549,40.442929897665934]],[[-79.859898090362549,40.442929897665934],[-79.859855175018311,40.442766593322126]],[[-79.859855175018311,40.442766593322126],[-79.859747886657701,40.442701271473517]],[[-79.859747886657701,40.442701271473517],[-79.859597682952881,40.442684941001446]],[[-79.859597682952881,40.442684941001446],[-79.858589172363267,40.443011549689068]]]}},
{"type":"Feature","properties":{"a":"420035615001001","b":"420035615001003"},"geometry":{"type":"MultiLineString","coordinates":[[[-79.86060619354248,40.442015388230743],[-79.860842227935791,40.442456313975903]],[[-79.860842227935791,40.442456313975903],[-79.860928058624268,40.442619619073497]],[[-79.860928058624268,40.442619619073497],[-79.860949516296387,40.444758879211925]]]}},
{"type":"Feature","properties":{"a":"420035615001003","b":"420035615001004"},"geometry":{"type":"MultiLineString","coordinates":[[[-79.861657619476318,40.441672443984999],[-79.861850738525376,40.442733932405758]],[[-79.861850738525376,40.442733932405758],[-79.861915111541748,40.443828064465322]],[[-79.861915111541748,40.443828064465322],[-79.861829280853257,40.443926045571963]],[[-79.861829280853257,40.443926045571963],[-79.861593246459961,40.444056686825327]],[[-79.861593246459961,40.444056686825327],[-79.86150741577147,40.444138337479728]],[[-79.86150741577147,40.444138337479728],[-79.861550331115723,40.44467722931131]]]}},
{"type":"Feature","properties":{"a":"420035615001004","b":"420035615001005"},"geometry":{"type":"MultiLineString","coordinates":[[[-79.867815971374512,40.442554297082062],[-79.86775159835814,40.441623451807068]],[[-79.86775159835814,40.441623451807068],[-79.867708683013902,40.44159079033529]],[[-79.867708683013902,40.44159079033529],[-79.867193698883057,40.44159079033529]],[[-79.867193698883057,40.44159079033529],[-79.867172241210938,40.441492805824701]],[[-79.867172241210938,40.441492805824701],[-79.866571426391602,40.441492805824701]]]}},
{"type":"Feature","properties":{"a":"420035615001004","b":"420035615001006"},"geometry":{"type":"MultiLineString","coordinates":[[[-79.865477085113525,40.44371375299373],[-79.865391254425035,40.4415254673441]],[[-79.865391254425035,40.4415254673441],[-79.864768981933594,40.441541798097852]],[[-79.864768981933594,40.441541798097852],[-79.863867759704576,40.441394821171308]],[[-79.863867759704576,40.441394821171308],[-79.863803386688218,40.441639782537017]],[[-79.863803386688218,40.441639782537017],[-79.863674640655503,40.441803089618247]],[[-79.863674640655503,40.441803089618247],[-79.863460063934312,40.441950065652165]],[[-79.863460063934312,40.441950065652165],[-79.862966537475586,40.442097041364718]],[[-79.862966537475586,40.442097041364718],[-79.862966537475586,40.442162363800477]],[[-79.862966537475586,40.442162363800477],[-79.863095283508287,40.442407322369263]],[[-79.863095283508287,40.442407322369263],[-79.863309860229478,40.442635949561435]],[[-79.863309860229478,40.442635949561435],[-79.863545894622789,40.442766593322126]],[[-79.863545894622789,40.442766593322126],[-79.864189624786363,40.442913567249406]],[[-79.864189624786363,40.442913567249406],[-79.864339828491197,40.443027880081786]],[[-79.864339828491197,40.443027880081786],[-79.864768981933594,40.443926045571963]]]}},
{"type":"Feature","properties":{"a":"420035615001004","b":"420035615001007"},"geometry":{"type":"MultiLineString","coordinates":[[[-79.866571426391602,40.441492805824701],[-79.8661208152771,40.441509136586383]],[[-79.8661208152771,40.441509136586383],[-79.865992069244371,40.441509136586383]],[[-79.865992069244371,40.441509136586383],[-79.865970611572251,40.442031718865479]],[[-79.865970611572251,40.442031718865479],[-79.86601352691649,40.443125862354819]],[[-79.86601352691649,40.443125862354819],[-79.866077899932847,40.443501459745015]]]}},
{"type":"Feature","properties":{"a":"420035615001004","b":"420035615001008"},"geometry":{"type":"MultiLineString","coordinates":[[[-79.867794513702393,40.437230341382239],[-79.867794513702393,40.43729566854693]],[[-79.867794513702393,40.43729566854693],[-79.868137836456299,40.438749181543265]]]}},
{"type":"Feature","properties":{"a":"420035615001004","b":"420035615001009"},"geometry":{"type":"MultiLineString","coordinates":[[[-79.863138198852525,40.440839572104302],[-79.863266944885254,40.440708924598511]],[[-79.863266944885254,40.440708924598511],[-79.863331317901597,40.440545614859218]],[[-79.863331317901597,40.440545614859218],[-79.863331317901597,40.440251656328734]],[[-79.863331317901597,40.440251656328734],[-79.863224029541016,40.439598410547916]],[[-79.863224029541016,40.439598410547916],[-79.863095283508287,40.439565748092257]],[[-79.863095283508287,40.439565748092257],[-79.862794876098619,40.439549416858469]],[[-79.862794876098619,40.439549416858469],[-79.862644672393799,40.439614741769802]],[[-79.862644672393799,40.439614741769802],[-79.862408638000474,40.439778053770418]],[[-79.862408638000474,40.439778053770418],[-79.862322807311998,40.439908703085273]],[[-79.862322807311998,40.439908703085273],[-79.862322807311998,40.439990358778118]],[[-79.862322807311998,40.439990358778118],[-79.862644672393799,40.441019212010197]],[[-79.862644672393799,40.441019212010197],[-79.862923622131348,40.440953888463589]],[[-79.862923622131348,40.440953888463589],[-79.863138198852525,40.440839572104302]]]}},
{"type":"Feature","properties":{"a":"420035615001004","b":"420035615001010"},"geometry":{"type":"MultiLineString","coordinates":[[[-79.868738651275621,40.441068204628479],[-79.868695735931382,40.441182520598979]],[[-79.868695735931382,40.441182520598979],[-79.868481159210205,40.441672443984999]],[[-79.868481159210205,40.441672443984999],[-79.868674278259263,40.441803089618247]],[[-79.868674278259263,40.441803089618247],[-79.86886739730835,40.442048049496236]]]}},
{"type":"Feature","properties":{"a":"420035615001004","b":"420035615002003"},"geometry":{"type":"MultiLineString","coordinates":[[[-79.8651123046875,40.437458986180971],[-79.865262508392334,40.437360995648156]],[[-79.865262508392334,40.437360995648156],[-79.867687225341783,40.436805713264519]],[[-79.867687225341783,40.436805713264519],[-79.867773056030259,40.437165014154068]],[[-79.867773056030259,40.437165014154068],[-79.867794513702393,40.437230341382239]]]}},
{"type":"Feature","properties":{"a":"420035615001004","b":"420035615002007"},"geometry":{"type":"MultiLineString","coordinates":[[[-79.868137836456299,40.438749181543265],[-79.868180751800537,40.438977821176714]],[[-79.868180751800537,40.438977821176714],[-79.868352413177476,40.439565748092257]],[[-79.868352413177476,40.439565748092257],[-79.868481159210205,40.440153669866277]]]}},
{"type":"Feature","properties":{"a":"420035615001004","b":"420035615002008"},"geometry":{"type":"MultiLineString","coordinates":[[[-79.868481159210205,40.440153669866277],[-79.868545532226562,40.440349642648385]],[[-79.868545532226562,40.440349642648385],[-79.868717193603501,40.441035542886922]],[[-79.868717193603501,40.441035542886922],[-79.868738651275621,40.441068204628479]]]}},
{"type":"Feature","properties":{"a":"420035615001005","b":"420035615001007"},"geometry":{"type":"MultiLineString","coordinates":[[[-79.866635799407945,40.443207514139907],[-79.866592884063706,40.442325669612181]],[[-79.866592884063706,40.442325669612181],[-79.866592884063706,40.441688774703046]],[[-79.866592884063706,40.441688774703046],[-79.866571426391602,40.441492805824701]]]}},
{"type":"Feature","properties":{"a":"420035615001008","b":"420035615002007"},"geometry":{"type":"MultiLineString","coordinates":[[[-79.868824481964111,40.438340894549505],[-79.868652820587158,40.438438883654136]],[[-79.868652820587158,40.438438883654136],[-79.868180751800537,40.438700187234929]],[[-79.868180751800537,40.438700187234929],[-79.868137836456299,40.438749181543265]]]}},
{"type":"Feature","properties":{"a":"420035615001008","b":"420035615002014"},"geometry":{"type":"MultiLineString","coordinates":[[[-79.867794513702393,40.437230341382239],[-79.867837429046631,40.437312000328198]],[[-79.867837429046631,40.437312000328198],[-79.868416786193833,40.437932605076249]],[[-79.868416786193833,40.437932605076249],[-79.868824481964111,40.438340894549505]]]}},
{"type":"Feature","properties":{"a":"420035615001010","b":"420035615001012"},"geometry":{"type":"MultiLineString","coordinates":[[[-79.870605468749986,40.440414966782136],[-79.87109899520874,40.440398635754647]],[[-79.87109899520874,40.440398635754647],[-79.87124919891356,40.440414966782136]],[[-79.87124919891356,40.440414966782136],[-79.871656894683824,40.440529283863455]],[[-79.871656894683824,40.440529283863455],[-79.871721267700195,40.440578276838814]],[[-79.871721267700195,40.440578276838814],[-79.871742725372314,40.440659931718372]]]}},
{"type":"Feature","properties":{"a":"420035615001010","b":"420035615002008"},"geometry":{"type":"MultiLineString","coordinates":[[[-79.868738651275621,40.441068204628479],[-79.869167804718018,40.441068204628479]],[[-79.869167804718018,40.441068204628479],[-79.869425296783433,40.441019212010197]],[[-79.869425296783433,40.441019212010197],[-79.869918823242173,40.440806910251659]]]}},
{"type":"Feature","properties":{"a":"420035615001011","b":"420035615001012"},"geometry":{"type":"MultiLineString","coordinates":[[[-79.871635437011705,40.439843378459578],[-79.871420860290527,40.439957696512884]],[[-79.871420860290527,40.439957696512884],[-79.870820045471177,40.440300649506412]],[[-79.870820045471177,40.440300649506412],[-79.870605468749986,40.440414966782136]]]}},
{"type":"Feature","properties":{"a":"420035615001011","b":"420035615001013"},"geometry":{"type":"MultiLineString","coordinates":[[[-79.86925363540648,40.440431297805652],[-79.872515201568589,40.438602198511148]],[[-79.872515201568589,40.438602198511148],[-79.873330593109117,40.438128584332851]]]}},
{"type":"Feature","properties":{"a":"420035615001011","b":"420035615001016"},"geometry":{"type":"MultiLineString","coordinates":[[[-79.873330593109117,40.438128584332851],[-79.873416423797607,40.438226573746931]],[[-79.873416423797607,40.438226573746931],[-79.873480796813965,40.438291899943628]],[[-79.873480796813965,40.438291899943628],[-79.873824119567871,40.438602198511148]]]}},
{"type":"Feature","properties":{"a":"420035615001011","b":"420035615001017"},"geometry":{"type":"MultiLineString","coordinates":[[[-79.873824119567871,40.438602198511148],[-79.873394966125488,40.43884717005281]],[[-79.873394966125488,40.43884717005281],[-79.872064590454102,40.439598410547916]],[[-79.872064590454102,40.439598410547916],[-79.871635437011705,40.439843378459578]]]}},
{"type":"Feature","properties":{"a":"420035615001011","b":"420035615002008"},"geometry":{"type":"MultiLineString","coordinates":[[[-79.869682788848877,40.440659931718372],[-79.869425296783433,40.440578276838814]],[[-79.869425296783433,40.440578276838814],[-79.869318008422852,40.440512952863742]],[[-79.869318008422852,40.440512952863742],[-79.86925363540648,40.440431297805652]],[[-79.870176315307617,40.440659931718372],[-79.869682788848877,40.440659931718372]]]}},
{"type":"Feature","properties":{"a":"420035615001012","b":"420035615001017"},"geometry":{"type":"MultiLineString","coordinates":[[[-79.871635437011705,40.439843378459578],[-79.871721267700195,40.439957696512884]],[[-79.871721267700195,40.439957696512884],[-79.871785640716553,40.440023021027486]],[[-79.871785640716553,40.440023021027486],[-79.872064590454102,40.440431297805652]]]}},
{"type":"Feature","properties":{"a":"420035615001012","b":"420035615003015"},"geometry":{"type":"MultiLineString","coordinates":[[[-79.872064590454102,40.440431297805652],[-79.871935844421373,40.440529283863455]],[[-79.871935844421373,40.440529283863455],[-79.871742725372314,40.440659931718372]]]}},
{"type":"Feature","properties":{"a":"420035615001013","b":"420035615001014"},"geometry":{"type":"MultiLineString","coordinates":[[[-79.873030185699463,40.437850946884062],[-79.87309455871582,40.437899941811274]],[[-79.87309455871582,40.437899941811274],[-79.873266220092759,40.438079589572261]],[[-79.873266220092759,40.438079589572261],[-79.873330593109117,40.438128584332851]]]}},
{"type":"Feature","properties":{"a":"420035615001013","b":"420035615002008"},"geometry":{"type":"MultiLineString","coordinates":[[[-79.86925363540648,40.440431297805652],[-79.869167804718018,40.440365973687776]],[[-79.869167804718018,40.440365973687776],[-79.869081974029527,40.440218994190452]],[[-79.869081974029527,40.440218994190452],[-79.869039058685289,40.440055683260987]]]}},
{"type":"Feature","properties":{"a":"420035615001013","b":"420035615002010"},"geometry":{"type":"MultiLineString","coordinates":[[[-79.869039058685289,40.440055683260987],[-79.869124889373765,40.440039352146222]],[[-79.869124889373765,40.440039352146222],[-79.869339466094971,40.439925034231777]],[[-79.869339466094971,40.439925034231777],[-79.87223625183104,40.438308231482885]],[[-79.87223625183104,40.438308231482885],[-79.873030185699463,40.437850946884062]]]}},
{"type":"Feature","properties":{"a":"420035615001014","b":"420035615001015"},"geometry":{"type":"MultiLineString","coordinates":[[[-79.873931407928453,40.437850946884062],[-79.873781204223633,40.437916273445751]],[[-79.873781204223633,40.437916273445751],[-79.873631000518785,40.437965268325364]],[[-79.873631000518785,40.437965268325364],[-79.873588085174546,40.43798159994396]]]}},
{"type":"Feature","properties":{"a":"420035615001014","b":"420035615001016"},"geometry":{"type":"LineString","coordinates":[[-79.873588085174546,40.43798159994396],[-79.873330593109117,40.438128584332851]]}},
{"type":"Feature","properties":{"a":"420035615001014","b":"420035615002011"},"geometry":{"type":"LineString","coordinates":[[-79.873394966125488,40.437654966818158],[-79.873738288879395,40.437475317922562]]}},
{"type":"Feature","properties":{"a":"420035615001014","b":"420035615002012"},"geometry":{"type":"MultiLineString","coordinates":[[[-79.873030185699463,40.437850946884062],[-79.87309455871582,40.437801951921145]],[[-79.87309455871582,40.437801951921145],[-79.873287677764878,40.437720293570266]],[[-79.873287677764878,40.437720293570266],[-79.873394966125488,40.437654966818158]]]}},
{"type":"Feature","properties":{"a":"420035615001014","b":"420035647001012"},"geometry":{"type":"MultiLineString","coordinates":[[[-79.873738288879395,40.437475317922562],[-79.873845577239976,40.437654966818158]],[[-79.873845577239976,40.437654966818158],[-79.873931407928453,40.437850946884062]]]}},
{"type":"Feature","properties":{"a":"420035615001015","b":"420035615001016"},"geometry":{"type":"MultiLineString","coordinates":[[[-79.875841140747056,40.439598410547916],[-79.875841140747056,40.439533085620724]],[[-79.875841140747056,40.439533085620724],[-79.875669479370103,40.4394024355759]],[[-79.875669479370103,40.4394024355759],[-79.87511157989502,40.439288116578396]],[[-79.87511157989502,40.439288116578396],[-79.87500429153441,40.439206460032594]],[[-79.87500429153441,40.439206460032594],[-79.873588085174546,40.43798159994396]]]}},
{"type":"Feature","properties":{"a":"420035615001015","b":"420035615003021"},"geometry":{"type":"MultiLineString","coordinates":[[[-79.876377582550035,40.440006689904784],[-79.876291751861572,40.439925034231777]],[[-79.876291751861572,40.439925034231777],[-79.875991344451904,40.439696397819709]],[[-79.875991344451904,40.439696397819709],[-79.875841140747056,40.439598410547916]]]}},
{"type":"Feature","properties":{"a":"420035615001015","b":"420035647001000"},"geometry":{"type":"LineString","coordinates":[[-79.876334667205811,40.439908703085273],[-79.876377582550035,40.440006689904784]]}},
{"type":"Feature","properties":{"a":"420035615001015","b":"420035647001004"},"geometry":{"type":"MultiLineString","coordinates":[[[-79.875025749206529,40.438814507232159],[-79.875154495239244,40.438928827035006]],[[-79.875154495239244,40.438928827035006],[-79.875862598419175,40.439320779168945]],[[-79.875862598419175,40.439320779168945],[-79.876205921173081,40.439663735411642]],[[-79.876205921173081,40.439663735411642],[-79.876334667205811,40.439908703085273]]]}},
{"type":"Feature","properties":{"a":"420035615001015","b":"420035647001011"},"geometry":{"type":"MultiLineString","coordinates":[[[-79.873931407928453,40.437850946884062],[-79.874038696289048,40.43798159994396]],[[-79.874038696289048,40.43798159994396],[-79.874875545501695,40.438700187234929]],[[-79.874875545501695,40.438700187234929],[-79.875025749206529,40.438814507232159]]]}},
{"type":"Feature","properties":{"a":"420035615001016","b":"420035615001017"},"geometry":{"type":"MultiLineString","coordinates":[[[-79.874875545501695,40.439516754379007],[-79.874660968780503,40.439337110458268]],[[-79.874660968780503,40.439337110458268],[-79.874038696289048,40.438781844395642]],[[-79.874038696289048,40.438781844395642],[-79.873824119567871,40.438602198511148]]]}},
{"type":"Feature","properties":{"a":"420035615001016","b":"420035615003021"},"geometry":{"type":"MultiLineString","coordinates":[[[-79.875841140747056,40.439598410547916],[-79.875540733337388,40.439516754379007]],[[-79.875540733337388,40.439516754379007],[-79.874875545501695,40.439516754379007]]]}},
{"type":"Feature","properties":{"a":"420035615001017","b":"420035615003015"},"geometry":{"type":"MultiLineString","coordinates":[[[-79.874188899993882,40.439484091883664],[-79.873716831207275,40.439500423133317]],[[-79.873716831207275,40.439500423133317],[-79.872944355010972,40.439827047293242]],[[-79.872944355010972,40.439827047293242],[-79.872064590454102,40.440431297805652]]]}},
{"type":"Feature","properties":{"a":"420035615001017","b":"420035615003021"},"geometry":{"type":"MultiLineString","coordinates":[[[-79.874875545501695,40.439516754379007],[-79.874746799468994,40.439516754379007]],[[-79.874746799468994,40.439516754379007],[-79.874339103698716,40.439500423133317]],[[-79.874339103698716,40.439500423133317],[-79.874188899993882,40.439484091883664]]]}},
{"type":"Feature","properties":{"a":"420035615002000","b":"420035615002001"},"geometry":{"type":"MultiLineString","coordinates":[[[-79.868524074554443,40.434388548282683],[-79.867815971374512,40.434943850628962]],[[-79.867815971374512,40.434943850628962],[-79.864275455474854,40.43729566854693]],[[-79.864275455474854,40.43729566854693],[-79.86401796340941,40.437426322685909]],[[-79.86401796340941,40.437426322685909],[-79.863438606262207,40.437818283579418]]]}},
{"type":"Feature","properties":{"a":"420035615002000","b":"420035647002013"},"geometry":{"type":"MultiLineString","coordinates":[[[-79.865541458129869,40.432885942470023],[-79.866163730621338,40.43324526430596]],[[-79.866163730621338,40.43324526430596],[-79.867794513702393,40.433996567394786]],[[-79.867794513702393,40.433996567394786],[-79.868524074554443,40.434388548282683]]]}},
{"type":"Feature","properties":{"a":"420035615002001","b":"420035615002002"},"geometry":{"type":"MultiLineString","coordinates":[[[-79.868652820587158,40.434437545732997],[-79.867966175079346,40.434976515330042]],[[-79.867966175079346,40.434976515330042],[-79.867343902587876,40.435401155000093]],[[-79.867343902587876,40.435401155000093],[-79.863803386688218,40.43773662524837]]]}},
{"type":"Feature","properties":{"a":"420035615002001","b":"420035647002010"},"geometry":{"type":"LineString","coordinates":[[-79.868524074554443,40.434388548282683],[-79.868652820587158,40.434437545732997]]}},
{"type":"Feature","properties":{"a":"420035615002002","b":"420035615002003"},"geometry":{"type":"MultiLineString","coordinates":[[[-79.867794513702393,40.436789381360278],[-79.867794513702393,40.436724053703657]],[[-79.867794513702393,40.436724053703657],[-79.865605831146226,40.436707721779584]],[[-79.865605831146226,40.436707721779584],[-79.865498542785645,40.43693636835561]],[[-79.865498542785645,40.43693636835561],[-79.865305423736558,40.43714868233711]],[[-79.865305423736558,40.43714868233711],[-79.865069389343262,40.437312000328198]],[[-79.865069389343262,40.437312000328198],[-79.864597320556641,40.437556976570974]]]}},
{"type":"Feature","properties":{"a":"420035615002002","b":"420035615002004"},"geometry":{"type":"MultiLineString","coordinates":[[[-79.87034797668457,40.436495406405612],[-79.87024068832396,40.436511738381256]],[[-79.87024068832396,40.436511738381256],[-79.869940280914292,40.436593398199982]],[[-79.869940280914292,40.436593398199982],[-79.869832992553711,40.436609730151829]]]}},
{"type":"Feature","properties":{"a":"420035615002002","b":"420035615002005"},"geometry":{"type":"MultiLineString","coordinates":[[[-79.869832992553711,40.436609730151829],[-79.869725704193101,40.436642394043616]],[[-79.869725704193101,40.436642394043616],[-79.86936092376709,40.436724053703657]],[[-79.86936092376709,40.436724053703657],[-79.869296550750732,40.436724053703657]]]}},
{"type":"Feature","properties":{"a":"420035615002002","b":"420035615002011"},"geometry":{"type":"MultiLineString","coordinates":[[[-79.87150669097899,40.435646138205229],[-79.871442317962646,40.435711466909183]],[[-79.871442317962646,40.435711466909183],[-79.871270656585679,40.43592378475865]],[[-79.871270656585679,40.43592378475865],[-79.871227741241441,40.435989113192839]]]}},
{"type":"Feature","properties":{"a":"420035615002002","b":"420035615002012"},"geometry":{"type":"MultiLineString","coordinates":[[[-79.871227741241441,40.435989113192839],[-79.871184825897217,40.436070773646314]],[[-79.871184825897217,40.436070773646314],[-79.871056079864502,40.436266758329992]],[[-79.871056079864502,40.436266758329992],[-79.871013164520264,40.436364750457621]]]}},
{"type":"Feature","properties":{"a":"420035615002002","b":"420035615002013"},"geometry":{"type":"MultiLineString","coordinates":[[[-79.871013164520264,40.436364750457621],[-79.870884418487535,40.436381082465005]],[[-79.870884418487535,40.436381082465005],[-79.870476722717271,40.436462742442409]],[[-79.870476722717271,40.436462742442409],[-79.87034797668457,40.436495406405612]]]}},
{"type":"Feature","properties":{"a":"420035615002002","b":"420035615002014"},"geometry":{"type":"MultiLineString","coordinates":[[[-79.868545532226562,40.436707721779584],[-79.868373870849595,40.436724053703657]],[[-79.868373870849595,40.436724053703657],[-79.86785888671875,40.436789381360278]],[[-79.86785888671875,40.436789381360278],[-79.867794513702393,40.436789381360278]]]}},
{"type":"Feature","properties":{"a":"420035615002002","b":"420035615002015"},"geometry":{"type":"MultiLineString","coordinates":[[[-79.869296550750732,40.436724053703657],[-79.869124889373765,40.436756717539907]],[[-79.869124889373765,40.436756717539907],[-79.86860990524292,40.436675057919537]],[[-79.86860990524292,40.436675057919537],[-79.868566989898667,40.436675057919537]],[[-79.868566989898667,40.436675057919537],[-79.868545532226562,40.436707721779584]]]}},
{"type":"Feature","properties":{"a":"420035615002002","b":"420035647002010"},"geometry":{"type":"MultiLineString","coordinates":[[[-79.868652820587158,40.434437545732997],[-79.869554042816148,40.434829524050208]],[[-79.869554042816148,40.434829524050208],[-79.871077537536621,40.435515480606902]],[[-79.871077537536621,40.435515480606902],[-79.871313571929917,40.435613473829449]],[[-79.871313571929917,40.435613473829449],[-79.87150669097899,40.435646138205229]]]}},
{"type":"Feature","properties":{"a":"420035615002003","b":"420035615002014"},"geometry":{"type":"LineString","coordinates":[[-79.867794513702393,40.436789381360278],[-79.867794513702393,40.437230341382239]]}},
{"type":"Feature","properties":{"a":"420035615002004","b":"420035615002005"},"geometry":{"type":"MultiLineString","coordinates":[[[-79.870412349700928,40.437426322685909],[-79.869940280914292,40.436789381360278]],[[-79.869940280914292,40.436789381360278],[-79.86985445022583,40.436658725983555]],[[-79.86985445022583,40.436658725983555],[-79.869832992553711,40.436609730151829]]]}},
{"type":"Feature","properties":{"a":"420035615002004","b":"420035615002006"},"geometry":{"type":"MultiLineString","coordinates":[[[-79.870433807373033,40.437442654435422],[-79.870412349700928,40.437426322685909]],[[-79.871013164520264,40.437426322685909],[-79.870519638061523,40.437442654435422]],[[-79.870519638061523,40.437442654435422],[-79.870433807373033,40.437442654435422]]]}},
{"type":"Feature","properties":{"a":"420035615002004","b":"420035615002013"},"geometry":{"type":"MultiLineString","coordinates":[[[-79.87034797668457,40.436495406405612],[-79.870476722717271,40.436675057919537]],[[-79.870476722717271,40.436675057919537],[-79.870884418487535,40.437230341382239]],[[-79.870884418487535,40.437230341382239],[-79.871013164520264,40.437426322685909]]]}},
{"type":"Feature","properties":{"a":"420035615002005","b":"420035615002006"},"geometry":{"type":"MultiLineString","coordinates":[[[-79.870412349700928,40.437426322685909],[-79.870433807373033,40.437540644849228]],[[-79.870433807373033,40.437540644849228],[-79.870412349700928,40.437622303418294]],[[-79.870412349700928,40.437622303418294],[-79.870197772979736,40.437965268325364]]]}},
{"type":"Feature","properties":{"a":"420035615002005","b":"420035615002015"},"geometry":{"type":"MultiLineString","coordinates":[[[-79.870197772979736,40.437965268325364],[-79.870133399963365,40.437899941811274]],[[-79.870133399963365,40.437899941811274],[-79.869318008422852,40.436773049452079]],[[-79.869318008422852,40.436773049452079],[-79.869296550750732,40.436724053703657]]]}},
{"type":"Feature","properties":{"a":"420035615002006","b":"420035615002007"},"geometry":{"type":"MultiLineString","coordinates":[[[-79.86884593963623,40.439304447875656],[-79.86884593963623,40.439026815282723]],[[-79.86884593963623,40.439026815282723],[-79.868996143341064,40.438781844395642]],[[-79.868996143341064,40.438781844395642],[-79.869167804718018,40.43865119289088]],[[-79.869167804718018,40.43865119289088],[-79.869511127471924,40.438487878152898]]]}},
{"type":"Feature","properties":{"a":"420035615002006","b":"420035615002009"},"geometry":{"type":"MultiLineString","coordinates":[[[-79.871013164520264,40.437426322685909],[-79.871034622192383,40.437540644849228]],[[-79.871034622192383,40.437540644849228],[-79.870970249176011,40.437720293570266]],[[-79.870970249176011,40.437720293570266],[-79.869961738586412,40.438667524342861]],[[-79.869961738586412,40.438667524342861],[-79.86884593963623,40.439304447875656]]]}},
{"type":"Feature","properties":{"a":"420035615002006","b":"420035615002015"},"geometry":{"type":"MultiLineString","coordinates":[[[-79.869511127471924,40.438487878152898],[-79.870004653930664,40.438193910624769]],[[-79.870004653930664,40.438193910624769],[-79.870111942291246,40.43811225274996]],[[-79.870111942291246,40.43811225274996],[-79.870197772979736,40.437965268325364]]]}},
{"type":"Feature","properties":{"a":"420035615002007","b":"420035615002008"},"geometry":{"type":"LineString","coordinates":[[-79.869039058685289,40.440055683260987],[-79.868481159210205,40.440153669866277]]}},
{"type":"Feature","properties":{"a":"420035615002007","b":"420035615002009"},"geometry":{"type":"MultiLineString","coordinates":[[[-79.86884593963623,40.439304447875656],[-79.86886739730835,40.439386104302443]],[[-79.86886739730835,40.439386104302443],[-79.868931770324693,40.439598410547916]],[[-79.868931770324693,40.439598410547916],[-79.868953227996826,40.439663735411642]]]}},
{"type":"Feature","properties":{"a":"420035615002007","b":"420035615002010"},"geometry":{"type":"MultiLineString","coordinates":[[[-79.868953227996826,40.439663735411642],[-79.868974685668945,40.439745391402028]],[[-79.868974685668945,40.439745391402028],[-79.869017601013184,40.439974027647487]],[[-79.869017601013184,40.439974027647487],[-79.869039058685289,40.440055683260987]]]}},
{"type":"Feature","properties":{"a":"420035615002007","b":"420035615002014"},"geometry":{"type":"MultiLineString","coordinates":[[[-79.868824481964111,40.438340894549505],[-79.868888854980469,40.438291899943628]],[[-79.868888854980469,40.438291899943628],[-79.869189262390137,40.438144915911778]],[[-79.869189262390137,40.438144915911778],[-79.869618415832505,40.437899941811274]]]}},
{"type":"Feature","properties":{"a":"420035615002007","b":"420035615002015"},"geometry":{"type":"MultiLineString","coordinates":[[[-79.869618415832505,40.437899941811274],[-79.869661331176758,40.437997931558591]],[[-79.869661331176758,40.437997931558591],[-79.869661331176758,40.438128584332851]],[[-79.869661331176758,40.438128584332851],[-79.869511127471924,40.438487878152898]]]}},
{"type":"Feature","properties":{"a":"420035615002009","b":"420035615002010"},"geometry":{"type":"MultiLineString","coordinates":[[[-79.87150669097899,40.437409990932423],[-79.871528148651109,40.437524313123518]],[[-79.871528148651109,40.437524313123518],[-79.871485233306871,40.437703961888197]],[[-79.871485233306871,40.437703961888197],[-79.871377944946289,40.437899941811274]],[[-79.871377944946289,40.437899941811274],[-79.870283603668199,40.438912495646505]],[[-79.870283603668199,40.438912495646505],[-79.870133399963365,40.439043146643463]],[[-79.870133399963365,40.439043146643463],[-79.869039058685289,40.439647404201665]],[[-79.869039058685289,40.439647404201665],[-79.868953227996826,40.439663735411642]]]}},
{"type":"Feature","properties":{"a":"420035615002009","b":"420035615002013"},"geometry":{"type":"MultiLineString","coordinates":[[[-79.871013164520264,40.437426322685909],[-79.871292114257798,40.437426322685909]],[[-79.871292114257798,40.437426322685909],[-79.871399402618408,40.437409990932423]],[[-79.871399402618408,40.437409990932423],[-79.87150669097899,40.437409990932423]]]}},
{"type":"Feature","properties":{"a":"420035615002010","b":"420035615002012"},"geometry":{"type":"MultiLineString","coordinates":[[[-79.87124919891356,40.436903704606642],[-79.871635437011705,40.436740385623764]],[[-79.871635437011705,40.436740385623764],[-79.871807098388672,40.436724053703657]],[[-79.871807098388672,40.436724053703657],[-79.871935844421373,40.436773049452079]],[[-79.871935844421373,40.436773049452079],[-79.873030185699463,40.437850946884062]]]}},
{"type":"Feature","properties":{"a":"420035615002010","b":"420035615002013"},"geometry":{"type":"MultiLineString","coordinates":[[[-79.87150669097899,40.437409990932423],[-79.871442317962646,40.437165014154068]],[[-79.871442317962646,40.437165014154068],[-79.871313571929917,40.436985363949304]],[[-79.871313571929917,40.436985363949304],[-79.87124919891356,40.436903704606642]]]}},
{"type":"Feature","properties":{"a":"420035615002011","b":"420035615002012"},"geometry":{"type":"MultiLineString","coordinates":[[[-79.873394966125488,40.437654966818158],[-79.872643947601304,40.436871040841808]],[[-79.872643947601304,40.436871040841808],[-79.872214794158921,40.436479074425996]],[[-79.872214794158921,40.436479074425996],[-79.872043132781982,40.436381082465005]],[[-79.872043132781982,40.436381082465005],[-79.871227741241441,40.435989113192839]]]}},
{"type":"Feature","properties":{"a":"420035615002011","b":"420035647001012"},"geometry":{"type":"MultiLineString","coordinates":[[[-79.87324476242064,40.436805713264519],[-79.87350225448607,40.4370833550296]],[[-79.87350225448607,40.4370833550296],[-79.873673915863023,40.437344663878804]],[[-79.873673915863023,40.437344663878804],[-79.873738288879395,40.437475317922562]]]}},
{"type":"Feature","properties":{"a":"420035615002011","b":"420035647002000"},"geometry":{"type":"MultiLineString","coordinates":[[[-79.871785640716553,40.435776795549664],[-79.872300624847398,40.436021777386124]],[[-79.872300624847398,40.436021777386124],[-79.872536659240708,40.436168766059559]],[[-79.872536659240708,40.436168766059559],[-79.87298727035521,40.436544402320649]],[[-79.87298727035521,40.436544402320649],[-79.87324476242064,40.436805713264519]]]}},
{"type":"Feature","properties":{"a":"420035615002011","b":"420035647002001"},"geometry":{"type":"MultiLineString","coordinates":[[[-79.87150669097899,40.435646138205229],[-79.871549606323228,40.435678802565135]],[[-79.871549606323228,40.435678802565135],[-79.871721267700195,40.43574413123735]],[[-79.871721267700195,40.43574413123735],[-79.871785640716553,40.435776795549664]]]}},
{"type":"Feature","properties":{"a":"420035615002012","b":"420035615002013"},"geometry":{"type":"MultiLineString","coordinates":[[[-79.87124919891356,40.436903704606642],[-79.871184825897217,40.436805713264519]],[[-79.871184825897217,40.436805713264519],[-79.871077537536621,40.436511738381256]],[[-79.871077537536621,40.436511738381256],[-79.871013164520264,40.436364750457621]]]}},
{"type":"Feature","properties":{"a":"420035615002014","b":"420035615002015"},"geometry":{"type":"MultiLineString","coordinates":[[[-79.868545532226562,40.436707721779584],[-79.868781566619859,40.43693636835561]],[[-79.868781566619859,40.43693636835561],[-79.869446754455552,40.437638635120209]],[[-79.869446754455552,40.437638635120209],[-79.869618415832505,40.437899941811274]]]}},
{"type":"Feature","properties":{"a":"420035615003000","b":"420035615003001"},"geometry":{"type":"MultiLineString","coordinates":[[[-79.871635437011705,40.446522492856467],[-79.871699810028076,40.446473504213429]],[[-79.871699810028076,40.446473504213429],[-79.871807098388672,40.44644084509823]],[[-79.871807098388672,40.44644084509823],[-79.872493743896484,40.446179571605327]]]}},
{"type":"Feature","properties":{"a":"420035615003000","b":"420035615003002"},"geometry":{"type":"MultiLineString","coordinates":[[[-79.872493743896484,40.446179571605327],[-79.87285852432251,40.446032604819244]],[[-79.87285852432251,40.446032604819244],[-79.873287677764878,40.445901967406279]],[[-79.873287677764878,40.445901967406279],[-79.874639511108384,40.445542713211381]],[[-79.874639511108384,40.445542713211381],[-79.874682426452623,40.445542713211381]],[[-79.874682426452623,40.445542713211381],[-79.875261783599854,40.445738670282992]]]}},
{"type":"Feature","properties":{"a":"420035615003000","b":"420035648001001"},"geometry":{"type":"MultiLineString","coordinates":[[[-79.875261783599854,40.445738670282992],[-79.87459659576416,40.445918297096782]],[[-79.87459659576416,40.445918297096782],[-79.873802661895752,40.446130582712335]],[[-79.873802661895752,40.446130582712335],[-79.872021675109863,40.446800094492602]]]}},
{"type":"Feature","properties":{"a":"420035615003001","b":"420035615003002"},"geometry":{"type":"MultiLineString","coordinates":[[[-79.872300624847398,40.445771329739401],[-79.872322082519517,40.445852978310953]],[[-79.872322082519517,40.445852978310953],[-79.872493743896484,40.446179571605327]]]}},
{"type":"Feature","properties":{"a":"420035615003001","b":"420035615003003"},"geometry":{"type":"MultiLineString","coordinates":[[[-79.871120452880845,40.446114253073404],[-79.87135648727417,40.446048934478007]],[[-79.87135648727417,40.446048934478007],[-79.871785640716553,40.445918297096782]],[[-79.871785640716553,40.445918297096782],[-79.872300624847398,40.445771329739401]]]}},
{"type":"Feature","properties":{"a":"420035615003002","b":"420035615003003"},"geometry":{"type":"MultiLineString","coordinates":[[[-79.872300624847398,40.445771329739401],[-79.873781204223633,40.445330425739108]],[[-79.873781204223633,40.445330425739108],[-79.873974323272691,40.445248776532772]],[[-79.873974323272691,40.445248776532772],[-79.87410306930542,40.445167127227251]],[[-79.87410306930542,40.445167127227251],[-79.874231815338135,40.445020158227393]],[[-79.874231815338135,40.445020158227393],[-79.874339103698716,40.44482419906101]]]}},
{"type":"Feature","properties":{"a":"420035615003002","b":"420035615003012"},"geometry":{"type":"MultiLineString","coordinates":[[[-79.874339103698716,40.44482419906101],[-79.87459659576416,40.444889518846608]],[[-79.87459659576416,40.444889518846608],[-79.875261783599854,40.445118137596346]],[[-79.875261783599854,40.445118137596346],[-79.875562191009521,40.445216116822465]]]}},
{"type":"Feature","properties":{"a":"420035615003002","b":"420035648001017"},"geometry":{"type":"MultiLineString","coordinates":[[[-79.875562191009521,40.445216116822465],[-79.875326156616197,40.44564069181861]],[[-79.875326156616197,40.44564069181861],[-79.875261783599854,40.445722340548855]],[[-79.875261783599854,40.445722340548855],[-79.875261783599854,40.445738670282992]]]}},
{"type":"Feature","properties":{"a":"420035615003003","b":"420035615003004"},"geometry":{"type":"MultiLineString","coordinates":[[[-79.871120452880845,40.446114253073404],[-79.871549606323228,40.445738670282992]],[[-79.871549606323228,40.445738670282992],[-79.872922897338853,40.444873188906165]],[[-79.872922897338853,40.444873188906165],[-79.873180389404297,40.444758879211925]],[[-79.873180389404297,40.444758879211925],[-79.873416423797607,40.444709889283459]],[[-79.873416423797607,40.444709889283459],[-79.873673915863023,40.444693559299367]],[[-79.873673915863023,40.444693559299367],[-79.874424934387207,40.444693559299367]]]}},
{"type":"Feature","properties":{"a":"420035615003003","b":"420035615003012"},"geometry":{"type":"LineString","coordinates":[[-79.874424934387207,40.444693559299367],[-79.874339103698716,40.44482419906101]]}},
{"type":"Feature","properties":{"a":"420035615003004","b":"420035615003005"},"geometry":{"type":"MultiLineString","coordinates":[[[-79.870455265045152,40.445526383429637],[-79.871013164520264,40.445167127227251]],[[-79.871013164520264,40.445167127227251],[-79.873223304748521,40.443762743648215]],[[-79.873223304748521,40.443762743648215],[-79.873266220092759,40.44374641343402]]]}},
{"type":"Feature","properties":{"a":"420035615003004","b":"420035615003011"},"geometry":{"type":"MultiLineString","coordinates":[[[-79.874682426452623,40.444219988034952],[-79.874639511108384,40.444317968570303]],[[-79.874639511108384,40.444317968570303],[-79.874467849731445,40.444595579311517]],[[-79.874467849731445,40.444595579311517],[-79.874424934387207,40.444693559299367]]]}},
{"type":"Feature","properties":{"a":"420035615003004","b":"420035615003013"},"geometry":{"type":"MultiLineString","coordinates":[[[-79.873266220092759,40.44374641343402],[-79.873352050781236,40.443779073858444]],[[-79.873352050781236,40.443779073858444],[-79.873631000518785,40.443877055036495]],[[-79.873631000518785,40.443877055036495],[-79.873716831207275,40.443893385218956]]]}},
{"type":"Feature","properties":{"a":"420035615003004","b":"420035615003014"},"geometry":{"type":"LineString","coordinates":[[-79.873716831207275,40.443893385218956],[-79.874682426452623,40.444219988034952]]}},
{"type":"Feature","properties":{"a":"420035615003005","b":"420035615003006"},"geometry":{"type":"MultiLineString","coordinates":[[[-79.869875907897949,40.445003828318676],[-79.871077537536621,40.444236318134095]],[[-79.871077537536621,40.444236318134095],[-79.872150421142578,40.443534120288454]],[[-79.872150421142578,40.443534120288454],[-79.872322082519517,40.443452468900098]]]}},
{"type":"Feature","properties":{"a":"420035615003005","b":"420035615003008"},"geometry":{"type":"MultiLineString","coordinates":[[[-79.87285852432251,40.442586958085712],[-79.873051643371582,40.442652280045401]],[[-79.873051643371582,40.442652280045401],[-79.873588085174546,40.442831915107256]],[[-79.873588085174546,40.442831915107256],[-79.873759746551514,40.442880906404454]]]}},
{"type":"Feature","properties":{"a":"420035615003005","b":"420035615003013"},"geometry":{"type":"MultiLineString","coordinates":[[[-79.873759746551514,40.442880906404454],[-79.873652458190904,40.443060540855335]],[[-79.873652458190904,40.443060540855335],[-79.873373508453369,40.44358311107387]],[[-79.873373508453369,40.44358311107387],[-79.873266220092759,40.44374641343402]]]}},
{"type":"Feature","properties":{"a":"420035615003005","b":"420035615003018"},"geometry":{"type":"MultiLineString","coordinates":[[[-79.872322082519517,40.443452468900098],[-79.872472286224365,40.443305496151098]],[[-79.872472286224365,40.443305496151098],[-79.872772693634033,40.442766593322126]],[[-79.872772693634033,40.442766593322126],[-79.87285852432251,40.442586958085712]]]}},
{"type":"Feature","properties":{"a":"420035615003006","b":"420035615003007"},"geometry":{"type":"MultiLineString","coordinates":[[[-79.869296550750732,40.444481269145165],[-79.870326519012451,40.443828064465322]],[[-79.870326519012451,40.443828064465322],[-79.870584011077867,40.443681092537574]]]}},
{"type":"Feature","properties":{"a":"420035615003006","b":"420035615003017"},"geometry":{"type":"MultiLineString","coordinates":[[[-79.870970249176011,40.443011549689068],[-79.871335029602051,40.443125862354819]],[[-79.871335029602051,40.443125862354819],[-79.871442317962646,40.443142192719776]],[[-79.871442317962646,40.443142192719776],[-79.871549606323228,40.44319118379083]]]}},
{"type":"Feature","properties":{"a":"420035615003006","b":"420035615003018"},"geometry":{"type":"MultiLineString","coordinates":[[[-79.871549606323228,40.44319118379083],[-79.871785640716553,40.443272835496579]],[[-79.871785640716553,40.443272835496579],[-79.872171878814683,40.443387147717992]],[[-79.872171878814683,40.443387147717992],[-79.872322082519517,40.443452468900098]]]}},
{"type":"Feature","properties":{"a":"420035615003008","b":"420035615003009"},"geometry":{"type":"MultiLineString","coordinates":[[[-79.874618053436265,40.443158523080761],[-79.874532222747789,40.443142192719776]],[[-79.874532222747789,40.443142192719776],[-79.874296188354478,40.443060540855335]],[[-79.874296188354478,40.443060540855335],[-79.874210357666016,40.443027880081786]]]}},
{"type":"Feature","properties":{"a":"420035615003008","b":"420035615003013"},"geometry":{"type":"MultiLineString","coordinates":[[[-79.874210357666016,40.443027880081786],[-79.874124526977539,40.442995219292371]],[[-79.874124526977539,40.442995219292371],[-79.873845577239976,40.442913567249406]],[[-79.873845577239976,40.442913567249406],[-79.873759746551514,40.442880906404454]]]}},
{"type":"Feature","properties":{"a":"420035615003008","b":"420035615003015"},"geometry":{"type":"MultiLineString","coordinates":[[[-79.872343540191636,40.44159079033529],[-79.872386455535889,40.44159079033529]],[[-79.872386455535889,40.44159079033529],[-79.872515201568589,40.441639782537017]],[[-79.872515201568589,40.441639782537017],[-79.873523712158203,40.441884743010093]]]}},
{"type":"Feature","properties":{"a":"420035615003008","b":"420035615003016"},"geometry":{"type":"MultiLineString","coordinates":[[[-79.871978759765611,40.442293008481577],[-79.872064590454102,40.442146033197488]],[[-79.872064590454102,40.442146033197488],[-79.872193336486802,40.441884743010093]],[[-79.872193336486802,40.441884743010093],[-79.872343540191636,40.44159079033529]]]}},
{"type":"Feature","properties":{"a":"420035615003008","b":"420035615003017"},"geometry":{"type":"MultiLineString","coordinates":[[[-79.872043132781982,40.442309339048869],[-79.87200021743773,40.442293008481577]],[[-79.87200021743773,40.442293008481577],[-79.871978759765611,40.442293008481577]]]}},
{"type":"Feature","properties":{"a":"420035615003008","b":"420035615003018"},"geometry":{"type":"MultiLineString","coordinates":[[[-79.87285852432251,40.442586958085712],[-79.87223625183104,40.442374661278329]],[[-79.87223625183104,40.442374661278329],[-79.872214794158921,40.442374661278329]],[[-79.872214794158921,40.442374661278329],[-79.872043132781982,40.442309339048869]]]}},
{"type":"Feature","properties":{"a":"420035615003008","b":"420035615003020"},"geometry":{"type":"MultiLineString","coordinates":[[[-79.875068664550767,40.442374661278329],[-79.874961376190171,40.442537966574292]],[[-79.874961376190171,40.442537966574292],[-79.874703884124742,40.443011549689068]],[[-79.874703884124742,40.443011549689068],[-79.874618053436265,40.443158523080761]]]}},
{"type":"Feature","properties":{"a":"420035615003008","b":"420035615003021"},"geometry":{"type":"MultiLineString","coordinates":[[[-79.873523712158203,40.441884743010093],[-79.873845577239976,40.44196639630276]],[[-79.873845577239976,40.44196639630276],[-79.874746799468994,40.442276677910328]],[[-79.874746799468994,40.442276677910328],[-79.875068664550767,40.442374661278329]]]}},
{"type":"Feature","properties":{"a":"420035615003009","b":"420035615003010"},"geometry":{"type":"MultiLineString","coordinates":[[[-79.875175952911363,40.443354487103143],[-79.875133037567139,40.443436138610515]],[[-79.875133037567139,40.443436138610515],[-79.87498283386229,40.443697422767627]],[[-79.87498283386229,40.443697422767627],[-79.874939918518066,40.443779073858444]]]}},
{"type":"Feature","properties":{"a":"420035615003009","b":"420035615003013"},"geometry":{"type":"MultiLineString","coordinates":[[[-79.873974323272691,40.443468799185702],[-79.874017238616929,40.443387147717992]],[[-79.874017238616929,40.443387147717992],[-79.874167442321763,40.443125862354819]],[[-79.874167442321763,40.443125862354819],[-79.874210357666016,40.443027880081786]]]}},
{"type":"Feature","properties":{"a":"420035615003009","b":"420035615003014"},"geometry":{"type":"MultiLineString","coordinates":[[[-79.874939918518066,40.443779073858444],[-79.874188899993882,40.443534120288454]],[[-79.874188899993882,40.443534120288454],[-79.874167442321763,40.443517790018717]],[[-79.874167442321763,40.443517790018717],[-79.873974323272691,40.443468799185702]]]}},
{"type":"Feature","properties":{"a":"420035615003009","b":"420035615003020"},"geometry":{"type":"MultiLineString","coordinates":[[[-79.874618053436265,40.443158523080761],[-79.874725341796861,40.44319118379083]],[[-79.874725341796861,40.44319118379083],[-79.875068664550767,40.443305496151098]],[[-79.875068664550767,40.443305496151098],[-79.875175952911363,40.443354487103143]]]}},
{"type":"Feature","properties":{"a":"420035615003010","b":"420035615003011"},"geometry":{"type":"MultiLineString","coordinates":[[[-79.875884056091294,40.444611909319413],[-79.875648021697998,40.444530259240267]],[[-79.875648021697998,40.444530259240267],[-79.874918460845947,40.444301638490998]],[[-79.874918460845947,40.444301638490998],[-79.874682426452623,40.444219988034952]]]}},
{"type":"Feature","properties":{"a":"420035615003010","b":"420035615003014"},"geometry":{"type":"MultiLineString","coordinates":[[[-79.874682426452623,40.444219988034952],[-79.874725341796861,40.444138337479728]],[[-79.874725341796861,40.444138337479728],[-79.874875545501695,40.443860724850069]],[[-79.874875545501695,40.443860724850069],[-79.874939918518066,40.443779073858444]]]}},
{"type":"Feature","properties":{"a":"420035615003010","b":"420035615003019"},"geometry":{"type":"MultiLineString","coordinates":[[[-79.875175952911363,40.443354487103143],[-79.875411987304688,40.443419808316982]],[[-79.875411987304688,40.443419808316982],[-79.876141548156724,40.443664762303534]],[[-79.876141548156724,40.443664762303534],[-79.876377582550035,40.443730083215854]]]}},
{"type":"Feature","properties":{"a":"420035615003010","b":"420035648001021"},"geometry":{"type":"MultiLineString","coordinates":[[[-79.876377582550035,40.443730083215854],[-79.876270294189453,40.443909715397446]],[[-79.876270294189453,40.443909715397446],[-79.875969886779785,40.444432279014364]],[[-79.875969886779785,40.444432279014364],[-79.875884056091294,40.444611909319413]]]}},
{"type":"Feature","properties":{"a":"420035615003011","b":"420035615003012"},"geometry":{"type":"LineString","coordinates":[[-79.875841140747056,40.444693559299367],[-79.874424934387207,40.444693559299367]]}},
{"type":"Feature","properties":{"a":"420035615003011","b":"420035648001017"},"geometry":{"type":"LineString","coordinates":[[-79.875884056091294,40.444611909319413],[-79.875841140747056,40.444693559299367]]}},
{"type":"Feature","properties":{"a":"420035615003012","b":"420035648001017"},"geometry":{"type":"MultiLineString","coordinates":[[[-79.875841140747056,40.444693559299367],[-79.875776767730713,40.444791539144404]],[[-79.875776767730713,40.444791539144404],[-79.875755310058594,40.444856858961749]],[[-79.875755310058594,40.444856858961749],[-79.875562191009521,40.445216116822465]]]}},
{"type":"Feature","properties":{"a":"420035615003013","b":"420035615003014"},"geometry":{"type":"MultiLineString","coordinates":[[[-79.873974323272691,40.443468799185702],[-79.873909950256333,40.443550450554227]],[[-79.873909950256333,40.443550450554227],[-79.873781204223633,40.443811734267001]],[[-79.873781204223633,40.443811734267001],[-79.873716831207275,40.443893385218956]]]}},
{"type":"Feature","properties":{"a":"420035615003015","b":"420035615003016"},"geometry":{"type":"MultiLineString","coordinates":[[[-79.872343540191636,40.44159079033529],[-79.872193336486802,40.441558128847632]],[[-79.872193336486802,40.441558128847632],[-79.871785640716553,40.44144381351586]],[[-79.871785640716553,40.44144381351586],[-79.871635437011705,40.441411151956792]]]}},
{"type":"Feature","properties":{"a":"420035615003015","b":"420035615003021"},"geometry":{"type":"MultiLineString","coordinates":[[[-79.874188899993882,40.439484091883664],[-79.874210357666016,40.440431297805652]],[[-79.874210357666016,40.440431297805652],[-79.874210357666016,40.441378490381858]],[[-79.874210357666016,40.441378490381858],[-79.873824119567871,40.441394821171308]],[[-79.873824119567871,40.441394821171308],[-79.873523712158203,40.441884743010093]]]}},
{"type":"Feature","properties":{"a":"420035615003016","b":"420035615003017"},"geometry":{"type":"MultiLineString","coordinates":[[[-79.871978759765611,40.442293008481577],[-79.871850013732896,40.442244016755922]],[[-79.871850013732896,40.442244016755922],[-79.871463775634766,40.442113371979602]],[[-79.871463775634766,40.442113371979602],[-79.871313571929917,40.442080710745863]]]}},
{"type":"Feature","properties":{"a":"420035615003017","b":"420035615003018"},"geometry":{"type":"MultiLineString","coordinates":[[[-79.872043132781982,40.442309339048869],[-79.871957302093492,40.44248897502716]],[[-79.871957302093492,40.44248897502716],[-79.871656894683824,40.443011549689068]],[[-79.871656894683824,40.443011549689068],[-79.871549606323228,40.44319118379083]]]}},
{"type":"Feature","properties":{"a":"420035615003019","b":"420035615003020"},"geometry":{"type":"MultiLineString","coordinates":[[[-79.875175952911363,40.443354487103143],[-79.875390529632554,40.442995219292371]],[[-79.875390529632554,40.442995219292371],[-79.875540733337388,40.442717601941617]],[[-79.875540733337388,40.442717601941617],[-79.875626564025879,40.442554297082062]]]}},
{"type":"Feature","properties":{"a":"420035615003019","b":"420035615003022"},"geometry":{"type":"MultiLineString","coordinates":[[[-79.875626564025879,40.442554297082062],[-79.876570701599107,40.442864575976017]],[[-79.876570701599107,40.442864575976017],[-79.876635074615479,40.442897236828905]],[[-79.876635074615479,40.442897236828905],[-79.876806735992417,40.44294622807849]]]}},
{"type":"Feature","properties":{"a":"420035615003019","b":"420035648001022"},"geometry":{"type":"MultiLineString","coordinates":[[[-79.876806735992417,40.44294622807849],[-79.876720905303941,40.443109531985904]],[[-79.876720905303941,40.443109531985904],[-79.876463413238511,40.44358311107387]],[[-79.876463413238511,40.44358311107387],[-79.876377582550035,40.443730083215854]]]}},
{"type":"Feature","properties":{"a":"420035615003020","b":"420035615003021"},"geometry":{"type":"MultiLineString","coordinates":[[[-79.875068664550767,40.442374661278329],[-79.875175952911363,40.442407322369263]],[[-79.875175952911363,40.442407322369263],[-79.875519275665269,40.442521636062544]],[[-79.875519275665269,40.442521636062544],[-79.875626564025879,40.442554297082062]]]}},
{"type":"Feature","properties":{"a":"420035615003021","b":"420035615003022"},"geometry":{"type":"MultiLineString","coordinates":[[[-79.876055717468248,40.441770428233745],[-79.875969886779785,40.441917404339065]],[[-79.875969886779785,40.441917404339065],[-79.875712394714341,40.442390991825775]],[[-79.875712394714341,40.442390991825775],[-79.875626564025879,40.442554297082062]]]}},
{"type":"Feature","properties":{"a":"420035615003021","b":"420035615003023"},"geometry":{"type":"MultiLineString","coordinates":[[[-79.876291751861572,40.441362159588436],[-79.876120090484619,40.441688774703046]],[[-79.876120090484619,40.441688774703046],[-79.876055717468248,40.441770428233745]]]}},
{"type":"Feature","properties":{"a":"420035615003021","b":"420035615003024"},"geometry":{"type":"LineString","coordinates":[[-79.876635074615479,40.440839572104302],[-79.876291751861572,40.441362159588436]]}},
{"type":"Feature","properties":{"a":"420035615003021","b":"420035647001000"},"geometry":{"type":"LineString","coordinates":[[-79.876377582550035,40.440006689904784],[-79.876635074615479,40.440839572104302]]}},
{"type":"Feature","properties":{"a":"420035615003022","b":"420035615003023"},"geometry":{"type":"MultiLineString","coordinates":[[[-79.876055717468248,40.441770428233745],[-79.877021312713623,40.442080710745863]],[[-79.877021312713623,40.442080710745863],[-79.877107143402085,40.442113371979602]],[[-79.877107143402085,40.442113371979602],[-79.877257347106934,40.442146033197488]]]}},
{"type":"Feature","properties":{"a":"420035615003022","b":"420035648001031"},"geometry":{"type":"MultiLineString","coordinates":[[[-79.877257347106934,40.442146033197488],[-79.877214431762681,40.442227686172771]],[[-79.877214431762681,40.442227686172771],[-79.877085685729966,40.442456313975903]]]}},
{"type":"Feature","properties":{"a":"420035615003022","b":"420035648001032"},"geometry":{"type":"MultiLineString","coordinates":[[[-79.876999855041504,40.442619619073497],[-79.876849651336656,40.442864575976017]],[[-79.876849651336656,40.442864575976017],[-79.876806735992417,40.44294622807849]]]}},
{"type":"Feature","properties":{"a":"420035615003023","b":"420035615003024"},"geometry":{"type":"MultiLineString","coordinates":[[[-79.876291751861572,40.441362159588436],[-79.876527786254869,40.441427482738312]],[[-79.876527786254869,40.441427482738312],[-79.877364635467529,40.441705105417114]],[[-79.877364635467529,40.441705105417114],[-79.87749338150023,40.441754097535537]]]}},
{"type":"Feature","properties":{"a":"420035615003023","b":"420035648001030"},"geometry":{"type":"MultiLineString","coordinates":[[[-79.87749338150023,40.441754097535537],[-79.877450466155992,40.441835750986883]],[[-79.877450466155992,40.441835750986883],[-79.877300262451172,40.442080710745863]],[[-79.877300262451172,40.442080710745863],[-79.877257347106934,40.442146033197488]]]}},
{"type":"Feature","properties":{"a":"420035615003024","b":"420035647001000"},"geometry":{"type":"MultiLineString","coordinates":[[[-79.876635074615479,40.440839572104302],[-79.876806735992417,40.441002881129492]],[[-79.876806735992417,40.441002881129492],[-79.877707958221436,40.441345828791043]]]}},
{"type":"Feature","properties":{"a":"420035615003024","b":"420035648001033"},"geometry":{"type":"LineString","coordinates":[[-79.877707958221436,40.441345828791043],[-79.87749338150023,40.441754097535537]]}},
{"type":"Feature","properties":{"a":"420035647001000","b":"420035647001001"},"geometry":{"type":"LineString","coordinates":[[-79.877943992614746,40.440937557567025],[-79.877707958221436,40.441345828791043]]}},
{"type":"Feature","properties":{"a":"420035647001000","b":"420035647001002"},"geometry":{"type":"MultiLineString","coordinates":[[[-79.878180027008042,40.440545614859218],[-79.878029823303223,40.440806910251659]],[[-79.878029823303223,40.440806910251659],[-79.877943992614746,40.440937557567025]]]}},
{"type":"Feature","properties":{"a":"420035647001000","b":"420035647001004"},"geometry":{"type":"MultiLineString","coordinates":[[[-79.876334667205811,40.439908703085273],[-79.876527786254869,40.439990358778118]],[[-79.876527786254869,40.439990358778118],[-79.876570701599107,40.440006689904784]],[[-79.876570701599107,40.440006689904784],[-79.878180027008042,40.440545614859218]]]}},
{"type":"Feature","properties":{"a":"420035647001001","b":"420035647001002"},"geometry":{"type":"MultiLineString","coordinates":[[[-79.877943992614746,40.440937557567025],[-79.878029823303223,40.440970219356196]],[[-79.878029823303223,40.440970219356196],[-79.878652095794678,40.441166189757965]],[[-79.878652095794678,40.441166189757965],[-79.879574775695787,40.441476475059062]]]}},
{"type":"Feature","properties":{"a":"420035647001001","b":"420035647003000"},"geometry":{"type":"LineString","coordinates":[[-79.879574775695787,40.441476475059062],[-79.879360198974609,40.441884743010093]]}},
{"type":"Feature","properties":{"a":"420035647001001","b":"420035648001033"},"geometry":{"type":"LineString","coordinates":[[-79.879360198974609,40.441884743010093],[-79.877707958221436,40.441345828791043]]}},
{"type":"Feature","properties":{"a":"420035647001002","b":"420035647001003"},"geometry":{"type":"LineString","coordinates":[[-79.878180027008042,40.440545614859218],[-79.879810810089111,40.441084535493317]]}},
{"type":"Feature","properties":{"a":"420035647001002","b":"420035647003028"},"geometry":{"type":"LineString","coordinates":[[-79.879810810089111,40.441084535493317],[-79.879574775695787,40.441476475059062]]}},
{"type":"Feature","properties":{"a":"420035647001003","b":"420035647001004"},"geometry":{"type":"LineString","coordinates":[[-79.878180027008042,40.440545614859218],[-79.878630638122559,40.439745391402028]]}},
{"type":"Feature","properties":{"a":"420035647001003","b":"420035647001006"},"geometry":{"type":"MultiLineString","coordinates":[[[-79.878630638122559,40.439745391402028],[-79.878952503204331,40.439859709621949]],[[-79.878952503204331,40.439859709621949],[-79.879939556121812,40.440186332036298]],[[-79.879939556121812,40.440186332036298],[-79.880261421203599,40.440300649506412]]]}},
{"type":"Feature","properties":{"a":"420035647001003","b":"420035647003027"},"geometry":{"type":"MultiLineString","coordinates":[[[-79.880261421203599,40.440300649506412],[-79.880175590515137,40.440447628825211]],[[-79.880175590515137,40.440447628825211],[-79.879896640777574,40.440921226666482]],[[-79.879896640777574,40.440921226666482],[-79.879810810089111,40.441084535493317]]]}},
{"type":"Feature","properties":{"a":"420035647001004","b":"420035647001005"},"geometry":{"type":"MultiLineString","coordinates":[[[-79.876077175140367,40.438896164254032],[-79.876377582550035,40.439010483918018]],[[-79.876377582550035,40.439010483918018],[-79.878630638122559,40.439745391402028]]]}},
{"type":"Feature","properties":{"a":"420035647001004","b":"420035647001011"},"geometry":{"type":"MultiLineString","coordinates":[[[-79.875025749206529,40.438814507232159],[-79.875218868255615,40.438749181543265]],[[-79.875218868255615,40.438749181543265],[-79.875626564025879,40.438765512971436]],[[-79.875626564025879,40.438765512971436],[-79.876077175140367,40.438896164254032]]]}},
{"type":"Feature","properties":{"a":"420035647001005","b":"420035647001006"},"geometry":{"type":"MultiLineString","coordinates":[[[-79.879059791564941,40.438961489800107],[-79.878973960876465,40.439108472046712]],[[-79.878973960876465,40.439108472046712],[-79.878716468811035,40.439582079322065]],[[-79.878716468811035,40.439582079322065],[-79.878630638122559,40.439745391402028]]]}},
{"type":"Feature","properties":{"a":"420035647001005","b":"420035647001008"},"geometry":{"type":"LineString","coordinates":[[-79.87734317779541,40.438389889119669],[-79.879059791564941,40.438961489800107]]}},
{"type":"Feature","properties":{"a":"420035647001005","b":"420035647001009"},"geometry":{"type":"MultiLineString","coordinates":[[[-79.876399040222154,40.438079589572261],[-79.87659215927124,40.438128584332851]],[[-79.87659215927124,40.438128584332851],[-79.87734317779541,40.438389889119669]]]}},
{"type":"Feature","properties":{"a":"420035647001005","b":"420035647001010"},"geometry":{"type":"LineString","coordinates":[[-79.876377582550035,40.438128584332851],[-79.876399040222154,40.438079589572261]]}},
{"type":"Feature","properties":{"a":"420035647001005","b":"420035647001011"},"geometry":{"type":"MultiLineString","coordinates":[[[-79.876077175140367,40.438896164254032],[-79.876313209533691,40.438487878152898]],[[-79.876313209533691,40.438487878152898],[-79.876334667205811,40.438406220635123]],[[-79.876334667205811,40.438406220635123],[-79.876377582550035,40.438128584332851]]]}},
{"type":"Feature","properties":{"a":"420035647001006","b":"420035647001007"},"geometry":{"type":"MultiLineString","coordinates":[[[-79.879059791564941,40.438961489800107],[-79.879403114318848,40.439075809353021]],[[-79.879403114318848,40.439075809353021],[-79.880390167236328,40.4394024355759]],[[-79.880390167236328,40.4394024355759],[-79.880712032318115,40.439500423133317]]]}},
{"type":"Feature","properties":{"a":"420035647001006","b":"420035647003026"},"geometry":{"type":"MultiLineString","coordinates":[[[-79.880712032318115,40.439500423133317],[-79.880626201629624,40.439663735411642]],[[-79.880626201629624,40.439663735411642],[-79.88034725189209,40.440137338775308]],[[-79.88034725189209,40.440137338775308],[-79.880261421203599,40.440300649506412]]]}},
{"type":"Feature","properties":{"a":"420035647001007","b":"420035647001008"},"geometry":{"type":"MultiLineString","coordinates":[[[-79.879059791564941,40.438961489800107],[-79.879124164581299,40.43884717005281]],[[-79.879124164581299,40.43884717005281],[-79.879167079925523,40.438798175815883]],[[-79.879167079925523,40.438798175815883],[-79.879574775695787,40.438193910624769]]]}},
{"type":"Feature","properties":{"a":"420035647001007","b":"420035647002007"},"geometry":{"type":"MultiLineString","coordinates":[[[-79.879574775695787,40.438193910624769],[-79.879896640777574,40.438291899943628]],[[-79.879896640777574,40.438291899943628],[-79.88084077835083,40.438602198511148]],[[-79.88084077835083,40.438602198511148],[-79.881162643432617,40.438716518675001]]]}},
{"type":"Feature","properties":{"a":"420035647001007","b":"420035647003042"},"geometry":{"type":"MultiLineString","coordinates":[[[-79.881162643432617,40.438716518675001],[-79.880797863006578,40.439353441743627]],[[-79.880797863006578,40.439353441743627],[-79.880776405334458,40.439418766845392]],[[-79.880776405334458,40.439418766845392],[-79.880712032318115,40.439500423133317]]]}},
{"type":"Feature","properties":{"a":"420035647001008","b":"420035647001009"},"geometry":{"type":"MultiLineString","coordinates":[[[-79.87734317779541,40.438389889119669],[-79.877429008483873,40.438226573746931]],[[-79.877429008483873,40.438226573746931],[-79.87775087356566,40.437638635120209]],[[-79.87775087356566,40.437638635120209],[-79.877772331237779,40.437589640002564]]]}},
{"type":"Feature","properties":{"a":"420035647001008","b":"420035647002005"},"geometry":{"type":"MultiLineString","coordinates":[[[-79.877772331237779,40.437589640002564],[-79.877986907958984,40.437654966818158]],[[-79.877986907958984,40.437654966818158],[-79.878609180450425,40.437867278530433]],[[-79.878609180450425,40.437867278530433],[-79.878823757171617,40.437932605076249]]]}},
{"type":"Feature","properties":{"a":"420035647001008","b":"420035647002006"},"geometry":{"type":"MultiLineString","coordinates":[[[-79.878823757171617,40.437932605076249],[-79.878973960876465,40.43798159994396]],[[-79.878973960876465,40.43798159994396],[-79.879424571990953,40.438144915911778]],[[-79.879424571990953,40.438144915911778],[-79.879574775695787,40.438193910624769]]]}},
{"type":"Feature","properties":{"a":"420035647001009","b":"420035647001010"},"geometry":{"type":"MultiLineString","coordinates":[[[-79.876399040222154,40.438079589572261],[-79.876463413238511,40.437654966818158]],[[-79.876463413238511,40.437654966818158],[-79.875626564025879,40.437491649660174]]]}},
{"type":"Feature","properties":{"a":"420035647001009","b":"420035647001012"},"geometry":{"type":"LineString","coordinates":[[-79.875626564025879,40.437491649660174],[-79.875712394714341,40.4370833550296]]}},
{"type":"Feature","properties":{"a":"420035647001009","b":"420035647002003"},"geometry":{"type":"MultiLineString","coordinates":[[[-79.875712394714341,40.4370833550296],[-79.875755310058594,40.4370833550296]],[[-79.875755310058594,40.4370833550296],[-79.875862598419175,40.437099686862418]],[[-79.875862598419175,40.437099686862418],[-79.875905513763428,40.437099686862418]]]}},
{"type":"Feature","properties":{"a":"420035647001009","b":"420035647002004"},"geometry":{"type":"MultiLineString","coordinates":[[[-79.875905513763428,40.437099686862418],[-79.876377582550035,40.43714868233711]],[[-79.876377582550035,40.43714868233711],[-79.87648487091063,40.437165014154068]],[[-79.87648487091063,40.437165014154068],[-79.877772331237779,40.437589640002564]]]}},
{"type":"Feature","properties":{"a":"420035647001010","b":"420035647001011"},"geometry":{"type":"LineString","coordinates":[[-79.876377582550035,40.438128584332851],[-79.875519275665269,40.43798159994396]]}},
{"type":"Feature","properties":{"a":"420035647001010","b":"420035647001012"},"geometry":{"type":"LineString","coordinates":[[-79.875519275665269,40.43798159994396],[-79.875626564025879,40.437491649660174]]}},
{"type":"Feature","properties":{"a":"420035647001011","b":"420035647001012"},"geometry":{"type":"MultiLineString","coordinates":[[[-79.873931407928453,40.437850946884062],[-79.87399578094481,40.437818283579418]],[[-79.87399578094481,40.437818283579418],[-79.875519275665269,40.43798159994396]]]}},
{"type":"Feature","properties":{"a":"420035647001012","b":"420035647002000"},"geometry":{"type":"LineString","coordinates":[[-79.87324476242064,40.436805713264519],[-79.873394966125488,40.436822045164789]]}},
{"type":"Feature","properties":{"a":"420035647001012","b":"420035647002001"},"geometry":{"type":"MultiLineString","coordinates":[[[-79.873394966125488,40.436822045164789],[-79.873888492584229,40.436871040841808]],[[-79.873888492584229,40.436871040841808],[-79.874060153961182,40.436887372726204]]]}},
{"type":"Feature","properties":{"a":"420035647001012","b":"420035647002003"},"geometry":{"type":"MultiLineString","coordinates":[[[-79.874060153961182,40.436887372726204],[-79.874382019042955,40.436920036483116]],[[-79.874382019042955,40.436920036483116],[-79.875390529632554,40.437034359507308]],[[-79.875390529632554,40.437034359507308],[-79.875712394714341,40.4370833550296]]]}},
{"type":"Feature","properties":{"a":"420035647002000","b":"420035647002001"},"geometry":{"type":"MultiLineString","coordinates":[[[-79.871785640716553,40.435776795549664],[-79.872214794158921,40.43579312769986]],[[-79.872214794158921,40.43579312769986],[-79.872450828552246,40.435874788391359]],[[-79.872450828552246,40.435874788391359],[-79.872665405273423,40.435989113192839]],[[-79.872665405273423,40.435989113192839],[-79.873030185699463,40.436266758329992]],[[-79.873030185699463,40.436266758329992],[-79.873352050781236,40.436675057919537]],[[-79.873352050781236,40.436675057919537],[-79.873394966125488,40.436822045164789]]]}},
{"type":"Feature","properties":{"a":"420035647002001","b":"420035647002002"},"geometry":{"type":"MultiLineString","coordinates":[[[-79.873588085174546,40.436087105725107],[-79.873652458190904,40.436152434000604]],[[-79.873652458190904,40.436152434000604],[-79.873652458190904,40.436168766059559]],[[-79.873652458190904,40.436168766059559],[-79.873802661895752,40.436413746467863]]]}},
{"type":"Feature","properties":{"a":"420035647002001","b":"420035647002003"},"geometry":{"type":"MultiLineString","coordinates":[[[-79.873802661895752,40.436413746467863],[-79.873867034912109,40.436511738381256]],[[-79.873867034912109,40.436511738381256],[-79.87399578094481,40.436740385623764]],[[-79.87399578094481,40.436740385623764],[-79.874060153961182,40.436887372726204]]]}},
{"type":"Feature","properties":{"a":"420035647002001","b":"420035647002004"},"geometry":{"type":"MultiLineString","coordinates":[[[-79.877150058746324,40.43527049692571],[-79.876956939697266,40.43545015171253]],[[-79.876956939697266,40.43545015171253],[-79.876785278320312,40.435564477236028]],[[-79.876785278320312,40.435564477236028],[-79.876399040222154,40.435499148389262]],[[-79.876399040222154,40.435499148389262],[-79.874017238616929,40.435433819479016]],[[-79.874017238616929,40.435433819479016],[-79.873459339141846,40.435515480606902]],[[-79.873459339141846,40.435515480606902],[-79.873180389404297,40.435597141635604]],[[-79.873180389404297,40.435597141635604],[-79.87309455871582,40.435597141635604]],[[-79.87309455871582,40.435597141635604],[-79.873588085174546,40.436087105725107]]]}},
{"type":"Feature","properties":{"a":"420035647002001","b":"420035647002009"},"geometry":{"type":"MultiLineString","coordinates":[[[-79.87150669097899,40.435646138205229],[-79.871721267700195,40.435368490505297]],[[-79.871721267700195,40.435368490505297],[-79.871785640716553,40.435205167793313]],[[-79.871785640716553,40.435205167793313],[-79.871914386749253,40.434372215791313]],[[-79.871914386749253,40.434372215791313],[-79.872193336486802,40.433751578179468]]]}},
{"type":"Feature","properties":{"a":"420035647002002","b":"420035647002003"},"geometry":{"type":"MultiLineString","coordinates":[[[-79.875991344451904,40.436675057919537],[-79.875926971435547,40.436642394043616]],[[-79.875926971435547,40.436642394043616],[-79.874253273010254,40.436446410454863]],[[-79.874253273010254,40.436446410454863],[-79.873802661895752,40.436413746467863]]]}},
{"type":"Feature","properties":{"a":"420035647002002","b":"420035647002004"},"geometry":{"type":"MultiLineString","coordinates":[[[-79.873588085174546,40.436087105725107],[-79.873888492584229,40.435989113192839]],[[-79.873888492584229,40.435989113192839],[-79.874038696289048,40.43597278109025]],[[-79.874038696289048,40.43597278109025],[-79.8760986328125,40.436217762212635]],[[-79.8760986328125,40.436217762212635],[-79.875991344451904,40.436675057919537]]]}},
{"type":"Feature","properties":{"a":"420035647002003","b":"420035647002004"},"geometry":{"type":"MultiLineString","coordinates":[[[-79.875991344451904,40.436675057919537],[-79.875991344451904,40.436756717539907]],[[-79.875991344451904,40.436756717539907],[-79.875926971435547,40.437018027658603]],[[-79.875926971435547,40.437018027658603],[-79.875905513763428,40.437099686862418]]]}},
{"type":"Feature","properties":{"a":"420035647002004","b":"420035647002005"},"geometry":{"type":"MultiLineString","coordinates":[[[-79.880433082580552,40.434731529685124],[-79.87983226776123,40.435254164648562]],[[-79.87983226776123,40.435254164648562],[-79.879209995269761,40.435776795549664]],[[-79.879209995269761,40.435776795549664],[-79.87914562225339,40.435940116873148]],[[-79.87914562225339,40.435940116873148],[-79.879059791564941,40.436364750457621]],[[-79.879059791564941,40.436364750457621],[-79.877793788909898,40.437540644849228]],[[-79.877793788909898,40.437540644849228],[-79.877772331237779,40.437589640002564]]]}},
{"type":"Feature","properties":{"a":"420035647002005","b":"420035647002006"},"geometry":{"type":"MultiLineString","coordinates":[[[-79.881076812744126,40.436315754411652],[-79.880411624908433,40.43592378475865]],[[-79.880411624908433,40.43592378475865],[-79.88034725189209,40.435874788391359]],[[-79.88034725189209,40.435874788391359],[-79.879918098449693,40.436250426294841]],[[-79.879918098449693,40.436250426294841],[-79.879295825958252,40.437165014154068]],[[-79.879295825958252,40.437165014154068],[-79.878823757171617,40.437932605076249]]]}},
{"type":"Feature","properties":{"a":"420035647002005","b":"420035647002007"},"geometry":{"type":"MultiLineString","coordinates":[[[-79.881269931793199,40.436136101937677],[-79.881119728088365,40.436266758329992]],[[-79.881119728088365,40.436266758329992],[-79.881076812744126,40.436315754411652]]]}},
{"type":"Feature","properties":{"a":"420035647002005","b":"420035647002008"},"geometry":{"type":"MultiLineString","coordinates":[[[-79.881892204284668,40.435613473829449],[-79.881763458251939,40.435711466909183]],[[-79.881763458251939,40.435711466909183],[-79.881441593170152,40.436005445291464]]]}},
{"type":"Feature","properties":{"a":"420035647002006","b":"420035647002007"},"geometry":{"type":"MultiLineString","coordinates":[[[-79.881076812744126,40.436315754411652],[-79.880518913269043,40.436773049452079]],[[-79.880518913269043,40.436773049452079],[-79.880197048187242,40.437116018691285]],[[-79.880197048187242,40.437116018691285],[-79.879574775695787,40.438193910624769]]]}},
{"type":"Feature","properties":{"a":"420035647002007","b":"420035647002008"},"geometry":{"type":"MultiLineString","coordinates":[[[-79.881312847137437,40.436103437799929],[-79.881548881530762,40.436168766059559]],[[-79.881548881530762,40.436168766059559],[-79.882214069366455,40.436381082465005]],[[-79.882214069366455,40.436381082465005],[-79.882450103759751,40.436446410454863]]]}},
{"type":"Feature","properties":{"a":"420035647002007","b":"420035647003029"},"geometry":{"type":"MultiLineString","coordinates":[[[-79.881377220153809,40.438324563018178],[-79.881334304809556,40.438389889119669]],[[-79.881334304809556,40.438389889119669],[-79.881162643432617,40.438716518675001]]]}},
{"type":"Feature","properties":{"a":"420035647002007","b":"420035647003033"},"geometry":{"type":"MultiLineString","coordinates":[[[-79.881613254547105,40.437932605076249],[-79.881570339202881,40.438014263169258]],[[-79.881570339202881,40.438014263169258],[-79.881420135498033,40.438242905302054]],[[-79.881420135498033,40.438242905302054],[-79.881377220153809,40.438324563018178]]]}},
{"type":"Feature","properties":{"a":"420035647002007","b":"420035647003039"},"geometry":{"type":"MultiLineString","coordinates":[[[-79.881784915924058,40.437622303418294],[-79.88174200057982,40.437687630202149]],[[-79.88174200057982,40.437687630202149],[-79.881634712219224,40.437867278530433]],[[-79.881634712219224,40.437867278530433],[-79.881613254547105,40.437932605076249]]]}},
{"type":"Feature","properties":{"a":"420035647002007","b":"420035647003040"},"geometry":{"type":"MultiLineString","coordinates":[[[-79.882106781005845,40.437034359507308],[-79.882042407989502,40.437165014154068]],[[-79.882042407989502,40.437165014154068],[-79.881784915924058,40.437622303418294]]]}},
{"type":"Feature","properties":{"a":"420035647002007","b":"420035647003041"},"geometry":{"type":"MultiLineString","coordinates":[[[-79.882450103759751,40.436446410454863],[-79.882385730743394,40.436560734284392]],[[-79.882385730743394,40.436560734284392],[-79.882171154022217,40.436920036483116]],[[-79.882171154022217,40.436920036483116],[-79.882106781005845,40.437034359507308]]]}},
{"type":"Feature","properties":{"a":"420035647002008","b":"420035647003041"},"geometry":{"type":"MultiLineString","coordinates":[[[-79.882664680480943,40.436087105725107],[-79.882621765136719,40.436152434000604]],[[-79.882621765136719,40.436152434000604],[-79.88249301910399,40.436381082465005]],[[-79.88249301910399,40.436381082465005],[-79.882450103759751,40.436446410454863]]]}},
{"type":"Feature","properties":{"a":"420035647002009","b":"420035647002010"},"geometry":{"type":"MultiLineString","coordinates":[[[-79.87150669097899,40.435646138205229],[-79.871399402618408,40.435515480606902]],[[-79.871399402618408,40.435515480606902],[-79.869146347045898,40.434453878208501]],[[-79.869146347045898,40.434453878208501],[-79.86884593963623,40.434306885786143]]]}},
{"type":"Feature","properties":{"a":"420035647002009","b":"420035647002011"},"geometry":{"type":"LineString","coordinates":[[-79.86884593963623,40.434306885786143],[-79.870541095733628,40.432918608170809]]}},
{"type":"Feature","properties":{"a":"420035647002010","b":"420035647002011"},"geometry":{"type":"LineString","coordinates":[[-79.868717193603501,40.434257888240609],[-79.86884593963623,40.434306885786143]]}},
{"type":"Feature","properties":{"a":"420035647002010","b":"420035647002013"},"geometry":{"type":"LineString","coordinates":[[-79.868524074554443,40.434388548282683],[-79.868717193603501,40.434257888240609]]}},
{"type":"Feature","properties":{"a":"420035647002011","b":"420035647002012"},"geometry":{"type":"MultiLineString","coordinates":[[[-79.868717193603501,40.434257888240609],[-79.869661331176758,40.433441257225375]],[[-79.869661331176758,40.433441257225375],[-79.870412349700928,40.432869609613675]]]}},
{"type":"Feature","properties":{"a":"420035647002012","b":"420035647002013"},"geometry":{"type":"MultiLineString","coordinates":[[[-79.868717193603501,40.434257888240609],[-79.866056442260728,40.433032937998618]],[[-79.866056442260728,40.433032937998618],[-79.865627288818345,40.432787945272437]]]}},
{"type":"Feature","properties":{"a":"420035647003000","b":"420035647003001"},"geometry":{"type":"MultiLineString","coordinates":[[[-79.880948066711412,40.44193373499759],[-79.880776405334458,40.442260347335107]],[[-79.880776405334458,40.442260347335107],[-79.880712032318115,40.442342000171536]]]}},
{"type":"Feature","properties":{"a":"420035647003000","b":"420035647003028"},"geometry":{"type":"MultiLineString","coordinates":[[[-79.879574775695787,40.441476475059062],[-79.880754947662339,40.441868412339659]],[[-79.880754947662339,40.441868412339659],[-79.880948066711412,40.44193373499759]]]}},
{"type":"Feature","properties":{"a":"420035647003000","b":"420035648001028"},"geometry":{"type":"MultiLineString","coordinates":[[[-79.880712032318115,40.442342000171536],[-79.880454540252671,40.442244016755922]],[[-79.880454540252671,40.442244016755922],[-79.879617691040025,40.441982726949384]],[[-79.879617691040025,40.441982726949384],[-79.879360198974609,40.441884743010093]]]}},
{"type":"Feature","properties":{"a":"420035647003001","b":"420035647003002"},"geometry":{"type":"MultiLineString","coordinates":[[[-79.882149696350083,40.442358330726918],[-79.882106781005845,40.442423652908779]],[[-79.882106781005845,40.442423652908779],[-79.881956577301011,40.442668610525416]],[[-79.881956577301011,40.442668610525416],[-79.881913661956787,40.442733932405758]]]}},
{"type":"Feature","properties":{"a":"420035647003001","b":"420035647003014"},"geometry":{"type":"MultiLineString","coordinates":[[[-79.880948066711412,40.44193373499759],[-79.881570339202881,40.442146033197488]],[[-79.881570339202881,40.442146033197488],[-79.881720542907701,40.442227686172771]],[[-79.881720542907701,40.442227686172771],[-79.882149696350083,40.442358330726918]]]}},
{"type":"Feature","properties":{"a":"420035647003001","b":"420035648002035"},"geometry":{"type":"MultiLineString","coordinates":[[[-79.881913661956787,40.442733932405758],[-79.881677627563477,40.442652280045401]],[[-79.881677627563477,40.442652280045401],[-79.880969524383531,40.442423652908779]],[[-79.880969524383531,40.442423652908779],[-79.880712032318115,40.442342000171536]]]}},
{"type":"Feature","properties":{"a":"420035647003002","b":"420035647003003"},"geometry":{"type":"MultiLineString","coordinates":[[[-79.884982109069824,40.443240174826173],[-79.884917736053467,40.443338156789757]],[[-79.884917736053467,40.443338156789757],[-79.884788990020738,40.44358311107387]],[[-79.884788990020738,40.44358311107387],[-79.884724617004395,40.443664762303534]]]}},
{"type":"Feature","properties":{"a":"420035647003002","b":"420035647003012"},"geometry":{"type":"MultiLineString","coordinates":[[[-79.882149696350083,40.442358330726918],[-79.882471561431871,40.442439983444324]],[[-79.882471561431871,40.442439983444324],[-79.882707595825181,40.442521636062544]],[[-79.882707595825181,40.442521636062544],[-79.884982109069824,40.443240174826173]]]}},
{"type":"Feature","properties":{"a":"420035647003002","b":"420035648002034"},"geometry":{"type":"MultiLineString","coordinates":[[[-79.884724617004395,40.443664762303534],[-79.884166717529283,40.443485129467341]],[[-79.884166717529283,40.443485129467341],[-79.88249301910399,40.442929897665934]],[[-79.88249301910399,40.442929897665934],[-79.881913661956787,40.442733932405758]]]}},
{"type":"Feature","properties":{"a":"420035647003003","b":"420035647003004"},"geometry":{"type":"MultiLineString","coordinates":[[[-79.886183738708482,40.443501459745015],[-79.886119365692139,40.443599441327734]],[[-79.886119365692139,40.443599441327734],[-79.885861873626695,40.444056686825327]]]}},
{"type":"Feature","properties":{"a":"420035647003003","b":"420035647003005"},"geometry":{"type":"MultiLineString","coordinates":[[[-79.886312484741211,40.443256505163362],[-79.88622665405272,40.443452468900098]],[[-79.88622665405272,40.443452468900098],[-79.886183738708482,40.443501459745015]]]}},
{"type":"Feature","properties":{"a":"420035647003003","b":"420035647003010"},"geometry":{"type":"MultiLineString","coordinates":[[[-79.885196685791001,40.442880906404454],[-79.885303974151611,40.442913567249406]],[[-79.885303974151611,40.442913567249406],[-79.885668754577623,40.443027880081786]],[[-79.885668754577623,40.443027880081786],[-79.886312484741211,40.443256505163362]]]}},
{"type":"Feature","properties":{"a":"420035647003003","b":"420035647003012"},"geometry":{"type":"MultiLineString","coordinates":[[[-79.884982109069824,40.443240174826173],[-79.885003566741943,40.44319118379083]],[[-79.885003566741943,40.44319118379083],[-79.885025024414048,40.443174853437775]],[[-79.885025024414048,40.443174853437775],[-79.885196685791001,40.442880906404454]]]}},
{"type":"Feature","properties":{"a":"420035647003003","b":"420035648002028"},"geometry":{"type":"MultiLineString","coordinates":[[[-79.885861873626695,40.444056686825327],[-79.885647296905518,40.443975036071727]],[[-79.885647296905518,40.443975036071727],[-79.884960651397705,40.44374641343402]],[[-79.884960651397705,40.44374641343402],[-79.884724617004395,40.443664762303534]]]}},
{"type":"Feature","properties":{"a":"420035647003004","b":"420035647003005"},"geometry":{"type":"MultiLineString","coordinates":[[[-79.886183738708482,40.443501459745015],[-79.88672018051146,40.443664762303534]],[[-79.88672018051146,40.443664762303534],[-79.886848926544175,40.443730083215854]],[[-79.886848926544175,40.443730083215854],[-79.887127876281738,40.444464939105536]]]}},
{"type":"Feature","properties":{"a":"420035647003004","b":"420035648002029"},"geometry":{"type":"MultiLineString","coordinates":[[[-79.887127876281738,40.444464939105536],[-79.886612892150879,40.444301638490998]],[[-79.886612892150879,40.444301638490998],[-79.886119365692139,40.444138337479728]],[[-79.886119365692139,40.444138337479728],[-79.885861873626695,40.444056686825327]]]}},
{"type":"Feature","properties":{"a":"420035647003005","b":"420035647003006"},"geometry":{"type":"MultiLineString","coordinates":[[[-79.887363910675035,40.444366958784421],[-79.887428283691406,40.444448609061929]],[[-79.887428283691406,40.444448609061929],[-79.887471199035645,40.44457924929965]]]}},
{"type":"Feature","properties":{"a":"420035647003005","b":"420035647003007"},"geometry":{"type":"MultiLineString","coordinates":[[[-79.886698722839341,40.44294622807849],[-79.886806011199951,40.442978888891716]],[[-79.886806011199951,40.442978888891716],[-79.886891841888414,40.443125862354819]],[[-79.886891841888414,40.443125862354819],[-79.886999130249009,40.443615771577633]],[[-79.886999130249009,40.443615771577633],[-79.887278079986572,40.444301638490998]],[[-79.887278079986572,40.444301638490998],[-79.887363910675035,40.444366958784421]]]}},
{"type":"Feature","properties":{"a":"420035647003005","b":"420035647003010"},"geometry":{"type":"MultiLineString","coordinates":[[[-79.886312484741211,40.443256505163362],[-79.886462688446045,40.443011549689068]],[[-79.886462688446045,40.443011549689068],[-79.886527061462388,40.442978888891716]],[[-79.886527061462388,40.442978888891716],[-79.886698722839341,40.44294622807849]]]}},
{"type":"Feature","properties":{"a":"420035647003006","b":"420035647003007"},"geometry":{"type":"MultiLineString","coordinates":[[[-79.887363910675035,40.444366958784421],[-79.887170791625962,40.443811734267001]],[[-79.887170791625962,40.443811734267001],[-79.886891841888414,40.442831915107256]],[[-79.886891841888414,40.442831915107256],[-79.886763095855713,40.442799254222628]]]}},
{"type":"Feature","properties":{"a":"420035647003006","b":"420035647003008"},"geometry":{"type":"MultiLineString","coordinates":[[[-79.886806011199951,40.442472644503518],[-79.886977672576904,40.442521636062544]],[[-79.886977672576904,40.442521636062544],[-79.887063503265367,40.442554297082062]],[[-79.887063503265367,40.442554297082062],[-79.887127876281738,40.442570627585873]]]}},
{"type":"Feature","properties":{"a":"420035647003006","b":"420035647003010"},"geometry":{"type":"MultiLineString","coordinates":[[[-79.886763095855713,40.442799254222628],[-79.886655807495103,40.442684941001446]],[[-79.886655807495103,40.442684941001446],[-79.88672018051146,40.442570627585873]],[[-79.88672018051146,40.442570627585873],[-79.886806011199951,40.442472644503518]]]}},
{"type":"Feature","properties":{"a":"420035647003007","b":"420035647003010"},"geometry":{"type":"LineString","coordinates":[[-79.886698722839341,40.44294622807849],[-79.886763095855713,40.442799254222628]]}},
{"type":"Feature","properties":{"a":"420035647003008","b":"420035647003009"},"geometry":{"type":"MultiLineString","coordinates":[[[-79.886806011199951,40.442472644503518],[-79.886806011199951,40.442374661278329]],[[-79.886806011199951,40.442374661278329],[-79.886763095855713,40.442227686172771]],[[-79.886763095855713,40.442227686172771],[-79.886441230773926,40.440463959840798]]]}},
{"type":"Feature","properties":{"a":"420035647003008","b":"420035647003032"},"geometry":{"type":"MultiLineString","coordinates":[[[-79.886441230773926,40.440463959840798],[-79.88648414611815,40.44048029085242]],[[-79.88648414611815,40.44048029085242],[-79.886548519134507,40.440496621860071]]]}},
{"type":"Feature","properties":{"a":"420035647003009","b":"420035647003010"},"geometry":{"type":"MultiLineString","coordinates":[[[-79.886806011199951,40.442472644503518],[-79.886569976806626,40.442390991825775]],[[-79.886569976806626,40.442390991825775],[-79.885861873626695,40.442162363800477]],[[-79.885861873626695,40.442162363800477],[-79.885647296905518,40.442080710745863]]]}},
{"type":"Feature","properties":{"a":"420035647003009","b":"420035647003020"},"geometry":{"type":"MultiLineString","coordinates":[[[-79.885647296905518,40.442080710745863],[-79.885733127593994,40.441917404339065]],[[-79.885733127593994,40.441917404339065],[-79.886012077331529,40.44144381351586]],[[-79.886012077331529,40.44144381351586],[-79.88609790802002,40.441296836375088]]]}},
{"type":"Feature","properties":{"a":"420035647003009","b":"420035647003021"},"geometry":{"type":"MultiLineString","coordinates":[[[-79.88609790802002,40.441296836375088],[-79.886333942413316,40.440888564853516]],[[-79.886333942413316,40.440888564853516],[-79.886248111724854,40.440496621860071]],[[-79.886248111724854,40.440496621860071],[-79.886248111724854,40.440398635754647]]]}},
{"type":"Feature","properties":{"a":"420035647003009","b":"420035647003032"},"geometry":{"type":"MultiLineString","coordinates":[[[-79.886248111724854,40.440398635754647],[-79.886312484741211,40.440431297805652]],[[-79.886312484741211,40.440431297805652],[-79.886441230773926,40.440463959840798]]]}},
{"type":"Feature","properties":{"a":"420035647003010","b":"420035647003011"},"geometry":{"type":"MultiLineString","coordinates":[[[-79.885196685791001,40.442880906404454],[-79.885282516479492,40.442717601941617]],[[-79.885282516479492,40.442717601941617],[-79.885540008544908,40.442244016755922]],[[-79.885540008544908,40.442244016755922],[-79.885647296905518,40.442080710745863]]]}},
{"type":"Feature","properties":{"a":"420035647003011","b":"420035647003012"},"geometry":{"type":"MultiLineString","coordinates":[[[-79.885196685791001,40.442880906404454],[-79.885089397430406,40.442831915107256]],[[-79.885089397430406,40.442831915107256],[-79.884767532348619,40.442733932405758]],[[-79.884767532348619,40.442733932405758],[-79.884681701660142,40.442701271473517]]]}},
{"type":"Feature","properties":{"a":"420035647003011","b":"420035647003013"},"geometry":{"type":"MultiLineString","coordinates":[[[-79.884681701660142,40.442701271473517],[-79.884767532348619,40.442537966574292]],[[-79.884767532348619,40.442537966574292],[-79.885046482086182,40.442064380123021]],[[-79.885046482086182,40.442064380123021],[-79.885132312774644,40.441917404339065]]]}},
{"type":"Feature","properties":{"a":"420035647003011","b":"420035647003020"},"geometry":{"type":"MultiLineString","coordinates":[[[-79.885132312774644,40.441917404339065],[-79.885239601135254,40.441950065652165]],[[-79.885239601135254,40.441950065652165],[-79.885540008544908,40.442048049496236]],[[-79.885540008544908,40.442048049496236],[-79.885647296905518,40.442080710745863]]]}},
{"type":"Feature","properties":{"a":"420035647003012","b":"420035647003013"},"geometry":{"type":"MultiLineString","coordinates":[[[-79.882385730743394,40.44193373499759],[-79.882621765136719,40.442015388230743]],[[-79.882621765136719,40.442015388230743],[-79.882836341857896,40.442097041364718]],[[-79.882836341857896,40.442097041364718],[-79.884681701660142,40.442701271473517]]]}},
{"type":"Feature","properties":{"a":"420035647003012","b":"420035647003014"},"geometry":{"type":"MultiLineString","coordinates":[[[-79.882149696350083,40.442358330726918],[-79.882192611694336,40.442276677910328]],[[-79.882192611694336,40.442276677910328],[-79.882321357727037,40.442015388230743]],[[-79.882321357727037,40.442015388230743],[-79.882385730743394,40.44193373499759]]]}},
{"type":"Feature","properties":{"a":"420035647003013","b":"420035647003016"},"geometry":{"type":"MultiLineString","coordinates":[[[-79.882385730743394,40.44193373499759],[-79.882471561431871,40.441786758927982]],[[-79.882471561431871,40.441786758927982],[-79.8827290534973,40.441296836375088]],[[-79.8827290534973,40.441296836375088],[-79.882836341857896,40.441149858912965]]]}},
{"type":"Feature","properties":{"a":"420035647003013","b":"420035647003018"},"geometry":{"type":"MultiLineString","coordinates":[[[-79.882836341857896,40.441149858912965],[-79.883115291595445,40.441247843923421]],[[-79.883115291595445,40.441247843923421],[-79.883973598480225,40.4415254673441]],[[-79.883973598480225,40.4415254673441],[-79.884252548217773,40.441623451807068]]]}},
{"type":"Feature","properties":{"a":"420035647003013","b":"420035647003019"},"geometry":{"type":"MultiLineString","coordinates":[[[-79.884252548217773,40.441623451807068],[-79.884424209594712,40.441672443984999]],[[-79.884424209594712,40.441672443984999],[-79.884960651397705,40.441852081665253]],[[-79.884960651397705,40.441852081665253],[-79.885132312774644,40.441917404339065]]]}},
{"type":"Feature","properties":{"a":"420035647003014","b":"420035647003015"},"geometry":{"type":"MultiLineString","coordinates":[[[-79.881184101104736,40.441541798097852],[-79.881269931793199,40.44157445959344]],[[-79.881269931793199,40.44157445959344],[-79.881570339202881,40.441672443984999]],[[-79.881570339202881,40.441672443984999],[-79.881656169891343,40.441705105417114]]]}},
{"type":"Feature","properties":{"a":"420035647003014","b":"420035647003016"},"geometry":{"type":"MultiLineString","coordinates":[[[-79.881656169891343,40.441705105417114],[-79.881806373596177,40.441754097535537]],[[-79.881806373596177,40.441754097535537],[-79.882235527038574,40.441884743010093]],[[-79.882235527038574,40.441884743010093],[-79.882385730743394,40.44193373499759]]]}},
{"type":"Feature","properties":{"a":"420035647003014","b":"420035647003028"},"geometry":{"type":"MultiLineString","coordinates":[[[-79.880948066711412,40.44193373499759],[-79.88099098205565,40.441852081665253]],[[-79.88099098205565,40.441852081665253],[-79.881141185760484,40.441623451807068]],[[-79.881141185760484,40.441623451807068],[-79.881184101104736,40.441541798097852]]]}},
{"type":"Feature","properties":{"a":"420035647003015","b":"420035647003016"},"geometry":{"type":"MultiLineString","coordinates":[[[-79.882149696350083,40.440921226666482],[-79.882063865661607,40.441084535493317]],[[-79.882063865661607,40.441084535493317],[-79.881656169891343,40.441705105417114]]]}},
{"type":"Feature","properties":{"a":"420035647003015","b":"420035647003017"},"geometry":{"type":"MultiLineString","coordinates":[[[-79.881634712219224,40.44074158649876],[-79.88174200057982,40.440774248383136]],[[-79.88174200057982,40.440774248383136],[-79.882042407989502,40.440888564853516]],[[-79.882042407989502,40.440888564853516],[-79.882149696350083,40.440921226666482]]]}},
{"type":"Feature","properties":{"a":"420035647003015","b":"420035647003027"},"geometry":{"type":"MultiLineString","coordinates":[[[-79.881184101104736,40.441541798097852],[-79.881269931793199,40.441378490381858]],[[-79.881269931793199,40.441378490381858],[-79.881527423858643,40.440904895761989]],[[-79.881527423858643,40.440904895761989],[-79.881634712219224,40.44074158649876]]]}},
{"type":"Feature","properties":{"a":"420035647003016","b":"420035647003017"},"geometry":{"type":"MultiLineString","coordinates":[[[-79.882149696350083,40.440921226666482],[-79.882299900054917,40.440970219356196]],[[-79.882299900054917,40.440970219356196],[-79.882686138153062,40.441100866354176]],[[-79.882686138153062,40.441100866354176],[-79.882836341857896,40.441149858912965]]]}},
{"type":"Feature","properties":{"a":"420035647003017","b":"420035647003018"},"geometry":{"type":"MultiLineString","coordinates":[[[-79.883050918579087,40.440757917442937],[-79.883008003234849,40.440839572104302]],[[-79.883008003234849,40.440839572104302],[-79.882879257202148,40.441068204628479]],[[-79.882879257202148,40.441068204628479],[-79.882836341857896,40.441149858912965]]]}},
{"type":"Feature","properties":{"a":"420035647003017","b":"420035647003025"},"geometry":{"type":"MultiLineString","coordinates":[[[-79.88184928894043,40.440349642648385],[-79.882814884185777,40.440676262682388]],[[-79.882814884185777,40.440676262682388],[-79.88298654556273,40.440725255550618]],[[-79.88298654556273,40.440725255550618],[-79.883050918579087,40.440757917442937]]]}},
{"type":"Feature","properties":{"a":"420035647003017","b":"420035647003026"},"geometry":{"type":"MultiLineString","coordinates":[[[-79.881634712219224,40.44074158649876],[-79.881677627563477,40.440659931718372]],[[-79.881677627563477,40.440659931718372],[-79.881806373596177,40.440431297805652]]]}},
{"type":"Feature","properties":{"a":"420035647003018","b":"420035647003019"},"geometry":{"type":"MultiLineString","coordinates":[[[-79.884703159332275,40.440823241179963],[-79.884617328643799,40.44098655024483]],[[-79.884617328643799,40.44098655024483],[-79.88433837890625,40.441460144289437]],[[-79.88433837890625,40.441460144289437],[-79.884252548217773,40.441623451807068]]]}},
{"type":"Feature","properties":{"a":"420035647003018","b":"420035647003023"},"geometry":{"type":"MultiLineString","coordinates":[[[-79.883286952972412,40.440365973687776],[-79.883565902709961,40.440447628825211]],[[-79.883565902709961,40.440447628825211],[-79.884402751922593,40.440725255550618]],[[-79.884402751922593,40.440725255550618],[-79.884703159332275,40.440823241179963]]]}},
{"type":"Feature","properties":{"a":"420035647003018","b":"420035647003025"},"geometry":{"type":"MultiLineString","coordinates":[[[-79.883050918579087,40.440757917442937],[-79.883093833923326,40.440676262682388]],[[-79.883093833923326,40.440676262682388],[-79.883244037628174,40.440431297805652]],[[-79.883244037628174,40.440431297805652],[-79.883286952972412,40.440365973687776]]]}},
{"type":"Feature","properties":{"a":"420035647003019","b":"420035647003020"},"geometry":{"type":"MultiLineString","coordinates":[[[-79.88558292388916,40.441117197211078],[-79.885497093200669,40.441280505561835]],[[-79.885497093200669,40.441280505561835],[-79.885218143463121,40.441754097535537]],[[-79.885218143463121,40.441754097535537],[-79.885132312774644,40.441917404339065]]]}},
{"type":"Feature","properties":{"a":"420035647003019","b":"420035647003022"},"geometry":{"type":"MultiLineString","coordinates":[[[-79.884703159332275,40.440823241179963],[-79.884874820709214,40.440888564853516]],[[-79.884874820709214,40.440888564853516],[-79.885411262512207,40.441068204628479]],[[-79.885411262512207,40.441068204628479],[-79.88558292388916,40.441117197211078]]]}},
{"type":"Feature","properties":{"a":"420035647003020","b":"420035647003021"},"geometry":{"type":"MultiLineString","coordinates":[[[-79.88558292388916,40.441117197211078],[-79.885690212249742,40.441149858912965]],[[-79.885690212249742,40.441149858912965],[-79.885990619659424,40.441247843923421]],[[-79.885990619659424,40.441247843923421],[-79.88609790802002,40.441296836375088]]]}},
{"type":"Feature","properties":{"a":"420035647003021","b":"420035647003022"},"geometry":{"type":"MultiLineString","coordinates":[[[-79.88558292388916,40.441117197211078],[-79.885668754577623,40.440970219356196]],[[-79.885668754577623,40.440970219356196],[-79.885947704315186,40.440496621860071]],[[-79.885947704315186,40.440496621860071],[-79.886033535003648,40.440333311605023]]]}},
{"type":"Feature","properties":{"a":"420035647003021","b":"420035647003032"},"geometry":{"type":"MultiLineString","coordinates":[[[-79.886033535003648,40.440333311605023],[-79.8860764503479,40.440349642648385]],[[-79.8860764503479,40.440349642648385],[-79.886205196380601,40.440382304723194]],[[-79.886205196380601,40.440382304723194],[-79.886248111724854,40.440398635754647]]]}},
{"type":"Feature","properties":{"a":"420035647003022","b":"420035647003023"},"geometry":{"type":"MultiLineString","coordinates":[[[-79.884703159332275,40.440823241179963],[-79.885046482086182,40.440186332036298]],[[-79.885046482086182,40.440186332036298],[-79.885110855102525,40.440104676581484]],[[-79.885110855102525,40.440104676581484],[-79.885153770446763,40.440039352146222]]]}},
{"type":"Feature","properties":{"a":"420035647003022","b":"420035647003032"},"geometry":{"type":"MultiLineString","coordinates":[[[-79.885153770446763,40.440039352146222],[-79.88532543182373,40.440104676581484]],[[-79.88532543182373,40.440104676581484],[-79.885861873626695,40.440267987391934]],[[-79.885861873626695,40.440267987391934],[-79.886033535003648,40.440333311605023]]]}},
{"type":"Feature","properties":{"a":"420035647003023","b":"420035647003024"},"geometry":{"type":"MultiLineString","coordinates":[[[-79.883286952972412,40.440365973687776],[-79.883372783660874,40.440202663115357]],[[-79.883372783660874,40.440202663115357],[-79.883651733398438,40.439729060211882]],[[-79.883651733398438,40.439729060211882],[-79.8837375640869,40.439565748092257]]]}},
{"type":"Feature","properties":{"a":"420035647003023","b":"420035647003030"},"geometry":{"type":"MultiLineString","coordinates":[[[-79.8837375640869,40.439565748092257],[-79.883952140808105,40.439647404201665]],[[-79.883952140808105,40.439647404201665],[-79.88459587097168,40.439859709621949]],[[-79.88459587097168,40.439859709621949],[-79.884810447692857,40.439925034231777]]]}},
{"type":"Feature","properties":{"a":"420035647003023","b":"420035647003031"},"geometry":{"type":"MultiLineString","coordinates":[[[-79.884810447692857,40.439925034231777],[-79.884874820709214,40.439957696512884]],[[-79.884874820709214,40.439957696512884],[-79.885089397430406,40.440023021027486]],[[-79.885089397430406,40.440023021027486],[-79.885153770446763,40.440039352146222]]]}},
{"type":"Feature","properties":{"a":"420035647003024","b":"420035647003025"},"geometry":{"type":"MultiLineString","coordinates":[[[-79.883286952972412,40.440365973687776],[-79.883050918579087,40.440284318451155]],[[-79.883050918579087,40.440284318451155],[-79.882321357727037,40.440039352146222]],[[-79.882321357727037,40.440039352146222],[-79.882085323333726,40.439957696512884]]]}},
{"type":"Feature","properties":{"a":"420035647003024","b":"420035647003029"},"geometry":{"type":"MultiLineString","coordinates":[[[-79.882514476776123,40.439173797386509],[-79.882771968841539,40.439255453971981]],[[-79.882771968841539,40.439255453971981],[-79.883501529693589,40.439484091883664]],[[-79.883501529693589,40.439484091883664],[-79.8837375640869,40.439565748092257]]]}},
{"type":"Feature","properties":{"a":"420035647003024","b":"420035647003042"},"geometry":{"type":"MultiLineString","coordinates":[[[-79.882085323333726,40.439957696512884],[-79.882171154022217,40.439794384948662]],[[-79.882171154022217,40.439794384948662],[-79.882428646087632,40.439320779168945]],[[-79.882428646087632,40.439320779168945],[-79.882514476776123,40.439173797386509]]]}},
{"type":"Feature","properties":{"a":"420035647003025","b":"420035647003026"},"geometry":{"type":"MultiLineString","coordinates":[[[-79.881892204284668,40.440267987391934],[-79.882042407989502,40.440039352146222]],[[-79.882042407989502,40.440039352146222],[-79.882085323333726,40.439957696512884]]]}},
{"type":"Feature","properties":{"a":"420035647003026","b":"420035647003027"},"geometry":{"type":"MultiLineString","coordinates":[[[-79.881634712219224,40.44074158649876],[-79.881355762481689,40.440659931718372]],[[-79.881355762481689,40.440659931718372],[-79.880540370941148,40.440382304723194]],[[-79.880540370941148,40.440382304723194],[-79.880261421203599,40.440300649506412]]]}},
{"type":"Feature","properties":{"a":"420035647003026","b":"420035647003042"},"geometry":{"type":"MultiLineString","coordinates":[[[-79.880712032318115,40.439500423133317],[-79.88099098205565,40.439598410547916]],[[-79.88099098205565,40.439598410547916],[-79.881806373596177,40.439859709621949]],[[-79.881806373596177,40.439859709621949],[-79.882085323333726,40.439957696512884]]]}},
{"type":"Feature","properties":{"a":"420035647003027","b":"420035647003028"},"geometry":{"type":"MultiLineString","coordinates":[[[-79.881184101104736,40.441541798097852],[-79.880905151367173,40.44144381351586]],[[-79.880905151367173,40.44144381351586],[-79.880089759826646,40.441182520598979]],[[-79.880089759826646,40.441182520598979],[-79.879810810089111,40.441084535493317]]]}},
{"type":"Feature","properties":{"a":"420035647003029","b":"420035647003030"},"geometry":{"type":"MultiLineString","coordinates":[[[-79.883866310119629,40.439124803387614],[-79.883866310119629,40.439222791349685]],[[-79.883866310119629,40.439222791349685],[-79.883844852447496,40.439239122662812]],[[-79.883844852447496,40.439239122662812],[-79.8837375640869,40.439565748092257]]]}},
{"type":"Feature","properties":{"a":"420035647003029","b":"420035647003033"},"geometry":{"type":"MultiLineString","coordinates":[[[-79.881377220153809,40.438324563018178],[-79.883372783660874,40.438977821176714]],[[-79.883372783660874,40.438977821176714],[-79.883694648742662,40.439092140701852]],[[-79.883694648742662,40.439092140701852],[-79.883866310119629,40.439124803387614]]]}},
{"type":"Feature","properties":{"a":"420035647003029","b":"420035647003042"},"geometry":{"type":"MultiLineString","coordinates":[[[-79.882514476776123,40.439173797386509],[-79.882256984710693,40.439075809353021]],[[-79.882256984710693,40.439075809353021],[-79.881441593170152,40.438798175815883]],[[-79.881441593170152,40.438798175815883],[-79.881162643432617,40.438716518675001]]]}},
{"type":"Feature","properties":{"a":"420035647003030","b":"420035647003031"},"geometry":{"type":"MultiLineString","coordinates":[[[-79.885003566741943,40.439026815282723],[-79.884896278381348,40.439467760630045]],[[-79.884896278381348,40.439467760630045],[-79.884810447692857,40.439925034231777]]]}},
{"type":"Feature","properties":{"a":"420035647003030","b":"420035647003034"},"geometry":{"type":"MultiLineString","coordinates":[[[-79.883866310119629,40.439124803387614],[-79.884402751922593,40.439320779168945]],[[-79.884402751922593,40.439320779168945],[-79.884445667266831,40.439141134724544]],[[-79.884445667266831,40.439141134724544],[-79.884552955627441,40.438455215157688]]]}},
{"type":"Feature","properties":{"a":"420035647003030","b":"420035647003035"},"geometry":{"type":"MultiLineString","coordinates":[[[-79.884552955627441,40.438455215157688],[-79.885025024414048,40.438389889119669]],[[-79.885025024414048,40.438389889119669],[-79.885153770446763,40.438389889119669]],[[-79.885153770446763,40.438389889119669],[-79.885110855102525,40.438455215157688]]]}},
{"type":"Feature","properties":{"a":"420035647003031","b":"420035647003032"},"geometry":{"type":"MultiLineString","coordinates":[[[-79.88547563552855,40.439696397819709],[-79.885432720184312,40.439696397819709]],[[-79.885432720184312,40.439696397819709],[-79.88532543182373,40.439761722588209]],[[-79.88532543182373,40.439761722588209],[-79.885218143463121,40.439974027647487]],[[-79.885218143463121,40.439974027647487],[-79.885153770446763,40.440039352146222]]]}},
{"type":"Feature","properties":{"a":"420035647003031","b":"420035647003035"},"geometry":{"type":"MultiLineString","coordinates":[[[-79.885046482086182,40.438798175815883],[-79.885132312774644,40.438798175815883]],[[-79.885132312774644,40.438798175815883],[-79.885518550872789,40.438765512971436]],[[-79.885518550872789,40.438765512971436],[-79.885540008544908,40.439124803387614]],[[-79.885540008544908,40.439124803387614],[-79.88547563552855,40.439386104302443]],[[-79.88547563552855,40.439386104302443],[-79.88547563552855,40.439696397819709]]]}},
{"type":"Feature","properties":{"a":"420035647003032","b":"420035647003035"},"geometry":{"type":"MultiLineString","coordinates":[[[-79.88547563552855,40.439696397819709],[-79.885883331298814,40.439680066617647]],[[-79.885883331298814,40.439680066617647],[-79.886269569396973,40.439680066617647]]]}},
{"type":"Feature","properties":{"a":"420035647003032","b":"420035647003036"},"geometry":{"type":"LineString","coordinates":[[-79.886269569396973,40.439680066617647],[-79.886398315429688,40.439680066617647]]}},
{"type":"Feature","properties":{"a":"420035647003033","b":"420035647003034"},"geometry":{"type":"MultiLineString","coordinates":[[[-79.883952140808105,40.438700187234929],[-79.883930683135986,40.438781844395642]],[[-79.883930683135986,40.438781844395642],[-79.883887767791748,40.439043146643463]],[[-79.883887767791748,40.439043146643463],[-79.883866310119629,40.439124803387614]]]}},
{"type":"Feature","properties":{"a":"420035647003033","b":"420035647003039"},"geometry":{"type":"MultiLineString","coordinates":[[[-79.881613254547105,40.437932605076249],[-79.882063865661607,40.438095921163097]],[[-79.882063865661607,40.438095921163097],[-79.883887767791748,40.438683855790877]],[[-79.883887767791748,40.438683855790877],[-79.883952140808105,40.438700187234929]]]}},
{"type":"Feature","properties":{"a":"420035647003034","b":"420035647003035"},"geometry":{"type":"MultiLineString","coordinates":[[[-79.884531497955308,40.438014263169258],[-79.884552955627441,40.438095921163097]],[[-79.884552955627441,40.438095921163097],[-79.884552955627441,40.438455215157688]]]}},
{"type":"Feature","properties":{"a":"420035647003034","b":"420035647003038"},"geometry":{"type":"MultiLineString","coordinates":[[[-79.884080886840806,40.438046926378696],[-79.884188175201402,40.438046926378696]],[[-79.884188175201402,40.438046926378696],[-79.884445667266831,40.438014263169258]],[[-79.884445667266831,40.438014263169258],[-79.884531497955308,40.438014263169258]]]}},
{"type":"Feature","properties":{"a":"420035647003034","b":"420035647003039"},"geometry":{"type":"MultiLineString","coordinates":[[[-79.883952140808105,40.438700187234929],[-79.883973598480225,40.438569535571482]],[[-79.883973598480225,40.438569535571482],[-79.884059429168687,40.438177579057744]],[[-79.884059429168687,40.438177579057744],[-79.884080886840806,40.438046926378696]]]}},
{"type":"Feature","properties":{"a":"420035647003035","b":"420035647003036"},"geometry":{"type":"MultiLineString","coordinates":[[[-79.885861873626695,40.437932605076249],[-79.885990619659424,40.438406220635123]],[[-79.885990619659424,40.438406220635123],[-79.886162281036363,40.439173797386509]],[[-79.886162281036363,40.439173797386509],[-79.886269569396973,40.439680066617647]]]}},
{"type":"Feature","properties":{"a":"420035647003035","b":"420035647003038"},"geometry":{"type":"MultiLineString","coordinates":[[[-79.884531497955308,40.438014263169258],[-79.885690212249742,40.437932605076249]],[[-79.885690212249742,40.437932605076249],[-79.885861873626695,40.437932605076249]]]}},
{"type":"Feature","properties":{"a":"420035647003036","b":"420035647003037"},"geometry":{"type":"LineString","coordinates":[[-79.885861873626695,40.437932605076249],[-79.885990619659424,40.437916273445751]]}},
{"type":"Feature","properties":{"a":"420035647003037","b":"420035647003038"},"geometry":{"type":"MultiLineString","coordinates":[[[-79.885861873626695,40.437932605076249],[-79.885818958282456,40.437801951921145]],[[-79.885818958282456,40.437801951921145],[-79.885690212249742,40.437214009581147]],[[-79.885690212249742,40.437214009581147],[-79.885604381561279,40.436805713264519]]]}},
{"type":"Feature","properties":{"a":"420035647003038","b":"420035647003039"},"geometry":{"type":"MultiLineString","coordinates":[[[-79.884080886840806,40.438046926378696],[-79.884102344512925,40.437948936702789]],[[-79.884102344512925,40.437948936702789],[-79.884145259857164,40.437671298512136]],[[-79.884145259857164,40.437671298512136],[-79.884166717529283,40.437573308288762]]]}},
{"type":"Feature","properties":{"a":"420035647003038","b":"420035647003040"},"geometry":{"type":"LineString","coordinates":[[-79.884166717529283,40.437573308288762],[-79.884166717529283,40.4370833550296]]}},
{"type":"Feature","properties":{"a":"420035647003038","b":"420035647003041"},"geometry":{"type":"MultiLineString","coordinates":[[[-79.884166717529283,40.4370833550296],[-79.884145259857164,40.436920036483116]],[[-79.884145259857164,40.436920036483116],[-79.884080886840806,40.436462742442409]],[[-79.884080886840806,40.436462742442409],[-79.884080886840806,40.436430078463353]]]}},
{"type":"Feature","properties":{"a":"420035647003039","b":"420035647003040"},"geometry":{"type":"MultiLineString","coordinates":[[[-79.881784915924058,40.437622303418294],[-79.883458614349351,40.437654966818158]],[[-79.883458614349351,40.437654966818158],[-79.884080886840806,40.437573308288762]],[[-79.884080886840806,40.437573308288762],[-79.884166717529283,40.437573308288762]]]}},
{"type":"Feature","properties":{"a":"420035647003040","b":"420035647003041"},"geometry":{"type":"MultiLineString","coordinates":[[[-79.882106781005845,40.437034359507308],[-79.882428646087632,40.43714868233711]],[[-79.882428646087632,40.43714868233711],[-79.882557392120361,40.437181345967069]],[[-79.882557392120361,40.437181345967069],[-79.884166717529283,40.4370833550296]]]}},
{"type":"Feature","properties":{"a":"420035648001000","b":"420035648001001"},"geometry":{"type":"MultiLineString","coordinates":[[[-79.868996143341064,40.449053524166359],[-79.868996143341064,40.449135168750679]],[[-79.868996143341064,40.449135168750679],[-79.869039058685289,40.449380101908531]]]}},
{"type":"Feature","properties":{"a":"420035648001001","b":"420035648001002"},"geometry":{"type":"MultiLineString","coordinates":[[[-79.874618053436265,40.447518587520712],[-79.874167442321763,40.447436940972523]],[[-79.874167442321763,40.447436940972523],[-79.873201847076416,40.447273647578577]],[[-79.873201847076416,40.447273647578577],[-79.872536659240708,40.447877831154436]]]}},
{"type":"Feature","properties":{"a":"420035648001001","b":"420035648001003"},"geometry":{"type":"MultiLineString","coordinates":[[[-79.87498283386229,40.446359197240795],[-79.874789714813232,40.44694705960049]],[[-79.874789714813232,40.44694705960049],[-79.874768257141113,40.447012377323063]],[[-79.874768257141113,40.447012377323063],[-79.874725341796861,40.447192000732841]],[[-79.874725341796861,40.447192000732841],[-79.874618053436265,40.447518587520712]],[[-79.872536659240708,40.447877831154436],[-79.87200021743773,40.448367705742207]],[[-79.87200021743773,40.448367705742207],[-79.871227741241441,40.449053524166359]],[[-79.871227741241441,40.449053524166359],[-79.870927333831773,40.449380101908531]]]}},
{"type":"Feature","properties":{"a":"420035648001001","b":"420035648001016"},"geometry":{"type":"MultiLineString","coordinates":[[[-79.875261783599854,40.445738670282992],[-79.875197410583482,40.445869308013357]],[[-79.875197410583482,40.445869308013357],[-79.875154495239244,40.44593462678332]],[[-79.875154495239244,40.44593462678332],[-79.87498283386229,40.446359197240795]]]}},
{"type":"Feature","properties":{"a":"420035648001002","b":"420035648001003"},"geometry":{"type":"MultiLineString","coordinates":[[[-79.874360561370835,40.448367705742207],[-79.87285852432251,40.448090110580871]],[[-79.87285852432251,40.448090110580871],[-79.872536659240708,40.447877831154436]],[[-79.874618053436265,40.447518587520712],[-79.874382019042955,40.448286060225549]],[[-79.874382019042955,40.448286060225549],[-79.874360561370835,40.448367705742207]]]}},
{"type":"Feature","properties":{"a":"420035648001003","b":"420035648001004"},"geometry":{"type":"LineString","coordinates":[[-79.876570701599107,40.449314786487051],[-79.876570701599107,40.449739335591957]]}},
{"type":"Feature","properties":{"a":"420035648001003","b":"420035648001011"},"geometry":{"type":"LineString","coordinates":[[-79.876549243926988,40.446996047898367],[-79.876570701599107,40.449314786487051]]}},
{"type":"Feature","properties":{"a":"420035648001003","b":"420035648001012"},"geometry":{"type":"MultiLineString","coordinates":[[[-79.876549243926988,40.44688174181443],[-79.876549243926988,40.44694705960049]],[[-79.876549243926988,40.44694705960049],[-79.876549243926988,40.446996047898367]]]}},
{"type":"Feature","properties":{"a":"420035648001003","b":"420035648001015"},"geometry":{"type":"MultiLineString","coordinates":[[[-79.87573385238646,40.446587810991659],[-79.875884056091294,40.44665312906335]],[[-79.875884056091294,40.44665312906335],[-79.876377582550035,40.446816423964897]],[[-79.876377582550035,40.446816423964897],[-79.876549243926988,40.44688174181443]]]}},
{"type":"Feature","properties":{"a":"420035648001003","b":"420035648001016"},"geometry":{"type":"MultiLineString","coordinates":[[[-79.875068664550767,40.446359197240795],[-79.875133037567139,40.446391856395671]],[[-79.875133037567139,40.446391856395671],[-79.87573385238646,40.446587810991659]],[[-79.87498283386229,40.446359197240795],[-79.875068664550767,40.446359197240795]]]}},
{"type":"Feature","properties":{"a":"420035648001004","b":"420035648001005"},"geometry":{"type":"LineString","coordinates":[[-79.877128601074205,40.449298457621758],[-79.877128601074205,40.449804650600818]]}},
{"type":"Feature","properties":{"a":"420035648001004","b":"420035648001011"},"geometry":{"type":"LineString","coordinates":[[-79.876570701599107,40.449314786487051],[-79.877128601074205,40.449298457621758]]}},
{"type":"Feature","properties":{"a":"420035648001005","b":"420035648001006"},"geometry":{"type":"LineString","coordinates":[[-79.877686500549316,40.449298457621758],[-79.877686500549316,40.44985363681581]]}},
{"type":"Feature","properties":{"a":"420035648001005","b":"420035648001010"},"geometry":{"type":"LineString","coordinates":[[-79.877128601074205,40.449298457621758],[-79.877686500549316,40.449298457621758]]}},
{"type":"Feature","properties":{"a":"420035648001006","b":"420035648001007"},"geometry":{"type":"MultiLineString","coordinates":[[[-79.878287315368652,40.449298457621758],[-79.878287315368652,40.449837308081449]],[[-79.878287315368652,40.449837308081449],[-79.878308773040771,40.449918951713578]]]}},
{"type":"Feature","properties":{"a":"420035648001006","b":"420035648001008"},"geometry":{"type":"LineString","coordinates":[[-79.8782444000244,40.449298457621758],[-79.878287315368652,40.449298457621758]]}},
{"type":"Feature","properties":{"a":"420035648001006","b":"420035648001009"},"geometry":{"type":"LineString","coordinates":[[-79.877686500549316,40.449298457621758],[-79.8782444000244,40.449298457621758]]}},
{"type":"Feature","properties":{"a":"420035648001007","b":"420035648001008"},"geometry":{"type":"MultiLineString","coordinates":[[[-79.878287315368652,40.449298457621758],[-79.879038333892822,40.449298457621758]],[[-79.879038333892822,40.449298457621758],[-79.879124164581299,40.449282128752508]]]}},
{"type":"Feature","properties":{"a":"420035648001007","b":"420035648002000"},"geometry":{"type":"MultiLineString","coordinates":[[[-79.879124164581299,40.449282128752508],[-79.87914562225339,40.449347444205728]],[[-79.87914562225339,40.449347444205728],[-79.87923145294188,40.44970667806372]],[[-79.87923145294188,40.44970667806372],[-79.879252910613999,40.449755664350128]]]}},
{"type":"Feature","properties":{"a":"420035648001008","b":"420035648001009"},"geometry":{"type":"MultiLineString","coordinates":[[[-79.8782444000244,40.449298457621758],[-79.8782444000244,40.448955550534251]],[[-79.8782444000244,40.448955550534251],[-79.878222942352281,40.44791048957137]],[[-79.878222942352281,40.44791048957137],[-79.878222942352281,40.447567575402019]]]}},
{"type":"Feature","properties":{"a":"420035648001008","b":"420035648001013"},"geometry":{"type":"MultiLineString","coordinates":[[[-79.878222942352281,40.447567575402019],[-79.878330230712891,40.447600233969716]],[[-79.878330230712891,40.447600233969716],[-79.878673553466797,40.447698209577602]],[[-79.878673553466797,40.447698209577602],[-79.878780841827393,40.44773086808182]]]}},
{"type":"Feature","properties":{"a":"420035648001008","b":"420035648002000"},"geometry":{"type":"MultiLineString","coordinates":[[[-79.878931045532212,40.448449351159688],[-79.878952503204331,40.44857998362135]],[[-79.878952503204331,40.44857998362135],[-79.879038333892822,40.448955550534251]],[[-79.879038333892822,40.448955550534251],[-79.879124164581299,40.449282128752508]]]}},
{"type":"Feature","properties":{"a":"420035648001008","b":"420035648002017"},"geometry":{"type":"MultiLineString","coordinates":[[[-79.878780841827393,40.44773086808182],[-79.878802299499483,40.447877831154436]],[[-79.878802299499483,40.447877831154436],[-79.878909587860093,40.44830238933681]],[[-79.878909587860093,40.44830238933681],[-79.878931045532212,40.448449351159688]]]}},
{"type":"Feature","properties":{"a":"420035648001009","b":"420035648001010"},"geometry":{"type":"MultiLineString","coordinates":[[[-79.877686500549316,40.449298457621758],[-79.877686500549316,40.447763526570178]],[[-79.877686500549316,40.447763526570178],[-79.877665042877197,40.447371623662562]]]}},
{"type":"Feature","properties":{"a":"420035648001009","b":"420035648001013"},"geometry":{"type":"MultiLineString","coordinates":[[[-79.877665042877197,40.447371623662562],[-79.877793788909898,40.447420611650976]],[[-79.877793788909898,40.447420611650976],[-79.878115653991685,40.447534916818448]],[[-79.878115653991685,40.447534916818448],[-79.878222942352281,40.447567575402019]]]}},
{"type":"Feature","properties":{"a":"420035648001010","b":"420035648001011"},"geometry":{"type":"MultiLineString","coordinates":[[[-79.877128601074205,40.449298457621758],[-79.877128601074205,40.449167826556632]],[[-79.877128601074205,40.449167826556632],[-79.877107143402085,40.447273647578577]],[[-79.877107143402085,40.447273647578577],[-79.877128601074205,40.447192000732841]]]}},
{"type":"Feature","properties":{"a":"420035648001010","b":"420035648001012"},"geometry":{"type":"LineString","coordinates":[[-79.877128601074205,40.447192000732841],[-79.877192974090562,40.447224659483034]]}},
{"type":"Feature","properties":{"a":"420035648001010","b":"420035648001013"},"geometry":{"type":"MultiLineString","coordinates":[[[-79.877192974090562,40.447224659483034],[-79.877300262451172,40.447257318217368]],[[-79.877300262451172,40.447257318217368],[-79.877579212188706,40.447338964983764]],[[-79.877579212188706,40.447338964983764],[-79.877665042877197,40.447371623662562]]]}},
{"type":"Feature","properties":{"a":"420035648001011","b":"420035648001012"},"geometry":{"type":"MultiLineString","coordinates":[[[-79.876549243926988,40.446996047898367],[-79.876677989959717,40.447045036160553]],[[-79.876677989959717,40.447045036160553],[-79.877128601074205,40.447192000732841]]]}},
{"type":"Feature","properties":{"a":"420035648001012","b":"420035648001013"},"geometry":{"type":"MultiLineString","coordinates":[[[-79.877300262451172,40.447045036160553],[-79.8772358894348,40.44715934196676]],[[-79.8772358894348,40.44715934196676],[-79.877214431762681,40.447175671351786]],[[-79.877214431762681,40.447175671351786],[-79.877192974090562,40.447224659483034]]]}},
{"type":"Feature","properties":{"a":"420035648001012","b":"420035648001014"},"geometry":{"type":"MultiLineString","coordinates":[[[-79.876699447631836,40.446865412358001],[-79.876978397369385,40.44694705960049]],[[-79.876978397369385,40.44694705960049],[-79.877150058746324,40.446996047898367]],[[-79.877150058746324,40.446996047898367],[-79.877300262451172,40.447045036160553]],[[-79.876549243926988,40.446832753433235],[-79.876699447631836,40.446865412358001]]]}},
{"type":"Feature","properties":{"a":"420035648001012","b":"420035648001015"},"geometry":{"type":"LineString","coordinates":[[-79.876549243926988,40.44688174181443],[-79.876549243926988,40.446832753433235]]}},
{"type":"Feature","properties":{"a":"420035648001013","b":"420035648001014"},"geometry":{"type":"MultiLineString","coordinates":[[[-79.878695011138916,40.445559042989167],[-79.878845214843736,40.445624362060656]],[[-79.877300262451172,40.447045036160553],[-79.877364635467529,40.44694705960049]],[[-79.877364635467529,40.44694705960049],[-79.878222942352281,40.445412074846253]],[[-79.878222942352281,40.445412074846253],[-79.878695011138916,40.445559042989167]]]}},
{"type":"Feature","properties":{"a":"420035648001013","b":"420035648002017"},"geometry":{"type":"MultiLineString","coordinates":[[[-79.878845214843736,40.445624362060656],[-79.878802299499483,40.445673351322604]],[[-79.878802299499483,40.445673351322604],[-79.878652095794678,40.4469144007154]],[[-79.878652095794678,40.4469144007154],[-79.878652095794678,40.44694705960049]],[[-79.878652095794678,40.44694705960049],[-79.878673553466797,40.447306306289107]],[[-79.878673553466797,40.447306306289107],[-79.878780841827393,40.44773086808182]]]}},
{"type":"Feature","properties":{"a":"420035648001014","b":"420035648001015"},"geometry":{"type":"MultiLineString","coordinates":[[[-79.876549243926988,40.446832753433235],[-79.876549243926988,40.446800094492602]],[[-79.876549243926988,40.446800094492602],[-79.876613616943359,40.446718447071589]],[[-79.876613616943359,40.446718447071589],[-79.876849651336656,40.44627754928419]]]}},
{"type":"Feature","properties":{"a":"420035648001014","b":"420035648001018"},"geometry":{"type":"MultiLineString","coordinates":[[[-79.876849651336656,40.44627754928419],[-79.876978397369385,40.446048934478007]],[[-79.876978397369385,40.446048934478007],[-79.877364635467529,40.445379415215292]],[[-79.877364635467529,40.445379415215292],[-79.87749338150023,40.445150797354252]]]}},
{"type":"Feature","properties":{"a":"420035648001014","b":"420035648001019"},"geometry":{"type":"MultiLineString","coordinates":[[[-79.87749338150023,40.445150797354252],[-79.87760066986084,40.444971168489353]],[[-79.87760066986084,40.444971168489353],[-79.877901077270494,40.444448609061929]],[[-79.877901077270494,40.444448609061929],[-79.877986907958984,40.44426897832048]]]}},
{"type":"Feature","properties":{"a":"420035648001014","b":"420035648001024"},"geometry":{"type":"MultiLineString","coordinates":[[[-79.877986907958984,40.44426897832048],[-79.878265857696519,40.444366958784421]],[[-79.878265857696519,40.444366958784421],[-79.879081249237061,40.444644569323287]],[[-79.879081249237061,40.444644569323287],[-79.879360198974609,40.444726219263586]]]}},
{"type":"Feature","properties":{"a":"420035648001014","b":"420035648002018"},"geometry":{"type":"MultiLineString","coordinates":[[[-79.879360198974609,40.444726219263586],[-79.878952503204331,40.445444734461333]],[[-79.878952503204331,40.445444734461333],[-79.878909587860093,40.445493723854213]],[[-79.878909587860093,40.445493723854213],[-79.878845214843736,40.445624362060656]]]}},
{"type":"Feature","properties":{"a":"420035648001015","b":"420035648001016"},"geometry":{"type":"MultiLineString","coordinates":[[[-79.87573385238646,40.446587810991659],[-79.875776767730713,40.446473504213429]],[[-79.875776767730713,40.446473504213429],[-79.876034259796128,40.446016275156509]]]}},
{"type":"Feature","properties":{"a":"420035648001015","b":"420035648001018"},"geometry":{"type":"MultiLineString","coordinates":[[[-79.876034259796128,40.446016275156509],[-79.876205921173081,40.44606526413282]],[[-79.876205921173081,40.44606526413282],[-79.876677989959717,40.446228560462615]],[[-79.876677989959717,40.446228560462615],[-79.876849651336656,40.44627754928419]]]}},
{"type":"Feature","properties":{"a":"420035648001016","b":"420035648001017"},"geometry":{"type":"MultiLineString","coordinates":[[[-79.875261783599854,40.445738670282992],[-79.875390529632554,40.445787659461644]],[[-79.875390529632554,40.445787659461644],[-79.875411987304688,40.445803989179922]],[[-79.875411987304688,40.445803989179922],[-79.876034259796128,40.446016275156509]]]}},
{"type":"Feature","properties":{"a":"420035648001017","b":"420035648001018"},"geometry":{"type":"MultiLineString","coordinates":[[[-79.876677989959717,40.444889518846608],[-79.876549243926988,40.445101807711431]],[[-79.876549243926988,40.445101807711431],[-79.876034259796128,40.446016275156509]]]}},
{"type":"Feature","properties":{"a":"420035648001017","b":"420035648001020"},"geometry":{"type":"MultiLineString","coordinates":[[[-79.876291751861572,40.444758879211925],[-79.876356124877915,40.44477520918015]],[[-79.876356124877915,40.44477520918015],[-79.87659215927124,40.444856858961749]],[[-79.87659215927124,40.444856858961749],[-79.876677989959717,40.444889518846608]]]}},
{"type":"Feature","properties":{"a":"420035648001017","b":"420035648001021"},"geometry":{"type":"MultiLineString","coordinates":[[[-79.875884056091294,40.444611909319413],[-79.875948429107666,40.444644569323287]],[[-79.875948429107666,40.444644569323287],[-79.876205921173081,40.444726219263586]],[[-79.876205921173081,40.444726219263586],[-79.876291751861572,40.444758879211925]]]}},
{"type":"Feature","properties":{"a":"420035648001018","b":"420035648001019"},"geometry":{"type":"MultiLineString","coordinates":[[[-79.876677989959717,40.444889518846608],[-79.876849651336656,40.444938508644157]],[[-79.876849651336656,40.444938508644157],[-79.877321720123291,40.445101807711431]],[[-79.877321720123291,40.445101807711431],[-79.87749338150023,40.445150797354252]]]}},
{"type":"Feature","properties":{"a":"420035648001019","b":"420035648001020"},"geometry":{"type":"MultiLineString","coordinates":[[[-79.876677989959717,40.444889518846608],[-79.876785278320312,40.444709889283459]],[[-79.876785278320312,40.444709889283459],[-79.877085685729966,40.444170997713726]],[[-79.877085685729966,40.444170997713726],[-79.877192974090562,40.444007696385064]]]}},
{"type":"Feature","properties":{"a":"420035648001019","b":"420035648001023"},"geometry":{"type":"MultiLineString","coordinates":[[[-79.877192974090562,40.444007696385064],[-79.87734317779541,40.444056686825327]],[[-79.87734317779541,40.444056686825327],[-79.877622127532959,40.44415466759871]],[[-79.877622127532959,40.44415466759871],[-79.877986907958984,40.44426897832048]]]}},
{"type":"Feature","properties":{"a":"420035648001020","b":"420035648001021"},"geometry":{"type":"MultiLineString","coordinates":[[[-79.876291751861572,40.444758879211925],[-79.876377582550035,40.44457924929965]],[[-79.876377582550035,40.44457924929965],[-79.876677989959717,40.444040356682542]],[[-79.876677989959717,40.444040356682542],[-79.876785278320312,40.443877055036495]]]}},
{"type":"Feature","properties":{"a":"420035648001020","b":"420035648001022"},"geometry":{"type":"MultiLineString","coordinates":[[[-79.876785278320312,40.443877055036495],[-79.876828193664537,40.443877055036495]],[[-79.876828193664537,40.443877055036495],[-79.876978397369385,40.443926045571963]],[[-79.876978397369385,40.443926045571963],[-79.877021312713623,40.443942375742523]]]}},
{"type":"Feature","properties":{"a":"420035648001020","b":"420035648001023"},"geometry":{"type":"LineString","coordinates":[[-79.877021312713623,40.443942375742523],[-79.877192974090562,40.444007696385064]]}},
{"type":"Feature","properties":{"a":"420035648001021","b":"420035648001022"},"geometry":{"type":"MultiLineString","coordinates":[[[-79.876377582550035,40.443730083215854],[-79.876463413238511,40.443762743648215]],[[-79.876463413238511,40.443762743648215],[-79.876699447631836,40.443844394659678]],[[-79.876699447631836,40.443844394659678],[-79.876785278320312,40.443877055036495]]]}},
{"type":"Feature","properties":{"a":"420035648001022","b":"420035648001023"},"geometry":{"type":"MultiLineString","coordinates":[[[-79.877471923828111,40.443158523080761],[-79.877429008483873,40.443207514139907]],[[-79.877429008483873,40.443207514139907],[-79.877278804779053,40.443468799185702]],[[-79.877278804779053,40.443468799185702],[-79.877021312713623,40.443942375742523]]]}},
{"type":"Feature","properties":{"a":"420035648001022","b":"420035648001032"},"geometry":{"type":"MultiLineString","coordinates":[[[-79.876806735992417,40.44294622807849],[-79.876935482025146,40.442978888891716]],[[-79.876935482025146,40.442978888891716],[-79.87734317779541,40.443109531985904]],[[-79.87734317779541,40.443109531985904],[-79.877471923828111,40.443158523080761]]]}},
{"type":"Feature","properties":{"a":"420035648001023","b":"420035648001024"},"geometry":{"type":"MultiLineString","coordinates":[[[-79.878437519073486,40.443485129467341],[-79.878029823303223,40.444187327824764]],[[-79.878029823303223,40.444187327824764],[-79.878008365631104,40.444252648229273]],[[-79.878008365631104,40.444252648229273],[-79.877986907958984,40.44426897832048]]]}},
{"type":"Feature","properties":{"a":"420035648001023","b":"420035648001032"},"geometry":{"type":"MultiLineString","coordinates":[[[-79.877471923828111,40.443158523080761],[-79.877665042877197,40.443223844485026]],[[-79.877665042877197,40.443223844485026],[-79.878072738647461,40.443354487103143]],[[-79.878072738647461,40.443354487103143],[-79.878437519073486,40.443485129467341]]]}},
{"type":"Feature","properties":{"a":"420035648001024","b":"420035648001025"},"geometry":{"type":"MultiLineString","coordinates":[[[-79.878437519073486,40.443485129467341],[-79.878716468811035,40.44356678081602]],[[-79.878716468811035,40.44356678081602],[-79.879531860351548,40.443844394659678]],[[-79.879531860351548,40.443844394659678],[-79.879810810089111,40.443942375742523]]]}},
{"type":"Feature","properties":{"a":"420035648001024","b":"420035648002032"},"geometry":{"type":"MultiLineString","coordinates":[[[-79.879810810089111,40.443942375742523],[-79.879724979400635,40.444089347098988]],[[-79.879724979400635,40.444089347098988],[-79.879574775695787,40.44433429864565]],[[-79.879574775695787,40.44433429864565],[-79.879360198974609,40.444726219263586]]]}},
{"type":"Feature","properties":{"a":"420035648001025","b":"420035648001026"},"geometry":{"type":"MultiLineString","coordinates":[[[-79.878673553466797,40.443076871236158],[-79.878931045532212,40.44319118379083]],[[-79.878931045532212,40.44319118379083],[-79.87974643707274,40.443485129467341]],[[-79.87974643707274,40.443485129467341],[-79.880025386810303,40.44358311107387]]]}},
{"type":"Feature","properties":{"a":"420035648001025","b":"420035648001032"},"geometry":{"type":"MultiLineString","coordinates":[[[-79.878437519073486,40.443485129467341],[-79.87848043441771,40.443403478019469]],[[-79.87848043441771,40.443403478019469],[-79.878652095794678,40.443125862354819]],[[-79.878652095794678,40.443125862354819],[-79.878673553466797,40.443076871236158]]]}},
{"type":"Feature","properties":{"a":"420035648001025","b":"420035648002031"},"geometry":{"type":"MultiLineString","coordinates":[[[-79.880025386810303,40.44358311107387],[-79.879982471466064,40.44364843206553]],[[-79.879982471466064,40.44364843206553],[-79.879853725433335,40.443860724850069]],[[-79.879853725433335,40.443860724850069],[-79.879810810089111,40.443942375742523]]]}},
{"type":"Feature","properties":{"a":"420035648001026","b":"420035648001027"},"geometry":{"type":"MultiLineString","coordinates":[[[-79.879188537597642,40.442782923774352],[-79.879403114318848,40.442864575976017]],[[-79.879403114318848,40.442864575976017],[-79.880046844482422,40.443076871236158]],[[-79.880046844482422,40.443076871236158],[-79.880261421203599,40.443142192719776]]]}},
{"type":"Feature","properties":{"a":"420035648001026","b":"420035648001029"},"geometry":{"type":"MultiLineString","coordinates":[[[-79.878888130187974,40.442684941001446],[-79.878952503204331,40.442717601941617]],[[-79.878952503204331,40.442717601941617],[-79.879124164581299,40.442766593322126]],[[-79.879124164581299,40.442766593322126],[-79.879188537597642,40.442782923774352]]]}},
{"type":"Feature","properties":{"a":"420035648001026","b":"420035648001031"},"geometry":{"type":"MultiLineString","coordinates":[[[-79.878673553466797,40.443076871236158],[-79.878673553466797,40.443060540855335]],[[-79.878673553466797,40.443060540855335],[-79.878716468811035,40.443011549689068]],[[-79.878716468811035,40.443011549689068],[-79.878888130187974,40.442684941001446]]]}},
{"type":"Feature","properties":{"a":"420035648001026","b":"420035648002031"},"geometry":{"type":"MultiLineString","coordinates":[[[-79.880261421203599,40.443142192719776],[-79.88023996353148,40.443207514139907]],[[-79.88023996353148,40.443207514139907],[-79.880068302154541,40.443501459745015]],[[-79.880068302154541,40.443501459745015],[-79.880025386810303,40.44358311107387]]]}},
{"type":"Feature","properties":{"a":"420035648001027","b":"420035648001028"},"geometry":{"type":"MultiLineString","coordinates":[[[-79.879360198974609,40.442342000171536],[-79.879596233367906,40.442423652908779]],[[-79.879596233367906,40.442423652908779],[-79.880261421203599,40.442668610525416]],[[-79.880261421203599,40.442668610525416],[-79.880497455596924,40.442733932405758]]]}},
{"type":"Feature","properties":{"a":"420035648001027","b":"420035648001029"},"geometry":{"type":"MultiLineString","coordinates":[[[-79.879188537597642,40.442782923774352],[-79.87923145294188,40.442701271473517]],[[-79.87923145294188,40.442701271473517],[-79.879317283630371,40.442439983444324]],[[-79.879317283630371,40.442439983444324],[-79.879360198974609,40.442342000171536]]]}},
{"type":"Feature","properties":{"a":"420035648001027","b":"420035648002036"},"geometry":{"type":"MultiLineString","coordinates":[[[-79.880497455596924,40.442733932405758],[-79.880454540252671,40.442815584666924]],[[-79.880454540252671,40.442815584666924],[-79.880304336547837,40.443060540855335]],[[-79.880304336547837,40.443060540855335],[-79.880261421203599,40.443142192719776]]]}},
{"type":"Feature","properties":{"a":"420035648001028","b":"420035648001029"},"geometry":{"type":"MultiLineString","coordinates":[[[-79.879360198974609,40.442342000171536],[-79.879209995269761,40.442293008481577]],[[-79.879209995269761,40.442293008481577],[-79.879167079925523,40.442293008481577]],[[-79.879167079925523,40.442293008481577],[-79.879124164581299,40.442276677910328]]]}},
{"type":"Feature","properties":{"a":"420035648001028","b":"420035648001033"},"geometry":{"type":"MultiLineString","coordinates":[[[-79.879124164581299,40.442276677910328],[-79.879167079925523,40.442195024994554]],[[-79.879167079925523,40.442195024994554],[-79.879295825958252,40.44196639630276]],[[-79.879295825958252,40.44196639630276],[-79.879360198974609,40.441884743010093]]]}},
{"type":"Feature","properties":{"a":"420035648001028","b":"420035648002035"},"geometry":{"type":"MultiLineString","coordinates":[[[-79.880712032318115,40.442342000171536],[-79.880540370941148,40.442668610525416]],[[-79.880540370941148,40.442668610525416],[-79.880497455596924,40.442733932405758]]]}},
{"type":"Feature","properties":{"a":"420035648001029","b":"420035648001030"},"geometry":{"type":"MultiLineString","coordinates":[[[-79.878888130187974,40.442684941001446],[-79.878931045532212,40.442603288581594]],[[-79.878931045532212,40.442603288581594],[-79.879081249237061,40.442358330726918]],[[-79.879081249237061,40.442358330726918],[-79.879124164581299,40.442276677910328]]]}},
{"type":"Feature","properties":{"a":"420035648001030","b":"420035648001031"},"geometry":{"type":"MultiLineString","coordinates":[[[-79.878888130187974,40.442684941001446],[-79.878566265106187,40.442586958085712]],[[-79.878566265106187,40.442586958085712],[-79.877579212188706,40.442260347335107]],[[-79.877579212188706,40.442260347335107],[-79.877257347106934,40.442146033197488]]]}},
{"type":"Feature","properties":{"a":"420035648001030","b":"420035648001033"},"geometry":{"type":"MultiLineString","coordinates":[[[-79.87749338150023,40.441754097535537],[-79.877815246582017,40.441868412339659]],[[-79.877815246582017,40.441868412339659],[-79.879038333892822,40.442260347335107]],[[-79.879038333892822,40.442260347335107],[-79.879124164581299,40.442276677910328]]]}},
{"type":"Feature","properties":{"a":"420035648001031","b":"420035648001032"},"geometry":{"type":"MultiLineString","coordinates":[[[-79.878673553466797,40.443076871236158],[-79.878330230712891,40.442978888891716]],[[-79.878330230712891,40.442978888891716],[-79.877364635467529,40.442652280045401]],[[-79.877364635467529,40.442652280045401],[-79.877042770385742,40.442537966574292]]]}},
{"type":"Feature","properties":{"a":"420035648002000","b":"420035648002001"},"geometry":{"type":"MultiLineString","coordinates":[[[-79.879553318023667,40.448318718444114],[-79.879617691040025,40.44857998362135]],[[-79.879617691040025,40.44857998362135],[-79.879810810089111,40.449380101908531]],[[-79.879810810089111,40.449380101908531],[-79.879875183105455,40.449641362959639]]]}},
{"type":"Feature","properties":{"a":"420035648002000","b":"420035648002017"},"geometry":{"type":"MultiLineString","coordinates":[[[-79.878931045532212,40.448449351159688],[-79.879059791564941,40.448416693004603]],[[-79.879059791564941,40.448416693004603],[-79.879424571990953,40.448351376646812]]]}},
{"type":"Feature","properties":{"a":"420035648002001","b":"420035648002002"},"geometry":{"type":"MultiLineString","coordinates":[[[-79.879939556121812,40.44823707286794],[-79.880025386810303,40.448498338362569]],[[-79.880025386810303,40.448498338362569],[-79.880325794219971,40.449265799879285]],[[-79.880325794219971,40.449265799879285],[-79.880411624908433,40.449527061374745]]]}},
{"type":"Feature","properties":{"a":"420035648002001","b":"420035648002017"},"geometry":{"type":"MultiLineString","coordinates":[[[-79.879617691040025,40.44830238933681],[-79.879853725433335,40.448253401991103]],[[-79.879853725433335,40.448253401991103],[-79.879939556121812,40.44823707286794]]]}},
{"type":"Feature","properties":{"a":"420035648002002","b":"420035648002003"},"geometry":{"type":"MultiLineString","coordinates":[[[-79.880712032318115,40.448057452251213],[-79.880819320678711,40.448318718444114]],[[-79.880819320678711,40.448318718444114],[-79.880969524383531,40.448677957800975]],[[-79.880969524383531,40.448677957800975],[-79.881205558776855,40.449347444205728]]]}},
{"type":"Feature","properties":{"a":"420035648002002","b":"420035648002004"},"geometry":{"type":"MultiLineString","coordinates":[[[-79.879939556121812,40.44823707286794],[-79.880089759826646,40.448204414609691]],[[-79.880089759826646,40.448204414609691],[-79.880561828613267,40.448090110580871]],[[-79.880561828613267,40.448090110580871],[-79.880712032318115,40.448057452251213]]]}},
{"type":"Feature","properties":{"a":"420035648002003","b":"420035648002004"},"geometry":{"type":"MultiLineString","coordinates":[[[-79.880111217498765,40.44694705960049],[-79.879682064056396,40.447045036160553]],[[-79.879682064056396,40.447045036160553],[-79.879488945007324,40.447077694982163]],[[-79.880712032318115,40.448057452251213],[-79.880304336547837,40.44694705960049]],[[-79.880304336547837,40.44694705960049],[-79.880282878875718,40.4469144007154]],[[-79.880282878875718,40.4469144007154],[-79.880111217498765,40.44694705960049]]]}},
{"type":"Feature","properties":{"a":"420035648002003","b":"420035648002005"},"geometry":{"type":"MultiLineString","coordinates":[[[-79.881463050842271,40.446489833765078],[-79.881312847137437,40.446783765016328]],[[-79.881312847137437,40.446783765016328],[-79.881291389465318,40.44694705960049]],[[-79.881291389465318,40.44694705960049],[-79.881334304809556,40.44724098885218]],[[-79.881334304809556,40.44724098885218],[-79.881613254547105,40.448335047547445]],[[-79.881613254547105,40.448335047547445],[-79.881763458251939,40.44857998362135]],[[-79.881763458251939,40.44857998362135],[-79.882085323333726,40.448939221581682]],[[-79.882085323333726,40.448939221581682],[-79.882192611694336,40.449184155453665]]]}},
{"type":"Feature","properties":{"a":"420035648002003","b":"420035648002017"},"geometry":{"type":"MultiLineString","coordinates":[[[-79.879488945007324,40.447077694982163],[-79.879531860351548,40.44694705960049]],[[-79.879531860351548,40.44694705960049],[-79.879574775695787,40.446849082897607]],[[-79.879574775695787,40.446849082897607],[-79.879939556121812,40.446228560462615]],[[-79.879939556121812,40.446228560462615],[-79.880068302154541,40.446016275156509]]]}},
{"type":"Feature","properties":{"a":"420035648002003","b":"420035648002019"},"geometry":{"type":"MultiLineString","coordinates":[[[-79.880068302154541,40.446016275156509],[-79.88034725189209,40.446114253073404]],[[-79.88034725189209,40.446114253073404],[-79.881184101104736,40.446391856395671]],[[-79.881184101104736,40.446391856395671],[-79.881463050842271,40.446489833765078]]]}},
{"type":"Feature","properties":{"a":"420035648002004","b":"420035648002017"},"geometry":{"type":"MultiLineString","coordinates":[[[-79.879939556121812,40.44823707286794],[-79.879853725433335,40.448008464726975]],[[-79.879853725433335,40.448008464726975],[-79.879574775695787,40.447306306289107]],[[-79.879574775695787,40.447306306289107],[-79.879488945007324,40.447077694982163]]]}},
{"type":"Feature","properties":{"a":"420035648002005","b":"420035648002006"},"geometry":{"type":"MultiLineString","coordinates":[[[-79.883394241332994,40.446391856395671],[-79.882664680480943,40.446506163312755]],[[-79.882664680480943,40.446506163312755],[-79.882321357727037,40.446555151931996]],[[-79.882321357727037,40.446555151931996],[-79.882428646087632,40.44694705960049]],[[-79.882428646087632,40.44694705960049],[-79.882965087890625,40.449135168750679]]]}},
{"type":"Feature","properties":{"a":"420035648002005","b":"420035648002011"},"geometry":{"type":"MultiLineString","coordinates":[[[-79.881956577301011,40.445591702532845],[-79.882256984710693,40.445689681068657]],[[-79.882256984710693,40.445689681068657],[-79.883093833923326,40.445967286144494]],[[-79.883093833923326,40.445967286144494],[-79.883394241332994,40.44606526413282]]]}},
{"type":"Feature","properties":{"a":"420035648002005","b":"420035648002016"},"geometry":{"type":"MultiLineString","coordinates":[[[-79.883394241332994,40.44606526413282],[-79.883351325988755,40.446130582712335]],[[-79.883351325988755,40.446130582712335],[-79.883351325988755,40.446212230847486]],[[-79.883351325988755,40.446212230847486],[-79.883394241332994,40.446391856395671]]]}},
{"type":"Feature","properties":{"a":"420035648002005","b":"420035648002019"},"geometry":{"type":"MultiLineString","coordinates":[[[-79.881463050842271,40.446489833765078],[-79.881570339202881,40.446310208478728]],[[-79.881570339202881,40.446310208478728],[-79.881870746612549,40.445771329739401]],[[-79.881870746612549,40.445771329739401],[-79.881956577301011,40.445591702532845]]]}},
{"type":"Feature","properties":{"a":"420035648002006","b":"420035648002007"},"geometry":{"type":"MultiLineString","coordinates":[[[-79.883823394775376,40.448106439739746],[-79.883995056152344,40.448759602841548]],[[-79.883995056152344,40.448759602841548],[-79.884016513824463,40.448922892625134]]]}},
{"type":"Feature","properties":{"a":"420035648002006","b":"420035648002008"},"geometry":{"type":"MultiLineString","coordinates":[[[-79.883694648742662,40.447600233969716],[-79.883716106414781,40.447698209577602]],[[-79.883716106414781,40.447698209577602],[-79.883801937103257,40.448008464726975]],[[-79.883801937103257,40.448008464726975],[-79.883823394775376,40.448106439739746]]]}},
{"type":"Feature","properties":{"a":"420035648002006","b":"420035648002009"},"geometry":{"type":"MultiLineString","coordinates":[[[-79.883565902709961,40.447077694982163],[-79.88358736038208,40.447175671351786]],[[-79.88358736038208,40.447175671351786],[-79.883673191070557,40.447485928913338]],[[-79.883673191070557,40.447485928913338],[-79.883694648742662,40.447600233969716]]]}},
{"type":"Feature","properties":{"a":"420035648002006","b":"420035648002016"},"geometry":{"type":"MultiLineString","coordinates":[[[-79.883394241332994,40.446391856395671],[-79.883437156677232,40.446522492856467]],[[-79.883437156677232,40.446522492856467],[-79.883522987365723,40.446930730159927]],[[-79.883522987365723,40.446930730159927],[-79.883522987365723,40.44694705960049]],[[-79.883522987365723,40.44694705960049],[-79.883565902709961,40.447077694982163]]]}},
{"type":"Feature","properties":{"a":"420035648002007","b":"420035648002008"},"geometry":{"type":"MultiLineString","coordinates":[[[-79.883823394775376,40.448106439739746],[-79.883995056152344,40.448139098045601]],[[-79.883995056152344,40.448139098045601],[-79.884788990020738,40.448416693004603]],[[-79.884788990020738,40.448416693004603],[-79.885025024414048,40.448482009298914]]]}},
{"type":"Feature","properties":{"a":"420035648002008","b":"420035648002009"},"geometry":{"type":"MultiLineString","coordinates":[[[-79.883694648742662,40.447600233969716],[-79.883823394775376,40.447616563247614]],[[-79.883823394775376,40.447616563247614],[-79.885239601135254,40.448090110580871]],[[-79.885239601135254,40.448090110580871],[-79.885239601135254,40.448106439739746]]]}},
{"type":"Feature","properties":{"a":"420035648002009","b":"420035648002010"},"geometry":{"type":"MultiLineString","coordinates":[[[-79.884102344512925,40.44724098885218],[-79.884381294250474,40.447322635638422]],[[-79.884381294250474,40.447322635638422],[-79.885196685791001,40.447600233969716]],[[-79.885196685791001,40.447600233969716],[-79.885454177856431,40.447698209577602]]]}},
{"type":"Feature","properties":{"a":"420035648002009","b":"420035648002016"},"geometry":{"type":"MultiLineString","coordinates":[[[-79.883565902709961,40.447077694982163],[-79.883673191070557,40.447094024387013]],[[-79.883673191070557,40.447094024387013],[-79.883995056152344,40.447208330109916]],[[-79.883995056152344,40.447208330109916],[-79.884102344512925,40.44724098885218]]]}},
{"type":"Feature","properties":{"a":"420035648002010","b":"420035648002015"},"geometry":{"type":"MultiLineString","coordinates":[[[-79.88459587097168,40.446930730159927],[-79.884638786315918,40.44694705960049]],[[-79.884638786315918,40.44694705960049],[-79.885432720184312,40.447208330109916]],[[-79.885432720184312,40.447208330109916],[-79.885690212249742,40.447306306289107]],[[-79.884316921234131,40.446849082897607],[-79.88459587097168,40.446930730159927]]]}},
{"type":"Feature","properties":{"a":"420035648002010","b":"420035648002016"},"geometry":{"type":"MultiLineString","coordinates":[[[-79.884102344512925,40.44724098885218],[-79.884145259857164,40.44715934196676]],[[-79.884145259857164,40.44715934196676],[-79.884252548217773,40.44694705960049]],[[-79.884252548217773,40.44694705960049],[-79.884316921234131,40.446849082897607]]]}},
{"type":"Feature","properties":{"a":"420035648002011","b":"420035648002012"},"geometry":{"type":"MultiLineString","coordinates":[[[-79.882407188415513,40.444807869104693],[-79.88257884979248,40.444856858961749]],[[-79.88257884979248,40.444856858961749],[-79.883136749267564,40.445036488132132]],[[-79.883136749267564,40.445036488132132],[-79.88332986831665,40.445101807711431]]]}},
{"type":"Feature","properties":{"a":"420035648002011","b":"420035648002013"},"geometry":{"type":"MultiLineString","coordinates":[[[-79.883823394775376,40.445265106381974],[-79.8837375640869,40.445428404655772]],[[-79.8837375640869,40.445428404655772],[-79.883458614349351,40.445901967406279]],[[-79.883458614349351,40.445901967406279],[-79.883394241332994,40.44606526413282]]]}},
{"type":"Feature","properties":{"a":"420035648002011","b":"420035648002019"},"geometry":{"type":"MultiLineString","coordinates":[[[-79.881956577301011,40.445591702532845],[-79.881677627563477,40.445493723854213]],[[-79.881677627563477,40.445493723854213],[-79.88084077835083,40.445216116822465]],[[-79.88084077835083,40.445216116822465],[-79.880561828613267,40.445134467477281]]]}},
{"type":"Feature","properties":{"a":"420035648002011","b":"420035648002020"},"geometry":{"type":"MultiLineString","coordinates":[[[-79.881012439727783,40.44433429864565],[-79.881291389465318,40.444432279014364]],[[-79.881291389465318,40.444432279014364],[-79.882063865661607,40.44467722931131]],[[-79.882063865661607,40.44467722931131],[-79.882407188415513,40.444807869104693]]]}},
{"type":"Feature","properties":{"a":"420035648002011","b":"420035648002022"},"geometry":{"type":"MultiLineString","coordinates":[[[-79.88332986831665,40.445101807711431],[-79.883437156677232,40.445134467477281]],[[-79.883437156677232,40.445134467477281],[-79.8837375640869,40.445232446679604]],[[-79.8837375640869,40.445232446679604],[-79.883823394775376,40.445265106381974]]]}},
{"type":"Feature","properties":{"a":"420035648002011","b":"420035648002032"},"geometry":{"type":"MultiLineString","coordinates":[[[-79.880561828613267,40.445134467477281],[-79.880647659301744,40.444971168489353]],[[-79.880647659301744,40.444971168489353],[-79.880926609039292,40.444497599180828]],[[-79.880926609039292,40.444497599180828],[-79.881012439727783,40.44433429864565]]]}},
{"type":"Feature","properties":{"a":"420035648002012","b":"420035648002020"},"geometry":{"type":"MultiLineString","coordinates":[[[-79.882407188415513,40.444807869104693],[-79.882450103759751,40.444709889283459]],[[-79.882450103759751,40.444709889283459],[-79.8826003074646,40.444464939105536]],[[-79.8826003074646,40.444464939105536],[-79.882643222808824,40.444383288847852]]]}},
{"type":"Feature","properties":{"a":"420035648002012","b":"420035648002021"},"geometry":{"type":"MultiLineString","coordinates":[[[-79.882643222808824,40.444383288847852],[-79.882814884185777,40.444448609061929]],[[-79.882814884185777,40.444448609061929],[-79.883351325988755,40.444644569323287]],[[-79.883351325988755,40.444644569323287],[-79.883544445037842,40.444709889283459]]]}},
{"type":"Feature","properties":{"a":"420035648002012","b":"420035648002022"},"geometry":{"type":"MultiLineString","coordinates":[[[-79.883544445037842,40.444709889283459],[-79.883501529693589,40.444791539144404]],[[-79.883501529693589,40.444791539144404],[-79.883415699005113,40.444938508644157]],[[-79.883415699005113,40.444938508644157],[-79.88332986831665,40.445101807711431]]]}},
{"type":"Feature","properties":{"a":"420035648002013","b":"420035648002014"},"geometry":{"type":"MultiLineString","coordinates":[[[-79.884767532348619,40.446048934478007],[-79.88459587097168,40.446375526820212]],[[-79.88459587097168,40.446375526820212],[-79.884552955627441,40.44644084509823]]]}},
{"type":"Feature","properties":{"a":"420035648002013","b":"420035648002016"},"geometry":{"type":"MultiLineString","coordinates":[[[-79.884552955627441,40.44644084509823],[-79.884316921234131,40.446375526820212]],[[-79.884316921234131,40.446375526820212],[-79.883608818054199,40.446146912347302]],[[-79.883608818054199,40.446146912347302],[-79.883394241332994,40.44606526413282]]]}},
{"type":"Feature","properties":{"a":"420035648002013","b":"420035648002023"},"geometry":{"type":"MultiLineString","coordinates":[[[-79.883823394775376,40.445265106381974],[-79.883930683135986,40.445297766068464]],[[-79.883930683135986,40.445297766068464],[-79.884231090545654,40.445412074846253]],[[-79.884231090545654,40.445412074846253],[-79.88433837890625,40.445444734461333]]]}},
{"type":"Feature","properties":{"a":"420035648002013","b":"420035648002024"},"geometry":{"type":"MultiLineString","coordinates":[[[-79.88433837890625,40.445444734461333],[-79.884467124938951,40.445477394060553]],[[-79.884467124938951,40.445477394060553],[-79.884874820709214,40.445624362060656]],[[-79.884874820709214,40.445624362060656],[-79.885003566741943,40.445657021572586]]]}},
{"type":"Feature","properties":{"a":"420035648002013","b":"420035648002027"},"geometry":{"type":"MultiLineString","coordinates":[[[-79.885003566741943,40.445657021572586],[-79.884960651397705,40.445738670282992]],[[-79.884960651397705,40.445738670282992],[-79.884810447692857,40.445967286144494]],[[-79.884810447692857,40.445967286144494],[-79.884767532348619,40.446048934478007]]]}},
{"type":"Feature","properties":{"a":"420035648002014","b":"420035648002015"},"geometry":{"type":"MultiLineString","coordinates":[[[-79.885926246643066,40.446898071266894],[-79.885647296905518,40.446816423964897]],[[-79.885647296905518,40.446816423964897],[-79.884831905364976,40.446538822396221]],[[-79.884831905364976,40.446538822396221],[-79.884552955627441,40.44644084509823]]]}},
{"type":"Feature","properties":{"a":"420035648002014","b":"420035648002027"},"geometry":{"type":"MultiLineString","coordinates":[[[-79.884767532348619,40.446048934478007],[-79.885046482086182,40.446146912347302]],[[-79.885046482086182,40.446146912347302],[-79.885883331298814,40.44642451553468]],[[-79.885883331298814,40.44642451553468],[-79.886162281036363,40.446522492856467]]]}},
{"type":"Feature","properties":{"a":"420035648002015","b":"420035648002016"},"geometry":{"type":"MultiLineString","coordinates":[[[-79.884316921234131,40.446849082897607],[-79.884381294250474,40.446767435536096]],[[-79.884381294250474,40.446767435536096],[-79.884552955627441,40.44644084509823]]]}},
{"type":"Feature","properties":{"a":"420035648002017","b":"420035648002018"},"geometry":{"type":"MultiLineString","coordinates":[[[-79.878845214843736,40.445624362060656],[-79.878952503204331,40.445657021572586]],[[-79.878952503204331,40.445657021572586],[-79.879081249237061,40.445706010810738]],[[-79.879081249237061,40.445706010810738],[-79.880068302154541,40.446016275156509]]]}},
{"type":"Feature","properties":{"a":"420035648002018","b":"420035648002019"},"geometry":{"type":"MultiLineString","coordinates":[[[-79.880561828613267,40.445134467477281],[-79.880454540252671,40.445314095905772]],[[-79.880454540252671,40.445314095905772],[-79.880154132843018,40.445836648604569]],[[-79.880154132843018,40.445836648604569],[-79.880068302154541,40.446016275156509]]]}},
{"type":"Feature","properties":{"a":"420035648002018","b":"420035648002032"},"geometry":{"type":"MultiLineString","coordinates":[[[-79.879360198974609,40.444726219263586],[-79.879596233367906,40.444807869104693]],[[-79.879596233367906,40.444807869104693],[-79.880325794219971,40.445052818032906]],[[-79.880325794219971,40.445052818032906],[-79.880561828613267,40.445134467477281]]]}},
{"type":"Feature","properties":{"a":"420035648002020","b":"420035648002021"},"geometry":{"type":"MultiLineString","coordinates":[[[-79.882857799530029,40.444007696385064],[-79.882814884185777,40.444056686825327]],[[-79.882814884185777,40.444056686825327],[-79.882814884185777,40.444089347098988]],[[-79.882814884185777,40.444089347098988],[-79.882643222808824,40.444383288847852]]]}},
{"type":"Feature","properties":{"a":"420035648002020","b":"420035648002031"},"geometry":{"type":"MultiLineString","coordinates":[[[-79.881012439727783,40.44433429864565],[-79.881098270416246,40.444170997713726]],[[-79.881098270416246,40.444170997713726],[-79.881377220153809,40.443697422767627]],[[-79.881377220153809,40.443697422767627],[-79.881463050842271,40.443550450554227]]]}},
{"type":"Feature","properties":{"a":"420035648002020","b":"420035648002033"},"geometry":{"type":"MultiLineString","coordinates":[[[-79.881463050842271,40.443550450554227],[-79.88174200057982,40.443632101823567]],[[-79.88174200057982,40.443632101823567],[-79.88249301910399,40.443893385218956]],[[-79.88249301910399,40.443893385218956],[-79.882857799530029,40.444007696385064]]]}},
{"type":"Feature","properties":{"a":"420035648002021","b":"420035648002022"},"geometry":{"type":"MultiLineString","coordinates":[[[-79.883780479431138,40.444317968570303],[-79.883716106414781,40.444399618907319]],[[-79.883716106414781,40.444399618907319],[-79.88358736038208,40.444628239323329]],[[-79.88358736038208,40.444628239323329],[-79.883544445037842,40.444709889283459]]]}},
{"type":"Feature","properties":{"a":"420035648002021","b":"420035648002033"},"geometry":{"type":"MultiLineString","coordinates":[[[-79.882857799530029,40.444007696385064],[-79.883029460906968,40.44407301696414]],[[-79.883029460906968,40.44407301696414],[-79.88358736038208,40.444252648229273]],[[-79.88358736038208,40.444252648229273],[-79.883780479431138,40.444317968570303]]]}},
{"type":"Feature","properties":{"a":"420035648002022","b":"420035648002023"},"geometry":{"type":"MultiLineString","coordinates":[[[-79.884274005889893,40.444481269145165],[-79.884188175201402,40.444644569323287]],[[-79.884188175201402,40.444644569323287],[-79.883909225463867,40.445118137596346]],[[-79.883909225463867,40.445118137596346],[-79.883823394775376,40.445265106381974]]]}},
{"type":"Feature","properties":{"a":"420035648002022","b":"420035648002033"},"geometry":{"type":"MultiLineString","coordinates":[[[-79.883780479431138,40.444317968570303],[-79.883866310119629,40.444350628717018]],[[-79.883866310119629,40.444350628717018],[-79.884166717529283,40.444448609061929]],[[-79.884166717529283,40.444448609061929],[-79.884274005889893,40.444481269145165]]]}},
{"type":"Feature","properties":{"a":"420035648002023","b":"420035648002024"},"geometry":{"type":"MultiLineString","coordinates":[[[-79.885218143463121,40.445265106381974],[-79.884703159332275,40.445085477822559]],[[-79.884703159332275,40.445085477822559],[-79.884574413299561,40.445052818032906]],[[-79.884574413299561,40.445052818032906],[-79.884510040283189,40.445118137596346]],[[-79.884510040283189,40.445118137596346],[-79.88433837890625,40.445444734461333]]]}},
{"type":"Feature","properties":{"a":"420035648002023","b":"420035648002028"},"geometry":{"type":"MultiLineString","coordinates":[[[-79.884274005889893,40.444481269145165],[-79.884788990020738,40.444644569323287]],[[-79.884788990020738,40.444644569323287],[-79.885303974151611,40.44482419906101]],[[-79.885303974151611,40.44482419906101],[-79.885432720184312,40.444856858961749]]]}},
{"type":"Feature","properties":{"a":"420035648002023","b":"420035648002030"},"geometry":{"type":"MultiLineString","coordinates":[[[-79.885432720184312,40.444856858961749],[-79.885389804840088,40.444954838568734]],[[-79.885389804840088,40.444954838568734],[-79.885389804840088,40.444971168489353]],[[-79.885389804840088,40.444971168489353],[-79.885218143463121,40.445265106381974]]]}},
{"type":"Feature","properties":{"a":"420035648002024","b":"420035648002025"},"geometry":{"type":"MultiLineString","coordinates":[[[-79.885218143463121,40.445265106381974],[-79.885175228118882,40.445346755568465]],[[-79.885175228118882,40.445346755568465],[-79.885046482086182,40.445575372762995]],[[-79.885046482086182,40.445575372762995],[-79.885003566741943,40.445657021572586]]]}},
{"type":"Feature","properties":{"a":"420035648002025","b":"420035648002026"},"geometry":{"type":"MultiLineString","coordinates":[[[-79.886162281036363,40.445591702532845],[-79.886119365692139,40.445657021572586]],[[-79.886119365692139,40.445657021572586],[-79.885969161987305,40.445901967406279]],[[-79.885969161987305,40.445901967406279],[-79.885926246643066,40.445967286144494]]]}},
{"type":"Feature","properties":{"a":"420035648002025","b":"420035648002027"},"geometry":{"type":"MultiLineString","coordinates":[[[-79.885926246643066,40.445967286144494],[-79.885754585266113,40.445901967406279]],[[-79.885754585266113,40.445901967406279],[-79.885175228118882,40.445722340548855]],[[-79.885175228118882,40.445722340548855],[-79.885003566741943,40.445657021572586]]]}},
{"type":"Feature","properties":{"a":"420035648002025","b":"420035648002030"},"geometry":{"type":"MultiLineString","coordinates":[[[-79.885218143463121,40.445265106381974],[-79.885303974151611,40.445297766068464]],[[-79.885303974151611,40.445297766068464],[-79.885411262512207,40.445330425739108]],[[-79.885411262512207,40.445330425739108],[-79.886162281036363,40.445591702532845]]]}},
{"type":"Feature","properties":{"a":"420035648002026","b":"420035648002027"},"geometry":{"type":"MultiLineString","coordinates":[[[-79.886376857757554,40.446114253073404],[-79.886291027069092,40.446097923430507]],[[-79.886291027069092,40.446097923430507],[-79.886033535003648,40.445999945489802]],[[-79.886033535003648,40.445999945489802],[-79.885926246643066,40.445967286144494]]]}},
{"type":"Feature","properties":{"a":"420035648002026","b":"420035648002029"},"geometry":{"type":"MultiLineString","coordinates":[[[-79.886376857757554,40.445183457096292],[-79.886462688446045,40.445199786961361]],[[-79.886462688446045,40.445199786961361],[-79.886741638183594,40.445297766068464]],[[-79.886741638183594,40.445297766068464],[-79.886827468872056,40.445330425739108]]]}},
{"type":"Feature","properties":{"a":"420035648002026","b":"420035648002030"},"geometry":{"type":"MultiLineString","coordinates":[[[-79.886162281036363,40.445591702532845],[-79.886333942413316,40.445265106381974]],[[-79.886333942413316,40.445265106381974],[-79.886355400085435,40.445216116822465]],[[-79.886355400085435,40.445216116822465],[-79.886376857757554,40.445183457096292]]]}},
{"type":"Feature","properties":{"a":"420035648002028","b":"420035648002029"},"geometry":{"type":"MultiLineString","coordinates":[[[-79.885861873626695,40.444056686825327],[-79.885776042938218,40.444219988034952]],[[-79.885776042938218,40.444219988034952],[-79.885540008544908,40.444628239323329]],[[-79.885540008544908,40.444628239323329],[-79.885432720184312,40.444856858961749]]]}},
{"type":"Feature","properties":{"a":"420035648002028","b":"420035648002033"},"geometry":{"type":"MultiLineString","coordinates":[[[-79.884274005889893,40.444481269145165],[-79.884445667266831,40.44415466759871]],[[-79.884445667266831,40.44415466759871],[-79.884510040283189,40.44407301696414]]]}},
{"type":"Feature","properties":{"a":"420035648002028","b":"420035648002034"},"geometry":{"type":"LineString","coordinates":[[-79.884510040283189,40.44407301696414],[-79.884724617004395,40.443664762303534]]}},
{"type":"Feature","properties":{"a":"420035648002029","b":"420035648002030"},"geometry":{"type":"MultiLineString","coordinates":[[[-79.886376857757554,40.445183457096292],[-79.886183738708482,40.445118137596346]],[[-79.886183738708482,40.445118137596346],[-79.885625839233398,40.444922178715608]],[[-79.885625839233398,40.444922178715608],[-79.885432720184312,40.444856858961749]]]}},
{"type":"Feature","properties":{"a":"420035648002031","b":"420035648002032"},"geometry":{"type":"MultiLineString","coordinates":[[[-79.881012439727783,40.44433429864565],[-79.880776405334458,40.444252648229273]],[[-79.880776405334458,40.444252648229273],[-79.880046844482422,40.444007696385064]],[[-79.880046844482422,40.444007696385064],[-79.879810810089111,40.443942375742523]]]}},
{"type":"Feature","properties":{"a":"420035648002031","b":"420035648002036"},"geometry":{"type":"MultiLineString","coordinates":[[[-79.880261421203599,40.443142192719776],[-79.880325794219971,40.443174853437775]],[[-79.880325794219971,40.443174853437775],[-79.880497455596924,40.443223844485026]],[[-79.880497455596924,40.443223844485026],[-79.881463050842271,40.443550450554227]]]}},
{"type":"Feature","properties":{"a":"420035648002033","b":"420035648002034"},"geometry":{"type":"MultiLineString","coordinates":[[[-79.881677627563477,40.443158523080761],[-79.882256984710693,40.443338156789757]],[[-79.882256984710693,40.443338156789757],[-79.883973598480225,40.443909715397446]],[[-79.883973598480225,40.443909715397446],[-79.884510040283189,40.44407301696414]]]}},
{"type":"Feature","properties":{"a":"420035648002033","b":"420035648002036"},"geometry":{"type":"MultiLineString","coordinates":[[[-79.881463050842271,40.443550450554227],[-79.881634712219224,40.443223844485026]],[[-79.881634712219224,40.443223844485026],[-79.881677627563477,40.443158523080761]]]}},
{"type":"Feature","properties":{"a":"420035648002034","b":"420035648002035"},"geometry":{"type":"MultiLineString","coordinates":[[[-79.881677627563477,40.443158523080761],[-79.88174200057982,40.443076871236158]],[[-79.88174200057982,40.443076871236158],[-79.881870746612549,40.442815584666924]],[[-79.881870746612549,40.442815584666924],[-79.881913661956787,40.442733932405758]]]}},
{"type":"Feature","properties":{"a":"420035648002035","b":"420035648002036"},"geometry":{"type":"MultiLineString","coordinates":[[[-79.881677627563477,40.443158523080761],[-79.881591796874986,40.443125862354819]],[[-79.881591796874986,40.443125862354819],[-79.88073348999022,40.442831915107256]],[[-79.88073348999022,40.442831915107256],[-79.880497455596924,40.442733932405758]]]}},
{"type":"Feature","properties":{"a":"420031306001030","b":null},"geometry":{"type":"LineString","coordinates":[[-79.881377220153809,40.450490454361308],[-79.880819320678711,40.450588425755782]]}},
{"type":"Feature","properties":{"a":"420031306001031","b":null},"geometry":{"type":"LineString","coordinates":[[-79.880819320678711,40.450588425755782],[-79.879810810089111,40.450768039608022],[-79.879360198974609,40.450849682109414],[-79.878888130187974,40.450931324511643]]}},
{"type":"Feature","properties":{"a":"420031306001032","b":null},"geometry":{"type":"LineString","coordinates":[[-79.878888130187974,40.450931324511643],[-79.878823757171617,40.45094765298019],[-79.878587722778306,40.450996638362007],[-79.878523349761949,40.450996638362007]]}},
{"type":"Feature","properties":{"a":"420031306001033","b":null},"geometry":{"type":"LineString","coordinates":[[-79.878523349761949,40.450996638362007],[-79.878544807434068,40.451241564735511],[-79.878566265106187,40.451290549903085],[-79.877686500549316,40.451306878284342]]}},
{"type":"Feature","properties":{"a":"420031306001034","b":null},"geometry":{"type":"MultiLineString","coordinates":[[[-79.877707958221436,40.452319230173806],[-79.877150058746324,40.451862040886446],[-79.877128601074205,40.451290549903085]],[[-79.877686500549316,40.451306878284342],[-79.877707958221436,40.452319230173806]]]}},
{"type":"Feature","properties":{"a":"420031306001036","b":null},"geometry":{"type":"LineString","coordinates":[[-79.884209632873535,40.449625034173707],[-79.884274005889893,40.449918951713578],[-79.883694648742662,40.45001692394122]]}},
{"type":"Feature","properties":{"a":"420031306001037","b":null},"geometry":{"type":"LineString","coordinates":[[-79.883694648742662,40.45001692394122],[-79.88358736038208,40.450033252631933],[-79.883201122283936,40.450114896026022],[-79.882922172546387,40.45014755335589]]}},
{"type":"Feature","properties":{"a":"420031306001038","b":null},"geometry":{"type":"MultiLineString","coordinates":[[[-79.88197803497313,40.450408811423479],[-79.881935119628892,40.450376154220578]],[[-79.882922172546387,40.45014755335589],[-79.882664680480943,40.45019653932092],[-79.882707595825181,40.450278182516648],[-79.88197803497313,40.450408811423479]]]}},
{"type":"Feature","properties":{"a":"420031306001040","b":null},"geometry":{"type":"MultiLineString","coordinates":[[[-79.881033897399902,40.449380101908531],[-79.881291389465318,40.449331115348372]],[[-79.881935119628892,40.450376154220578],[-79.881827831268311,40.450408811423479],[-79.881484508514404,40.450457797198077],[-79.881377220153809,40.450490454361308]]]}},
{"type":"Feature","properties":{"a":"420031306002000","b":null},"geometry":{"type":"MultiLineString","coordinates":[[[-79.866635799407945,40.452678448146031],[-79.86687183380127,40.453005008272605],[-79.86687183380127,40.453168287740766],[-79.866721630096421,40.453429534064583],[-79.866721630096421,40.453674451570699],[-79.866979122161851,40.453919368184131],[-79.867129325866699,40.454017334579547],[-79.867687225341783,40.454196939266843],[-79.868159294128418,40.454213266941892],[-79.869103431701646,40.454164283904859],[-79.86936092376709,40.45418061158783],[-79.869618415832505,40.454262249943206],[-79.869875907897949,40.454392871105469],[-79.871141910552964,40.455094955502233],[-79.870970249176011,40.455372521728655],[-79.870884418487535,40.45573172337842],[-79.870905876159654,40.455894996220771],[-79.870948791503892,40.456090923107865],[-79.871377944946289,40.456695027413133],[-79.871485233306871,40.456988914030113],[-79.871463775634766,40.457135856856539]],[[-79.869146347045898,40.456270522252474],[-79.869232177734361,40.456156231943268],[-79.86936092376709,40.455748050680498],[-79.869382381439195,40.455568450139317],[-79.869339466094971,40.455356194335309],[-79.869232177734361,40.455209247616686],[-79.869103431701646,40.455111282959052],[-79.868910312652574,40.455045973107957],[-79.868566989898667,40.454996990677969],[-79.868159294128418,40.455192920183663],[-79.867987632751451,40.455356194335309],[-79.867901802062988,40.45548681337096],[-79.867773056030259,40.455894996220771],[-79.867794513702393,40.456025614208976],[-79.86785888671875,40.456123577533504],[-79.868910312652574,40.456335830913304],[-79.869039058685289,40.456319503754045],[-79.869146347045898,40.456270522252474]]]}},
{"type":"Feature","properties":{"a":"420031306002005","b":null},"geometry":{"type":"MultiLineString","coordinates":[[[-79.873631000518785,40.452498839399944],[-79.873437881469727,40.452449855113152],[-79.873373508453369,40.452417198902126],[-79.873223304748521,40.452155948642535],[-79.87298727035521,40.451078280585698],[-79.872579574584947,40.451029295263389],[-79.872300624847398,40.450882339082213],[-79.87109899520874,40.44970667806372],[-79.870927333831773,40.449380101908531]],[[-79.87659215927124,40.451290549903085],[-79.876334667205811,40.451519146879647],[-79.876205921173081,40.451584460158692],[-79.874532222747789,40.45156813184488],[-79.874553680419922,40.451159922710197],[-79.874854087829576,40.450882339082213],[-79.874832630157456,40.450555768640164],[-79.874618053436265,40.45019653932092],[-79.874532222747789,40.450131224692946],[-79.874081611633301,40.449984266547879],[-79.873631000518785,40.452498839399944]]]}},
{"type":"Feature","properties":{"a":"420031306002013","b":null},"geometry":{"type":"LineString","coordinates":[[-79.868288040161133,40.451143594293235],[-79.868159294128418,40.451600788468539],[-79.868030548095689,40.451780399614954],[-79.86775159835814,40.452074307728125],[-79.867193698883057,40.452417198902126],[-79.866635799407945,40.452678448146031]]}},
{"type":"Feature","properties":{"a":"420031306002014","b":null},"geometry":{"type":"LineString","coordinates":[[-79.868288040161133,40.449396430753978],[-79.868738651275621,40.450604754307641],[-79.868803024291992,40.451110937447396],[-79.868288040161133,40.451143594293235]]}},
{"type":"Feature","properties":{"a":"420031306002015","b":null},"geometry":{"type":"LineString","coordinates":[[-79.877128601074205,40.451290549903085],[-79.87659215927124,40.451290549903085]]}},
{"type":"Feature","properties":{"a":"420031308001033","b":null},"geometry":{"type":"MultiLineString","coordinates":[[[-79.885883331298814,40.450180210669878],[-79.885561466217027,40.450082238680295],[-79.884209632873535,40.449625034173707]],[[-79.88609790802002,40.449804650600818],[-79.885883331298814,40.450180210669878]]]}},
{"type":"Feature","properties":{"a":"420031308001034","b":null},"geometry":{"type":"LineString","coordinates":[[-79.886462688446045,40.449918951713578],[-79.886248111724854,40.449837308081449],[-79.88609790802002,40.449804650600818]]}},
{"type":"Feature","properties":{"a":"420031308001035","b":null},"geometry":{"type":"MultiLineString","coordinates":[[[-79.886827468872056,40.450033252631933],[-79.886462688446045,40.449918951713578]],[[-79.887278079986572,40.449233142120931],[-79.887106418609619,40.449527061374745],[-79.886827468872056,40.450033252631933]]]}},
{"type":"Feature","properties":{"a":"420031308001036","b":null},"geometry":{"type":"LineString","coordinates":[[-79.88772869110106,40.448449351159688],[-79.887642860412583,40.448612641697096],[-79.887363910675035,40.449086182011989],[-79.887278079986572,40.449233142120931]]}},
{"type":"Feature","properties":{"a":"420031308003040","b":null},"geometry":{"type":"MultiLineString","coordinates":[[[-79.890668392181382,40.450457797198077],[-79.88983154296875,40.450082238680295],[-79.887878894805894,40.449445417266524],[-79.888329505920396,40.448726944837219],[-79.888329505920396,40.448645299756969]],[[-79.890968799591064,40.450082238680295],[-79.890668392181382,40.450457797198077]]]}},
{"type":"Feature","properties":{"a":"420031308003048","b":null},"geometry":{"type":"MultiLineString","coordinates":[[[-79.892578124999986,40.450539440076405],[-79.892578124999986,40.450588425755782],[-79.892513751983643,40.450670068475404],[-79.890968799591064,40.450082238680295]],[[-79.892599582672119,40.450555768640164],[-79.892578125,40.450588425755782],[-79.892578125,40.450539440076405]]]}},
{"type":"Feature","properties":{"a":"420031308003050","b":null},"geometry":{"type":"LineString","coordinates":[[-79.888329505920396,40.448645299756969],[-79.8882222175598,40.448612641697096],[-79.88783597946167,40.448498338362569],[-79.88772869110106,40.448449351159688]]}},
{"type":"Feature","properties":{"a":"420031405001000","b":null},"geometry":{"type":"MultiLineString","coordinates":[[[-79.893887042999268,40.448873905731716],[-79.892942905426025,40.450098567355148],[-79.892878532409668,40.450163882014863],[-79.892599582672119,40.450555768640164]],[[-79.892578125,40.450539440076405],[-79.892578125,40.449576047792085]],[[-79.892492294311509,40.449967937845251],[-79.892578124999986,40.449576047792085]],[[-79.892578124999986,40.449576047792085],[-79.892578124999986,40.450539440076405]]]}},
{"type":"Feature","properties":{"a":"420031405001011","b":null},"geometry":{"type":"LineString","coordinates":[[-79.894530773162842,40.448008464726975],[-79.893887042999268,40.448873905731716]]}},
{"type":"Feature","properties":{"a":"420031405001012","b":null},"geometry":{"type":"LineString","coordinates":[[-79.893951416015625,40.446734776563723],[-79.894595146179199,40.44694705960049],[-79.894917011260986,40.44706136557334],[-79.895153045654297,40.447126683184827],[-79.894981384277344,40.447420611650976],[-79.894530773162842,40.448008464726975]]}},
{"type":"Feature","properties":{"a":"420031412002000","b":null},"geometry":{"type":"LineString","coordinates":[[-79.894337654113784,40.445787659461644],[-79.894273281097412,40.445983615819138],[-79.894037246704116,40.446555151931996],[-79.893951416015625,40.446734776563723]]}},
{"type":"Feature","properties":{"a":"420031412002012","b":null},"geometry":{"type":"LineString","coordinates":[[-79.89468097686769,40.444938508644157],[-79.894616603851318,40.445118137596346],[-79.894402027130141,40.445624362060656],[-79.894337654113784,40.445787659461644]]}},
{"type":"Feature","properties":{"a":"420031412002013","b":null},"geometry":{"type":"LineString","coordinates":[[-79.894402027130141,40.444056686825327],[-79.89483118057251,40.444203657931851],[-79.894959926605225,40.444236318134095],[-79.89468097686769,40.444938508644157]]}},
{"type":"Feature","properties":{"a":"420031412002027","b":null},"geometry":{"type":"MultiLineString","coordinates":[[[-79.894702434539809,40.443321826472413],[-79.893929958343506,40.443060540855335]],[[-79.89483118057251,40.442962558487089],[-79.894723892211928,40.443240174826173],[-79.894702434539809,40.443321826472413]]]}},
{"type":"Feature","properties":{"a":"420031412002029","b":null},"geometry":{"type":"LineString","coordinates":[[-79.893844127655044,40.443436138610515],[-79.893865585327148,40.443452468900098],[-79.894552230834961,40.443681092537574],[-79.894402027130141,40.444056686825327]]}},
{"type":"Feature","properties":{"a":"420031412002030","b":null},"geometry":{"type":"LineString","coordinates":[[-79.894981384277344,40.442603288581594],[-79.894959926605225,40.442668610525416],[-79.894852638244629,40.442880906404454],[-79.89483118057251,40.442962558487089]]}},
{"type":"Feature","properties":{"a":"420031412002031","b":null},"geometry":{"type":"LineString","coordinates":[[-79.895131587982192,40.442227686172771],[-79.895088672637954,40.442309339048869],[-79.895024299621596,40.442521636062544],[-79.894981384277344,40.442603288581594]]}},
{"type":"Feature","properties":{"a":"420031412002032","b":null},"geometry":{"type":"LineString","coordinates":[[-79.895260334014893,40.441884743010093],[-79.895238876342773,40.441950065652165],[-79.895153045654297,40.442162363800477],[-79.895131587982192,40.442227686172771]]}},
{"type":"Feature","properties":{"a":"420031412002033","b":null},"geometry":{"type":"LineString","coordinates":[[-79.895088672637954,40.441362159588436],[-79.895453453063979,40.44144381351586],[-79.895539283752441,40.441476475059062],[-79.895410537719741,40.441492805824701],[-79.895260334014893,40.441884743010093]]}},
{"type":"Feature","properties":{"a":"420031412002037","b":null},"geometry":{"type":"LineString","coordinates":[[-79.89468097686769,40.439827047293242],[-79.894917011260986,40.439810716122935],[-79.895839691162124,40.439761722588209],[-79.89568948745729,40.439827047293242],[-79.895088672637954,40.441362159588436]]}},
{"type":"Feature","properties":{"a":"420031412002044","b":null},"geometry":{"type":"LineString","coordinates":[[-79.895453453063979,40.438700187234929],[-79.895346164703383,40.438732850111116],[-79.895024299621596,40.438814507232159],[-79.894917011260986,40.43884717005281]]}},
{"type":"Feature","properties":{"a":"420031412002045","b":null},"geometry":{"type":"LineString","coordinates":[[-79.895539283752441,40.437540644849228],[-79.895904064178467,40.43835722607686],[-79.895989894866943,40.438569535571482],[-79.895453453063979,40.438700187234929]]}},
{"type":"Feature","properties":{"a":"420031412002050","b":null},"geometry":{"type":"LineString","coordinates":[[-79.89543199539186,40.43597278109025],[-79.895775318145766,40.436789381360278],[-79.895882606506348,40.43700169580594],[-79.895303249359131,40.43714868233711]]}},
{"type":"Feature","properties":{"a":"420031412002051","b":null},"geometry":{"type":"LineString","coordinates":[[-79.895303249359131,40.43714868233711],[-79.895367622375502,40.43713235051618],[-79.895410537719741,40.437214009581147],[-79.895496368408203,40.437458986180971],[-79.895539283752441,40.437540644849228]]}},
{"type":"Feature","properties":{"a":"420031412002052","b":null},"geometry":{"type":"LineString","coordinates":[[-79.895968437194824,40.435825791988364],[-79.895861148834214,40.435858456260995],[-79.895539283752441,40.435940116873148],[-79.89543199539186,40.43597278109025]]}},
{"type":"Feature","properties":{"a":"420031412002053","b":null},"geometry":{"type":"LineString","coordinates":[[-79.895732402801528,40.434225223190424],[-79.896161556243911,40.434813191665945],[-79.896247386932373,40.435058177013339],[-79.89631175994873,40.435107173975695],[-79.896805286407485,40.434992847674643],[-79.897041320800795,40.435548145030289],[-79.895968437194824,40.435825791988364]]}},
{"type":"Feature","properties":{"a":"420035154013000","b":null},"geometry":{"type":"LineString","coordinates":[[-79.895539283752441,40.433980234808203],[-79.895796775817885,40.433865906591038],[-79.895732402801528,40.434225223190424]]}},
{"type":"Feature","properties":{"a":"420035154013001","b":null},"geometry":{"type":"LineString","coordinates":[[-79.894058704376235,40.432836943889072],[-79.894165992736831,40.432804278148616],[-79.89457368850708,40.432640949208285],[-79.895539283752441,40.433980234808203]]}},
{"type":"Feature","properties":{"a":"420035161001000","b":null},"geometry":{"type":"LineString","coordinates":[[-79.885561466217027,40.435646138205229],[-79.885389804840088,40.434698864865034],[-79.885175228118882,40.433865906591038],[-79.885411262512207,40.433816908724161],[-79.885497093200669,40.434682532449038],[-79.885690212249742,40.435597141635604]]}},
{"type":"Feature","properties":{"a":"420035161001001","b":null},"geometry":{"type":"MultiLineString","coordinates":[[[-79.885690212249742,40.435597141635604],[-79.8870849609375,40.435352158251952],[-79.887213706970201,40.435678802565135],[-79.887299537658691,40.435727799075252],[-79.887385368347154,40.435711466909183],[-79.887449741363525,40.435695134739149],[-79.887664318084703,40.435548145030289],[-79.887921810150132,40.435482816167649],[-79.888029098510728,40.435417487241537],[-79.887943267822266,40.435205167793313],[-79.888930320739732,40.43502551235192],[-79.890153408050537,40.434502875611223]],[[-79.88772869110106,40.436217762212635],[-79.887170791625962,40.436430078463353]]]}},
{"type":"Feature","properties":{"a":"420035161001006","b":null},"geometry":{"type":"LineString","coordinates":[[-79.890646934509277,40.434290553274934],[-79.89073276519774,40.434257888240609],[-79.891033172607408,40.43412722794465],[-79.891119003295884,40.434094562830985]]}},
{"type":"Feature","properties":{"a":"420035161001007","b":null},"geometry":{"type":"LineString","coordinates":[[-79.890153408050537,40.434502875611223],[-79.890260696411133,40.434453878208501],[-79.890539646148682,40.434339550796651],[-79.890646934509277,40.434290553274934]]}},
{"type":"Feature","properties":{"a":"420035161001009","b":null},"geometry":{"type":"MultiLineString","coordinates":[[[-79.891119003295884,40.434094562830985],[-79.892084598541246,40.433686247571302]],[[-79.892578124999986,40.434339550796651],[-79.892578124999986,40.434372215791313]],[[-79.892578125,40.434372215791313],[-79.892578125,40.434339550796651]]]}},
{"type":"Feature","properties":{"a":"420035161001010","b":null},"geometry":{"type":"MultiLineString","coordinates":[[[-79.892878532409668,40.433343260837077],[-79.89307165145874,40.433261597071066]],[[-79.892578125,40.434339550796651],[-79.892578125,40.433473922656404],[-79.892878532409668,40.433343260837077]],[[-79.892084598541246,40.433686247571302],[-79.892299175262437,40.433588251540051],[-79.892578124999986,40.433473922656404],[-79.892578124999986,40.434339550796651]]]}},
{"type":"Feature","properties":{"a":"420035161001029","b":null},"geometry":{"type":"LineString","coordinates":[[-79.89356517791748,40.433049270815296],[-79.893651008605971,40.433016605177968],[-79.893972873687758,40.432885942470023],[-79.894058704376235,40.432836943889072]]}},
{"type":"Feature","properties":{"a":"420035161001030","b":null},"geometry":{"type":"LineString","coordinates":[[-79.89307165145874,40.433261597071066],[-79.89317893981935,40.433228931536895],[-79.893457889556885,40.433098269241512],[-79.89356517791748,40.433049270815296]]}},
{"type":"Feature","properties":{"a":"420035162001000","b":null},"geometry":{"type":"LineString","coordinates":[[-79.873781204223633,40.430697304369197],[-79.873952865600572,40.43053397031138],[-79.874167442321763,40.430419636234852],[-79.87498283386229,40.430207301005623],[-79.875476360321031,40.430043965757697],[-79.875154495239244,40.43058297057037],[-79.875047206878648,40.430648304193504],[-79.874961376190171,40.430648304193504],[-79.874811172485352,40.430599303982106],[-79.874660968780503,40.430648304193504],[-79.874424934387207,40.431072971196706],[-79.875304698944078,40.431383303080047],[-79.874467849731445,40.433000272353361],[-79.874382019042955,40.433408591778473],[-79.874467849731445,40.433865906591038],[-79.874660968780503,40.434339550796651],[-79.874854087829576,40.43451920807086],[-79.875047206878648,40.434584537869725],[-79.875304698944078,40.434617202745372],[-79.875690937042222,40.43451920807086],[-79.875841140747056,40.434421213253529],[-79.875969886779785,40.434225223190424],[-79.876077175140367,40.433506588071566],[-79.876227378845201,40.433294262589371],[-79.876527786254869,40.433049270815296],[-79.878716468811035,40.433800576093944]]}},
{"type":"Feature","properties":{"a":"420035162001003","b":null},"geometry":{"type":"LineString","coordinates":[[-79.878716468811035,40.433800576093944],[-79.878802299499483,40.433833241350428],[-79.879038333892822,40.433914904422188],[-79.87914562225339,40.433980234808203]]}},
{"type":"Feature","properties":{"a":"420035162001007","b":null},"geometry":{"type":"LineString","coordinates":[[-79.87914562225339,40.433980234808203],[-79.881334304809556,40.43211829393335],[-79.881591796874986,40.431938630244382],[-79.884445667266831,40.432934941015262],[-79.884617328643799,40.432983939524782],[-79.884767532348619,40.432983939524782],[-79.884767532348619,40.43316360042094],[-79.881892204284668,40.435613473829449]]}},
{"type":"Feature","properties":{"a":"420035162001009","b":null},"geometry":{"type":"LineString","coordinates":[[-79.882214069366455,40.435825791988364],[-79.882342815399156,40.435695134739149],[-79.882407188415513,40.43574413123735],[-79.88249301910399,40.435662470387172],[-79.882557392120361,40.435695134739149],[-79.882664680480943,40.435613473829449],[-79.882857799530029,40.435727799075252],[-79.8827290534973,40.435956448983688]]}},
{"type":"Feature","properties":{"a":"420035162001010","b":null},"geometry":{"type":"LineString","coordinates":[[-79.8827290534973,40.435956448983688],[-79.883630275726318,40.435858456260995],[-79.884188175201402,40.435891120517752],[-79.884681701660142,40.436021777386124],[-79.885067939758301,40.436234094255724]]}},
{"type":"Feature","properties":{"a":"420035162001011","b":null},"geometry":{"type":"LineString","coordinates":[[-79.885067939758301,40.436234094255724],[-79.885368347167955,40.436217762212635],[-79.885261058807373,40.435678802565135],[-79.885411262512207,40.435662470387172]]}},
{"type":"Feature","properties":{"a":"420035162001012","b":null},"geometry":{"type":"LineString","coordinates":[[-79.885411262512207,40.435662470387172],[-79.885497093200669,40.435646138205229],[-79.885561466217027,40.435646138205229]]}},
{"type":"Feature","properties":{"a":"420035170001000","b":null},"geometry":{"type":"LineString","coordinates":[[-79.870541095733628,40.432918608170809],[-79.871892929077134,40.431922297157946],[-79.873266220092759,40.430778971249346],[-79.874296188354478,40.430076632839025],[-79.874081611633301,40.430337968918337],[-79.873781204223633,40.430697304369197]]}},
{"type":"Feature","properties":{"a":"420035180011000","b":null},"geometry":{"type":"LineString","coordinates":[[-79.864940643310547,40.432412288025347],[-79.864361286163316,40.431791632323645],[-79.863975048065171,40.431121971062964],[-79.863760471343994,40.430435969686258],[-79.863588809967041,40.429521290298503],[-79.863760471343994,40.429488622947417]]}},
{"type":"Feature","properties":{"a":"420035180011001","b":null},"geometry":{"type":"LineString","coordinates":[[-79.863760471343994,40.429488622947417],[-79.863910675048828,40.429472289265945],[-79.864318370819078,40.429243617308551],[-79.864468574523926,40.429031278366203],[-79.864468574523926,40.428655600133553],[-79.864253997802734,40.427365211090674],[-79.864296913146958,40.427234537402029],[-79.864339828491197,40.427201868940209],[-79.864447116851807,40.427201868940209],[-79.865391254425035,40.427626557706297],[-79.865219593048081,40.427773564731311],[-79.865176677703857,40.427969573598155],[-79.865262508392334,40.428181915892601],[-79.865691661834703,40.428671934013401],[-79.86586332321167,40.429031278366203],[-79.86586332321167,40.429210949822597],[-79.865734577178941,40.429602958606779],[-79.865756034851074,40.429945964418522],[-79.865992069244371,40.430305301963962],[-79.866614341735826,40.430762637881244],[-79.866786003112793,40.430746304509192],[-79.867129325866699,40.430631970793677],[-79.86985445022583,40.42968462681587],[-79.870026111602783,40.429586624953053],[-79.870326519012451,40.42906394593944],[-79.870519638061523,40.428639266249753],[-79.870605468749986,40.42819824988748],[-79.870605468749986,40.427936905493347],[-79.870562553405748,40.427724562425347],[-79.870326519012451,40.427267205847997],[-79.870004653930664,40.426891517761419],[-79.869596958160386,40.426532161975835],[-79.868974685668945,40.42605846277948],[-79.867730140686021,40.425192728041893],[-79.868566989898667,40.424588340582453],[-79.868695735931382,40.424915037180845],[-79.868803024291992,40.425062050132439],[-79.868931770324693,40.425225397479586],[-79.869296550750732,40.42551942170477],[-79.869725704193101,40.425731771734753],[-79.871699810028076,40.426434155519274],[-79.872043132781982,40.426646502661328],[-79.872343540191636,40.426907852069689],[-79.871163368225083,40.427544886998014],[-79.871034622192383,40.427577555293233],[-79.871206283569322,40.428328921703709],[-79.871141910552964,40.428655600133553],[-79.871013164520264,40.429047612154804],[-79.870798587799058,40.429488622947417],[-79.870519638061523,40.429896963695377],[-79.870455265045152,40.429929630848108],[-79.871571063995347,40.43174263294533],[-79.871206283569322,40.432036628679683],[-79.871120452880845,40.43205296173835],[-79.870648384094224,40.431922297157946],[-79.870069026947021,40.431889630973167],[-79.869425296783433,40.432003962550453],[-79.86884593963623,40.43221629210683]]}},
{"type":"Feature","properties":{"a":"420035180012002","b":null},"geometry":{"type":"LineString","coordinates":[[-79.85736608505249,40.434878521179193],[-79.857451915740967,40.43489485354759],[-79.857623577117906,40.434764194489361],[-79.858181476593018,40.434241555717506],[-79.858353137969971,40.434012899977404],[-79.858546257019043,40.43360458422184],[-79.858610630035386,40.433310595342583],[-79.85925436019896,40.432575617521074],[-79.859833717346191,40.431987629479885],[-79.859941005706787,40.431938630244382],[-79.860091209411607,40.431922297157946],[-79.860219955444336,40.431938630244382],[-79.860413074493394,40.432036628679683],[-79.860498905181885,40.432150960007043],[-79.860520362854004,40.432314290137498],[-79.860370159149156,40.432575617521074],[-79.859619140624986,40.433539253470862],[-79.859318733215318,40.434208890659377],[-79.858953952789292,40.435368490505297],[-79.858975410461412,40.435548145030289],[-79.859147071838379,40.435809459846091],[-79.859511852264404,40.436136101937677],[-79.859640598297105,40.436217762212635],[-79.860455989837632,40.436969032088705],[-79.8607563972473,40.437197677776091],[-79.861164093017564,40.437312000328198],[-79.861400127410874,40.43729566854693],[-79.861593246459961,40.437246673179374],[-79.861893653869629,40.437067023192796],[-79.86200094223021,40.436920036483116],[-79.86236572265625,40.436070773646314],[-79.862558841705322,40.435499148389262],[-79.862537384033203,40.435352158251952],[-79.862451553344712,40.43527049692571],[-79.862129688262925,40.435107173975695],[-79.861893653869629,40.435090841658869],[-79.861958026885986,40.434796859277718],[-79.862022399902344,40.434731529685124],[-79.86236572265625,40.434666200029064],[-79.862494468688951,40.434617202745372],[-79.862601757049561,40.434486543147621],[-79.862580299377441,40.434274220759754],[-79.862236976623535,40.433686247571302],[-79.862816333770738,40.4335229207732],[-79.862902164459229,40.433473922656404],[-79.863073825836182,40.433816908724161],[-79.863867759704576,40.435074509338079]]}},
{"type":"Feature","properties":{"a":"420035180012014","b":null},"geometry":{"type":"LineString","coordinates":[[-79.865326881408677,40.433147267632037],[-79.865176677703857,40.432983939524782],[-79.865069389343262,40.432918608170809],[-79.865026473999009,40.432673615028079],[-79.864962100982652,40.432608283372609],[-79.864811897277832,40.432542951653666],[-79.86461877822876,40.432559284589352],[-79.86461877822876,40.432395955053963],[-79.864940643310547,40.432412288025347]]}},
{"type":"Feature","properties":{"a":"420035190002003","b":null},"geometry":{"type":"LineString","coordinates":[[-79.85736608505249,40.441852081665253],[-79.852001667022691,40.436887372726204],[-79.853460788726792,40.43574413123735],[-79.856078624725342,40.433784243459755],[-79.856185913085923,40.433833241350428],[-79.85736608505249,40.434878521179193]]}},
{"type":"Feature","properties":{"a":"420035190003010","b":null},"geometry":{"type":"LineString","coordinates":[[-79.853718280792222,40.452645792046084],[-79.853696823120103,40.452302902038518],[-79.853696823120103,40.45147016187871],[-79.853675365447984,40.451192579532226]]}},
{"type":"Feature","properties":{"a":"420035190003011","b":null},"geometry":{"type":"LineString","coordinates":[[-79.853675365447984,40.451192579532226],[-79.853675365447984,40.450931324511643],[-79.853653907775879,40.450131224692946],[-79.853653907775879,40.449869965546199]]}},
{"type":"Feature","properties":{"a":"420035190003019","b":null},"geometry":{"type":"LineString","coordinates":[[-79.848418235778809,40.445950956465893],[-79.84837532043457,40.445428404655772],[-79.850349426269531,40.445199786961361],[-79.851658344268785,40.444938508644157],[-79.852902889251709,40.444562919283818],[-79.853932857513428,40.444138337479728],[-79.854662418365479,40.44374641343402],[-79.855692386627197,40.443125862354819],[-79.857451915740967,40.44193373499759],[-79.857645034790039,40.442113371979602]]}},
{"type":"Feature","properties":{"a":"420035190003020","b":null},"geometry":{"type":"LineString","coordinates":[[-79.857645034790039,40.442113371979602],[-79.858031272888184,40.442472644503518]]}},
{"type":"Feature","properties":{"a":"420035190003021","b":null},"geometry":{"type":"MultiLineString","coordinates":[[[-79.84837532043457,40.446408185967165],[-79.848418235778809,40.445950956465893]],[[-79.850027561187744,40.447289976935828],[-79.849362373352051,40.447828843499266],[-79.849340915679932,40.447567575402019],[-79.849212169647203,40.447387952995996],[-79.848675727844238,40.44694705960049],[-79.848396778106689,40.44665312906335],[-79.84837532043457,40.446408185967165]]]}},
{"type":"Feature","properties":{"a":"420035190003022","b":null},"geometry":{"type":"LineString","coordinates":[[-79.853610992431641,40.449249471002091],[-79.853589534759521,40.448204414609691],[-79.853482246398912,40.448073781418017],[-79.853417873382568,40.448041123080436],[-79.85301017761229,40.44797580635764],[-79.851336479186998,40.44799213554429],[-79.850606918334947,40.448041123080436],[-79.85039234161377,40.447649221791508],[-79.850027561187744,40.447289976935828]]}},
{"type":"Feature","properties":{"a":"420035190003023","b":null},"geometry":{"type":"LineString","coordinates":[[-79.853653907775879,40.449869965546199],[-79.853610992431641,40.449527061374745],[-79.853610992431641,40.449249471002091]]}},
{"type":"Feature","properties":{"a":"420035190003025","b":null},"geometry":{"type":"LineString","coordinates":[[-79.857451915740967,40.44193373499759],[-79.857409000396714,40.441901073676561],[-79.85736608505249,40.441852081665253]]}},
{"type":"Feature","properties":{"a":"420035190003026","b":null},"geometry":{"type":"LineString","coordinates":[[-79.858031272888184,40.442472644503518],[-79.857451915740967,40.44193373499759]]}},
{"type":"Feature","properties":{"a":"420035231003016","b":null},"geometry":{"type":"LineString","coordinates":[[-79.871463775634766,40.457135856856539],[-79.871528148651109,40.457772605390694],[-79.87150669097899,40.457919546503099],[-79.87124919891356,40.458458327832389],[-79.871163368225083,40.458752206736307],[-79.87086296081543,40.458719553588246],[-79.868202209472656,40.459078737344065],[-79.866034984588609,40.459421592774142]]}},
{"type":"Feature","properties":{"a":"420035232003006","b":null},"geometry":{"type":"MultiLineString","coordinates":[[[-79.854125976562486,40.458376694575392],[-79.85352516174315,40.458311387898362],[-79.851830005645738,40.458001180315577],[-79.851787090301514,40.457821585797205],[-79.851443767547607,40.457119529891692],[-79.85137939453125,40.454605129952583],[-79.85127210617064,40.454376543474069]],[[-79.85251665115355,40.454801060600943],[-79.852430820465088,40.454996990677969],[-79.852452278137193,40.455111282959052],[-79.852924346923828,40.45596030524662],[-79.853138923645005,40.456156231943268],[-79.853374958038316,40.456270522252474],[-79.85363245010376,40.456335830913304],[-79.854061603546128,40.456335830913304]],[[-79.855563640594468,40.45816444764295],[-79.854726791381822,40.458344041244807],[-79.854125976562486,40.458376694575392]]]}},
{"type":"Feature","properties":{"a":"420035232003008","b":null},"geometry":{"type":"MultiLineString","coordinates":[[[-79.854061603546128,40.456335830913304],[-79.854061603546128,40.45623786789826],[-79.853975772857666,40.456058268666361],[-79.853997230529785,40.455878668954391],[-79.854125976562486,40.45573172337842],[-79.854190349578843,40.455699068762335],[-79.854576587677002,40.455601104818868],[-79.854812622070298,40.455421503884892],[-79.854919910430908,40.455192920183663],[-79.854941368103027,40.454343888199382],[-79.854898452758775,40.454229594612954],[-79.854834079742417,40.454164283904859],[-79.854640960693359,40.45404999001294],[-79.854362010955811,40.454017334579547],[-79.853160381317124,40.454262249943206],[-79.852945804595947,40.454327560556081],[-79.852795600891099,40.45442552635636],[-79.852623939514146,40.454605129952583],[-79.85251665115355,40.454801060600943]],[[-79.85127210617064,40.454376543474069],[-79.850971698760972,40.45418061158783],[-79.850864410400391,40.454147956217923],[-79.850606918334947,40.454098973133291],[-79.85037088394165,40.454115300832136],[-79.849834442138658,40.454311232908807],[-79.849705696105957,40.454392871105469],[-79.849641323089585,40.454474509202939],[-79.84953403472899,40.454768405532555],[-79.84938383102417,40.454588802372761],[-79.848911762237535,40.453837729412179],[-79.848225116729722,40.453315238922883],[-79.848160743713379,40.452025323131863],[-79.847795963287339,40.451225236338381],[-79.847795963287339,40.451110937447396],[-79.847860336303697,40.451029295263389],[-79.848053455352783,40.450963981444758],[-79.848246574401841,40.451012966814687],[-79.850864410400391,40.452907040401271],[-79.851078987121582,40.453021336237278],[-79.85127210617064,40.453086648056278],[-79.851894378662109,40.453217271503846],[-79.852302074432359,40.453266255231213],[-79.853739738464341,40.453233599416933]]]}},
{"type":"Feature","properties":{"a":"420035232003013","b":null},"geometry":{"type":"LineString","coordinates":[[-79.853739738464341,40.453233599416933],[-79.853718280792222,40.453102976001105],[-79.853718280792222,40.452645792046084]]}},
{"type":"Feature","properties":{"a":"420035232004000","b":null},"geometry":{"type":"MultiLineString","coordinates":[[[-79.85637903213501,40.463045957443072],[-79.856100082397461,40.462752097322209],[-79.856078624725342,40.462686794898538],[-79.856014251708984,40.461690925071679],[-79.855692386627197,40.458278734536044],[-79.855670928955078,40.458180774353863],[-79.855563640594468,40.45816444764295]],[[-79.860177040100098,40.460890953370217],[-79.859039783477769,40.460923605462881],[-79.858353137969971,40.460841975201468],[-79.858481884002686,40.462246001878327],[-79.857301712036133,40.462490887246659],[-79.856700897216797,40.462801074098287],[-79.85637903213501,40.463045957443072]]]}},
{"type":"Feature","properties":{"a":"420035232004002","b":null},"geometry":{"type":"MultiLineString","coordinates":[[[-79.860241413116455,40.461854183432102],[-79.860219955444336,40.461788880135543],[-79.860177040100098,40.460890953370217]],[[-79.861807823181138,40.461446036787081],[-79.860241413116455,40.461854183432102]]]}},
{"type":"Feature","properties":{"a":"420035232004003","b":null},"geometry":{"type":"LineString","coordinates":[[-79.863052368164062,40.461413384948344],[-79.862859249114976,40.461397059023028],[-79.86251592636107,40.461397059023028],[-79.861807823181138,40.461446036787081]]}},
{"type":"Feature","properties":{"a":"420035232004004","b":null},"geometry":{"type":"MultiLineString","coordinates":[[[-79.864232540130601,40.461446036787081],[-79.863052368164062,40.461413384948344]],[[-79.866034984588609,40.459421592774142],[-79.866271018981919,40.459813425408832],[-79.866399765014634,40.460270560594161],[-79.866399765014634,40.460907279418535],[-79.866335391998277,40.461070539683469],[-79.865713119506822,40.461217473582664],[-79.864747524261475,40.461397059023028],[-79.864232540130601,40.461446036787081]]]}},
{"type":"Feature","properties":{"a":"420035604001005","b":null},"geometry":{"type":"MultiLineString","coordinates":[[[-79.892277717590318,40.448286060225549],[-79.892406463623033,40.448384034833637]],[[-79.892578124999986,40.448449351159688],[-79.892578124999986,40.449576047792085]],[[-79.892578125,40.449576047792085],[-79.892578125,40.448449351159688]]]}},
{"type":"Feature","properties":{"a":"420035604001006","b":null},"geometry":{"type":"MultiLineString","coordinates":[[[-79.892578125,40.448449351159688],[-79.892578125,40.448024793905688]],[[-79.892578124999986,40.448024793905688],[-79.892578124999986,40.448449351159688]],[[-79.892406463623033,40.448384034833637],[-79.892342090606689,40.448335047547445]]]}},
{"type":"Feature","properties":{"a":"420035604001007","b":null},"geometry":{"type":"MultiLineString","coordinates":[[[-79.892578124999986,40.44627754928419],[-79.892578124999986,40.44694705960049],[-79.892578124999986,40.448024793905688]],[[-79.892342090606689,40.448335047547445],[-79.892277717590318,40.448286060225549]],[[-79.892578125,40.448024793905688],[-79.892578125,40.44694705960049],[-79.892578125,40.44627754928419]]]}},
{"type":"Feature","properties":{"a":"420035604001008","b":null},"geometry":{"type":"LineString","coordinates":[[-79.889981746673556,40.444562919283818],[-79.890067577362046,40.444399618907319]]}},
{"type":"Feature","properties":{"a":"420035604001009","b":null},"geometry":{"type":"MultiLineString","coordinates":[[[-79.892578124999986,40.445314095905772],[-79.892578124999986,40.44627754928419]],[[-79.892578125,40.44627754928419],[-79.892578125,40.445314095905772]]]}},
{"type":"Feature","properties":{"a":"420035604001011","b":null},"geometry":{"type":"MultiLineString","coordinates":[[[-79.892578125,40.444905848783094],[-79.892578125,40.444399618907319]],[[-79.892578124999986,40.444399618907319],[-79.892578124999986,40.444905848783094]]]}},
{"type":"Feature","properties":{"a":"420035604001012","b":null},"geometry":{"type":"MultiLineString","coordinates":[[[-79.892578125,40.445314095905772],[-79.892578125,40.444905848783094]],[[-79.892578124999986,40.444905848783094],[-79.892578124999986,40.445314095905772]]]}},
{"type":"Feature","properties":{"a":"420035604001015","b":null},"geometry":{"type":"MultiLineString","coordinates":[[[-79.892578124999986,40.443452468900098],[-79.892578124999986,40.444399618907319]],[[-79.892578125,40.444399618907319],[-79.892578125,40.443452468900098]]]}},
{"type":"Feature","properties":{"a":"420035604002004","b":null},"geometry":{"type":"MultiLineString","coordinates":[[[-79.892578124999986,40.442276677910328],[-79.892578124999986,40.443452468900098]],[[-79.892578125,40.443452468900098],[-79.892578125,40.442276677910328]],[[-79.893929958343506,40.443060540855335],[-79.893844127655044,40.443436138610515]]]}},
{"type":"Feature","properties":{"a":"420035604002005","b":null},"geometry":{"type":"MultiLineString","coordinates":[[[-79.892578125,40.442276677910328],[-79.892578125,40.441247843923421]],[[-79.892578124999986,40.441247843923421],[-79.892578124999986,40.442276677910328]]]}},
{"type":"Feature","properties":{"a":"420035605001004","b":null},"geometry":{"type":"MultiLineString","coordinates":[[[-79.892578125,40.440545614859218],[-79.892578125,40.438798175815883]],[[-79.892578124999986,40.438798175815883],[-79.892578124999986,40.440545614859218]]]}},
{"type":"Feature","properties":{"a":"420035605001005","b":null},"geometry":{"type":"MultiLineString","coordinates":[[[-79.892578125,40.441247843923421],[-79.892578125,40.440545614859218]],[[-79.892578124999986,40.440545614859218],[-79.892578124999986,40.441247843923421]]]}},
{"type":"Feature","properties":{"a":"420035605001006","b":null},"geometry":{"type":"LineString","coordinates":[[-79.894917011260986,40.43884717005281],[-79.89483118057251,40.439206460032594],[-79.894788265228286,40.439418766845392],[-79.89468097686769,40.439827047293242]]}},
{"type":"Feature","properties":{"a":"420035605001009","b":null},"geometry":{"type":"MultiLineString","coordinates":[[[-79.892578125,40.438798175815883],[-79.892578125,40.437834615233719]],[[-79.892578124999986,40.437834615233726],[-79.892578124999986,40.438798175815883]]]}},
{"type":"Feature","properties":{"a":"420035605002007","b":null},"geometry":{"type":"LineString","coordinates":[[-79.887170791625962,40.436430078463353],[-79.887642860412583,40.436250426294841]]}},
{"type":"Feature","properties":{"a":"420035605002014","b":null},"geometry":{"type":"MultiLineString","coordinates":[[[-79.892578125,40.437834615233719],[-79.892578125,40.437393659174973]],[[-79.892578124999986,40.437393659174973],[-79.892578124999986,40.437834615233726]]]}},
{"type":"Feature","properties":{"a":"420035605002016","b":null},"geometry":{"type":"LineString","coordinates":[[-79.895195960998535,40.436740385623764],[-79.895217418670654,40.436805713264519]]}},
{"type":"Feature","properties":{"a":"420035605002018","b":null},"geometry":{"type":"LineString","coordinates":[[-79.887642860412583,40.436250426294841],[-79.88772869110106,40.436217762212635]]}},
{"type":"Feature","properties":{"a":"420035605002020","b":null},"geometry":{"type":"MultiLineString","coordinates":[[[-79.892578125,40.437393659174973],[-79.892578125,40.436691389851539]],[[-79.892578124999986,40.436691389851539],[-79.892578124999986,40.437393659174973]]]}},
{"type":"Feature","properties":{"a":"420035605002026","b":null},"geometry":{"type":"MultiLineString","coordinates":[[[-79.892578124999986,40.436119769870793],[-79.892578124999986,40.436691389851539]],[[-79.892578125,40.436691389851539],[-79.892578125,40.436119769870793]]]}},
{"type":"Feature","properties":{"a":"420035605002027","b":null},"geometry":{"type":"MultiLineString","coordinates":[[[-79.892578124999986,40.435205167793313],[-79.892578124999986,40.436119769870793]],[[-79.892578125,40.436119769870793],[-79.892578125,40.435205167793313]]]}},
{"type":"Feature","properties":{"a":"420035605002031","b":null},"geometry":{"type":"LineString","coordinates":[[-79.895174503326416,40.436675057919537],[-79.895195960998535,40.436740385623764]]}},
{"type":"Feature","properties":{"a":"420035605002032","b":null},"geometry":{"type":"LineString","coordinates":[[-79.895217418670654,40.436805713264519],[-79.895174503326416,40.436675057919537]]}},
{"type":"Feature","properties":{"a":"420035605002037","b":null},"geometry":{"type":"MultiLineString","coordinates":[[[-79.892578125,40.435205167793313],[-79.892578125,40.434372215791313]],[[-79.892578124999986,40.434372215791313],[-79.892578124999986,40.435205167793313]]]}},
{"type":"Feature","properties":{"a":"420035614002020","b":null},"geometry":{"type":"LineString","coordinates":[[-79.86101388931273,40.451241564735511],[-79.861550331115723,40.451404848488572]]}},
{"type":"Feature","properties":{"a":"420035614002023","b":null},"geometry":{"type":"LineString","coordinates":[[-79.862666130065904,40.448759602841548],[-79.862987995147691,40.448841247782923]]}},
{"type":"Feature","properties":{"a":"420035614002025","b":null},"geometry":{"type":"LineString","coordinates":[[-79.862987995147691,40.448841247782923],[-79.862601757049561,40.448743273841366]]}},
{"type":"Feature","properties":{"a":"420035614004004","b":null},"geometry":{"type":"LineString","coordinates":[[-79.862601757049561,40.448743273841366],[-79.862666130065904,40.448759602841548]]}},
{"type":"Feature","properties":{"a":"420035615001010","b":null},"geometry":{"type":"LineString","coordinates":[[-79.869918823242173,40.440806910251659],[-79.870605468749986,40.440414966782136]]}},
{"type":"Feature","properties":{"a":"420035615001011","b":null},"geometry":{"type":"LineString","coordinates":[[-79.870605468749986,40.440414966782136],[-79.870176315307617,40.440659931718372]]}},
{"type":"Feature","properties":{"a":"420035615002000","b":null},"geometry":{"type":"LineString","coordinates":[[-79.863867759704576,40.435074509338079],[-79.864597320556641,40.43412722794465],[-79.865326881408677,40.433147267632037]]}},
{"type":"Feature","properties":{"a":"420035615002008","b":null},"geometry":{"type":"LineString","coordinates":[[-79.870176315307617,40.440659931718372],[-79.869918823242173,40.440806910251659]]}},
{"type":"Feature","properties":{"a":"420035615003021","b":null},"geometry":{"type":"LineString","coordinates":[[-79.875175952911363,40.442407322369263],[-79.874746799468994,40.442276677910328]]}},
{"type":"Feature","properties":{"a":"420035615003022","b":null},"geometry":{"type":"LineString","coordinates":[[-79.877085685729966,40.442456313975903],[-79.876999855041504,40.442619619073497]]}},
{"type":"Feature","properties":{"a":"420035647002005","b":null},"geometry":{"type":"LineString","coordinates":[[-79.881441593170152,40.436005445291464],[-79.881269931793199,40.436136101937677]]}},
{"type":"Feature","properties":{"a":"420035647002007","b":null},"geometry":{"type":"LineString","coordinates":[[-79.881269931793199,40.436136101937677],[-79.881312847137437,40.436103437799929]]}},
{"type":"Feature","properties":{"a":"420035647002008","b":null},"geometry":{"type":"MultiLineString","coordinates":[[[-79.881312847137437,40.436103437799929],[-79.881441593170152,40.436005445291464]],[[-79.881892204284668,40.435613473829449],[-79.88197803497313,40.435678802565135],[-79.881999492645249,40.435678802565135],[-79.882214069366455,40.435825791988364]]]}},
{"type":"Feature","properties":{"a":"420035647002011","b":null},"geometry":{"type":"LineString","coordinates":[[-79.870412349700928,40.432869609613675],[-79.870541095733628,40.432918608170809]]}},
{"type":"Feature","properties":{"a":"420035647002012","b":null},"geometry":{"type":"LineString","coordinates":[[-79.86884593963623,40.43221629210683],[-79.869124889373765,40.432330623128721],[-79.869790077209458,40.432608283372609],[-79.870412349700928,40.432869609613675]]}},
{"type":"Feature","properties":{"a":"420035647003017","b":null},"geometry":{"type":"LineString","coordinates":[[-79.881806373596177,40.440431297805652],[-79.88184928894043,40.440349642648385]]}},
{"type":"Feature","properties":{"a":"420035647003018","b":null},"geometry":{"type":"LineString","coordinates":[[-79.883008003234849,40.440839572104302],[-79.883093833923326,40.440676262682388]]}},
{"type":"Feature","properties":{"a":"420035647003025","b":null},"geometry":{"type":"LineString","coordinates":[[-79.88184928894043,40.440349642648385],[-79.881892204284668,40.440267987391934]]}},
{"type":"Feature","properties":{"a":"420035647003026","b":null},"geometry":{"type":"LineString","coordinates":[[-79.881892204284668,40.440267987391934],[-79.881806373596177,40.440431297805652]]}},
{"type":"Feature","properties":{"a":"420035647003030","b":null},"geometry":{"type":"LineString","coordinates":[[-79.885110855102525,40.438455215157688],[-79.885003566741943,40.439026815282723]]}},
{"type":"Feature","properties":{"a":"420035647003031","b":null},"geometry":{"type":"LineString","coordinates":[[-79.885003566741943,40.439026815282723],[-79.885046482086182,40.438798175815883]]}},
{"type":"Feature","properties":{"a":"420035647003035","b":null},"geometry":{"type":"LineString","coordinates":[[-79.885046482086182,40.438798175815883],[-79.885110855102525,40.438455215157688]]}},
{"type":"Feature","properties":{"a":"420035648001000","b":null},"geometry":{"type":"LineString","coordinates":[[-79.869039058685289,40.449380101908531],[-79.868288040161133,40.449396430753978]]}},
{"type":"Feature","properties":{"a":"420035648001001","b":null},"geometry":{"type":"LineString","coordinates":[[-79.870927333831773,40.449380101908531],[-79.869039058685289,40.449380101908531]]}},
{"type":"Feature","properties":{"a":"420035648001031","b":null},"geometry":{"type":"LineString","coordinates":[[-79.877042770385742,40.442537966574292],[-79.877085685729966,40.442456313975903]]}},
{"type":"Feature","properties":{"a":"420035648001032","b":null},"geometry":{"type":"LineString","coordinates":[[-79.876999855041504,40.442619619073497],[-79.877042770385742,40.442537966574292]]}},
{"type":"Feature","properties":{"a":"420035648002000","b":null},"geometry":{"type":"LineString","coordinates":[[-79.879424571990953,40.448351376646812],[-79.879553318023667,40.448318718444114]]}},
{"type":"Feature","properties":{"a":"420035648002001","b":null},"geometry":{"type":"LineString","coordinates":[[-79.879553318023667,40.448318718444114],[-79.879617691040025,40.44830238933681]]}},
{"type":"Feature","properties":{"a":"420035648002002","b":null},"geometry":{"type":"MultiLineString","coordinates":[[[-79.881205558776855,40.449347444205728],[-79.881033897399902,40.449380101908531]],[[-79.880669116973877,40.449461746096105],[-79.880411624908433,40.449527061374745]]]}},
{"type":"Feature","properties":{"a":"420035648002003","b":null},"geometry":{"type":"LineString","coordinates":[[-79.881291389465318,40.449331115348372],[-79.881205558776855,40.449347444205728]]}},
{"type":"Feature","properties":{"a":"420035648002013","b":null},"geometry":{"type":"LineString","coordinates":[[-79.884810447692857,40.445967286144494],[-79.88459587097168,40.446375526820212]]}},
{"type":"Feature","properties":{"a":"420035648002017","b":null},"geometry":{"type":"LineString","coordinates":[[-79.879617691040025,40.44830238933681],[-79.879424571990953,40.448351376646812]]}},
{"type":"Feature","properties":{"a":"420035648002022","b":null},"geometry":{"type":"LineString","coordinates":[[-79.883501529693589,40.444791539144404],[-79.88358736038208,40.444628239323329]]}}
]
}
