{"type":"FeatureCollection","properties":{"generated_from":"assets/wilkinsburg_fluid_grid.geojson"},"features":[{"type":"Feature","properties":{"a":"RF0001","b":"RF0439"},"geometry":{"type":"LineString","coordinates":[[-79.87435388145855,40.449480685912974],[-79.8746276533064,40.44971552712588]]}},{"type":"Feature","properties":{"a":"RF0001","b":null},"geometry":{"type":"LineString","coordinates":[[-79.87368296358194,40.44946009479422],[-79.87435388145855,40.449480685912974]]}},{"type":"Feature","properties":{"a":"RF0001","b":"RF0442"},"geometry":{"type":"LineString","coordinates":[[-79.87268686294554,40.44936377305912],[-79.87368296358194,40.44946009479422]]}},{"type":"Feature","properties":{"a":"RF0001","b":"RF0442"},"geometry":{"type":"LineString","coordinates":[[-79.87260103225707,40.44938010190853],[-79.87268686294554,40.44936377305912]]}},{"type":"Feature","properties":{"a":"RF0001","b":"RF0442"},"geometry":{"type":"LineString","coordinates":[[-79.87092733383177,40.44938010190853],[-79.87260103225707,40.44938010190853]]}},{"type":"Feature","properties":{"a":"RF0001","b":"RF0199"},"geometry":{"type":"LineString","coordinates":[[-79.87092733383177,40.44938010190853],[-79.87093044940595,40.449386029113896]]}},{"type":"Feature","properties":{"a":"RF0001","b":"RF0199"},"geometry":{"type":"LineString","coordinates":[[-79.87093044940595,40.449386029113896],[-79.87105907028457,40.44938461165005]]}},{"type":"Feature","properties":{"a":"RF0001","b":"RF0199"},"geometry":{"type":"LineString","coordinates":[[-79.87078499573747,40.450104725919445],[-79.87105907028457,40.44938461165005]]}},{"type":"Feature","properties":{"a":"RF0001","b":null},"geometry":{"type":"LineString","coordinates":[[-79.87078499573747,40.450104725919445],[-79.870917,40.450117]]}},{"type":"Feature","properties":{"a":"RF0001","b":null},"geometry":{"type":"LineString","coordinates":[[-79.870917,40.450117],[-79.871107,40.450135]]}},{"type":"Feature","properties":{"a":"RF0001","b":null},"geometry":{"type":"LineString","coordinates":[[-79.871107,40.450135],[-79.871197,40.450141]]}},{"type":"Feature","properties":{"a":"RF0001","b":null},"geometry":{"type":"LineString","coordinates":[[-79.871197,40.450141],[-79.87147,40.450162]]}},{"type":"Feature","properties":{"a":"RF0001","b":null},"geometry":{"type":"LineString","coordinates":[[-79.87147,40.450162],[-79.871561,40.450169]]}},{"type":"Feature","properties":{"a":"RF0001","b":null},"geometry":{"type":"LineString","coordinates":[[-79.871561,40.450169],[-79.871775,40.450018]]}},{"type":"Feature","properties":{"a":"RF0001","b":null},"geometry":{"type":"LineString","coordinates":[[-79.871775,40.450018],[-79.872418,40.449568]]}},{"type":"Feature","properties":{"a":"RF0001","b":null},"geometry":{"type":"LineString","coordinates":[[-79.872418,40.449568],[-79.8726194485652,40.449427454489395]]}},{"type":"Feature","properties":{"a":"RF0001","b":null},"geometry":{"type":"LineString","coordinates":[[-79.8726194485652,40.449427454489395],[-79.872633,40.449418]]}},{"type":"Feature","properties":{"a":"RF0001","b":null},"geometry":{"type":"LineString","coordinates":[[-79.872633,40.449418],[-79.87268106045022,40.449429345417755]]}},{"type":"Feature","properties":{"a":"RF0001","b":null},"geometry":{"type":"LineString","coordinates":[[-79.87268106045022,40.449429345417755],[-79.872938,40.44949]]}},{"type":"Feature","properties":{"a":"RF0001","b":null},"geometry":{"type":"LineString","coordinates":[[-79.872938,40.44949],[-79.873855,40.449708]]}},{"type":"Feature","properties":{"a":"RF0001","b":null},"geometry":{"type":"LineString","coordinates":[[-79.873855,40.449708],[-79.874161,40.449781]]}},{"type":"Feature","properties":{"a":"RF0001","b":null},"geometry":{"type":"LineString","coordinates":[[-79.874161,40.449781],[-79.87451,40.449882]]}},{"type":"Feature","properties":{"a":"RF0001","b":null},"geometry":{"type":"LineString","coordinates":[[-79.87451,40.449882],[-79.87462397119462,40.449876529382664]]}},{"type":"Feature","properties":{"a":"RF0001","b":"RF0443"},"geometry":{"type":"LineString","coordinates":[[-79.87462397119462,40.449876529382664],[-79.8746276533064,40.44971552712588]]}},{"type":"Feature","properties":{"a":"RF0002","b":"RF0003"},"geometry":{"type":"LineString","coordinates":[[-79.86752893741233,40.44942351540934],[-79.8683647438138,40.45044141087207]]}},{"type":"Feature","properties":{"a":"RF0002","b":"RF0003"},"geometry":{"type":"LineString","coordinates":[[-79.86752893741233,40.44942351540934],[-79.8675814122458,40.449422937111486]]}},{"type":"Feature","properties":{"a":"RF0002","b":"RF0003"},"geometry":{"type":"LineString","coordinates":[[-79.86755847930908,40.44938010190853],[-79.8675814122458,40.449422937111486]]}},{"type":"Feature","properties":{"a":"RF0002","b":"RF0178"},"geometry":{"type":"LineString","coordinates":[[-79.8671293258667,40.44939643075398],[-79.86755847930908,40.44938010190853]]}},{"type":"Feature","properties":{"a":"RF0002","b":"RF0178"},"geometry":{"type":"LineString","coordinates":[[-79.86688351104819,40.450568],[-79.8671293258667,40.44939643075398]]}},{"type":"Feature","properties":{"a":"RF0002","b":null},"geometry":{"type":"LineString","coordinates":[[-79.86688351104819,40.450568],[-79.867271,40.450568]]}},{"type":"Feature","properties":{"a":"RF0002","b":null},"geometry":{"type":"LineString","coordinates":[[-79.867271,40.450568],[-79.867442,40.450544]]}},{"type":"Feature","properties":{"a":"RF0002","b":null},"geometry":{"type":"LineString","coordinates":[[-79.867442,40.450544],[-79.867958,40.450476]]}},{"type":"Feature","properties":{"a":"RF0002","b":null},"geometry":{"type":"LineString","coordinates":[[-79.867958,40.450476],[-79.86813,40.450454]]}},{"type":"Feature","properties":{"a":"RF0002","b":null},"geometry":{"type":"LineString","coordinates":[[-79.86813,40.450454],[-79.868238,40.450448]]}},{"type":"Feature","properties":{"a":"RF0002","b":null},"geometry":{"type":"LineString","coordinates":[[-79.868238,40.450448],[-79.8683647438138,40.45044141087207]]}},{"type":"Feature","properties":{"a":"RF0003","b":"RF0430"},"geometry":{"type":"LineString","coordinates":[[-79.86829033713207,40.44941512441884],[-79.86951041862585,40.45024656349974]]}},{"type":"Feature","properties":{"a":"RF0003","b":"RF0430"},"geometry":{"type":"LineString","coordinates":[[-79.86829033713207,40.44941512441884],[-79.8682949923187,40.44941507311645]]}},{"type":"Feature","properties":{"a":"RF0003","b":"RF0430"},"geometry":{"type":"LineString","coordinates":[[-79.86828804016113,40.44939643075398],[-79.8682949923187,40.44941507311645]]}},{"type":"Feature","properties":{"a":"RF0003","b":"RF0430"},"geometry":{"type":"LineString","coordinates":[[-79.86755847930908,40.44938010190853],[-79.86828804016113,40.44939643075398]]}},{"type":"Feature","properties":{"a":"RF0003","b":null},"geometry":{"type":"LineString","coordinates":[[-79.8683647438138,40.45044141087207],[-79.868565,40.450431]]}},{"type":"Feature","properties":{"a":"RF0003","b":null},"geometry":{"type":"LineString","coordinates":[[-79.868565,40.450431],[-79.868674,40.450426]]}},{"type":"Feature","properties":{"a":"RF0003","b":null},"geometry":{"type":"LineString","coordinates":[[-79.868674,40.450426],[-79.868779,40.450409]]}},{"type":"Feature","properties":{"a":"RF0003","b":null},"geometry":{"type":"LineString","coordinates":[[-79.868779,40.450409],[-79.869095,40.450359]]}},{"type":"Feature","properties":{"a":"RF0003","b":null},"geometry":{"type":"LineString","coordinates":[[-79.869095,40.450359],[-79.869201,40.450343]]}},{"type":"Feature","properties":{"a":"RF0003","b":null},"geometry":{"type":"LineString","coordinates":[[-79.869201,40.450343],[-79.869392,40.450283]]}},{"type":"Feature","properties":{"a":"RF0003","b":null},"geometry":{"type":"LineString","coordinates":[[-79.869392,40.450283],[-79.86951041862585,40.45024656349974]]}},{"type":"Feature","properties":{"a":"RF0004","b":"RF0077"},"geometry":{"type":"LineString","coordinates":[[-79.88724539378916,40.43612375929308],[-79.88727095600176,40.43616551414201]]}},{"type":"Feature","properties":{"a":"RF0004","b":null},"geometry":{"type":"LineString","coordinates":[[-79.887231,40.436127],[-79.88724539378916,40.43612375929308]]}},{"type":"Feature","properties":{"a":"RF0004","b":null},"geometry":{"type":"LineString","coordinates":[[-79.886204,40.436358],[-79.887231,40.436127]]}},{"type":"Feature","properties":{"a":"RF0004","b":null},"geometry":{"type":"LineString","coordinates":[[-79.885863,40.436436],[-79.886204,40.436358]]}},{"type":"Feature","properties":{"a":"RF0004","b":null},"geometry":{"type":"LineString","coordinates":[[-79.885832,40.43644],[-79.885863,40.436436]]}},{"type":"Feature","properties":{"a":"RF0004","b":null},"geometry":{"type":"LineString","coordinates":[[-79.88581540375489,40.436442498359476],[-79.885832,40.43644]]}},{"type":"Feature","properties":{"a":"RF0004","b":null},"geometry":{"type":"LineString","coordinates":[[-79.885739,40.436454],[-79.88581540375489,40.436442498359476]]}},{"type":"Feature","properties":{"a":"RF0004","b":null},"geometry":{"type":"LineString","coordinates":[[-79.885709,40.43646],[-79.885739,40.436454]]}},{"type":"Feature","properties":{"a":"RF0004","b":null},"geometry":{"type":"LineString","coordinates":[[-79.88566156541647,40.43645534384456],[-79.885709,40.43646]]}},{"type":"Feature","properties":{"a":"RF0004","b":null},"geometry":{"type":"LineString","coordinates":[[-79.885546,40.436444],[-79.88566156541647,40.43645534384456]]}},{"type":"Feature","properties":{"a":"RF0004","b":null},"geometry":{"type":"LineString","coordinates":[[-79.885381,40.436428],[-79.885546,40.436444]]}},{"type":"Feature","properties":{"a":"RF0004","b":null},"geometry":{"type":"LineString","coordinates":[[-79.8844,40.436332],[-79.885381,40.436428]]}},{"type":"Feature","properties":{"a":"RF0004","b":null},"geometry":{"type":"LineString","coordinates":[[-79.88425611471897,40.43631835949935],[-79.8844,40.436332]]}},{"type":"Feature","properties":{"a":"RF0004","b":"RF0428"},"geometry":{"type":"LineString","coordinates":[[-79.8842461052622,40.436481422206654],[-79.88425611471897,40.43631835949935]]}},{"type":"Feature","properties":{"a":"RF0004","b":null},"geometry":{"type":"LineString","coordinates":[[-79.8842461052622,40.436481422206654],[-79.88497677859417,40.43664150975223]]}},{"type":"Feature","properties":{"a":"RF0004","b":"RF0425"},"geometry":{"type":"LineString","coordinates":[[-79.88497677859417,40.43664150975223],[-79.88560438156128,40.43680571326452]]}},{"type":"Feature","properties":{"a":"RF0004","b":"RF0425"},"geometry":{"type":"LineString","coordinates":[[-79.88560438156128,40.43680571326452],[-79.88577604293822,40.43683837706109]]}},{"type":"Feature","properties":{"a":"RF0004","b":"RF0425"},"geometry":{"type":"LineString","coordinates":[[-79.88577604293822,40.43683837706109],[-79.88590478897095,40.43687104084181]]}},{"type":"Feature","properties":{"a":"RF0004","b":"RF0425"},"geometry":{"type":"LineString","coordinates":[[-79.88590478897095,40.43687104084181],[-79.88594770431519,40.43685470895343]]}},{"type":"Feature","properties":{"a":"RF0004","b":"RF0077"},"geometry":{"type":"LineString","coordinates":[[-79.8859105463239,40.436685017789536],[-79.88594770431519,40.43685470895343]]}},{"type":"Feature","properties":{"a":"RF0004","b":"RF0077"},"geometry":{"type":"LineString","coordinates":[[-79.8859105463239,40.436685017789536],[-79.88727095600176,40.43616551414201]]}},{"type":"Feature","properties":{"a":"RF0005","b":null},"geometry":{"type":"LineString","coordinates":[[-79.872595,40.432945],[-79.872698,40.432964]]}},{"type":"Feature","properties":{"a":"RF0005","b":null},"geometry":{"type":"LineString","coordinates":[[-79.872541,40.432896],[-79.872595,40.432945]]}},{"type":"Feature","properties":{"a":"RF0005","b":null},"geometry":{"type":"LineString","coordinates":[[-79.872388,40.432754],[-79.872541,40.432896]]}},{"type":"Feature","properties":{"a":"RF0005","b":null},"geometry":{"type":"LineString","coordinates":[[-79.872388,40.432754],[-79.872391,40.432748]]}},{"type":"Feature","properties":{"a":"RF0005","b":null},"geometry":{"type":"LineString","coordinates":[[-79.872391,40.432748],[-79.87243,40.432687]]}},{"type":"Feature","properties":{"a":"RF0005","b":null},"geometry":{"type":"LineString","coordinates":[[-79.872409,40.432678],[-79.87243,40.432687]]}},{"type":"Feature","properties":{"a":"RF0005","b":null},"geometry":{"type":"LineString","coordinates":[[-79.872346,40.432653],[-79.872409,40.432678]]}},{"type":"Feature","properties":{"a":"RF0005","b":null},"geometry":{"type":"LineString","coordinates":[[-79.872325,40.432645],[-79.872346,40.432653]]}},{"type":"Feature","properties":{"a":"RF0005","b":null},"geometry":{"type":"LineString","coordinates":[[-79.872134,40.432567],[-79.872325,40.432645]]}},{"type":"Feature","properties":{"a":"RF0005","b":null},"geometry":{"type":"LineString","coordinates":[[-79.871564,40.432335],[-79.872134,40.432567]]}},{"type":"Feature","properties":{"a":"RF0005","b":null},"geometry":{"type":"LineString","coordinates":[[-79.871374,40.432258],[-79.871564,40.432335]]}},{"type":"Feature","properties":{"a":"RF0005","b":null},"geometry":{"type":"LineString","coordinates":[[-79.871258,40.432219],[-79.871374,40.432258]]}},{"type":"Feature","properties":{"a":"RF0005","b":null},"geometry":{"type":"LineString","coordinates":[[-79.870912,40.432102],[-79.871258,40.432219]]}},{"type":"Feature","properties":{"a":"RF0005","b":null},"geometry":{"type":"LineString","coordinates":[[-79.870797,40.432063],[-79.870912,40.432102]]}},{"type":"Feature","properties":{"a":"RF0005","b":null},"geometry":{"type":"LineString","coordinates":[[-79.87062854580334,40.432042904183106],[-79.870797,40.432063]]}},{"type":"Feature","properties":{"a":"RF0005","b":"RF0389"},"geometry":{"type":"LineString","coordinates":[[-79.87062854580334,40.432042904183106],[-79.87069667183323,40.43280394745312]]}},{"type":"Feature","properties":{"a":"RF0005","b":"RF0389"},"geometry":{"type":"LineString","coordinates":[[-79.87054109573363,40.43291860817081],[-79.87069667183323,40.43280394745312]]}},{"type":"Feature","properties":{"a":"RF0005","b":null},"geometry":{"type":"LineString","coordinates":[[-79.87054109573363,40.43291860817081],[-79.87159252166747,40.43337592631571]]}},{"type":"Feature","properties":{"a":"RF0005","b":"RF0384"},"geometry":{"type":"LineString","coordinates":[[-79.87159252166747,40.43337592631571],[-79.87200021743773,40.43353925347086]]}},{"type":"Feature","properties":{"a":"RF0005","b":"RF0384"},"geometry":{"type":"LineString","coordinates":[[-79.87191438674925,40.4336862475713],[-79.87200021743773,40.43353925347086]]}},{"type":"Feature","properties":{"a":"RF0005","b":"RF0384"},"geometry":{"type":"LineString","coordinates":[[-79.87191438674925,40.4336862475713],[-79.8721933364868,40.43375157817947]]}},{"type":"Feature","properties":{"a":"RF0005","b":"RF0363"},"geometry":{"type":"LineString","coordinates":[[-79.8721933364868,40.43375157817947],[-79.87226927817179,40.43376972572989]]}},{"type":"Feature","properties":{"a":"RF0005","b":null},"geometry":{"type":"LineString","coordinates":[[-79.87226927817179,40.43376972572989],[-79.87246517252841,40.43340156830688]]}},{"type":"Feature","properties":{"a":"RF0005","b":null},"geometry":{"type":"LineString","coordinates":[[-79.87246517252841,40.43340156830688],[-79.872698,40.432964]]}},{"type":"Feature","properties":{"a":"RF0006","b":"RF0007"},"geometry":{"type":"LineString","coordinates":[[-79.8659109095457,40.431481368239645],[-79.86605873980133,40.43170063955455]]}},{"type":"Feature","properties":{"a":"RF0006","b":null},"geometry":{"type":"LineString","coordinates":[[-79.865891,40.431479],[-79.8659109095457,40.431481368239645]]}},{"type":"Feature","properties":{"a":"RF0006","b":null},"geometry":{"type":"LineString","coordinates":[[-79.865833,40.431546],[-79.865891,40.431479]]}},{"type":"Feature","properties":{"a":"RF0006","b":null},"geometry":{"type":"LineString","coordinates":[[-79.865253,40.432232],[-79.865833,40.431546]]}},{"type":"Feature","properties":{"a":"RF0006","b":null},"geometry":{"type":"LineString","coordinates":[[-79.865132,40.432375],[-79.865253,40.432232]]}},{"type":"Feature","properties":{"a":"RF0006","b":null},"geometry":{"type":"LineString","coordinates":[[-79.865028,40.432512],[-79.865132,40.432375]]}},{"type":"Feature","properties":{"a":"RF0006","b":null},"geometry":{"type":"LineString","coordinates":[[-79.86494123914835,40.432660153033225],[-79.865028,40.432512]]}},{"type":"Feature","properties":{"a":"RF0006","b":"RF0008"},"geometry":{"type":"LineString","coordinates":[[-79.86494123914835,40.432660153033225],[-79.86528673170017,40.43280093507528]]}},{"type":"Feature","properties":{"a":"RF0006","b":"RF0008"},"geometry":{"type":"LineString","coordinates":[[-79.86528673170017,40.43280093507528],[-79.86532524030358,40.432746051138466]]}},{"type":"Feature","properties":{"a":"RF0006","b":"RF0008"},"geometry":{"type":"LineString","coordinates":[[-79.86532524030358,40.432746051138466],[-79.86554145812987,40.43288594247002]]}},{"type":"Feature","properties":{"a":"RF0006","b":"RF0387"},"geometry":{"type":"LineString","coordinates":[[-79.86554145812987,40.43288594247002],[-79.86562728881835,40.43278794527244]]}},{"type":"Feature","properties":{"a":"RF0006","b":"RF0007"},"geometry":{"type":"LineString","coordinates":[[-79.86541123332125,40.432623490595354],[-79.86562728881835,40.43278794527244]]}},{"type":"Feature","properties":{"a":"RF0006","b":"RF0007"},"geometry":{"type":"LineString","coordinates":[[-79.86541123332125,40.432623490595354],[-79.86605873980133,40.43170063955455]]}},{"type":"Feature","properties":{"a":"RF0007","b":null},"geometry":{"type":"LineString","coordinates":[[-79.8661893501137,40.43151448873379],[-79.86656041494423,40.43155862688016]]}},{"type":"Feature","properties":{"a":"RF0007","b":null},"geometry":{"type":"LineString","coordinates":[[-79.8659109095457,40.431481368239645],[-79.8661893501137,40.43151448873379]]}},{"type":"Feature","properties":{"a":"RF0007","b":null},"geometry":{"type":"LineString","coordinates":[[-79.86562728881835,40.43278794527244],[-79.86656041494423,40.43155862688016]]}},{"type":"Feature","properties":{"a":"RF0008","b":null},"geometry":{"type":"LineString","coordinates":[[-79.864857,40.432804],[-79.86494123914835,40.432660153033225]]}},{"type":"Feature","properties":{"a":"RF0008","b":null},"geometry":{"type":"LineString","coordinates":[[-79.864347,40.433679],[-79.864857,40.432804]]}},{"type":"Feature","properties":{"a":"RF0008","b":null},"geometry":{"type":"LineString","coordinates":[[-79.864178,40.433972],[-79.864347,40.433679]]}},{"type":"Feature","properties":{"a":"RF0008","b":null},"geometry":{"type":"LineString","coordinates":[[-79.86412171705462,40.43416547262478],[-79.864178,40.433972]]}},{"type":"Feature","properties":{"a":"RF0008","b":"RF0292"},"geometry":{"type":"LineString","coordinates":[[-79.86412171705462,40.43416547262478],[-79.86451484926461,40.43423431088394]]}},{"type":"Feature","properties":{"a":"RF0008","b":"RF0292"},"geometry":{"type":"LineString","coordinates":[[-79.86451484926461,40.43423431088394],[-79.86459732055664,40.43412722794465]]}},{"type":"Feature","properties":{"a":"RF0008","b":null},"geometry":{"type":"LineString","coordinates":[[-79.86459732055664,40.43412722794465],[-79.86532688140868,40.43314726763204]]}},{"type":"Feature","properties":{"a":"RF0008","b":"RF0288"},"geometry":{"type":"LineString","coordinates":[[-79.86532688140868,40.43314726763204],[-79.86541271209717,40.433065603628]]}},{"type":"Feature","properties":{"a":"RF0008","b":"RF0288"},"geometry":{"type":"LineString","coordinates":[[-79.86541271209717,40.433065603628],[-79.86547708511353,40.43298393952478]]}},{"type":"Feature","properties":{"a":"RF0008","b":"RF0288"},"geometry":{"type":"LineString","coordinates":[[-79.86547708511353,40.43298393952478],[-79.86554145812987,40.43288594247002]]}},{"type":"Feature","properties":{"a":"RF0009","b":"RF0296"},"geometry":{"type":"LineString","coordinates":[[-79.86219429700283,40.43698902015744],[-79.86234437724175,40.4369944913684]]}},{"type":"Feature","properties":{"a":"RF0009","b":null},"geometry":{"type":"LineString","coordinates":[[-79.862034,40.437187],[-79.86219429700283,40.43698902015744]]}},{"type":"Feature","properties":{"a":"RF0009","b":null},"geometry":{"type":"LineString","coordinates":[[-79.861405,40.437692],[-79.862034,40.437187]]}},{"type":"Feature","properties":{"a":"RF0009","b":null},"geometry":{"type":"LineString","coordinates":[[-79.860967,40.438045],[-79.861405,40.437692]]}},{"type":"Feature","properties":{"a":"RF0009","b":null},"geometry":{"type":"LineString","coordinates":[[-79.860552,40.438413],[-79.860967,40.438045]]}},{"type":"Feature","properties":{"a":"RF0009","b":null},"geometry":{"type":"LineString","coordinates":[[-79.860552,40.438413],[-79.8608982,40.4383435]]}},{"type":"Feature","properties":{"a":"RF0009","b":null},"geometry":{"type":"LineString","coordinates":[[-79.8608982,40.4383435],[-79.86147986382119,40.43822662901412]]}},{"type":"Feature","properties":{"a":"RF0009","b":"RF0296"},"geometry":{"type":"LineString","coordinates":[[-79.86147986382119,40.43822662901412],[-79.86234437724175,40.4369944913684]]}},{"type":"Feature","properties":{"a":"RF0010","b":"RF0133"},"geometry":{"type":"LineString","coordinates":[[-79.85751628875731,40.4579195465031],[-79.85788106918334,40.45898077832838]]}},{"type":"Feature","properties":{"a":"RF0010","b":"RF0133"},"geometry":{"type":"LineString","coordinates":[[-79.857280254364,40.45723381856228],[-79.85751628875731,40.4579195465031]]}},{"type":"Feature","properties":{"a":"RF0010","b":"RF0133"},"geometry":{"type":"LineString","coordinates":[[-79.85713005065918,40.45728279936158],[-79.857280254364,40.45723381856228]]}},{"type":"Feature","properties":{"a":"RF0010","b":"RF0112"},"geometry":{"type":"LineString","coordinates":[[-79.85702276229858,40.45738076085308],[-79.85713005065918,40.45728279936158]]}},{"type":"Feature","properties":{"a":"RF0010","b":"RF0112"},"geometry":{"type":"LineString","coordinates":[[-79.85694260730489,40.45744174984914],[-79.85702276229858,40.45738076085308]]}},{"type":"Feature","properties":{"a":"RF0010","b":"RF0112"},"geometry":{"type":"LineString","coordinates":[[-79.85694260730489,40.45744174984914],[-79.85702361576017,40.457710303889364]]}},{"type":"Feature","properties":{"a":"RF0010","b":"RF0112"},"geometry":{"type":"LineString","coordinates":[[-79.85699249824219,40.457731044902346],[-79.85702361576017,40.457710303889364]]}},{"type":"Feature","properties":{"a":"RF0010","b":null},"geometry":{"type":"LineString","coordinates":[[-79.85699249824219,40.457731044902346],[-79.857078,40.457979]]}},{"type":"Feature","properties":{"a":"RF0010","b":null},"geometry":{"type":"LineString","coordinates":[[-79.857078,40.457979],[-79.857122,40.458105]]}},{"type":"Feature","properties":{"a":"RF0010","b":null},"geometry":{"type":"LineString","coordinates":[[-79.857122,40.458105],[-79.857182,40.458278]]}},{"type":"Feature","properties":{"a":"RF0010","b":null},"geometry":{"type":"LineString","coordinates":[[-79.857182,40.458278],[-79.857268,40.458526]]}},{"type":"Feature","properties":{"a":"RF0010","b":null},"geometry":{"type":"LineString","coordinates":[[-79.857268,40.458526],[-79.8572964,40.4586488]]}},{"type":"Feature","properties":{"a":"RF0010","b":null},"geometry":{"type":"LineString","coordinates":[[-79.8572964,40.4586488],[-79.857305,40.458686]]}},{"type":"Feature","properties":{"a":"RF0010","b":null},"geometry":{"type":"LineString","coordinates":[[-79.857305,40.458686],[-79.857306,40.458713]]}},{"type":"Feature","properties":{"a":"RF0010","b":null},"geometry":{"type":"LineString","coordinates":[[-79.8573013,40.4587583],[-79.857306,40.458713]]}},{"type":"Feature","properties":{"a":"RF0010","b":null},"geometry":{"type":"LineString","coordinates":[[-79.857296,40.458809],[-79.8573013,40.4587583]]}},{"type":"Feature","properties":{"a":"RF0010","b":null},"geometry":{"type":"LineString","coordinates":[[-79.857289,40.458884],[-79.857296,40.458809]]}},{"type":"Feature","properties":{"a":"RF0010","b":null},"geometry":{"type":"LineString","coordinates":[[-79.857289,40.458884],[-79.857313,40.458924]]}},{"type":"Feature","properties":{"a":"RF0010","b":null},"geometry":{"type":"LineString","coordinates":[[-79.857313,40.458924],[-79.857336,40.458944]]}},{"type":"Feature","properties":{"a":"RF0010","b":null},"geometry":{"type":"LineString","coordinates":[[-79.857336,40.458944],[-79.857363,40.45896]]}},{"type":"Feature","properties":{"a":"RF0010","b":null},"geometry":{"type":"LineString","coordinates":[[-79.857363,40.45896],[-79.85743298793325,40.45906742828658]]}},{"type":"Feature","properties":{"a":"RF0010","b":"RF0133"},"geometry":{"type":"LineString","coordinates":[[-79.85740258548307,40.45896664003184],[-79.85743298793325,40.45906742828658]]}},{"type":"Feature","properties":{"a":"RF0010","b":"RF0133"},"geometry":{"type":"LineString","coordinates":[[-79.85740258548307,40.45896664003184],[-79.85743045806883,40.45898077832838]]}},{"type":"Feature","properties":{"a":"RF0010","b":"RF0133"},"geometry":{"type":"LineString","coordinates":[[-79.85743045806883,40.45898077832838],[-79.85788106918334,40.45898077832838]]}},{"type":"Feature","properties":{"a":"RF0011","b":null},"geometry":{"type":"LineString","coordinates":[[-79.88882303237915,40.44694705960049],[-79.88977187985888,40.448002396919755]]}},{"type":"Feature","properties":{"a":"RF0011","b":null},"geometry":{"type":"LineString","coordinates":[[-79.88826513290404,40.446114253073404],[-79.88882303237915,40.44694705960049]]}},{"type":"Feature","properties":{"a":"RF0011","b":"RF0016"},"geometry":{"type":"LineString","coordinates":[[-79.88813638687134,40.44593462678332],[-79.88826513290404,40.446114253073404]]}},{"type":"Feature","properties":{"a":"RF0011","b":"RF0016"},"geometry":{"type":"LineString","coordinates":[[-79.88807201385497,40.445787659461644],[-79.88813638687134,40.44593462678332]]}},{"type":"Feature","properties":{"a":"RF0011","b":"RF0015"},"geometry":{"type":"LineString","coordinates":[[-79.88781452178955,40.44568968106866],[-79.88807201385497,40.445787659461644]]}},{"type":"Feature","properties":{"a":"RF0011","b":"RF0015"},"geometry":{"type":"LineString","coordinates":[[-79.88762140274048,40.445608032298736],[-79.88781452178955,40.44568968106866]]}},{"type":"Feature","properties":{"a":"RF0011","b":"RF0015"},"geometry":{"type":"LineString","coordinates":[[-79.88725662231444,40.44547739406055],[-79.88762140274048,40.445608032298736]]}},{"type":"Feature","properties":{"a":"RF0011","b":"RF0014"},"geometry":{"type":"LineString","coordinates":[[-79.88725662231444,40.44547739406055],[-79.88725662231444,40.445624362060656]]}},{"type":"Feature","properties":{"a":"RF0011","b":"RF0014"},"geometry":{"type":"LineString","coordinates":[[-79.88725662231444,40.445624362060656],[-79.88736391067503,40.445885637711804]]}},{"type":"Feature","properties":{"a":"RF0011","b":"RF0014"},"geometry":{"type":"LineString","coordinates":[[-79.88736391067503,40.445885637711804],[-79.88764286041258,40.44647350421343]]}},{"type":"Feature","properties":{"a":"RF0011","b":"RF0014"},"geometry":{"type":"LineString","coordinates":[[-79.88764286041258,40.44647350421343],[-79.88794326782227,40.44694705960049]]}},{"type":"Feature","properties":{"a":"RF0011","b":"RF0014"},"geometry":{"type":"LineString","coordinates":[[-79.88794326782227,40.44694705960049],[-79.888436794281,40.447616563247614]]}},{"type":"Feature","properties":{"a":"RF0011","b":"RF0014"},"geometry":{"type":"LineString","coordinates":[[-79.888436794281,40.447616563247614],[-79.88847970962524,40.4477145388317]]}},{"type":"Feature","properties":{"a":"RF0011","b":"RF0014"},"geometry":{"type":"LineString","coordinates":[[-79.88837873088616,40.44769807211513],[-79.88847970962524,40.4477145388317]]}},{"type":"Feature","properties":{"a":"RF0011","b":null},"geometry":{"type":"LineString","coordinates":[[-79.88837873088616,40.44769807211513],[-79.888384,40.447702]]}},{"type":"Feature","properties":{"a":"RF0011","b":null},"geometry":{"type":"LineString","coordinates":[[-79.888384,40.447702],[-79.888641,40.447882]]}},{"type":"Feature","properties":{"a":"RF0011","b":null},"geometry":{"type":"LineString","coordinates":[[-79.888641,40.447882],[-79.888749,40.447958]]}},{"type":"Feature","properties":{"a":"RF0011","b":null},"geometry":{"type":"LineString","coordinates":[[-79.888749,40.447958],[-79.889069,40.448337]]}},{"type":"Feature","properties":{"a":"RF0011","b":null},"geometry":{"type":"LineString","coordinates":[[-79.889069,40.448337],[-79.8890923097863,40.44836453281464]]}},{"type":"Feature","properties":{"a":"RF0011","b":"RF0012"},"geometry":{"type":"LineString","coordinates":[[-79.8890923097863,40.44836453281464],[-79.88977187985888,40.448002396919755]]}},{"type":"Feature","properties":{"a":"RF0012","b":null},"geometry":{"type":"LineString","coordinates":[[-79.89043235778807,40.448661628780954],[-79.89107201564819,40.44917052361058]]}},{"type":"Feature","properties":{"a":"RF0012","b":"RF0020"},"geometry":{"type":"LineString","coordinates":[[-79.88993883132935,40.44818808547461],[-79.89043235778807,40.448661628780954]]}},{"type":"Feature","properties":{"a":"RF0012","b":null},"geometry":{"type":"LineString","coordinates":[[-79.88977187985888,40.448002396919755],[-79.88993883132935,40.44818808547461]]}},{"type":"Feature","properties":{"a":"RF0012","b":null},"geometry":{"type":"LineString","coordinates":[[-79.8890923097863,40.44836453281464],[-79.88928072111268,40.448587078575315]]}},{"type":"Feature","properties":{"a":"RF0012","b":null},"geometry":{"type":"LineString","coordinates":[[-79.88928072111268,40.448587078575315],[-79.88977,40.449165]]}},{"type":"Feature","properties":{"a":"RF0012","b":null},"geometry":{"type":"LineString","coordinates":[[-79.88977,40.449165],[-79.890102,40.449397]]}},{"type":"Feature","properties":{"a":"RF0012","b":null},"geometry":{"type":"LineString","coordinates":[[-79.890102,40.449397],[-79.89040359144875,40.44960892912615]]}},{"type":"Feature","properties":{"a":"RF0012","b":null},"geometry":{"type":"LineString","coordinates":[[-79.89040359144875,40.44960892912615],[-79.89045161585071,40.44964267600321]]}},{"type":"Feature","properties":{"a":"RF0012","b":"RF0013"},"geometry":{"type":"LineString","coordinates":[[-79.89045161585071,40.44964267600321],[-79.89107201564819,40.44917052361058]]}},{"type":"Feature","properties":{"a":"RF0013","b":"RF0021"},"geometry":{"type":"LineString","coordinates":[[-79.8925825262991,40.449189230605576],[-79.89262406013047,40.449209181479354]]}},{"type":"Feature","properties":{"a":"RF0013","b":"RF0021"},"geometry":{"type":"LineString","coordinates":[[-79.89257812499999,40.44920999288458],[-79.8925825262991,40.449189230605576]]}},{"type":"Feature","properties":{"a":"RF0013","b":"RF0021"},"geometry":{"type":"LineString","coordinates":[[-79.89257812499999,40.44920999288465],[-79.89257812499999,40.44920999288458]]}},{"type":"Feature","properties":{"a":"RF0013","b":"RF0021"},"geometry":{"type":"LineString","coordinates":[[-79.89244784042565,40.449824585216234],[-79.89257812499999,40.44920999288465]]}},{"type":"Feature","properties":{"a":"RF0013","b":"RF0021"},"geometry":{"type":"LineString","coordinates":[[-79.89239398383,40.45007864331069],[-79.89244784042565,40.449824585216234]]}},{"type":"Feature","properties":{"a":"RF0013","b":"RF0021"},"geometry":{"type":"LineString","coordinates":[[-79.89137649536131,40.44941275959546],[-79.89239398383,40.45007864331069]]}},{"type":"Feature","properties":{"a":"RF0013","b":null},"geometry":{"type":"LineString","coordinates":[[-79.89107201564819,40.44917052361058],[-79.89137649536131,40.44941275959546]]}},{"type":"Feature","properties":{"a":"RF0013","b":null},"geometry":{"type":"LineString","coordinates":[[-79.89045161585071,40.44964267600321],[-79.890509,40.449683]]}},{"type":"Feature","properties":{"a":"RF0013","b":null},"geometry":{"type":"LineString","coordinates":[[-79.890509,40.449683],[-79.890645,40.449767]]}},{"type":"Feature","properties":{"a":"RF0013","b":null},"geometry":{"type":"LineString","coordinates":[[-79.890645,40.449767],[-79.89067429998822,40.4497850100845]]}},{"type":"Feature","properties":{"a":"RF0013","b":null},"geometry":{"type":"LineString","coordinates":[[-79.89067429998822,40.4497850100845],[-79.890972,40.449968]]}},{"type":"Feature","properties":{"a":"RF0013","b":null},"geometry":{"type":"LineString","coordinates":[[-79.890972,40.449968],[-79.89102,40.449989]]}},{"type":"Feature","properties":{"a":"RF0013","b":null},"geometry":{"type":"LineString","coordinates":[[-79.89102,40.449989],[-79.891061,40.450006]]}},{"type":"Feature","properties":{"a":"RF0013","b":null},"geometry":{"type":"LineString","coordinates":[[-79.891061,40.450006],[-79.891209,40.450069]]}},{"type":"Feature","properties":{"a":"RF0013","b":null},"geometry":{"type":"LineString","coordinates":[[-79.891209,40.450069],[-79.891451,40.450146]]}},{"type":"Feature","properties":{"a":"RF0013","b":null},"geometry":{"type":"LineString","coordinates":[[-79.891451,40.450146],[-79.89218,40.450377]]}},{"type":"Feature","properties":{"a":"RF0013","b":null},"geometry":{"type":"LineString","coordinates":[[-79.89218,40.450377],[-79.892423,40.450455]]}},{"type":"Feature","properties":{"a":"RF0013","b":null},"geometry":{"type":"LineString","coordinates":[[-79.892423,40.450103],[-79.892423,40.450455]]}},{"type":"Feature","properties":{"a":"RF0013","b":null},"geometry":{"type":"LineString","coordinates":[[-79.892423,40.450103],[-79.892424,40.45007]]}},{"type":"Feature","properties":{"a":"RF0013","b":null},"geometry":{"type":"LineString","coordinates":[[-79.892424,40.45007],[-79.892429,40.449972]]}},{"type":"Feature","properties":{"a":"RF0013","b":null},"geometry":{"type":"LineString","coordinates":[[-79.892429,40.449972],[-79.892431,40.44994]]}},{"type":"Feature","properties":{"a":"RF0013","b":null},"geometry":{"type":"LineString","coordinates":[[-79.892431,40.44994],[-79.892436,40.449919]]}},{"type":"Feature","properties":{"a":"RF0013","b":null},"geometry":{"type":"LineString","coordinates":[[-79.892436,40.449919],[-79.892452,40.449857]]}},{"type":"Feature","properties":{"a":"RF0013","b":null},"geometry":{"type":"LineString","coordinates":[[-79.892452,40.449857],[-79.892458,40.449837]]}},{"type":"Feature","properties":{"a":"RF0013","b":null},"geometry":{"type":"LineString","coordinates":[[-79.892458,40.449837],[-79.8924622,40.4498211]]}},{"type":"Feature","properties":{"a":"RF0013","b":null},"geometry":{"type":"LineString","coordinates":[[-79.8924622,40.4498211],[-79.892529,40.449568]]}},{"type":"Feature","properties":{"a":"RF0013","b":null},"geometry":{"type":"LineString","coordinates":[[-79.892529,40.449568],[-79.89262406013047,40.449209181479354]]}},{"type":"Feature","properties":{"a":"RF0014","b":"RF0015"},"geometry":{"type":"LineString","coordinates":[[-79.88719224929808,40.44546106426293],[-79.88725662231444,40.44547739406055]]}},{"type":"Feature","properties":{"a":"RF0014","b":"RF0015"},"geometry":{"type":"LineString","coordinates":[[-79.88682746887206,40.44533042573911],[-79.88719224929808,40.44546106426293]]}},{"type":"Feature","properties":{"a":"RF0014","b":"RF0498"},"geometry":{"type":"LineString","coordinates":[[-79.8867416381836,40.44549372385421],[-79.88682746887206,40.44533042573911]]}},{"type":"Feature","properties":{"a":"RF0014","b":"RF0498"},"geometry":{"type":"LineString","coordinates":[[-79.88646268844604,40.445967286144494],[-79.8867416381836,40.44549372385421]]}},{"type":"Feature","properties":{"a":"RF0014","b":"RF0498"},"geometry":{"type":"LineString","coordinates":[[-79.88637685775755,40.446114253073404],[-79.88646268844604,40.445967286144494]]}},{"type":"Feature","properties":{"a":"RF0014","b":"RF0499"},"geometry":{"type":"LineString","coordinates":[[-79.88616228103636,40.44652249285647],[-79.88637685775755,40.446114253073404]]}},{"type":"Feature","properties":{"a":"RF0014","b":"RF0486"},"geometry":{"type":"LineString","coordinates":[[-79.88609790802002,40.44658781099166],[-79.88616228103636,40.44652249285647]]}},{"type":"Feature","properties":{"a":"RF0014","b":"RF0486"},"geometry":{"type":"LineString","coordinates":[[-79.8859691619873,40.446832753433235],[-79.88609790802002,40.44658781099166]]}},{"type":"Feature","properties":{"a":"RF0014","b":"RF0486"},"geometry":{"type":"LineString","coordinates":[[-79.88592624664307,40.446898071266894],[-79.8859691619873,40.446832753433235]]}},{"type":"Feature","properties":{"a":"RF0014","b":"RF0487"},"geometry":{"type":"LineString","coordinates":[[-79.88590478897095,40.44694705960049],[-79.88592624664307,40.446898071266894]]}},{"type":"Feature","properties":{"a":"RF0014","b":"RF0487"},"geometry":{"type":"LineString","coordinates":[[-79.88588333129881,40.4469797184697],[-79.88590478897095,40.44694705960049]]}},{"type":"Feature","properties":{"a":"RF0014","b":"RF0487"},"geometry":{"type":"LineString","coordinates":[[-79.885733127594,40.447224659483034],[-79.88588333129881,40.4469797184697]]}},{"type":"Feature","properties":{"a":"RF0014","b":null},"geometry":{"type":"LineString","coordinates":[[-79.88564729690552,40.447387952995996],[-79.885733127594,40.447224659483034]]}},{"type":"Feature","properties":{"a":"RF0014","b":"RF0482"},"geometry":{"type":"LineString","coordinates":[[-79.88560049878924,40.44748292213093],[-79.88564729690552,40.447387952995996]]}},{"type":"Feature","properties":{"a":"RF0014","b":null},"geometry":{"type":"LineString","coordinates":[[-79.88560049878924,40.44748292213093],[-79.885655,40.447387]]}},{"type":"Feature","properties":{"a":"RF0014","b":null},"geometry":{"type":"LineString","coordinates":[[-79.885655,40.447387],[-79.8857,40.447309]]}},{"type":"Feature","properties":{"a":"RF0014","b":null},"geometry":{"type":"LineString","coordinates":[[-79.8857,40.447309],[-79.885745,40.447228]]}},{"type":"Feature","properties":{"a":"RF0014","b":null},"geometry":{"type":"LineString","coordinates":[[-79.885745,40.447228],[-79.885884,40.446987]]}},{"type":"Feature","properties":{"a":"RF0014","b":null},"geometry":{"type":"LineString","coordinates":[[-79.885884,40.446987],[-79.885901,40.446958]]}},{"type":"Feature","properties":{"a":"RF0014","b":null},"geometry":{"type":"LineString","coordinates":[[-79.885901,40.446958],[-79.8859239,40.4469166]]}},{"type":"Feature","properties":{"a":"RF0014","b":null},"geometry":{"type":"LineString","coordinates":[[-79.8859239,40.4469166],[-79.88593345446913,40.44691940834237]]}},{"type":"Feature","properties":{"a":"RF0014","b":null},"geometry":{"type":"LineString","coordinates":[[-79.88593345446913,40.44691940834237],[-79.88611162919933,40.44697177918958]]}},{"type":"Feature","properties":{"a":"RF0014","b":null},"geometry":{"type":"LineString","coordinates":[[-79.88611162919933,40.44697177918958],[-79.886143,40.446981]]}},{"type":"Feature","properties":{"a":"RF0014","b":null},"geometry":{"type":"LineString","coordinates":[[-79.886143,40.446981],[-79.88617663760657,40.44699207060469]]}},{"type":"Feature","properties":{"a":"RF0014","b":null},"geometry":{"type":"LineString","coordinates":[[-79.88617663760657,40.44699207060469],[-79.88638,40.447059]]}},{"type":"Feature","properties":{"a":"RF0014","b":null},"geometry":{"type":"LineString","coordinates":[[-79.88638,40.447059],[-79.88662979003773,40.447142078726515]]}},{"type":"Feature","properties":{"a":"RF0014","b":null},"geometry":{"type":"LineString","coordinates":[[-79.88662979003773,40.447142078726515],[-79.887733,40.447509]]}},{"type":"Feature","properties":{"a":"RF0014","b":null},"geometry":{"type":"LineString","coordinates":[[-79.887733,40.447509],[-79.88795936939258,40.44758428915496]]}},{"type":"Feature","properties":{"a":"RF0014","b":null},"geometry":{"type":"LineString","coordinates":[[-79.88795936939258,40.44758428915496],[-79.888184,40.447659]]}},{"type":"Feature","properties":{"a":"RF0014","b":null},"geometry":{"type":"LineString","coordinates":[[-79.888184,40.447659],[-79.88821613412846,40.447659245298695]]}},{"type":"Feature","properties":{"a":"RF0014","b":null},"geometry":{"type":"LineString","coordinates":[[-79.88821613412846,40.447659245298695],[-79.888315,40.44766]]}},{"type":"Feature","properties":{"a":"RF0014","b":null},"geometry":{"type":"LineString","coordinates":[[-79.888315,40.44766],[-79.888329,40.447661]]}},{"type":"Feature","properties":{"a":"RF0014","b":null},"geometry":{"type":"LineString","coordinates":[[-79.888329,40.447661],[-79.88837873088616,40.44769807211513]]}},{"type":"Feature","properties":{"a":"RF0015","b":"RF0016"},"geometry":{"type":"LineString","coordinates":[[-79.88798618316649,40.44564069181861],[-79.88807201385497,40.445787659461644]]}},{"type":"Feature","properties":{"a":"RF0015","b":"RF0016"},"geometry":{"type":"LineString","coordinates":[[-79.8875570297241,40.444791539144404],[-79.88798618316649,40.44564069181861]]}},{"type":"Feature","properties":{"a":"RF0015","b":"RF0016"},"geometry":{"type":"LineString","coordinates":[[-79.8875570297241,40.444791539144404],[-79.88768577575682,40.44466089931929]]}},{"type":"Feature","properties":{"a":"RF0015","b":"RF0397"},"geometry":{"type":"LineString","coordinates":[[-79.88764286041258,40.44464456932329],[-79.88768577575682,40.44466089931929]]}},{"type":"Feature","properties":{"a":"RF0015","b":"RF0397"},"geometry":{"type":"LineString","coordinates":[[-79.88757848739623,40.44461190931941],[-79.88764286041258,40.44464456932329]]}},{"type":"Feature","properties":{"a":"RF0015","b":"RF0397"},"geometry":{"type":"LineString","coordinates":[[-79.88747119903564,40.44457924929965],[-79.88757848739623,40.44461190931941]]}},{"type":"Feature","properties":{"a":"RF0015","b":"RF0396"},"geometry":{"type":"LineString","coordinates":[[-79.88734245300292,40.44453025924027],[-79.88747119903564,40.44457924929965]]}},{"type":"Feature","properties":{"a":"RF0015","b":"RF0396"},"geometry":{"type":"LineString","coordinates":[[-79.88712787628174,40.444464939105536],[-79.88734245300292,40.44453025924027]]}},{"type":"Feature","properties":{"a":"RF0015","b":"RF0501"},"geometry":{"type":"LineString","coordinates":[[-79.88712787628174,40.444464939105536],[-79.88717079162596,40.44461190931941]]}},{"type":"Feature","properties":{"a":"RF0015","b":"RF0501"},"geometry":{"type":"LineString","coordinates":[[-79.88714933395386,40.444758879211925],[-79.88717079162596,40.44461190931941]]}},{"type":"Feature","properties":{"a":"RF0015","b":"RF0501"},"geometry":{"type":"LineString","coordinates":[[-79.88682746887206,40.44533042573911],[-79.88714933395386,40.444758879211925]]}},{"type":"Feature","properties":{"a":"RF0016","b":null},"geometry":{"type":"LineString","coordinates":[[-79.88873720169066,40.445003828318676],[-79.88932632850155,40.44519925929879]]}},{"type":"Feature","properties":{"a":"RF0016","b":"RF0033"},"geometry":{"type":"LineString","coordinates":[[-79.88841533660887,40.44488951884661],[-79.88873720169066,40.445003828318676]]}},{"type":"Feature","properties":{"a":"RF0016","b":"RF0033"},"geometry":{"type":"LineString","coordinates":[[-79.88811492919922,40.444791539144404],[-79.88841533660887,40.44488951884661]]}},{"type":"Feature","properties":{"a":"RF0016","b":"RF0034"},"geometry":{"type":"LineString","coordinates":[[-79.88805055618285,40.44477520918015],[-79.88811492919922,40.444791539144404]]}},{"type":"Feature","properties":{"a":"RF0016","b":"RF0034"},"geometry":{"type":"LineString","coordinates":[[-79.8878788948059,40.44470988928346],[-79.88805055618285,40.44477520918015]]}},{"type":"Feature","properties":{"a":"RF0016","b":"RF0034"},"geometry":{"type":"LineString","coordinates":[[-79.88781452178955,40.44469355929937],[-79.8878788948059,40.44470988928346]]}},{"type":"Feature","properties":{"a":"RF0016","b":"RF0034"},"geometry":{"type":"LineString","coordinates":[[-79.88779306411743,40.44469355929937],[-79.88781452178955,40.44469355929937]]}},{"type":"Feature","properties":{"a":"RF0016","b":"RF0034"},"geometry":{"type":"LineString","coordinates":[[-79.88770723342894,40.44466089931929],[-79.88779306411743,40.44469355929937]]}},{"type":"Feature","properties":{"a":"RF0016","b":"RF0034"},"geometry":{"type":"LineString","coordinates":[[-79.88768577575682,40.44466089931929],[-79.88770723342894,40.44466089931929]]}},{"type":"Feature","properties":{"a":"RF0016","b":null},"geometry":{"type":"LineString","coordinates":[[-79.88826513290404,40.446114253073404],[-79.88852657144949,40.446504516439475]]}},{"type":"Feature","properties":{"a":"RF0016","b":null},"geometry":{"type":"LineString","coordinates":[[-79.88852657144949,40.446504516439475],[-79.88932632850155,40.44519925929879]]}},{"type":"Feature","properties":{"a":"RF0017","b":null},"geometry":{"type":"LineString","coordinates":[[-79.89096879959106,40.44573867028299],[-79.89100712017698,40.44575142897887]]}},{"type":"Feature","properties":{"a":"RF0017","b":"RF0025"},"geometry":{"type":"LineString","coordinates":[[-79.88965988159178,40.44531409590577],[-79.89096879959106,40.44573867028299]]}},{"type":"Feature","properties":{"a":"RF0017","b":"RF0025"},"geometry":{"type":"LineString","coordinates":[[-79.88957405090332,40.44528143622721],[-79.88965988159178,40.44531409590577]]}},{"type":"Feature","properties":{"a":"RF0017","b":null},"geometry":{"type":"LineString","coordinates":[[-79.88932632850155,40.44519925929879],[-79.88957405090332,40.44528143622721]]}},{"type":"Feature","properties":{"a":"RF0017","b":null},"geometry":{"type":"LineString","coordinates":[[-79.88868819867463,40.44624072996932],[-79.88932632850155,40.44519925929879]]}},{"type":"Feature","properties":{"a":"RF0017","b":"RF0018"},"geometry":{"type":"LineString","coordinates":[[-79.88868819867463,40.44624072996932],[-79.89034668890103,40.44682929710976]]}},{"type":"Feature","properties":{"a":"RF0017","b":null},"geometry":{"type":"LineString","coordinates":[[-79.89034668890103,40.44682929710976],[-79.89100712017698,40.44575142897887]]}},{"type":"Feature","properties":{"a":"RF0018","b":null},"geometry":{"type":"LineString","coordinates":[[-79.88852657144949,40.446504516439475],[-79.88868819867463,40.44624072996932]]}},{"type":"Feature","properties":{"a":"RF0018","b":null},"geometry":{"type":"LineString","coordinates":[[-79.88852657144949,40.446504516439475],[-79.88882303237915,40.44694705960049]]}},{"type":"Feature","properties":{"a":"RF0018","b":null},"geometry":{"type":"LineString","coordinates":[[-79.88882303237915,40.44694705960049],[-79.88968625762507,40.44790716524066]]}},{"type":"Feature","properties":{"a":"RF0018","b":null},"geometry":{"type":"LineString","coordinates":[[-79.88968625762507,40.44790716524066],[-79.89034668890103,40.44682929710976]]}},{"type":"Feature","properties":{"a":"RF0019","b":null},"geometry":{"type":"LineString","coordinates":[[-79.89100712017698,40.44575142897887],[-79.89131212234497,40.44585297831095]]}},{"type":"Feature","properties":{"a":"RF0019","b":null},"geometry":{"type":"LineString","coordinates":[[-79.89004374532081,40.44732372134809],[-79.89100712017698,40.44575142897887]]}},{"type":"Feature","properties":{"a":"RF0019","b":"RF0020"},"geometry":{"type":"LineString","coordinates":[[-79.89004374532081,40.44732372134809],[-79.89042332293069,40.44745842633752]]}},{"type":"Feature","properties":{"a":"RF0019","b":null},"geometry":{"type":"LineString","coordinates":[[-79.89042332293069,40.44745842633752],[-79.89071130752562,40.44694705960049]]}},{"type":"Feature","properties":{"a":"RF0019","b":"RF0023"},"geometry":{"type":"LineString","coordinates":[[-79.89071130752562,40.44694705960049],[-79.89081859588623,40.446767435536096]]}},{"type":"Feature","properties":{"a":"RF0019","b":null},"geometry":{"type":"LineString","coordinates":[[-79.89081859588623,40.446767435536096],[-79.8909044265747,40.44658781099166]]}},{"type":"Feature","properties":{"a":"RF0019","b":"RF0022"},"geometry":{"type":"LineString","coordinates":[[-79.8909044265747,40.44658781099166],[-79.89131212234497,40.44585297831095]]}},{"type":"Feature","properties":{"a":"RF0020","b":null},"geometry":{"type":"LineString","coordinates":[[-79.89032506942748,40.447632892521554],[-79.89161005936862,40.44806272619333]]}},{"type":"Feature","properties":{"a":"RF0020","b":null},"geometry":{"type":"LineString","coordinates":[[-79.89032506942748,40.447632892521554],[-79.89042332293069,40.44745842633752]]}},{"type":"Feature","properties":{"a":"RF0020","b":null},"geometry":{"type":"LineString","coordinates":[[-79.88968625762507,40.44790716524066],[-79.89004374532081,40.44732372134809]]}},{"type":"Feature","properties":{"a":"RF0020","b":null},"geometry":{"type":"LineString","coordinates":[[-79.88968625762507,40.44790716524066],[-79.88993883132935,40.44818808547461]]}},{"type":"Feature","properties":{"a":"RF0020","b":null},"geometry":{"type":"LineString","coordinates":[[-79.89043235778807,40.448661628780954],[-79.8909774077437,40.4490952560708]]}},{"type":"Feature","properties":{"a":"RF0020","b":"RF0021"},"geometry":{"type":"LineString","coordinates":[[-79.8909774077437,40.4490952560708],[-79.89161005936862,40.44806272619333]]}},{"type":"Feature","properties":{"a":"RF0021","b":null},"geometry":{"type":"LineString","coordinates":[[-79.89272628551628,40.448511074247286],[-79.892759,40.448701]]}},{"type":"Feature","properties":{"a":"RF0021","b":null},"geometry":{"type":"LineString","coordinates":[[-79.89272383959059,40.44849687428982],[-79.89272628551628,40.448511074247286]]}},{"type":"Feature","properties":{"a":"RF0021","b":"RF0024"},"geometry":{"type":"LineString","coordinates":[[-79.89257812499999,40.44844935115969],[-79.89272383959059,40.44849687428982]]}},{"type":"Feature","properties":{"a":"RF0021","b":"RF0024"},"geometry":{"type":"LineString","coordinates":[[-79.89240646362303,40.44838403483364],[-79.89257812499999,40.44844935115969]]}},{"type":"Feature","properties":{"a":"RF0021","b":null},"geometry":{"type":"LineString","coordinates":[[-79.89227771759032,40.44828606022555],[-79.89240646362303,40.44838403483364]]}},{"type":"Feature","properties":{"a":"RF0021","b":null},"geometry":{"type":"LineString","coordinates":[[-79.89161005936862,40.44806272619333],[-79.89227771759032,40.44828606022555]]}},{"type":"Feature","properties":{"a":"RF0021","b":null},"geometry":{"type":"LineString","coordinates":[[-79.8909774077437,40.4490952560708],[-79.89137649536131,40.44941275959546]]}},{"type":"Feature","properties":{"a":"RF0021","b":null},"geometry":{"type":"LineString","coordinates":[[-79.89262406013047,40.449209181479354],[-79.892742,40.448764]]}},{"type":"Feature","properties":{"a":"RF0021","b":null},"geometry":{"type":"LineString","coordinates":[[-79.892742,40.448764],[-79.892759,40.448701]]}},{"type":"Feature","properties":{"a":"RF0022","b":null},"geometry":{"type":"LineString","coordinates":[[-79.89251375198364,40.446261219680956],[-79.89256920774739,40.44627528723084]]}},{"type":"Feature","properties":{"a":"RF0022","b":"RF0026"},"geometry":{"type":"LineString","coordinates":[[-79.89161252975462,40.445967286144494],[-79.89251375198364,40.446261219680956]]}},{"type":"Feature","properties":{"a":"RF0022","b":"RF0026"},"geometry":{"type":"LineString","coordinates":[[-79.89131212234497,40.44585297831095],[-79.89161252975462,40.445967286144494]]}},{"type":"Feature","properties":{"a":"RF0022","b":null},"geometry":{"type":"LineString","coordinates":[[-79.89083346875123,40.446736309936995],[-79.8909044265747,40.44658781099166]]}},{"type":"Feature","properties":{"a":"RF0022","b":"RF0023"},"geometry":{"type":"LineString","coordinates":[[-79.89083346875123,40.446736309936995],[-79.89202716849779,40.44715993163533]]}},{"type":"Feature","properties":{"a":"RF0022","b":null},"geometry":{"type":"LineString","coordinates":[[-79.89202716849779,40.44715993163533],[-79.89256920774739,40.44627528723084]]}},{"type":"Feature","properties":{"a":"RF0023","b":null},"geometry":{"type":"LineString","coordinates":[[-79.89081859588623,40.446767435536096],[-79.89083346875123,40.446736309936995]]}},{"type":"Feature","properties":{"a":"RF0023","b":null},"geometry":{"type":"LineString","coordinates":[[-79.89032506942748,40.447632892521554],[-79.89071130752562,40.44694705960049]]}},{"type":"Feature","properties":{"a":"RF0023","b":null},"geometry":{"type":"LineString","coordinates":[[-79.89032506942748,40.447632892521554],[-79.89149714987586,40.44802495756939]]}},{"type":"Feature","properties":{"a":"RF0023","b":null},"geometry":{"type":"LineString","coordinates":[[-79.89149714987586,40.44802495756939],[-79.89202716849779,40.44715993163533]]}},{"type":"Feature","properties":{"a":"RF0024","b":"RF0027"},"geometry":{"type":"LineString","coordinates":[[-79.89309310913086,40.44644084509823],[-79.8930944432636,40.44644160656696]]}},{"type":"Feature","properties":{"a":"RF0024","b":"RF0027"},"geometry":{"type":"LineString","coordinates":[[-79.89281415939332,40.446359197240795],[-79.89309310913086,40.44644084509823]]}},{"type":"Feature","properties":{"a":"RF0024","b":"RF0026"},"geometry":{"type":"LineString","coordinates":[[-79.892578125,40.44627754928419],[-79.89281415939332,40.446359197240795]]}},{"type":"Feature","properties":{"a":"RF0024","b":null},"geometry":{"type":"LineString","coordinates":[[-79.89256920774739,40.44627528723084],[-79.892578125,40.44627754928419]]}},{"type":"Feature","properties":{"a":"RF0024","b":null},"geometry":{"type":"LineString","coordinates":[[-79.89149714987586,40.44802495756939],[-79.89256920774739,40.44627528723084]]}},{"type":"Feature","properties":{"a":"RF0024","b":null},"geometry":{"type":"LineString","coordinates":[[-79.89149714987586,40.44802495756939],[-79.89227771759032,40.44828606022555]]}},{"type":"Feature","properties":{"a":"RF0024","b":null},"geometry":{"type":"LineString","coordinates":[[-79.89227771759032,40.44828606022555],[-79.89234209060669,40.448335047547445]]}},{"type":"Feature","properties":{"a":"RF0024","b":null},"geometry":{"type":"LineString","coordinates":[[-79.89234209060669,40.448335047547445],[-79.89240646362303,40.44838403483364]]}},{"type":"Feature","properties":{"a":"RF0024","b":null},"geometry":{"type":"LineString","coordinates":[[-79.892723,40.448492],[-79.8927238395906,40.44849687428983]]}},{"type":"Feature","properties":{"a":"RF0024","b":null},"geometry":{"type":"LineString","coordinates":[[-79.892712,40.448427],[-79.892723,40.448492]]}},{"type":"Feature","properties":{"a":"RF0024","b":null},"geometry":{"type":"LineString","coordinates":[[-79.892682,40.448232],[-79.892712,40.448427]]}},{"type":"Feature","properties":{"a":"RF0024","b":null},"geometry":{"type":"LineString","coordinates":[[-79.892672,40.448168],[-79.892682,40.448232]]}},{"type":"Feature","properties":{"a":"RF0024","b":null},"geometry":{"type":"LineString","coordinates":[[-79.892672,40.448168],[-79.892699,40.448099]]}},{"type":"Feature","properties":{"a":"RF0024","b":null},"geometry":{"type":"LineString","coordinates":[[-79.892699,40.448099],[-79.89278,40.447895]]}},{"type":"Feature","properties":{"a":"RF0024","b":null},"geometry":{"type":"LineString","coordinates":[[-79.89278,40.447895],[-79.892808,40.447827]]}},{"type":"Feature","properties":{"a":"RF0024","b":null},"geometry":{"type":"LineString","coordinates":[[-79.892808,40.447827],[-79.892846,40.447761]]}},{"type":"Feature","properties":{"a":"RF0024","b":null},"geometry":{"type":"LineString","coordinates":[[-79.892846,40.447761],[-79.892963,40.447565]]}},{"type":"Feature","properties":{"a":"RF0024","b":null},"geometry":{"type":"LineString","coordinates":[[-79.892963,40.447565],[-79.8929969,40.4475068]]}},{"type":"Feature","properties":{"a":"RF0024","b":null},"geometry":{"type":"LineString","coordinates":[[-79.8929969,40.4475068],[-79.89301187625085,40.44736624367171]]}},{"type":"Feature","properties":{"a":"RF0024","b":null},"geometry":{"type":"LineString","coordinates":[[-79.89301187625085,40.44736624367171],[-79.89302,40.44729]]}},{"type":"Feature","properties":{"a":"RF0024","b":null},"geometry":{"type":"LineString","coordinates":[[-79.89302,40.44729],[-79.89304153942057,40.44702392480492]]}},{"type":"Feature","properties":{"a":"RF0024","b":null},"geometry":{"type":"LineString","coordinates":[[-79.89304153942057,40.44702392480492],[-79.893071,40.44666]]}},{"type":"Feature","properties":{"a":"RF0024","b":null},"geometry":{"type":"LineString","coordinates":[[-79.893071,40.44666],[-79.8930909,40.4464608]]}},{"type":"Feature","properties":{"a":"RF0024","b":null},"geometry":{"type":"LineString","coordinates":[[-79.8930909,40.4464608],[-79.8930944432636,40.44644160656696]]}},{"type":"Feature","properties":{"a":"RF0025","b":"RF0032"},"geometry":{"type":"LineString","coordinates":[[-79.8915910720825,40.44453025924027],[-79.89193439483641,40.44464456932329]]}},{"type":"Feature","properties":{"a":"RF0025","b":"RF0032"},"geometry":{"type":"LineString","coordinates":[[-79.89058256149292,40.44420365793185],[-79.8915910720825,40.44453025924027]]}},{"type":"Feature","properties":{"a":"RF0025","b":"RF0032"},"geometry":{"type":"LineString","coordinates":[[-79.89023923873901,40.44408934709899],[-79.89058256149292,40.44420365793185]]}},{"type":"Feature","properties":{"a":"RF0025","b":"RF0036"},"geometry":{"type":"LineString","coordinates":[[-79.89019632339478,40.44417099771373],[-79.89023923873901,40.44408934709899]]}},{"type":"Feature","properties":{"a":"RF0025","b":"RF0036"},"geometry":{"type":"LineString","coordinates":[[-79.89006757736205,40.44439961890732],[-79.89019632339478,40.44417099771373]]}},{"type":"Feature","properties":{"a":"RF0025","b":null},"geometry":{"type":"LineString","coordinates":[[-79.88998174667356,40.44456291928382],[-79.89006757736205,40.44439961890732]]}},{"type":"Feature","properties":{"a":"RF0025","b":"RF0035"},"geometry":{"type":"LineString","coordinates":[[-79.88985300064087,40.444791539144404],[-79.88998174667356,40.44456291928382]]}},{"type":"Feature","properties":{"a":"RF0025","b":"RF0035"},"geometry":{"type":"LineString","coordinates":[[-79.88981008529663,40.444873188906165],[-79.88985300064087,40.444791539144404]]}},{"type":"Feature","properties":{"a":"RF0025","b":"RF0033"},"geometry":{"type":"LineString","coordinates":[[-79.88974571228026,40.444954838568734],[-79.88981008529663,40.444873188906165]]}},{"type":"Feature","properties":{"a":"RF0025","b":"RF0033"},"geometry":{"type":"LineString","coordinates":[[-79.88957405090332,40.44528143622721],[-79.88974571228026,40.444954838568734]]}},{"type":"Feature","properties":{"a":"RF0025","b":null},"geometry":{"type":"LineString","coordinates":[[-79.89096879959106,40.44573867028299],[-79.89131212234497,40.44585297831095]]}},{"type":"Feature","properties":{"a":"RF0025","b":"RF0026"},"geometry":{"type":"LineString","coordinates":[[-79.89131212234497,40.44585297831095],[-79.89139795303343,40.44570601081074]]}},{"type":"Feature","properties":{"a":"RF0025","b":"RF0026"},"geometry":{"type":"LineString","coordinates":[[-79.89139795303343,40.44570601081074],[-79.89165544509888,40.445216116822465]]}},{"type":"Feature","properties":{"a":"RF0025","b":"RF0026"},"geometry":{"type":"LineString","coordinates":[[-79.89165544509888,40.445216116822465],[-79.89176273345946,40.445052818032906]]}},{"type":"Feature","properties":{"a":"RF0025","b":"RF0028"},"geometry":{"type":"LineString","coordinates":[[-79.89176273345946,40.445052818032906],[-79.89184856414795,40.44488951884661]]}},{"type":"Feature","properties":{"a":"RF0025","b":"RF0028"},"geometry":{"type":"LineString","coordinates":[[-79.89184856414795,40.44488951884661],[-79.89189147949219,40.444726219263586]]}},{"type":"Feature","properties":{"a":"RF0025","b":"RF0028"},"geometry":{"type":"LineString","coordinates":[[-79.89189147949219,40.444726219263586],[-79.89193439483641,40.44464456932329]]}},{"type":"Feature","properties":{"a":"RF0026","b":"RF0029"},"geometry":{"type":"LineString","coordinates":[[-79.89296436309816,40.44544473446133],[-79.89307165145874,40.44547739406055]]}},{"type":"Feature","properties":{"a":"RF0026","b":"RF0029"},"geometry":{"type":"LineString","coordinates":[[-79.89257812499999,40.44531409590577],[-79.89296436309816,40.44544473446133]]}},{"type":"Feature","properties":{"a":"RF0026","b":"RF0029"},"geometry":{"type":"LineString","coordinates":[[-79.89244937896727,40.44528143622721],[-79.89257812499999,40.44531409590577]]}},{"type":"Feature","properties":{"a":"RF0026","b":"RF0028"},"geometry":{"type":"LineString","coordinates":[[-79.89232063293457,40.445232446679604],[-79.89244937896727,40.44528143622721]]}},{"type":"Feature","properties":{"a":"RF0026","b":"RF0028"},"geometry":{"type":"LineString","coordinates":[[-79.89189147949219,40.44510180771143],[-79.89232063293457,40.445232446679604]]}},{"type":"Feature","properties":{"a":"RF0026","b":"RF0028"},"geometry":{"type":"LineString","coordinates":[[-79.89176273345946,40.445052818032906],[-79.89189147949219,40.44510180771143]]}},{"type":"Feature","properties":{"a":"RF0026","b":null},"geometry":{"type":"LineString","coordinates":[[-79.89251375198364,40.446261219680956],[-79.89257812499999,40.44627754928419]]}},{"type":"Feature","properties":{"a":"RF0026","b":"RF0027"},"geometry":{"type":"LineString","coordinates":[[-79.89281415939332,40.446359197240795],[-79.89287853240967,40.44619590122839]]}},{"type":"Feature","properties":{"a":"RF0026","b":"RF0027"},"geometry":{"type":"LineString","coordinates":[[-79.89287853240967,40.44619590122839],[-79.89302873611452,40.445657021572586]]}},{"type":"Feature","properties":{"a":"RF0026","b":"RF0027"},"geometry":{"type":"LineString","coordinates":[[-79.89302873611452,40.445657021572586],[-79.89307165145874,40.44547739406055]]}},{"type":"Feature","properties":{"a":"RF0027","b":"RF0029"},"geometry":{"type":"LineString","coordinates":[[-79.89326477050781,40.44542840465577],[-79.8933017787121,40.44544248671828]]}},{"type":"Feature","properties":{"a":"RF0027","b":"RF0029"},"geometry":{"type":"LineString","coordinates":[[-79.89315748214723,40.44539574503276],[-79.89326477050781,40.44542840465577]]}},{"type":"Feature","properties":{"a":"RF0027","b":"RF0029"},"geometry":{"type":"LineString","coordinates":[[-79.89311456680298,40.44537941521529],[-79.89315748214723,40.44539574503276]]}},{"type":"Feature","properties":{"a":"RF0027","b":"RF0029"},"geometry":{"type":"LineString","coordinates":[[-79.89309310913086,40.44539574503276],[-79.89311456680298,40.44537941521529]]}},{"type":"Feature","properties":{"a":"RF0027","b":"RF0029"},"geometry":{"type":"LineString","coordinates":[[-79.89309310913086,40.44539574503276],[-79.89309310913086,40.44546106426293]]}},{"type":"Feature","properties":{"a":"RF0027","b":"RF0029"},"geometry":{"type":"LineString","coordinates":[[-79.89307165145874,40.44547739406055],[-79.89309310913086,40.44546106426293]]}},{"type":"Feature","properties":{"a":"RF0027","b":null},"geometry":{"type":"LineString","coordinates":[[-79.8930944432636,40.44644160656696],[-79.89313,40.446249]]}},{"type":"Feature","properties":{"a":"RF0027","b":null},"geometry":{"type":"LineString","coordinates":[[-79.89313,40.446249],[-79.893258,40.445648]]}},{"type":"Feature","properties":{"a":"RF0027","b":null},"geometry":{"type":"LineString","coordinates":[[-79.893258,40.445648],[-79.893301,40.445448]]}},{"type":"Feature","properties":{"a":"RF0027","b":null},"geometry":{"type":"LineString","coordinates":[[-79.893301,40.445448],[-79.8933017787121,40.44544248671828]]}},{"type":"Feature","properties":{"a":"RF0028","b":"RF0030"},"geometry":{"type":"LineString","coordinates":[[-79.89259958267212,40.44439961890732],[-79.89270687103271,40.444432279014364]]}},{"type":"Feature","properties":{"a":"RF0028","b":"RF0030"},"geometry":{"type":"LineString","coordinates":[[-79.892578125,40.44439961890732],[-79.89259958267212,40.44439961890732]]}},{"type":"Feature","properties":{"a":"RF0028","b":"RF0030"},"geometry":{"type":"LineString","coordinates":[[-79.89221334457397,40.44426897832048],[-79.892578125,40.44439961890732]]}},{"type":"Feature","properties":{"a":"RF0028","b":"RF0030"},"geometry":{"type":"LineString","coordinates":[[-79.89208459854125,40.44421998803495],[-79.89221334457397,40.44426897832048]]}},{"type":"Feature","properties":{"a":"RF0028","b":"RF0032"},"geometry":{"type":"LineString","coordinates":[[-79.89206314086913,40.444301638491],[-79.89208459854125,40.44421998803495]]}},{"type":"Feature","properties":{"a":"RF0028","b":"RF0032"},"geometry":{"type":"LineString","coordinates":[[-79.89195585250853,40.44456291928382],[-79.89206314086913,40.444301638491]]}},{"type":"Feature","properties":{"a":"RF0028","b":"RF0032"},"geometry":{"type":"LineString","coordinates":[[-79.89193439483641,40.44464456932329],[-79.89195585250853,40.44456291928382]]}},{"type":"Feature","properties":{"a":"RF0028","b":"RF0029"},"geometry":{"type":"LineString","coordinates":[[-79.89244937896727,40.44528143622721],[-79.89251375198364,40.445118137596346]]}},{"type":"Feature","properties":{"a":"RF0028","b":"RF0029"},"geometry":{"type":"LineString","coordinates":[[-79.89251375198364,40.445118137596346],[-79.892578125,40.444905848783094]]}},{"type":"Feature","properties":{"a":"RF0028","b":"RF0029"},"geometry":{"type":"LineString","coordinates":[[-79.892578125,40.444905848783094],[-79.89266395568849,40.44461190931941]]}},{"type":"Feature","properties":{"a":"RF0028","b":"RF0029"},"geometry":{"type":"LineString","coordinates":[[-79.89266395568849,40.44461190931941],[-79.89270687103271,40.444432279014364]]}},{"type":"Feature","properties":{"a":"RF0029","b":"RF0030"},"geometry":{"type":"LineString","coordinates":[[-79.89322185516357,40.44456291928382],[-79.89342842141087,40.44456291928382]]}},{"type":"Feature","properties":{"a":"RF0029","b":"RF0030"},"geometry":{"type":"LineString","coordinates":[[-79.89320039749146,40.44454658926403],[-79.89322185516357,40.44456291928382]]}},{"type":"Feature","properties":{"a":"RF0029","b":"RF0030"},"geometry":{"type":"LineString","coordinates":[[-79.89270687103271,40.444432279014364],[-79.89320039749146,40.44454658926403]]}},{"type":"Feature","properties":{"a":"RF0029","b":null},"geometry":{"type":"LineString","coordinates":[[-79.8933017787121,40.44544248671828],[-79.893326,40.445271]]}},{"type":"Feature","properties":{"a":"RF0029","b":null},"geometry":{"type":"LineString","coordinates":[[-79.893326,40.445271],[-79.893402,40.444741]]}},{"type":"Feature","properties":{"a":"RF0029","b":null},"geometry":{"type":"LineString","coordinates":[[-79.893402,40.444741],[-79.893428,40.444565]]}},{"type":"Feature","properties":{"a":"RF0029","b":null},"geometry":{"type":"LineString","coordinates":[[-79.893428,40.444565],[-79.89342842141087,40.44456291928382]]}},{"type":"Feature","properties":{"a":"RF0030","b":"RF0047"},"geometry":{"type":"LineString","coordinates":[[-79.8935866355896,40.443779073858444],[-79.89358906803666,40.44377976805687]]}},{"type":"Feature","properties":{"a":"RF0030","b":"RF0047"},"geometry":{"type":"LineString","coordinates":[[-79.8930072784424,40.44358311107387],[-79.8935866355896,40.443779073858444]]}},{"type":"Feature","properties":{"a":"RF0030","b":"RF0047"},"geometry":{"type":"LineString","coordinates":[[-79.89257812499999,40.4434524689001],[-79.8930072784424,40.44358311107387]]}},{"type":"Feature","properties":{"a":"RF0030","b":"RF0047"},"geometry":{"type":"LineString","coordinates":[[-79.89236354827881,40.44337081741256],[-79.89257812499999,40.4434524689001]]}},{"type":"Feature","properties":{"a":"RF0030","b":"RF0031"},"geometry":{"type":"LineString","coordinates":[[-79.89232063293457,40.44355045055423],[-79.89236354827881,40.44337081741256]]}},{"type":"Feature","properties":{"a":"RF0030","b":"RF0031"},"geometry":{"type":"LineString","coordinates":[[-79.8921489715576,40.44405668682533],[-79.89232063293457,40.44355045055423]]}},{"type":"Feature","properties":{"a":"RF0030","b":"RF0031"},"geometry":{"type":"LineString","coordinates":[[-79.89208459854125,40.44421998803495],[-79.8921489715576,40.44405668682533]]}},{"type":"Feature","properties":{"a":"RF0030","b":null},"geometry":{"type":"LineString","coordinates":[[-79.89342842141087,40.44456291928382],[-79.89346,40.444407]]}},{"type":"Feature","properties":{"a":"RF0030","b":null},"geometry":{"type":"LineString","coordinates":[[-79.89346,40.444407],[-79.893556,40.443936]]}},{"type":"Feature","properties":{"a":"RF0030","b":null},"geometry":{"type":"LineString","coordinates":[[-79.893556,40.443936],[-79.893589,40.44378]]}},{"type":"Feature","properties":{"a":"RF0030","b":null},"geometry":{"type":"LineString","coordinates":[[-79.893589,40.44378],[-79.89358906803666,40.44377976805687]]}},{"type":"Feature","properties":{"a":"RF0031","b":"RF0046"},"geometry":{"type":"LineString","coordinates":[[-79.8922562599182,40.44333815678976],[-79.89236354827881,40.44337081741256]]}},{"type":"Feature","properties":{"a":"RF0031","b":"RF0046"},"geometry":{"type":"LineString","coordinates":[[-79.89195585250853,40.44324017482617],[-79.8922562599182,40.44333815678976]]}},{"type":"Feature","properties":{"a":"RF0031","b":"RF0046"},"geometry":{"type":"LineString","coordinates":[[-79.89184856414795,40.44320751413991],[-79.89195585250853,40.44324017482617]]}},{"type":"Feature","properties":{"a":"RF0031","b":"RF0039"},"geometry":{"type":"LineString","coordinates":[[-79.89182710647582,40.44325650516336],[-79.89184856414795,40.44320751413991]]}},{"type":"Feature","properties":{"a":"RF0031","b":"RF0039"},"geometry":{"type":"LineString","coordinates":[[-79.89182710647582,40.44325650516336],[-79.89182710647582,40.44328916582582]]}},{"type":"Feature","properties":{"a":"RF0031","b":"RF0039"},"geometry":{"type":"LineString","coordinates":[[-79.89171981811522,40.44361577157763],[-79.89182710647582,40.44328916582582]]}},{"type":"Feature","properties":{"a":"RF0031","b":"RF0038"},"geometry":{"type":"LineString","coordinates":[[-79.891676902771,40.44371375299373],[-79.89171981811522,40.44361577157763]]}},{"type":"Feature","properties":{"a":"RF0031","b":"RF0038"},"geometry":{"type":"LineString","coordinates":[[-79.8915910720825,40.44395870590912],[-79.891676902771,40.44371375299373]]}},{"type":"Feature","properties":{"a":"RF0031","b":"RF0038"},"geometry":{"type":"LineString","coordinates":[[-79.8915696144104,40.44404035668254],[-79.8915910720825,40.44395870590912]]}},{"type":"Feature","properties":{"a":"RF0031","b":"RF0032"},"geometry":{"type":"LineString","coordinates":[[-79.8915696144104,40.44404035668254],[-79.891676902771,40.44408934709899]]}},{"type":"Feature","properties":{"a":"RF0031","b":"RF0032"},"geometry":{"type":"LineString","coordinates":[[-79.891676902771,40.44408934709899],[-79.89197731018066,40.444187327824764]]}},{"type":"Feature","properties":{"a":"RF0031","b":"RF0032"},"geometry":{"type":"LineString","coordinates":[[-79.89197731018066,40.444187327824764],[-79.89208459854125,40.44421998803495]]}},{"type":"Feature","properties":{"a":"RF0032","b":"RF0038"},"geometry":{"type":"LineString","coordinates":[[-79.89073276519774,40.443779073858444],[-79.8915696144104,40.44404035668254]]}},{"type":"Feature","properties":{"a":"RF0032","b":"RF0038"},"geometry":{"type":"LineString","coordinates":[[-79.89047527313232,40.443681092537574],[-79.89073276519774,40.443779073858444]]}},{"type":"Feature","properties":{"a":"RF0032","b":"RF0036"},"geometry":{"type":"LineString","coordinates":[[-79.89030361175537,40.444007696385064],[-79.89047527313232,40.443681092537574]]}},{"type":"Feature","properties":{"a":"RF0032","b":"RF0036"},"geometry":{"type":"LineString","coordinates":[[-79.89023923873901,40.44408934709899],[-79.89030361175537,40.444007696385064]]}},{"type":"Feature","properties":{"a":"RF0033","b":"RF0035"},"geometry":{"type":"LineString","coordinates":[[-79.8880934715271,40.4443179685703],[-79.88981008529663,40.444873188906165]]}},{"type":"Feature","properties":{"a":"RF0033","b":"RF0035"},"geometry":{"type":"LineString","coordinates":[[-79.88796472549438,40.44428530840772],[-79.8880934715271,40.4443179685703]]}},{"type":"Feature","properties":{"a":"RF0033","b":"RF0034"},"geometry":{"type":"LineString","coordinates":[[-79.88796472549438,40.44428530840772],[-79.88811492919922,40.444791539144404]]}},{"type":"Feature","properties":{"a":"RF0033","b":null},"geometry":{"type":"LineString","coordinates":[[-79.88873720169066,40.445003828318676],[-79.88957405090332,40.44528143622721]]}},{"type":"Feature","properties":{"a":"RF0034","b":"RF0035"},"geometry":{"type":"LineString","coordinates":[[-79.8877501487732,40.44351779001872],[-79.88796472549438,40.44428530840772]]}},{"type":"Feature","properties":{"a":"RF0034","b":"RF0035"},"geometry":{"type":"LineString","coordinates":[[-79.8876643180847,40.44327283549658],[-79.8877501487732,40.44351779001872]]}},{"type":"Feature","properties":{"a":"RF0034","b":"RF0035"},"geometry":{"type":"LineString","coordinates":[[-79.88747119903564,40.44270127147352],[-79.8876643180847,40.44327283549658]]}},{"type":"Feature","properties":{"a":"RF0034","b":"RF0042"},"geometry":{"type":"LineString","coordinates":[[-79.8872137069702,40.4426196190735],[-79.88747119903564,40.44270127147352]]}},{"type":"Feature","properties":{"a":"RF0034","b":"RF0042"},"geometry":{"type":"LineString","coordinates":[[-79.88714933395386,40.44258695808571],[-79.8872137069702,40.4426196190735]]}},{"type":"Feature","properties":{"a":"RF0034","b":"RF0042"},"geometry":{"type":"LineString","coordinates":[[-79.88712787628174,40.44257062758587],[-79.88714933395386,40.44258695808571]]}},{"type":"Feature","properties":{"a":"RF0034","b":"RF0397"},"geometry":{"type":"LineString","coordinates":[[-79.88712787628174,40.44257062758587],[-79.88723516464232,40.44299521929237]]}},{"type":"Feature","properties":{"a":"RF0034","b":"RF0397"},"geometry":{"type":"LineString","coordinates":[[-79.88723516464232,40.44299521929237],[-79.88757848739623,40.444236318134095]]}},{"type":"Feature","properties":{"a":"RF0034","b":"RF0397"},"geometry":{"type":"LineString","coordinates":[[-79.88757848739623,40.444236318134095],[-79.88768577575682,40.44466089931929]]}},{"type":"Feature","properties":{"a":"RF0035","b":"RF0036"},"geometry":{"type":"LineString","coordinates":[[-79.88794326782227,40.44379540406471],[-79.89002466201781,40.444481269145165]]}},{"type":"Feature","properties":{"a":"RF0035","b":"RF0036"},"geometry":{"type":"LineString","coordinates":[[-79.88792181015013,40.44340347801947],[-79.88794326782227,40.44379540406471]]}},{"type":"Feature","properties":{"a":"RF0035","b":"RF0036"},"geometry":{"type":"LineString","coordinates":[[-79.88792181015013,40.44340347801947],[-79.8882007598877,40.442929897665934]]}},{"type":"Feature","properties":{"a":"RF0035","b":"RF0041"},"geometry":{"type":"LineString","coordinates":[[-79.88779306411743,40.44279925422263],[-79.8882007598877,40.442929897665934]]}},{"type":"Feature","properties":{"a":"RF0035","b":"RF0041"},"geometry":{"type":"LineString","coordinates":[[-79.88747119903564,40.44270127147352],[-79.88779306411743,40.44279925422263]]}},{"type":"Feature","properties":{"a":"RF0035","b":null},"geometry":{"type":"LineString","coordinates":[[-79.88998174667356,40.44456291928382],[-79.89002466201781,40.444481269145165]]}},{"type":"Feature","properties":{"a":"RF0036","b":"RF0037"},"geometry":{"type":"LineString","coordinates":[[-79.88901615142821,40.44320751413991],[-79.89047527313232,40.443681092537574]]}},{"type":"Feature","properties":{"a":"RF0036","b":"RF0037"},"geometry":{"type":"LineString","coordinates":[[-79.88886594772339,40.443142192719776],[-79.88901615142821,40.44320751413991]]}},{"type":"Feature","properties":{"a":"RF0036","b":"RF0037"},"geometry":{"type":"LineString","coordinates":[[-79.8882007598877,40.442929897665934],[-79.88886594772339,40.443142192719776]]}},{"type":"Feature","properties":{"a":"RF0036","b":null},"geometry":{"type":"LineString","coordinates":[[-79.89002466201781,40.444481269145165],[-79.89006757736205,40.44439961890732]]}},{"type":"Feature","properties":{"a":"RF0037","b":"RF0040"},"geometry":{"type":"LineString","coordinates":[[-79.89023923873901,40.443142192719776],[-79.8906898498535,40.44328916582582]]}},{"type":"Feature","properties":{"a":"RF0037","b":"RF0040"},"geometry":{"type":"LineString","coordinates":[[-79.88888740539551,40.442684941001446],[-79.89023923873901,40.443142192719776]]}},{"type":"Feature","properties":{"a":"RF0037","b":"RF0040"},"geometry":{"type":"LineString","coordinates":[[-79.88841533660887,40.44253796657429],[-79.88888740539551,40.442684941001446]]}},{"type":"Feature","properties":{"a":"RF0037","b":"RF0041"},"geometry":{"type":"LineString","coordinates":[[-79.88837242126463,40.4426196190735],[-79.88841533660887,40.44253796657429]]}},{"type":"Feature","properties":{"a":"RF0037","b":"RF0041"},"geometry":{"type":"LineString","coordinates":[[-79.88824367523192,40.44284824554362],[-79.88837242126463,40.4426196190735]]}},{"type":"Feature","properties":{"a":"RF0037","b":"RF0041"},"geometry":{"type":"LineString","coordinates":[[-79.8882007598877,40.442929897665934],[-79.88824367523192,40.44284824554362]]}},{"type":"Feature","properties":{"a":"RF0037","b":"RF0038"},"geometry":{"type":"LineString","coordinates":[[-79.89047527313232,40.443681092537574],[-79.89051818847656,40.443599441327734]]}},{"type":"Feature","properties":{"a":"RF0037","b":"RF0038"},"geometry":{"type":"LineString","coordinates":[[-79.89051818847656,40.443599441327734],[-79.89064693450928,40.44337081741256]]}},{"type":"Feature","properties":{"a":"RF0037","b":"RF0038"},"geometry":{"type":"LineString","coordinates":[[-79.89064693450928,40.44337081741256],[-79.8906898498535,40.44328916582582]]}},{"type":"Feature","properties":{"a":"RF0038","b":"RF0039"},"geometry":{"type":"LineString","coordinates":[[-79.89150524139404,40.44356678081602],[-79.89171981811522,40.44361577157763]]}},{"type":"Feature","properties":{"a":"RF0038","b":"RF0039"},"geometry":{"type":"LineString","coordinates":[[-79.8909044265747,40.44337081741256],[-79.89150524139404,40.44356678081602]]}},{"type":"Feature","properties":{"a":"RF0038","b":"RF0039"},"geometry":{"type":"LineString","coordinates":[[-79.8906898498535,40.44328916582582],[-79.8909044265747,40.44337081741256]]}},{"type":"Feature","properties":{"a":"RF0039","b":"RF0046"},"geometry":{"type":"LineString","coordinates":[[-79.89176273345946,40.443174853437775],[-79.89184856414795,40.44320751413991]]}},{"type":"Feature","properties":{"a":"RF0039","b":"RF0046"},"geometry":{"type":"LineString","coordinates":[[-79.8915910720825,40.44312586235482],[-79.89176273345946,40.443174853437775]]}},{"type":"Feature","properties":{"a":"RF0039","b":"RF0046"},"geometry":{"type":"LineString","coordinates":[[-79.89092588424683,40.442897236828905],[-79.8915910720825,40.44312586235482]]}},{"type":"Feature","properties":{"a":"RF0039","b":"RF0040"},"geometry":{"type":"LineString","coordinates":[[-79.8906898498535,40.44328916582582],[-79.89092588424683,40.442897236828905]]}},{"type":"Feature","properties":{"a":"RF0040","b":"RF0045"},"geometry":{"type":"LineString","coordinates":[[-79.88865137100218,40.44214603319749],[-79.89092588424683,40.442897236828905]]}},{"type":"Feature","properties":{"a":"RF0040","b":"RF0041"},"geometry":{"type":"LineString","coordinates":[[-79.88860845565794,40.44222768617277],[-79.88865137100218,40.44214603319749]]}},{"type":"Feature","properties":{"a":"RF0040","b":"RF0041"},"geometry":{"type":"LineString","coordinates":[[-79.88847970962524,40.4424563139759],[-79.88860845565794,40.44222768617277]]}},{"type":"Feature","properties":{"a":"RF0040","b":"RF0041"},"geometry":{"type":"LineString","coordinates":[[-79.88841533660887,40.44253796657429],[-79.88847970962524,40.4424563139759]]}},{"type":"Feature","properties":{"a":"RF0041","b":"RF0044"},"geometry":{"type":"LineString","coordinates":[[-79.88837242126463,40.442048049496236],[-79.88865137100218,40.44214603319749]]}},{"type":"Feature","properties":{"a":"RF0041","b":"RF0044"},"geometry":{"type":"LineString","coordinates":[[-79.88738536834715,40.44172143612722],[-79.88837242126463,40.442048049496236]]}},{"type":"Feature","properties":{"a":"RF0041","b":"RF0044"},"geometry":{"type":"LineString","coordinates":[[-79.88725662231444,40.441672443985],[-79.88738536834715,40.44172143612722]]}},{"type":"Feature","properties":{"a":"RF0041","b":"RF0043"},"geometry":{"type":"LineString","coordinates":[[-79.88717079162596,40.441688774703046],[-79.88725662231444,40.441672443985]]}},{"type":"Feature","properties":{"a":"RF0041","b":"RF0042"},"geometry":{"type":"LineString","coordinates":[[-79.88717079162596,40.441688774703046],[-79.88727807998657,40.44206438012302]]}},{"type":"Feature","properties":{"a":"RF0041","b":"RF0042"},"geometry":{"type":"LineString","coordinates":[[-79.88727807998657,40.44206438012302],[-79.88747119903564,40.44270127147352]]}},{"type":"Feature","properties":{"a":"RF0042","b":"RF0043"},"geometry":{"type":"LineString","coordinates":[[-79.88689184188841,40.44080691025166],[-79.88717079162596,40.441688774703046]]}},{"type":"Feature","properties":{"a":"RF0042","b":"RF0043"},"geometry":{"type":"LineString","coordinates":[[-79.88689184188841,40.44072525555062],[-79.88689184188841,40.44080691025166]]}},{"type":"Feature","properties":{"a":"RF0042","b":"RF0043"},"geometry":{"type":"LineString","coordinates":[[-79.88689184188841,40.44072525555062],[-79.88691329956053,40.4406436007504]]}},{"type":"Feature","properties":{"a":"RF0042","b":"RF0054"},"geometry":{"type":"LineString","coordinates":[[-79.88661289215088,40.44051295286374],[-79.88691329956053,40.4406436007504]]}},{"type":"Feature","properties":{"a":"RF0042","b":"RF0054"},"geometry":{"type":"LineString","coordinates":[[-79.88659143447876,40.44051295286374],[-79.88661289215088,40.44051295286374]]}},{"type":"Feature","properties":{"a":"RF0042","b":"RF0054"},"geometry":{"type":"LineString","coordinates":[[-79.88654851913451,40.44049662186007],[-79.88659143447876,40.44051295286374]]}},{"type":"Feature","properties":{"a":"RF0042","b":"RF0421"},"geometry":{"type":"LineString","coordinates":[[-79.88648414611815,40.44048029085242],[-79.88654851913451,40.44049662186007]]}},{"type":"Feature","properties":{"a":"RF0042","b":"RF0421"},"geometry":{"type":"LineString","coordinates":[[-79.88644123077393,40.4404639598408],[-79.88648414611815,40.44048029085242]]}},{"type":"Feature","properties":{"a":"RF0042","b":"RF0398"},"geometry":{"type":"LineString","coordinates":[[-79.88644123077393,40.4404639598408],[-79.88676309585571,40.44222768617277]]}},{"type":"Feature","properties":{"a":"RF0042","b":"RF0398"},"geometry":{"type":"LineString","coordinates":[[-79.88676309585571,40.44222768617277],[-79.88680601119995,40.44237466127833]]}},{"type":"Feature","properties":{"a":"RF0042","b":"RF0398"},"geometry":{"type":"LineString","coordinates":[[-79.88680601119995,40.44237466127833],[-79.88680601119995,40.44247264450352]]}},{"type":"Feature","properties":{"a":"RF0042","b":"RF0397"},"geometry":{"type":"LineString","coordinates":[[-79.88680601119995,40.44247264450352],[-79.8869776725769,40.442521636062544]]}},{"type":"Feature","properties":{"a":"RF0042","b":"RF0397"},"geometry":{"type":"LineString","coordinates":[[-79.8869776725769,40.442521636062544],[-79.88706350326537,40.44255429708206]]}},{"type":"Feature","properties":{"a":"RF0042","b":"RF0397"},"geometry":{"type":"LineString","coordinates":[[-79.88706350326537,40.44255429708206],[-79.88712787628174,40.44257062758587]]}},{"type":"Feature","properties":{"a":"RF0043","b":"RF0054"},"geometry":{"type":"LineString","coordinates":[[-79.88691329956053,40.4406436007504],[-79.88768577575682,40.440888564853516]]}},{"type":"Feature","properties":{"a":"RF0043","b":"RF0044"},"geometry":{"type":"LineString","coordinates":[[-79.88725662231444,40.441672443985],[-79.88729953765869,40.44155812884763]]}},{"type":"Feature","properties":{"a":"RF0043","b":"RF0044"},"geometry":{"type":"LineString","coordinates":[[-79.88729953765869,40.44155812884763],[-79.8874282836914,40.44134582879104]]}},{"type":"Feature","properties":{"a":"RF0043","b":"RF0044"},"geometry":{"type":"LineString","coordinates":[[-79.8874282836914,40.44134582879104],[-79.88768577575682,40.440888564853516]]}},{"type":"Feature","properties":{"a":"RF0044","b":"RF0053"},"geometry":{"type":"LineString","coordinates":[[-79.88768577575682,40.440888564853516],[-79.88910198211669,40.44134582879104]]}},{"type":"Feature","properties":{"a":"RF0044","b":"RF0045"},"geometry":{"type":"LineString","coordinates":[[-79.88865137100218,40.44214603319749],[-79.88873720169066,40.441982726949384]]}},{"type":"Feature","properties":{"a":"RF0044","b":"RF0045"},"geometry":{"type":"LineString","coordinates":[[-79.88873720169066,40.441982726949384],[-79.88901615142821,40.44150913658638]]}},{"type":"Feature","properties":{"a":"RF0044","b":"RF0045"},"geometry":{"type":"LineString","coordinates":[[-79.88901615142821,40.44150913658638],[-79.88910198211669,40.44134582879104]]}},{"type":"Feature","properties":{"a":"RF0045","b":"RF0050"},"geometry":{"type":"LineString","coordinates":[[-79.8906898498535,40.44188474301009],[-79.89126920700072,40.442048049496236]]}},{"type":"Feature","properties":{"a":"RF0045","b":"RF0050"},"geometry":{"type":"LineString","coordinates":[[-79.88953113555908,40.4414928058247],[-79.8906898498535,40.44188474301009]]}},{"type":"Feature","properties":{"a":"RF0045","b":"RF0050"},"geometry":{"type":"LineString","coordinates":[[-79.88910198211669,40.44134582879104],[-79.88953113555908,40.4414928058247]]}},{"type":"Feature","properties":{"a":"RF0045","b":"RF0046"},"geometry":{"type":"LineString","coordinates":[[-79.89092588424683,40.442897236828905],[-79.89120483398438,40.44240732236926]]}},{"type":"Feature","properties":{"a":"RF0045","b":"RF0046"},"geometry":{"type":"LineString","coordinates":[[-79.89120483398438,40.44240732236926],[-79.89126920700072,40.44221135558565]]}},{"type":"Feature","properties":{"a":"RF0045","b":"RF0046"},"geometry":{"type":"LineString","coordinates":[[-79.89126920700072,40.442048049496236],[-79.89126920700072,40.44221135558565]]}},{"type":"Feature","properties":{"a":"RF0046","b":"RF0047"},"geometry":{"type":"LineString","coordinates":[[-79.89238500595093,40.44227667791033],[-79.89240646362303,40.44248897502716]]}},{"type":"Feature","properties":{"a":"RF0046","b":"RF0049"},"geometry":{"type":"LineString","coordinates":[[-79.89154815673828,40.44230933904887],[-79.89238500595093,40.44227667791033]]}},{"type":"Feature","properties":{"a":"RF0046","b":"RF0049"},"geometry":{"type":"LineString","coordinates":[[-79.89141941070555,40.44224401675592],[-79.89154815673828,40.44230933904887]]}},{"type":"Feature","properties":{"a":"RF0046","b":"RF0049"},"geometry":{"type":"LineString","coordinates":[[-79.89126920700072,40.442048049496236],[-79.89141941070555,40.44224401675592]]}},{"type":"Feature","properties":{"a":"RF0046","b":"RF0047"},"geometry":{"type":"LineString","coordinates":[[-79.89236354827881,40.44337081741256],[-79.89240646362303,40.44325650516336]]}},{"type":"Feature","properties":{"a":"RF0046","b":"RF0047"},"geometry":{"type":"LineString","coordinates":[[-79.89240646362303,40.44248897502716],[-79.89240646362303,40.44325650516336]]}},{"type":"Feature","properties":{"a":"RF0047","b":"RF0048"},"geometry":{"type":"LineString","coordinates":[[-79.89369392395021,40.44229300848158],[-79.89403460280796,40.44229300848158]]}},{"type":"Feature","properties":{"a":"RF0047","b":"RF0048"},"geometry":{"type":"LineString","coordinates":[[-79.892578125,40.44227667791033],[-79.89369392395021,40.44229300848158]]}},{"type":"Feature","properties":{"a":"RF0047","b":"RF0048"},"geometry":{"type":"LineString","coordinates":[[-79.89238500595093,40.44227667791033],[-79.892578125,40.44227667791033]]}},{"type":"Feature","properties":{"a":"RF0047","b":null},"geometry":{"type":"LineString","coordinates":[[-79.89358906803666,40.44377976805687],[-79.893611,40.443705]]}},{"type":"Feature","properties":{"a":"RF0047","b":null},"geometry":{"type":"LineString","coordinates":[[-79.893611,40.443705],[-79.893678,40.443481]]}},{"type":"Feature","properties":{"a":"RF0047","b":null},"geometry":{"type":"LineString","coordinates":[[-79.893678,40.443481],[-79.893701,40.443407]]}},{"type":"Feature","properties":{"a":"RF0047","b":null},"geometry":{"type":"LineString","coordinates":[[-79.893701,40.443407],[-79.893724,40.443333]]}},{"type":"Feature","properties":{"a":"RF0047","b":null},"geometry":{"type":"LineString","coordinates":[[-79.893724,40.443333],[-79.893795,40.443111]]}},{"type":"Feature","properties":{"a":"RF0047","b":null},"geometry":{"type":"LineString","coordinates":[[-79.893795,40.443111],[-79.893819,40.443038]]}},{"type":"Feature","properties":{"a":"RF0047","b":null},"geometry":{"type":"LineString","coordinates":[[-79.893819,40.443038],[-79.893839,40.442963]]}},{"type":"Feature","properties":{"a":"RF0047","b":null},"geometry":{"type":"LineString","coordinates":[[-79.893839,40.442963],[-79.893902,40.442738]]}},{"type":"Feature","properties":{"a":"RF0047","b":null},"geometry":{"type":"LineString","coordinates":[[-79.893902,40.442738],[-79.893923,40.442664]]}},{"type":"Feature","properties":{"a":"RF0047","b":null},"geometry":{"type":"LineString","coordinates":[[-79.893923,40.442664],[-79.893944,40.442591]]}},{"type":"Feature","properties":{"a":"RF0047","b":null},"geometry":{"type":"LineString","coordinates":[[-79.893944,40.442591],[-79.894009,40.442374]]}},{"type":"Feature","properties":{"a":"RF0047","b":null},"geometry":{"type":"LineString","coordinates":[[-79.894009,40.442374],[-79.894032,40.442302]]}},{"type":"Feature","properties":{"a":"RF0047","b":null},"geometry":{"type":"LineString","coordinates":[[-79.894032,40.442302],[-79.89403460280796,40.44229300848158]]}},{"type":"Feature","properties":{"a":"RF0048","b":"RF0062"},"geometry":{"type":"LineString","coordinates":[[-79.89433122510826,40.44093899084553],[-79.89441456492732,40.4409546701489]]}},{"type":"Feature","properties":{"a":"RF0048","b":"RF0062"},"geometry":{"type":"LineString","coordinates":[[-79.89426924068387,40.44123151309826],[-79.89433122510826,40.44093899084553]]}},{"type":"Feature","properties":{"a":"RF0048","b":null},"geometry":{"type":"LineString","coordinates":[[-79.89315748214723,40.44123151309826],[-79.89426924068387,40.44123151309826]]}},{"type":"Feature","properties":{"a":"RF0048","b":"RF0061"},"geometry":{"type":"LineString","coordinates":[[-79.892578125,40.44124784392342],[-79.89315748214723,40.44123151309826]]}},{"type":"Feature","properties":{"a":"RF0048","b":"RF0061"},"geometry":{"type":"LineString","coordinates":[[-79.89238500595093,40.44124784392342],[-79.892578125,40.44124784392342]]}},{"type":"Feature","properties":{"a":"RF0048","b":"RF0049"},"geometry":{"type":"LineString","coordinates":[[-79.89236354827881,40.441313167184376],[-79.89238500595093,40.44124784392342]]}},{"type":"Feature","properties":{"a":"RF0048","b":"RF0049"},"geometry":{"type":"LineString","coordinates":[[-79.89236354827881,40.441313167184376],[-79.89238500595093,40.44146014428944]]}},{"type":"Feature","properties":{"a":"RF0048","b":"RF0049"},"geometry":{"type":"LineString","coordinates":[[-79.89238500595093,40.44146014428944],[-79.89238500595093,40.44227667791033]]}},{"type":"Feature","properties":{"a":"RF0048","b":null},"geometry":{"type":"LineString","coordinates":[[-79.89403460280796,40.44229300848158],[-79.894054,40.442226]]}},{"type":"Feature","properties":{"a":"RF0048","b":null},"geometry":{"type":"LineString","coordinates":[[-79.894054,40.442226],[-79.89406854585326,40.442178483546016]]}},{"type":"Feature","properties":{"a":"RF0048","b":null},"geometry":{"type":"LineString","coordinates":[[-79.89406854585326,40.442178483546016],[-79.894114,40.44203]]}},{"type":"Feature","properties":{"a":"RF0048","b":null},"geometry":{"type":"LineString","coordinates":[[-79.894114,40.44203],[-79.894119,40.441997]]}},{"type":"Feature","properties":{"a":"RF0048","b":null},"geometry":{"type":"LineString","coordinates":[[-79.894119,40.441997],[-79.894134,40.441919]]}},{"type":"Feature","properties":{"a":"RF0048","b":null},"geometry":{"type":"LineString","coordinates":[[-79.894134,40.441919],[-79.894158,40.441847]]}},{"type":"Feature","properties":{"a":"RF0048","b":null},"geometry":{"type":"LineString","coordinates":[[-79.894158,40.441847],[-79.894233,40.441633]]}},{"type":"Feature","properties":{"a":"RF0048","b":null},"geometry":{"type":"LineString","coordinates":[[-79.894233,40.441633],[-79.894242,40.44161]]}},{"type":"Feature","properties":{"a":"RF0048","b":null},"geometry":{"type":"LineString","coordinates":[[-79.894242,40.44161],[-79.894257,40.441562]]}},{"type":"Feature","properties":{"a":"RF0048","b":null},"geometry":{"type":"LineString","coordinates":[[-79.894257,40.441562],[-79.894279,40.441484]]}},{"type":"Feature","properties":{"a":"RF0048","b":null},"geometry":{"type":"LineString","coordinates":[[-79.894279,40.441484],[-79.894336,40.44129]]}},{"type":"Feature","properties":{"a":"RF0048","b":null},"geometry":{"type":"LineString","coordinates":[[-79.894336,40.44129],[-79.894344,40.441253]]}},{"type":"Feature","properties":{"a":"RF0048","b":null},"geometry":{"type":"LineString","coordinates":[[-79.894344,40.441253],[-79.894363,40.441175]]}},{"type":"Feature","properties":{"a":"RF0048","b":null},"geometry":{"type":"LineString","coordinates":[[-79.894363,40.441175],[-79.894394,40.441041]]}},{"type":"Feature","properties":{"a":"RF0048","b":null},"geometry":{"type":"LineString","coordinates":[[-79.894394,40.441041],[-79.89441456492732,40.4409546701489]]}},{"type":"Feature","properties":{"a":"RF0049","b":"RF0060"},"geometry":{"type":"LineString","coordinates":[[-79.89221334457397,40.4412641747446],[-79.89238500595093,40.44124784392342]]}},{"type":"Feature","properties":{"a":"RF0049","b":"RF0060"},"geometry":{"type":"LineString","coordinates":[[-79.89193439483641,40.44124784392342],[-79.89221334457397,40.4412641747446]]}},{"type":"Feature","properties":{"a":"RF0049","b":"RF0060"},"geometry":{"type":"LineString","coordinates":[[-79.8918056488037,40.44123151309826],[-79.89193439483641,40.44124784392342]]}},{"type":"Feature","properties":{"a":"RF0049","b":"RF0059"},"geometry":{"type":"LineString","coordinates":[[-79.89150524139404,40.441215182269126],[-79.8918056488037,40.44123151309826]]}},{"type":"Feature","properties":{"a":"RF0049","b":"RF0059"},"geometry":{"type":"LineString","coordinates":[[-79.89137649536131,40.44118252059898],[-79.89150524139404,40.441215182269126]]}},{"type":"Feature","properties":{"a":"RF0049","b":"RF0059"},"geometry":{"type":"LineString","coordinates":[[-79.89126920700072,40.441133528064],[-79.89137649536131,40.44118252059898]]}},{"type":"Feature","properties":{"a":"RF0049","b":null},"geometry":{"type":"LineString","coordinates":[[-79.89126920700072,40.441133528064],[-79.89126920700072,40.442048049496236]]}},{"type":"Feature","properties":{"a":"RF0050","b":"RF0051"},"geometry":{"type":"LineString","coordinates":[[-79.89116191864014,40.44155812884763],[-79.89126920700072,40.44157445959344]]}},{"type":"Feature","properties":{"a":"RF0050","b":"RF0051"},"geometry":{"type":"LineString","coordinates":[[-79.89088296890259,40.44146014428944],[-79.89116191864014,40.44155812884763]]}},{"type":"Feature","properties":{"a":"RF0050","b":"RF0051"},"geometry":{"type":"LineString","coordinates":[[-79.88931655883788,40.44095388846359],[-79.89088296890259,40.44146014428944]]}},{"type":"Feature","properties":{"a":"RF0050","b":"RF0053"},"geometry":{"type":"LineString","coordinates":[[-79.88927364349364,40.44103554288692],[-79.88931655883788,40.44095388846359]]}},{"type":"Feature","properties":{"a":"RF0050","b":"RF0053"},"geometry":{"type":"LineString","coordinates":[[-79.88914489746094,40.4412641747446],[-79.88927364349364,40.44103554288692]]}},{"type":"Feature","properties":{"a":"RF0050","b":"RF0053"},"geometry":{"type":"LineString","coordinates":[[-79.88910198211669,40.44134582879104],[-79.88914489746094,40.4412641747446]]}},{"type":"Feature","properties":{"a":"RF0050","b":null},"geometry":{"type":"LineString","coordinates":[[-79.89126920700072,40.44157445959344],[-79.89126920700072,40.442048049496236]]}},{"type":"Feature","properties":{"a":"RF0051","b":"RF0058"},"geometry":{"type":"LineString","coordinates":[[-79.8895525932312,40.440561945851],[-79.89126920700072,40.441133528064]]}},{"type":"Feature","properties":{"a":"RF0051","b":"RF0052"},"geometry":{"type":"LineString","coordinates":[[-79.88950967788696,40.4406436007504],[-79.8895525932312,40.440561945851]]}},{"type":"Feature","properties":{"a":"RF0051","b":"RF0052"},"geometry":{"type":"LineString","coordinates":[[-79.88935947418211,40.44087223394108],[-79.88950967788696,40.4406436007504]]}},{"type":"Feature","properties":{"a":"RF0051","b":"RF0052"},"geometry":{"type":"LineString","coordinates":[[-79.88931655883788,40.44095388846359],[-79.88935947418211,40.44087223394108]]}},{"type":"Feature","properties":{"a":"RF0051","b":null},"geometry":{"type":"LineString","coordinates":[[-79.89126920700072,40.441133528064],[-79.89126920700072,40.44157445959344]]}},{"type":"Feature","properties":{"a":"RF0052","b":"RF0057"},"geometry":{"type":"LineString","coordinates":[[-79.88858699798583,40.440235325261575],[-79.8895525932312,40.440561945851]]}},{"type":"Feature","properties":{"a":"RF0052","b":"RF0057"},"geometry":{"type":"LineString","coordinates":[[-79.88815784454346,40.440104676581484],[-79.88858699798583,40.440235325261575]]}},{"type":"Feature","properties":{"a":"RF0052","b":"RF0055"},"geometry":{"type":"LineString","coordinates":[[-79.88811492919922,40.44015366986628],[-79.88815784454346,40.440104676581484]]}},{"type":"Feature","properties":{"a":"RF0052","b":"RF0055"},"geometry":{"type":"LineString","coordinates":[[-79.88796472549438,40.44039863575465],[-79.88811492919922,40.44015366986628]]}},{"type":"Feature","properties":{"a":"RF0052","b":"RF0055"},"geometry":{"type":"LineString","coordinates":[[-79.88779306411743,40.44048029085242],[-79.88796472549438,40.44039863575465]]}},{"type":"Feature","properties":{"a":"RF0052","b":"RF0054"},"geometry":{"type":"LineString","coordinates":[[-79.88779306411743,40.44048029085242],[-79.88790035247801,40.44051295286374]]}},{"type":"Feature","properties":{"a":"RF0052","b":"RF0053"},"geometry":{"type":"LineString","coordinates":[[-79.88790035247801,40.44051295286374],[-79.88931655883788,40.44095388846359]]}},{"type":"Feature","properties":{"a":"RF0053","b":"RF0054"},"geometry":{"type":"LineString","coordinates":[[-79.88768577575682,40.440888564853516],[-79.88790035247801,40.44051295286374]]}},{"type":"Feature","properties":{"a":"RF0054","b":"RF0055"},"geometry":{"type":"LineString","coordinates":[[-79.88661289215088,40.440104676581484],[-79.88779306411743,40.44048029085242]]}},{"type":"Feature","properties":{"a":"RF0054","b":"RF0055"},"geometry":{"type":"LineString","coordinates":[[-79.88648414611815,40.44008834547863],[-79.88661289215088,40.440104676581484]]}},{"type":"Feature","properties":{"a":"RF0054","b":"RF0421"},"geometry":{"type":"LineString","coordinates":[[-79.88648414611815,40.44008834547863],[-79.88652706146239,40.44039863575465]]}},{"type":"Feature","properties":{"a":"RF0054","b":"RF0421"},"geometry":{"type":"LineString","coordinates":[[-79.88652706146239,40.44039863575465],[-79.88654851913451,40.44049662186007]]}},{"type":"Feature","properties":{"a":"RF0055","b":"RF0056"},"geometry":{"type":"LineString","coordinates":[[-79.88792181015013,40.440023021027486],[-79.88815784454346,40.440104676581484]]}},{"type":"Feature","properties":{"a":"RF0055","b":"RF0056"},"geometry":{"type":"LineString","coordinates":[[-79.88723516464232,40.43979438494866],[-79.88792181015013,40.440023021027486]]}},{"type":"Feature","properties":{"a":"RF0055","b":"RF0056"},"geometry":{"type":"LineString","coordinates":[[-79.88702058792113,40.43971272901778],[-79.88723516464232,40.43979438494866]]}},{"type":"Feature","properties":{"a":"RF0055","b":"RF0072"},"geometry":{"type":"LineString","coordinates":[[-79.88693475723267,40.43969639781971],[-79.88702058792113,40.43971272901778]]}},{"type":"Feature","properties":{"a":"RF0055","b":"RF0072"},"geometry":{"type":"LineString","coordinates":[[-79.886634349823,40.43968006661765],[-79.88693475723267,40.43969639781971]]}},{"type":"Feature","properties":{"a":"RF0055","b":"RF0072"},"geometry":{"type":"LineString","coordinates":[[-79.88639831542969,40.43968006661765],[-79.886634349823,40.43968006661765]]}},{"type":"Feature","properties":{"a":"RF0055","b":"RF0421"},"geometry":{"type":"LineString","coordinates":[[-79.88639831542969,40.43968006661765],[-79.88639831542969,40.43974539140203]]}},{"type":"Feature","properties":{"a":"RF0055","b":"RF0421"},"geometry":{"type":"LineString","coordinates":[[-79.88639831542969,40.43974539140203],[-79.88646268844604,40.439957696512884]]}},{"type":"Feature","properties":{"a":"RF0055","b":"RF0421"},"geometry":{"type":"LineString","coordinates":[[-79.88646268844604,40.439957696512884],[-79.88648414611815,40.44008834547863]]}},{"type":"Feature","properties":{"a":"RF0056","b":"RF0075"},"geometry":{"type":"LineString","coordinates":[[-79.88880157470703,40.438732850111116],[-79.88888740539551,40.43884717005281]]}},{"type":"Feature","properties":{"a":"RF0056","b":"RF0075"},"geometry":{"type":"LineString","coordinates":[[-79.88852262496948,40.43835722607686],[-79.88880157470703,40.438732850111116]]}},{"type":"Feature","properties":{"a":"RF0056","b":"RF0075"},"geometry":{"type":"LineString","coordinates":[[-79.88845825195312,40.438242905302054],[-79.88852262496948,40.43835722607686]]}},{"type":"Feature","properties":{"a":"RF0056","b":"RF0073"},"geometry":{"type":"LineString","coordinates":[[-79.8882222175598,40.43829189994363],[-79.88845825195312,40.438242905302054]]}},{"type":"Feature","properties":{"a":"RF0056","b":"RF0073"},"geometry":{"type":"LineString","coordinates":[[-79.88751411437988,40.43845521515769],[-79.8882222175598,40.43829189994363]]}},{"type":"Feature","properties":{"a":"RF0056","b":"RF0073"},"geometry":{"type":"LineString","coordinates":[[-79.88727807998657,40.43852054113222],[-79.88751411437988,40.43845521515769]]}},{"type":"Feature","properties":{"a":"RF0056","b":"RF0072"},"geometry":{"type":"LineString","coordinates":[[-79.88727807998657,40.43852054113222],[-79.8873209953308,40.438765512971436]]}},{"type":"Feature","properties":{"a":"RF0056","b":"RF0072"},"geometry":{"type":"LineString","coordinates":[[-79.8873209953308,40.438765512971436],[-79.88734245300292,40.43894515841954]]}},{"type":"Feature","properties":{"a":"RF0056","b":"RF0072"},"geometry":{"type":"LineString","coordinates":[[-79.88702058792113,40.43971272901778],[-79.88734245300292,40.43894515841954]]}},{"type":"Feature","properties":{"a":"RF0056","b":"RF0057"},"geometry":{"type":"LineString","coordinates":[[-79.88815784454346,40.440104676581484],[-79.88824367523192,40.43994136537431]]}},{"type":"Feature","properties":{"a":"RF0056","b":"RF0057"},"geometry":{"type":"LineString","coordinates":[[-79.88824367523192,40.43994136537431],[-79.88852262496948,40.439467760630045]]}},{"type":"Feature","properties":{"a":"RF0056","b":"RF0057"},"geometry":{"type":"LineString","coordinates":[[-79.88852262496948,40.439467760630045],[-79.88860845565794,40.43930444787566]]}},{"type":"Feature","properties":{"a":"RF0056","b":"RF0070"},"geometry":{"type":"LineString","coordinates":[[-79.88860845565794,40.43930444787566],[-79.88865137100218,40.43923912266281]]}},{"type":"Feature","properties":{"a":"RF0056","b":"RF0070"},"geometry":{"type":"LineString","coordinates":[[-79.88865137100218,40.43923912266281],[-79.88880157470703,40.438994152549355]]}},{"type":"Feature","properties":{"a":"RF0056","b":"RF0070"},"geometry":{"type":"LineString","coordinates":[[-79.88880157470703,40.438994152549355],[-79.88884449005127,40.438912495646505]]}},{"type":"Feature","properties":{"a":"RF0056","b":"RF0069"},"geometry":{"type":"LineString","coordinates":[[-79.88884449005127,40.43889616425403],[-79.88884449005127,40.438912495646505]]}},{"type":"Feature","properties":{"a":"RF0056","b":"RF0069"},"geometry":{"type":"LineString","coordinates":[[-79.88884449005127,40.43889616425403],[-79.88886594772339,40.438863501457185]]}},{"type":"Feature","properties":{"a":"RF0056","b":"RF0069"},"geometry":{"type":"LineString","coordinates":[[-79.88886594772339,40.438863501457185],[-79.88888740539551,40.43884717005281]]}},{"type":"Feature","properties":{"a":"RF0057","b":"RF0070"},"geometry":{"type":"LineString","coordinates":[[-79.88970279693602,40.43966373541164],[-79.89002466201781,40.43969639781971]]}},{"type":"Feature","properties":{"a":"RF0057","b":"RF0070"},"geometry":{"type":"LineString","coordinates":[[-79.88888740539551,40.4394024355759],[-79.88970279693602,40.43966373541164]]}},{"type":"Feature","properties":{"a":"RF0057","b":"RF0070"},"geometry":{"type":"LineString","coordinates":[[-79.88860845565794,40.43930444787566],[-79.88888740539551,40.4394024355759]]}},{"type":"Feature","properties":{"a":"RF0057","b":"RF0058"},"geometry":{"type":"LineString","coordinates":[[-79.8895525932312,40.440561945851],[-79.88963842391966,40.440382304723194]]}},{"type":"Feature","properties":{"a":"RF0057","b":"RF0058"},"geometry":{"type":"LineString","coordinates":[[-79.88963842391966,40.440382304723194],[-79.88993883132935,40.439876040780355]]}},{"type":"Feature","properties":{"a":"RF0057","b":"RF0058"},"geometry":{"type":"LineString","coordinates":[[-79.88993883132935,40.439876040780355],[-79.89002466201781,40.43969639781971]]}},{"type":"Feature","properties":{"a":"RF0058","b":"RF0059"},"geometry":{"type":"LineString","coordinates":[[-79.89124774932861,40.44090489576199],[-79.89126920700072,40.441133528064]]}},{"type":"Feature","properties":{"a":"RF0058","b":"RF0059"},"geometry":{"type":"LineString","coordinates":[[-79.89124774932861,40.440006689904784],[-79.89124774932861,40.44090489576199]]}},{"type":"Feature","properties":{"a":"RF0058","b":"RF0071"},"geometry":{"type":"LineString","coordinates":[[-79.89002466201781,40.43969639781971],[-79.89124774932861,40.440006689904784]]}},{"type":"Feature","properties":{"a":"RF0059","b":"RF0065"},"geometry":{"type":"LineString","coordinates":[[-79.8922562599182,40.43811225274996],[-79.89232063293457,40.438308231482885]]}},{"type":"Feature","properties":{"a":"RF0059","b":"RF0065"},"geometry":{"type":"LineString","coordinates":[[-79.89217042922974,40.43794893670279],[-79.8922562599182,40.43811225274996]]}},{"type":"Feature","properties":{"a":"RF0059","b":"RF0083"},"geometry":{"type":"LineString","coordinates":[[-79.89161252975462,40.43807958957226],[-79.89217042922974,40.43794893670279]]}},{"type":"Feature","properties":{"a":"RF0059","b":"RF0083"},"geometry":{"type":"LineString","coordinates":[[-79.89139795303343,40.43814491591178],[-79.89161252975462,40.43807958957226]]}},{"type":"Feature","properties":{"a":"RF0059","b":"RF0083"},"geometry":{"type":"LineString","coordinates":[[-79.89109754562377,40.43821024218784],[-79.89139795303343,40.43814491591178]]}},{"type":"Feature","properties":{"a":"RF0059","b":"RF0075"},"geometry":{"type":"LineString","coordinates":[[-79.89105463027953,40.43822657374693],[-79.89109754562377,40.43821024218784]]}},{"type":"Feature","properties":{"a":"RF0059","b":"RF0075"},"geometry":{"type":"LineString","coordinates":[[-79.8909044265747,40.43825923685321],[-79.89105463027953,40.43822657374693]]}},{"type":"Feature","properties":{"a":"RF0059","b":"RF0075"},"geometry":{"type":"LineString","coordinates":[[-79.89086151123047,40.4382755684004],[-79.8909044265747,40.43825923685321]]}},{"type":"Feature","properties":{"a":"RF0059","b":"RF0071"},"geometry":{"type":"LineString","coordinates":[[-79.89086151123047,40.4382755684004],[-79.89099025726318,40.43860219851115]]}},{"type":"Feature","properties":{"a":"RF0059","b":"RF0071"},"geometry":{"type":"LineString","coordinates":[[-79.89099025726318,40.43860219851115],[-79.8912262916565,40.43910847204671]]}},{"type":"Feature","properties":{"a":"RF0059","b":"RF0071"},"geometry":{"type":"LineString","coordinates":[[-79.8912262916565,40.43910847204671],[-79.89124774932861,40.440006689904784]]}},{"type":"Feature","properties":{"a":"RF0059","b":"RF0060"},"geometry":{"type":"LineString","coordinates":[[-79.89178419113158,40.43884717005281],[-79.8918056488037,40.44123151309826]]}},{"type":"Feature","properties":{"a":"RF0059","b":"RF0060"},"geometry":{"type":"LineString","coordinates":[[-79.89176273345946,40.43883083864446],[-79.89178419113158,40.43884717005281]]}},{"type":"Feature","properties":{"a":"RF0059","b":"RF0060"},"geometry":{"type":"LineString","coordinates":[[-79.89176273345946,40.43883083864446],[-79.89232063293457,40.43881450723216]]}},{"type":"Feature","properties":{"a":"RF0059","b":"RF0065"},"geometry":{"type":"LineString","coordinates":[[-79.89232063293457,40.438308231482885],[-79.89232063293457,40.43881450723216]]}},{"type":"Feature","properties":{"a":"RF0060","b":"RF0063"},"geometry":{"type":"LineString","coordinates":[[-79.89287853240967,40.43930444787566],[-79.89289999008179,40.440267987391934]]}},{"type":"Feature","properties":{"a":"RF0060","b":"RF0063"},"geometry":{"type":"LineString","coordinates":[[-79.89285707473756,40.43923912266281],[-79.89287853240967,40.43930444787566]]}},{"type":"Feature","properties":{"a":"RF0060","b":"RF0064"},"geometry":{"type":"LineString","coordinates":[[-79.89285707473756,40.439141134724544],[-79.89285707473756,40.43923912266281]]}},{"type":"Feature","properties":{"a":"RF0060","b":"RF0064"},"geometry":{"type":"LineString","coordinates":[[-79.89283561706544,40.43887983285759],[-79.89285707473756,40.439141134724544]]}},{"type":"Feature","properties":{"a":"RF0060","b":"RF0064"},"geometry":{"type":"LineString","coordinates":[[-79.89283561706544,40.43879817581588],[-79.89283561706544,40.43887983285759]]}},{"type":"Feature","properties":{"a":"RF0060","b":null},"geometry":{"type":"LineString","coordinates":[[-79.892578125,40.43879817581588],[-79.89283561706544,40.43879817581588]]}},{"type":"Feature","properties":{"a":"RF0060","b":"RF0065"},"geometry":{"type":"LineString","coordinates":[[-79.89242792129515,40.43881450723216],[-79.892578125,40.43879817581588]]}},{"type":"Feature","properties":{"a":"RF0060","b":"RF0065"},"geometry":{"type":"LineString","coordinates":[[-79.89232063293457,40.43881450723216],[-79.89242792129515,40.43881450723216]]}},{"type":"Feature","properties":{"a":"RF0060","b":"RF0061"},"geometry":{"type":"LineString","coordinates":[[-79.89236354827881,40.44054561485922],[-79.89238500595093,40.44124784392342]]}},{"type":"Feature","properties":{"a":"RF0060","b":"RF0061"},"geometry":{"type":"LineString","coordinates":[[-79.89236354827881,40.44054561485922],[-79.89289999008179,40.44054561485922]]}},{"type":"Feature","properties":{"a":"RF0060","b":"RF0063"},"geometry":{"type":"LineString","coordinates":[[-79.89289999008179,40.440267987391934],[-79.89289999008179,40.44054561485922]]}},{"type":"Feature","properties":{"a":"RF0061","b":"RF0063"},"geometry":{"type":"LineString","coordinates":[[-79.8930072784424,40.440529283863455],[-79.89341497421265,40.440529283863455]]}},{"type":"Feature","properties":{"a":"RF0061","b":"RF0063"},"geometry":{"type":"LineString","coordinates":[[-79.89289999008179,40.44054561485922],[-79.8930072784424,40.440529283863455]]}},{"type":"Feature","properties":{"a":"RF0061","b":null},"geometry":{"type":"LineString","coordinates":[[-79.89315748214723,40.44123151309826],[-79.89337205886842,40.44123151309826]]}},{"type":"Feature","properties":{"a":"RF0061","b":"RF0062"},"geometry":{"type":"LineString","coordinates":[[-79.89337205886842,40.441100866354176],[-79.89337205886842,40.44123151309826]]}},{"type":"Feature","properties":{"a":"RF0061","b":"RF0062"},"geometry":{"type":"LineString","coordinates":[[-79.89337205886842,40.441100866354176],[-79.89339351654054,40.44067626268239]]}},{"type":"Feature","properties":{"a":"RF0061","b":"RF0062"},"geometry":{"type":"LineString","coordinates":[[-79.89339351654054,40.44067626268239],[-79.89341497421265,40.440529283863455]]}},{"type":"Feature","properties":{"a":"RF0062","b":"RF0066"},"geometry":{"type":"LineString","coordinates":[[-79.89472135627084,40.439097850145345],[-79.89485069968595,40.439112909045186]]}},{"type":"Feature","properties":{"a":"RF0062","b":"RF0066"},"geometry":{"type":"LineString","coordinates":[[-79.89472135627084,40.439097850145345],[-79.89480202103987,40.43871716999575]]}},{"type":"Feature","properties":{"a":"RF0062","b":"RF0066"},"geometry":{"type":"LineString","coordinates":[[-79.89461660385132,40.438732850111116],[-79.89480202103987,40.43871716999575]]}},{"type":"Feature","properties":{"a":"RF0062","b":"RF0066"},"geometry":{"type":"LineString","coordinates":[[-79.89352226257324,40.438765512971436],[-79.89461660385132,40.438732850111116]]}},{"type":"Feature","properties":{"a":"RF0062","b":"RF0064"},"geometry":{"type":"LineString","coordinates":[[-79.89352226257324,40.438765512971436],[-79.89352226257324,40.439222791349685]]}},{"type":"Feature","properties":{"a":"RF0062","b":"RF0063"},"geometry":{"type":"LineString","coordinates":[[-79.89341497421265,40.440529283863455],[-79.89352226257324,40.439222791349685]]}},{"type":"Feature","properties":{"a":"RF0062","b":null},"geometry":{"type":"LineString","coordinates":[[-79.89337205886842,40.44123151309826],[-79.89426924068387,40.44123151309826]]}},{"type":"Feature","properties":{"a":"RF0062","b":null},"geometry":{"type":"LineString","coordinates":[[-79.89441456492732,40.4409546701489],[-79.89449,40.440638]]}},{"type":"Feature","properties":{"a":"RF0062","b":null},"geometry":{"type":"LineString","coordinates":[[-79.89449,40.440638],[-79.894522,40.440505]]}},{"type":"Feature","properties":{"a":"RF0062","b":null},"geometry":{"type":"LineString","coordinates":[[-79.894522,40.440505],[-79.894554,40.44037]]}},{"type":"Feature","properties":{"a":"RF0062","b":null},"geometry":{"type":"LineString","coordinates":[[-79.894554,40.44037],[-79.894649,40.439965]]}},{"type":"Feature","properties":{"a":"RF0062","b":null},"geometry":{"type":"LineString","coordinates":[[-79.894649,40.439965],[-79.8946765,40.4398531]]}},{"type":"Feature","properties":{"a":"RF0062","b":null},"geometry":{"type":"LineString","coordinates":[[-79.8946765,40.4398531],[-79.894682,40.439831]]}},{"type":"Feature","properties":{"a":"RF0062","b":null},"geometry":{"type":"LineString","coordinates":[[-79.894682,40.439831],[-79.894706,40.439726]]}},{"type":"Feature","properties":{"a":"RF0062","b":null},"geometry":{"type":"LineString","coordinates":[[-79.894706,40.439726],[-79.89478,40.439413]]}},{"type":"Feature","properties":{"a":"RF0062","b":null},"geometry":{"type":"LineString","coordinates":[[-79.89478,40.439413],[-79.894806,40.439309]]}},{"type":"Feature","properties":{"a":"RF0062","b":null},"geometry":{"type":"LineString","coordinates":[[-79.894806,40.439309],[-79.894827,40.439215]]}},{"type":"Feature","properties":{"a":"RF0062","b":null},"geometry":{"type":"LineString","coordinates":[[-79.894827,40.439215],[-79.89485069968595,40.439112909045186]]}},{"type":"Feature","properties":{"a":"RF0063","b":"RF0064"},"geometry":{"type":"LineString","coordinates":[[-79.89337205886842,40.439222791349685],[-79.89352226257324,40.439222791349685]]}},{"type":"Feature","properties":{"a":"RF0063","b":"RF0064"},"geometry":{"type":"LineString","coordinates":[[-79.89298582077028,40.43923912266281],[-79.89337205886842,40.439222791349685]]}},{"type":"Feature","properties":{"a":"RF0063","b":"RF0064"},"geometry":{"type":"LineString","coordinates":[[-79.89285707473756,40.43923912266281],[-79.89298582077028,40.43923912266281]]}},{"type":"Feature","properties":{"a":"RF0064","b":"RF0065"},"geometry":{"type":"LineString","coordinates":[[-79.89339351654054,40.43878184439564],[-79.89352226257324,40.438765512971436]]}},{"type":"Feature","properties":{"a":"RF0064","b":"RF0065"},"geometry":{"type":"LineString","coordinates":[[-79.89296436309816,40.43879817581588],[-79.89339351654054,40.43878184439564]]}},{"type":"Feature","properties":{"a":"RF0064","b":null},"geometry":{"type":"LineString","coordinates":[[-79.89283561706544,40.43879817581588],[-79.89296436309816,40.43879817581588]]}},{"type":"Feature","properties":{"a":"RF0065","b":"RF0066"},"geometry":{"type":"LineString","coordinates":[[-79.89326477050781,40.437752956922516],[-79.89352226257324,40.438340894549505]]}},{"type":"Feature","properties":{"a":"RF0065","b":"RF0066"},"geometry":{"type":"LineString","coordinates":[[-79.8932433128357,40.437671298512136],[-79.89326477050781,40.437752956922516]]}},{"type":"Feature","properties":{"a":"RF0065","b":"RF0084"},"geometry":{"type":"LineString","coordinates":[[-79.89302873611452,40.437720293570266],[-79.8932433128357,40.437671298512136]]}},{"type":"Feature","properties":{"a":"RF0065","b":"RF0084"},"geometry":{"type":"LineString","coordinates":[[-79.892578125,40.43783461523372],[-79.89302873611452,40.437720293570266]]}},{"type":"Feature","properties":{"a":"RF0065","b":"RF0084"},"geometry":{"type":"LineString","coordinates":[[-79.89238500595093,40.43788361017284],[-79.892578125,40.43783461523372]]}},{"type":"Feature","properties":{"a":"RF0065","b":"RF0084"},"geometry":{"type":"LineString","coordinates":[[-79.89217042922974,40.43794893670279],[-79.89238500595093,40.43788361017284]]}},{"type":"Feature","properties":{"a":"RF0065","b":null},"geometry":{"type":"LineString","coordinates":[[-79.892578125,40.43879817581588],[-79.89296436309816,40.43879817581588]]}},{"type":"Feature","properties":{"a":"RF0065","b":"RF0066"},"geometry":{"type":"LineString","coordinates":[[-79.89352226257324,40.438340894549505],[-79.89352226257324,40.438765512971436]]}},{"type":"Feature","properties":{"a":"RF0066","b":null},"geometry":{"type":"LineString","coordinates":[[-79.894907,40.438817],[-79.894915,40.438842]]}},{"type":"Feature","properties":{"a":"RF0066","b":null},"geometry":{"type":"LineString","coordinates":[[-79.894886,40.438743],[-79.894907,40.438817]]}},{"type":"Feature","properties":{"a":"RF0066","b":null},"geometry":{"type":"LineString","coordinates":[[-79.894879,40.438719],[-79.894886,40.438743]]}},{"type":"Feature","properties":{"a":"RF0066","b":null},"geometry":{"type":"LineString","coordinates":[[-79.894879,40.438719],[-79.89488506043688,40.43868301615606]]}},{"type":"Feature","properties":{"a":"RF0066","b":"RF0067"},"geometry":{"type":"LineString","coordinates":[[-79.89483004302824,40.43858493066689],[-79.89488506043688,40.43868301615606]]}},{"type":"Feature","properties":{"a":"RF0066","b":"RF0067"},"geometry":{"type":"LineString","coordinates":[[-79.894821953652,40.43862310240654],[-79.89483004302824,40.43858493066689]]}},{"type":"Feature","properties":{"a":"RF0066","b":"RF0067"},"geometry":{"type":"LineString","coordinates":[[-79.89480972290039,40.438585867043294],[-79.894821953652,40.43862310240654]]}},{"type":"Feature","properties":{"a":"RF0066","b":"RF0067"},"geometry":{"type":"LineString","coordinates":[[-79.89446640014648,40.437801951921145],[-79.89480972290039,40.438585867043294]]}},{"type":"Feature","properties":{"a":"RF0066","b":"RF0068"},"geometry":{"type":"LineString","coordinates":[[-79.89444494247438,40.437720293570266],[-79.89446640014648,40.437801951921145]]}},{"type":"Feature","properties":{"a":"RF0066","b":"RF0068"},"geometry":{"type":"LineString","coordinates":[[-79.89433765411378,40.437491649660174],[-79.89444494247438,40.437720293570266]]}},{"type":"Feature","properties":{"a":"RF0066","b":"RF0068"},"geometry":{"type":"LineString","coordinates":[[-79.89429473876953,40.43740999093242],[-79.89433765411378,40.437491649660174]]}},{"type":"Feature","properties":{"a":"RF0066","b":"RF0085"},"geometry":{"type":"LineString","coordinates":[[-79.89408016204835,40.43745898618097],[-79.89429473876953,40.43740999093242]]}},{"type":"Feature","properties":{"a":"RF0066","b":"RF0085"},"geometry":{"type":"LineString","coordinates":[[-79.8932433128357,40.437671298512136],[-79.89408016204835,40.43745898618097]]}},{"type":"Feature","properties":{"a":"RF0066","b":null},"geometry":{"type":"LineString","coordinates":[[-79.89485069968595,40.439112909045186],[-79.894892,40.438935]]}},{"type":"Feature","properties":{"a":"RF0066","b":null},"geometry":{"type":"LineString","coordinates":[[-79.894892,40.438935],[-79.894915,40.438842]]}},{"type":"Feature","properties":{"a":"RF0067","b":null},"geometry":{"type":"LineString","coordinates":[[-79.895042,40.43775],[-79.895044,40.437771]]}},{"type":"Feature","properties":{"a":"RF0067","b":null},"geometry":{"type":"LineString","coordinates":[[-79.89504138835656,40.437737359368846],[-79.895042,40.43775]]}},{"type":"Feature","properties":{"a":"RF0067","b":"RF0068"},"geometry":{"type":"LineString","coordinates":[[-79.89500922299501,40.437739425298204],[-79.89504138835656,40.437737359368846]]}},{"type":"Feature","properties":{"a":"RF0067","b":"RF0068"},"geometry":{"type":"LineString","coordinates":[[-79.89500922299501,40.437739425298204],[-79.89502366046132,40.437671298512136]]}},{"type":"Feature","properties":{"a":"RF0067","b":"RF0068"},"geometry":{"type":"LineString","coordinates":[[-79.89500284194948,40.437671298512136],[-79.89502366046132,40.437671298512136]]}},{"type":"Feature","properties":{"a":"RF0067","b":"RF0068"},"geometry":{"type":"LineString","coordinates":[[-79.89457368850708,40.43778562025891],[-79.89500284194948,40.437671298512136]]}},{"type":"Feature","properties":{"a":"RF0067","b":"RF0068"},"geometry":{"type":"LineString","coordinates":[[-79.89446640014648,40.437801951921145],[-79.89457368850708,40.43778562025891]]}},{"type":"Feature","properties":{"a":"RF0067","b":null},"geometry":{"type":"LineString","coordinates":[[-79.89488506043688,40.43868301615606],[-79.894911,40.438529]]}},{"type":"Feature","properties":{"a":"RF0067","b":null},"geometry":{"type":"LineString","coordinates":[[-79.894911,40.438529],[-79.895011,40.43796]]}},{"type":"Feature","properties":{"a":"RF0067","b":null},"geometry":{"type":"LineString","coordinates":[[-79.895011,40.43796],[-79.895044,40.437771]]}},{"type":"Feature","properties":{"a":"RF0068","b":null},"geometry":{"type":"LineString","coordinates":[[-79.895039,40.437688],[-79.89504138835656,40.437737359368846]]}},{"type":"Feature","properties":{"a":"RF0068","b":null},"geometry":{"type":"LineString","coordinates":[[-79.895038,40.437668],[-79.895039,40.437688]]}},{"type":"Feature","properties":{"a":"RF0068","b":null},"geometry":{"type":"LineString","coordinates":[[-79.89503561330505,40.437614896037395],[-79.895038,40.437668]]}},{"type":"Feature","properties":{"a":"RF0068","b":null},"geometry":{"type":"LineString","coordinates":[[-79.895034,40.437579],[-79.89503561330505,40.437614896037395]]}},{"type":"Feature","properties":{"a":"RF0068","b":null},"geometry":{"type":"LineString","coordinates":[[-79.895025,40.437312],[-79.895034,40.437579]]}},{"type":"Feature","properties":{"a":"RF0068","b":null},"geometry":{"type":"LineString","coordinates":[[-79.895022,40.437223],[-79.895025,40.437312]]}},{"type":"Feature","properties":{"a":"RF0068","b":null},"geometry":{"type":"LineString","coordinates":[[-79.89502086703898,40.43721488044607],[-79.895022,40.437223]]}},{"type":"Feature","properties":{"a":"RF0068","b":"RF0086"},"geometry":{"type":"LineString","coordinates":[[-79.89444494247438,40.437360995648156],[-79.89502086703898,40.43721488044607]]}},{"type":"Feature","properties":{"a":"RF0068","b":"RF0086"},"geometry":{"type":"LineString","coordinates":[[-79.89429473876953,40.43740999093242],[-79.89444494247438,40.437360995648156]]}},{"type":"Feature","properties":{"a":"RF0069","b":"RF0071"},"geometry":{"type":"LineString","coordinates":[[-79.89008903503417,40.43866752434286],[-79.89030361175537,40.43919012871153]]}},{"type":"Feature","properties":{"a":"RF0069","b":"RF0071"},"geometry":{"type":"LineString","coordinates":[[-79.89000320434569,40.4384878781529],[-79.89008903503417,40.43866752434286]]}},{"type":"Feature","properties":{"a":"RF0069","b":"RF0075"},"geometry":{"type":"LineString","coordinates":[[-79.88976716995238,40.4385532040957],[-79.89000320434569,40.4384878781529]]}},{"type":"Feature","properties":{"a":"RF0069","b":"RF0075"},"geometry":{"type":"LineString","coordinates":[[-79.88893032073973,40.438765512971436],[-79.88976716995238,40.4385532040957]]}},{"type":"Feature","properties":{"a":"RF0069","b":"RF0075"},"geometry":{"type":"LineString","coordinates":[[-79.88888740539551,40.43884717005281],[-79.88893032073973,40.438765512971436]]}},{"type":"Feature","properties":{"a":"RF0069","b":"RF0070"},"geometry":{"type":"LineString","coordinates":[[-79.88884449005127,40.438912495646505],[-79.88912343978882,40.43901048391802]]}},{"type":"Feature","properties":{"a":"RF0069","b":"RF0070"},"geometry":{"type":"LineString","coordinates":[[-79.88912343978882,40.43901048391802],[-79.88993883132935,40.43927178527717]]}},{"type":"Feature","properties":{"a":"RF0069","b":"RF0070"},"geometry":{"type":"LineString","coordinates":[[-79.88993883132935,40.43927178527717],[-79.8902177810669,40.43936977302502]]}},{"type":"Feature","properties":{"a":"RF0069","b":"RF0071"},"geometry":{"type":"LineString","coordinates":[[-79.8902177810669,40.43936977302502],[-79.89030361175537,40.43919012871153]]}},{"type":"Feature","properties":{"a":"RF0070","b":"RF0071"},"geometry":{"type":"LineString","coordinates":[[-79.89002466201781,40.43969639781971],[-79.89006757736205,40.439631072987716]]}},{"type":"Feature","properties":{"a":"RF0070","b":"RF0071"},"geometry":{"type":"LineString","coordinates":[[-79.89006757736205,40.439631072987716],[-79.89017486572266,40.43943509811091]]}},{"type":"Feature","properties":{"a":"RF0070","b":"RF0071"},"geometry":{"type":"LineString","coordinates":[[-79.89017486572266,40.43943509811091],[-79.8902177810669,40.43936977302502]]}},{"type":"Feature","properties":{"a":"RF0071","b":"RF0075"},"geometry":{"type":"LineString","coordinates":[[-79.8906898498535,40.43832456301818],[-79.89086151123047,40.4382755684004]]}},{"type":"Feature","properties":{"a":"RF0071","b":"RF0075"},"geometry":{"type":"LineString","coordinates":[[-79.89017486572266,40.43845521515769],[-79.8906898498535,40.43832456301818]]}},{"type":"Feature","properties":{"a":"RF0071","b":"RF0075"},"geometry":{"type":"LineString","coordinates":[[-79.89000320434569,40.4384878781529],[-79.89017486572266,40.43845521515769]]}},{"type":"Feature","properties":{"a":"RF0072","b":"RF0073"},"geometry":{"type":"LineString","coordinates":[[-79.88725662231444,40.43837355760025],[-79.88727807998657,40.43852054113222]]}},{"type":"Feature","properties":{"a":"RF0072","b":"RF0073"},"geometry":{"type":"LineString","coordinates":[[-79.88717079162596,40.43793260507625],[-79.88725662231444,40.43837355760025]]}},{"type":"Feature","properties":{"a":"RF0072","b":"RF0073"},"geometry":{"type":"LineString","coordinates":[[-79.88714933395386,40.43778562025891],[-79.88717079162596,40.43793260507625]]}},{"type":"Feature","properties":{"a":"RF0072","b":"RF0076"},"geometry":{"type":"LineString","coordinates":[[-79.88695621490479,40.437801951921145],[-79.88714933395386,40.43778562025891]]}},{"type":"Feature","properties":{"a":"RF0072","b":"RF0076"},"geometry":{"type":"LineString","coordinates":[[-79.88635540008544,40.43788361017284],[-79.88695621490479,40.437801951921145]]}},{"type":"Feature","properties":{"a":"RF0072","b":"RF0076"},"geometry":{"type":"LineString","coordinates":[[-79.88616228103636,40.437899941811274],[-79.88635540008544,40.43788361017284]]}},{"type":"Feature","properties":{"a":"RF0072","b":"RF0425"},"geometry":{"type":"LineString","coordinates":[[-79.88614082336424,40.437899941811274],[-79.88616228103636,40.437899941811274]]}},{"type":"Feature","properties":{"a":"RF0072","b":"RF0425"},"geometry":{"type":"LineString","coordinates":[[-79.88603353500365,40.43791627344575],[-79.88614082336424,40.437899941811274]]}},{"type":"Feature","properties":{"a":"RF0072","b":"RF0425"},"geometry":{"type":"LineString","coordinates":[[-79.88599061965942,40.43791627344575],[-79.88603353500365,40.43791627344575]]}},{"type":"Feature","properties":{"a":"RF0072","b":"RF0424"},"geometry":{"type":"LineString","coordinates":[[-79.88599061965942,40.43791627344575],[-79.88603353500365,40.43816124748675]]}},{"type":"Feature","properties":{"a":"RF0072","b":"RF0424"},"geometry":{"type":"LineString","coordinates":[[-79.88603353500365,40.43816124748675],[-79.88622665405272,40.43887983285759]]}},{"type":"Feature","properties":{"a":"RF0072","b":"RF0424"},"geometry":{"type":"LineString","coordinates":[[-79.88622665405272,40.43887983285759],[-79.88639831542969,40.43968006661765]]}},{"type":"Feature","properties":{"a":"RF0073","b":"RF0074"},"geometry":{"type":"LineString","coordinates":[[-79.88837242126463,40.43812858433285],[-79.88845825195312,40.438242905302054]]}},{"type":"Feature","properties":{"a":"RF0073","b":"RF0074"},"geometry":{"type":"LineString","coordinates":[[-79.88830804824828,40.43791627344575],[-79.88837242126463,40.43812858433285]]}},{"type":"Feature","properties":{"a":"RF0073","b":"RF0074"},"geometry":{"type":"LineString","coordinates":[[-79.8882007598877,40.43763863512021],[-79.88830804824828,40.43791627344575]]}},{"type":"Feature","properties":{"a":"RF0073","b":"RF0078"},"geometry":{"type":"LineString","coordinates":[[-79.88807201385497,40.437671298512136],[-79.8882007598877,40.43763863512021]]}},{"type":"Feature","properties":{"a":"RF0073","b":"RF0078"},"geometry":{"type":"LineString","coordinates":[[-79.88798618316649,40.437671298512136],[-79.88807201385497,40.437671298512136]]}},{"type":"Feature","properties":{"a":"RF0073","b":"RF0078"},"geometry":{"type":"LineString","coordinates":[[-79.88714933395386,40.43778562025891],[-79.88798618316649,40.437671298512136]]}},{"type":"Feature","properties":{"a":"RF0074","b":"RF0081"},"geometry":{"type":"LineString","coordinates":[[-79.89015340805054,40.4377039618882],[-79.89019632339478,40.437834615233726]]}},{"type":"Feature","properties":{"a":"RF0074","b":"RF0081"},"geometry":{"type":"LineString","coordinates":[[-79.89000320434569,40.437360995648156],[-79.89015340805054,40.4377039618882]]}},{"type":"Feature","properties":{"a":"RF0074","b":"RF0081"},"geometry":{"type":"LineString","coordinates":[[-79.88996028900146,40.437246673179374],[-79.89000320434569,40.437360995648156]]}},{"type":"Feature","properties":{"a":"RF0074","b":"RF0079"},"geometry":{"type":"LineString","coordinates":[[-79.88961696624754,40.43732833210549],[-79.88996028900146,40.437246673179374]]}},{"type":"Feature","properties":{"a":"RF0074","b":"RF0079"},"geometry":{"type":"LineString","coordinates":[[-79.8885655403137,40.437589640002564],[-79.88961696624754,40.43732833210549]]}},{"type":"Feature","properties":{"a":"RF0074","b":"RF0079"},"geometry":{"type":"LineString","coordinates":[[-79.8882007598877,40.43763863512021],[-79.8885655403137,40.437589640002564]]}},{"type":"Feature","properties":{"a":"RF0074","b":"RF0075"},"geometry":{"type":"LineString","coordinates":[[-79.88845825195312,40.438242905302054],[-79.88880157470703,40.43816124748675]]}},{"type":"Feature","properties":{"a":"RF0074","b":"RF0075"},"geometry":{"type":"LineString","coordinates":[[-79.88880157470703,40.43816124748675],[-79.88985300064087,40.43791627344575]]}},{"type":"Feature","properties":{"a":"RF0074","b":"RF0075"},"geometry":{"type":"LineString","coordinates":[[-79.88985300064087,40.43791627344575],[-79.89019632339478,40.437834615233726]]}},{"type":"Feature","properties":{"a":"RF0075","b":"RF0083"},"geometry":{"type":"LineString","coordinates":[[-79.89103317260741,40.43778562025891],[-79.89109754562377,40.43821024218784]]}},{"type":"Feature","properties":{"a":"RF0075","b":"RF0083"},"geometry":{"type":"LineString","coordinates":[[-79.89103317260741,40.43773662524837],[-79.89103317260741,40.43778562025891]]}},{"type":"Feature","properties":{"a":"RF0075","b":"RF0083"},"geometry":{"type":"LineString","coordinates":[[-79.89103317260741,40.43773662524837],[-79.89105463027953,40.437622303418294]]}},{"type":"Feature","properties":{"a":"RF0075","b":"RF0082"},"geometry":{"type":"LineString","coordinates":[[-79.89099025726318,40.43763863512021],[-79.89105463027953,40.437622303418294]]}},{"type":"Feature","properties":{"a":"RF0075","b":"RF0082"},"geometry":{"type":"LineString","coordinates":[[-79.89075422286986,40.43768763020215],[-79.89099025726318,40.43763863512021]]}},{"type":"Feature","properties":{"a":"RF0075","b":"RF0082"},"geometry":{"type":"LineString","coordinates":[[-79.89066839218138,40.437720293570266],[-79.89075422286986,40.43768763020215]]}},{"type":"Feature","properties":{"a":"RF0075","b":"RF0081"},"geometry":{"type":"LineString","coordinates":[[-79.89058256149292,40.43773662524837],[-79.89066839218138,40.437720293570266]]}},{"type":"Feature","properties":{"a":"RF0075","b":"RF0081"},"geometry":{"type":"LineString","coordinates":[[-79.89028215408325,40.437801951921145],[-79.89058256149292,40.43773662524837]]}},{"type":"Feature","properties":{"a":"RF0075","b":"RF0081"},"geometry":{"type":"LineString","coordinates":[[-79.89019632339478,40.437834615233726],[-79.89028215408325,40.437801951921145]]}},{"type":"Feature","properties":{"a":"RF0076","b":"RF0078"},"geometry":{"type":"LineString","coordinates":[[-79.88710641860962,40.43763863512021],[-79.88714933395386,40.43778562025891]]}},{"type":"Feature","properties":{"a":"RF0076","b":"RF0078"},"geometry":{"type":"LineString","coordinates":[[-79.88702058792113,40.43718134596707],[-79.88710641860962,40.43763863512021]]}},{"type":"Feature","properties":{"a":"RF0076","b":"RF0078"},"geometry":{"type":"LineString","coordinates":[[-79.88699913024901,40.43703435950731],[-79.88702058792113,40.43718134596707]]}},{"type":"Feature","properties":{"a":"RF0076","b":"RF0077"},"geometry":{"type":"LineString","coordinates":[[-79.88678455352783,40.437050691352034],[-79.88699913024901,40.43703435950731]]}},{"type":"Feature","properties":{"a":"RF0076","b":"RF0077"},"geometry":{"type":"LineString","coordinates":[[-79.88648414611815,40.43709968686242],[-79.88678455352783,40.437050691352034]]}},{"type":"Feature","properties":{"a":"RF0076","b":"RF0077"},"geometry":{"type":"LineString","coordinates":[[-79.88601207733153,40.43714868233711],[-79.88648414611815,40.43709968686242]]}},{"type":"Feature","properties":{"a":"RF0076","b":"RF0425"},"geometry":{"type":"LineString","coordinates":[[-79.88601207733153,40.43714868233711],[-79.88603353500365,40.43729566854693]]}},{"type":"Feature","properties":{"a":"RF0076","b":"RF0425"},"geometry":{"type":"LineString","coordinates":[[-79.88603353500365,40.43729566854693],[-79.88614082336424,40.437752956922516]]}},{"type":"Feature","properties":{"a":"RF0076","b":"RF0425"},"geometry":{"type":"LineString","coordinates":[[-79.88614082336424,40.437752956922516],[-79.88616228103636,40.437899941811274]]}},{"type":"Feature","properties":{"a":"RF0077","b":"RF0094"},"geometry":{"type":"LineString","coordinates":[[-79.89058511401969,40.43507839500288],[-79.89064693450928,40.435172503203304]]}},{"type":"Feature","properties":{"a":"RF0077","b":null},"geometry":{"type":"LineString","coordinates":[[-79.890575,40.435082],[-79.89058511401969,40.43507839500288]]}},{"type":"Feature","properties":{"a":"RF0077","b":null},"geometry":{"type":"LineString","coordinates":[[-79.890317,40.435174],[-79.890575,40.435082]]}},{"type":"Feature","properties":{"a":"RF0077","b":null},"geometry":{"type":"LineString","coordinates":[[-79.889546,40.435453],[-79.890317,40.435174]]}},{"type":"Feature","properties":{"a":"RF0077","b":null},"geometry":{"type":"LineString","coordinates":[[-79.889289,40.435547],[-79.889546,40.435453]]}},{"type":"Feature","properties":{"a":"RF0077","b":null},"geometry":{"type":"LineString","coordinates":[[-79.889147,40.435597],[-79.889289,40.435547]]}},{"type":"Feature","properties":{"a":"RF0077","b":null},"geometry":{"type":"LineString","coordinates":[[-79.888951,40.435667],[-79.889147,40.435597]]}},{"type":"Feature","properties":{"a":"RF0077","b":null},"geometry":{"type":"LineString","coordinates":[[-79.888724,40.435746],[-79.888951,40.435667]]}},{"type":"Feature","properties":{"a":"RF0077","b":null},"geometry":{"type":"LineString","coordinates":[[-79.888583,40.435796],[-79.888724,40.435746]]}},{"type":"Feature","properties":{"a":"RF0077","b":null},"geometry":{"type":"LineString","coordinates":[[-79.888381,40.435846],[-79.888583,40.435796]]}},{"type":"Feature","properties":{"a":"RF0077","b":null},"geometry":{"type":"LineString","coordinates":[[-79.887774,40.435999],[-79.888381,40.435846]]}},{"type":"Feature","properties":{"a":"RF0077","b":null},"geometry":{"type":"LineString","coordinates":[[-79.88757434001333,40.43604965999662],[-79.887774,40.435999]]}},{"type":"Feature","properties":{"a":"RF0077","b":null},"geometry":{"type":"LineString","coordinates":[[-79.887573,40.43605],[-79.88757434001333,40.43604965999662]]}},{"type":"Feature","properties":{"a":"RF0077","b":null},"geometry":{"type":"LineString","coordinates":[[-79.88724539378916,40.43612375929308],[-79.887573,40.43605]]}},{"type":"Feature","properties":{"a":"RF0077","b":"RF0425"},"geometry":{"type":"LineString","coordinates":[[-79.88594770431519,40.43685470895343],[-79.8859691619873,40.43700169580594]]}},{"type":"Feature","properties":{"a":"RF0077","b":"RF0425"},"geometry":{"type":"LineString","coordinates":[[-79.8859691619873,40.43700169580594],[-79.88601207733153,40.43714868233711]]}},{"type":"Feature","properties":{"a":"RF0077","b":"RF0078"},"geometry":{"type":"LineString","coordinates":[[-79.88699913024901,40.43703435950731],[-79.88717079162596,40.43700169580594]]}},{"type":"Feature","properties":{"a":"RF0077","b":"RF0078"},"geometry":{"type":"LineString","coordinates":[[-79.88717079162596,40.43700169580594],[-79.88772869110106,40.43695270022415]]}},{"type":"Feature","properties":{"a":"RF0077","b":"RF0078"},"geometry":{"type":"LineString","coordinates":[[-79.88772869110106,40.43695270022415],[-79.88792181015013,40.436920036483116]]}},{"type":"Feature","properties":{"a":"RF0077","b":"RF0087"},"geometry":{"type":"LineString","coordinates":[[-79.88790035247801,40.43685470895343],[-79.88792181015013,40.436920036483116]]}},{"type":"Feature","properties":{"a":"RF0077","b":"RF0087"},"geometry":{"type":"LineString","coordinates":[[-79.88781452178955,40.436642394043616],[-79.88790035247801,40.43685470895343]]}},{"type":"Feature","properties":{"a":"RF0077","b":"RF0087"},"geometry":{"type":"LineString","coordinates":[[-79.88779306411743,40.43657706624417],[-79.88781452178955,40.436642394043616]]}},{"type":"Feature","properties":{"a":"RF0077","b":"RF0088"},"geometry":{"type":"LineString","coordinates":[[-79.88772869110106,40.43643007846335],[-79.88779306411743,40.43657706624417]]}},{"type":"Feature","properties":{"a":"RF0077","b":"RF0088"},"geometry":{"type":"LineString","coordinates":[[-79.88764286041258,40.43625042629484],[-79.88772869110106,40.43643007846335]]}},{"type":"Feature","properties":{"a":"RF0077","b":null},"geometry":{"type":"LineString","coordinates":[[-79.88717079162596,40.43643007846335],[-79.88764286041258,40.43625042629484]]}},{"type":"Feature","properties":{"a":"RF0077","b":null},"geometry":{"type":"LineString","coordinates":[[-79.88717079162596,40.43643007846335],[-79.88772869110106,40.436217762212635]]}},{"type":"Feature","properties":{"a":"RF0077","b":"RF0088"},"geometry":{"type":"LineString","coordinates":[[-79.88772869110106,40.436217762212635],[-79.88860845565794,40.43592378475865]]}},{"type":"Feature","properties":{"a":"RF0077","b":"RF0088"},"geometry":{"type":"LineString","coordinates":[[-79.88860845565794,40.43592378475865],[-79.8886728286743,40.43589112051775]]}},{"type":"Feature","properties":{"a":"RF0077","b":"RF0080"},"geometry":{"type":"LineString","coordinates":[[-79.8886728286743,40.43589112051775],[-79.8895525932312,40.435597141635604]]}},{"type":"Feature","properties":{"a":"RF0077","b":"RF0080"},"geometry":{"type":"LineString","coordinates":[[-79.8895525932312,40.435597141635604],[-79.88957405090332,40.43561347382945]]}},{"type":"Feature","properties":{"a":"RF0077","b":null},"geometry":{"type":"LineString","coordinates":[[-79.88957405090332,40.43561347382945],[-79.88996028900146,40.43546648394207]]}},{"type":"Feature","properties":{"a":"RF0077","b":"RF0093"},"geometry":{"type":"LineString","coordinates":[[-79.88996028900146,40.43546648394207],[-79.8905611038208,40.43520516779331]]}},{"type":"Feature","properties":{"a":"RF0077","b":"RF0093"},"geometry":{"type":"LineString","coordinates":[[-79.8905611038208,40.43520516779331],[-79.89064693450928,40.435172503203304]]}},{"type":"Feature","properties":{"a":"RF0078","b":"RF0079"},"geometry":{"type":"LineString","coordinates":[[-79.88813638687134,40.43750798139383],[-79.8882007598877,40.43763863512021]]}},{"type":"Feature","properties":{"a":"RF0078","b":"RF0079"},"geometry":{"type":"LineString","coordinates":[[-79.88796472549438,40.437067023192796],[-79.88813638687134,40.43750798139383]]}},{"type":"Feature","properties":{"a":"RF0078","b":"RF0079"},"geometry":{"type":"LineString","coordinates":[[-79.88792181015013,40.436920036483116],[-79.88796472549438,40.437067023192796]]}},{"type":"Feature","properties":{"a":"RF0079","b":"RF0080"},"geometry":{"type":"LineString","coordinates":[[-79.88985300064087,40.436969032088705],[-79.88996028900146,40.437246673179374]]}},{"type":"Feature","properties":{"a":"RF0079","b":"RF0080"},"geometry":{"type":"LineString","coordinates":[[-79.8896813392639,40.43678938136028],[-79.88985300064087,40.436969032088705]]}},{"type":"Feature","properties":{"a":"RF0079","b":"RF0080"},"geometry":{"type":"LineString","coordinates":[[-79.88946676254272,40.43659339819998],[-79.8896813392639,40.43678938136028]]}},{"type":"Feature","properties":{"a":"RF0079","b":"RF0087"},"geometry":{"type":"LineString","coordinates":[[-79.88914489746094,40.436658725983555],[-79.88946676254272,40.43659339819998]]}},{"type":"Feature","properties":{"a":"RF0079","b":"RF0087"},"geometry":{"type":"LineString","coordinates":[[-79.8882222175598,40.43687104084181],[-79.88914489746094,40.436658725983555]]}},{"type":"Feature","properties":{"a":"RF0079","b":"RF0087"},"geometry":{"type":"LineString","coordinates":[[-79.88792181015013,40.436920036483116],[-79.8882222175598,40.43687104084181]]}},{"type":"Feature","properties":{"a":"RF0080","b":"RF0093"},"geometry":{"type":"LineString","coordinates":[[-79.8907971382141,40.436511738381256],[-79.89099025726318,40.4370833550296]]}},{"type":"Feature","properties":{"a":"RF0080","b":"RF0093"},"geometry":{"type":"LineString","coordinates":[[-79.88974571228026,40.43554814503029],[-79.8907971382141,40.436511738381256]]}},{"type":"Feature","properties":{"a":"RF0080","b":null},"geometry":{"type":"LineString","coordinates":[[-79.88957405090332,40.43561347382945],[-79.88974571228026,40.43554814503029]]}},{"type":"Feature","properties":{"a":"RF0080","b":"RF0088"},"geometry":{"type":"LineString","coordinates":[[-79.8886728286743,40.43589112051775],[-79.88875865936278,40.43597278109025]]}},{"type":"Feature","properties":{"a":"RF0080","b":"RF0088"},"geometry":{"type":"LineString","coordinates":[[-79.88875865936278,40.43597278109025],[-79.88899469375609,40.43618509811456]]}},{"type":"Feature","properties":{"a":"RF0080","b":"RF0088"},"geometry":{"type":"LineString","coordinates":[[-79.88899469375609,40.43618509811456],[-79.88910198211669,40.43626675832999]]}},{"type":"Feature","properties":{"a":"RF0080","b":"RF0087"},"geometry":{"type":"LineString","coordinates":[[-79.88910198211669,40.43626675832999],[-79.88916635513306,40.436332086430944]]}},{"type":"Feature","properties":{"a":"RF0080","b":"RF0087"},"geometry":{"type":"LineString","coordinates":[[-79.88916635513306,40.436332086430944],[-79.88938093185423,40.43652807035293]]}},{"type":"Feature","properties":{"a":"RF0080","b":"RF0087"},"geometry":{"type":"LineString","coordinates":[[-79.88938093185423,40.43652807035293],[-79.88946676254272,40.43659339819998]]}},{"type":"Feature","properties":{"a":"RF0080","b":"RF0081"},"geometry":{"type":"LineString","coordinates":[[-79.88996028900146,40.437246673179374],[-79.89006757736205,40.43723034138224]]}},{"type":"Feature","properties":{"a":"RF0080","b":"RF0081"},"geometry":{"type":"LineString","coordinates":[[-79.89006757736205,40.43723034138224],[-79.89019632339478,40.43719767777609]]}},{"type":"Feature","properties":{"a":"RF0080","b":"RF0081"},"geometry":{"type":"LineString","coordinates":[[-79.89019632339478,40.43719767777609],[-79.89043235778807,40.43714868233711]]}},{"type":"Feature","properties":{"a":"RF0080","b":"RF0082"},"geometry":{"type":"LineString","coordinates":[[-79.89043235778807,40.43714868233711],[-79.89051818847656,40.43713235051618]]}},{"type":"Feature","properties":{"a":"RF0080","b":"RF0082"},"geometry":{"type":"LineString","coordinates":[[-79.89051818847656,40.43713235051618],[-79.89088296890259,40.43709968686242]]}},{"type":"Feature","properties":{"a":"RF0080","b":"RF0082"},"geometry":{"type":"LineString","coordinates":[[-79.89088296890259,40.43709968686242],[-79.89099025726318,40.4370833550296]]}},{"type":"Feature","properties":{"a":"RF0081","b":"RF0082"},"geometry":{"type":"LineString","coordinates":[[-79.89049673080444,40.43726300497253],[-79.89066839218138,40.437720293570266]]}},{"type":"Feature","properties":{"a":"RF0081","b":"RF0082"},"geometry":{"type":"LineString","coordinates":[[-79.89043235778807,40.43714868233711],[-79.89049673080444,40.43726300497253]]}},{"type":"Feature","properties":{"a":"RF0082","b":"RF0083"},"geometry":{"type":"LineString","coordinates":[[-79.89099025726318,40.43719767777609],[-79.89105463027953,40.43750798139383]]}},{"type":"Feature","properties":{"a":"RF0082","b":"RF0083"},"geometry":{"type":"LineString","coordinates":[[-79.89099025726318,40.4370833550296],[-79.89099025726318,40.43719767777609]]}},{"type":"Feature","properties":{"a":"RF0082","b":"RF0083"},"geometry":{"type":"LineString","coordinates":[[-79.89105463027953,40.43750798139383],[-79.89105463027953,40.437622303418294]]}},{"type":"Feature","properties":{"a":"RF0083","b":"RF0084"},"geometry":{"type":"LineString","coordinates":[[-79.8921489715576,40.43786727853043],[-79.89217042922974,40.43794893670279]]}},{"type":"Feature","properties":{"a":"RF0083","b":"RF0084"},"geometry":{"type":"LineString","coordinates":[[-79.89204168319702,40.437622303418294],[-79.8921489715576,40.43786727853043]]}},{"type":"Feature","properties":{"a":"RF0083","b":"RF0084"},"geometry":{"type":"LineString","coordinates":[[-79.89199876785278,40.43754064484923],[-79.89204168319702,40.437622303418294]]}},{"type":"Feature","properties":{"a":"RF0083","b":"RF0091"},"geometry":{"type":"LineString","coordinates":[[-79.89195585250853,40.43740999093242],[-79.89199876785278,40.43754064484923]]}},{"type":"Feature","properties":{"a":"RF0083","b":"RF0091"},"geometry":{"type":"LineString","coordinates":[[-79.89178419113158,40.43703435950731],[-79.89195585250853,40.43740999093242]]}},{"type":"Feature","properties":{"a":"RF0083","b":"RF0091"},"geometry":{"type":"LineString","coordinates":[[-79.89174127578734,40.43690370460664],[-79.89178419113158,40.43703435950731]]}},{"type":"Feature","properties":{"a":"RF0083","b":"RF0093"},"geometry":{"type":"LineString","coordinates":[[-79.8915910720825,40.43695270022415],[-79.89174127578734,40.43690370460664]]}},{"type":"Feature","properties":{"a":"RF0083","b":"RF0093"},"geometry":{"type":"LineString","coordinates":[[-79.89116191864014,40.437050691352034],[-79.8915910720825,40.43695270022415]]}},{"type":"Feature","properties":{"a":"RF0083","b":"RF0093"},"geometry":{"type":"LineString","coordinates":[[-79.89099025726318,40.4370833550296],[-79.89116191864014,40.437050691352034]]}},{"type":"Feature","properties":{"a":"RF0084","b":"RF0085"},"geometry":{"type":"LineString","coordinates":[[-79.89320039749146,40.437589640002564],[-79.8932433128357,40.437671298512136]]}},{"type":"Feature","properties":{"a":"RF0084","b":"RF0085"},"geometry":{"type":"LineString","coordinates":[[-79.89309310913086,40.437344663878804],[-79.89320039749146,40.437589640002564]]}},{"type":"Feature","properties":{"a":"RF0084","b":"RF0085"},"geometry":{"type":"LineString","coordinates":[[-79.89305019378664,40.43727933676172],[-79.89309310913086,40.437344663878804]]}},{"type":"Feature","properties":{"a":"RF0084","b":"RF0090"},"geometry":{"type":"LineString","coordinates":[[-79.89296436309816,40.43729566854693],[-79.89305019378664,40.43727933676172]]}},{"type":"Feature","properties":{"a":"RF0084","b":"RF0090"},"geometry":{"type":"LineString","coordinates":[[-79.892578125,40.43739365917497],[-79.89296436309816,40.43729566854693]]}},{"type":"Feature","properties":{"a":"RF0084","b":"RF0090"},"geometry":{"type":"LineString","coordinates":[[-79.89253520965576,40.43739365917497],[-79.892578125,40.43739365917497]]}},{"type":"Feature","properties":{"a":"RF0084","b":"RF0091"},"geometry":{"type":"LineString","coordinates":[[-79.89242792129515,40.43742632268591],[-79.89253520965576,40.43739365917497]]}},{"type":"Feature","properties":{"a":"RF0084","b":"RF0091"},"geometry":{"type":"LineString","coordinates":[[-79.89210605621336,40.43750798139383],[-79.89242792129515,40.43742632268591]]}},{"type":"Feature","properties":{"a":"RF0084","b":"RF0091"},"geometry":{"type":"LineString","coordinates":[[-79.89199876785278,40.43754064484923],[-79.89210605621336,40.43750798139383]]}},{"type":"Feature","properties":{"a":"RF0085","b":"RF0086"},"geometry":{"type":"LineString","coordinates":[[-79.8942518234253,40.43732833210549],[-79.89429473876953,40.43740999093242]]}},{"type":"Feature","properties":{"a":"RF0085","b":"RF0086"},"geometry":{"type":"LineString","coordinates":[[-79.8941445350647,40.4370833550296],[-79.8942518234253,40.43732833210549]]}},{"type":"Feature","properties":{"a":"RF0085","b":"RF0086"},"geometry":{"type":"LineString","coordinates":[[-79.89412307739258,40.43700169580594],[-79.8941445350647,40.4370833550296]]}},{"type":"Feature","properties":{"a":"RF0085","b":"RF0099"},"geometry":{"type":"LineString","coordinates":[[-79.894015789032,40.43703435950731],[-79.89412307739258,40.43700169580594]]}},{"type":"Feature","properties":{"a":"RF0085","b":"RF0099"},"geometry":{"type":"LineString","coordinates":[[-79.89369392395021,40.437116018691285],[-79.894015789032,40.43703435950731]]}},{"type":"Feature","properties":{"a":"RF0085","b":"RF0099"},"geometry":{"type":"LineString","coordinates":[[-79.8935866355896,40.43713235051618],[-79.89369392395021,40.437116018691285]]}},{"type":"Feature","properties":{"a":"RF0085","b":"RF0089"},"geometry":{"type":"LineString","coordinates":[[-79.893479347229,40.43716501415407],[-79.8935866355896,40.43713235051618]]}},{"type":"Feature","properties":{"a":"RF0085","b":"RF0089"},"geometry":{"type":"LineString","coordinates":[[-79.89317893981935,40.437246673179374],[-79.893479347229,40.43716501415407]]}},{"type":"Feature","properties":{"a":"RF0085","b":"RF0089"},"geometry":{"type":"LineString","coordinates":[[-79.89305019378664,40.43727933676172],[-79.89317893981935,40.437246673179374]]}},{"type":"Feature","properties":{"a":"RF0086","b":null},"geometry":{"type":"LineString","coordinates":[[-79.89501,40.437137],[-79.89502086703898,40.43721488044607]]}},{"type":"Feature","properties":{"a":"RF0086","b":null},"geometry":{"type":"LineString","coordinates":[[-79.894977,40.436879],[-79.89501,40.437137]]}},{"type":"Feature","properties":{"a":"RF0086","b":null},"geometry":{"type":"LineString","coordinates":[[-79.894966,40.436793],[-79.894977,40.436879]]}},{"type":"Feature","properties":{"a":"RF0086","b":null},"geometry":{"type":"LineString","coordinates":[[-79.894966,40.436793],[-79.89496854291657,40.43678226324114]]}},{"type":"Feature","properties":{"a":"RF0086","b":"RF0101"},"geometry":{"type":"LineString","coordinates":[[-79.89463806152344,40.43687104084181],[-79.89496854291657,40.43678226324114]]}},{"type":"Feature","properties":{"a":"RF0086","b":"RF0100"},"geometry":{"type":"LineString","coordinates":[[-79.89453077316284,40.436887372726204],[-79.89463806152344,40.43687104084181]]}},{"type":"Feature","properties":{"a":"RF0086","b":"RF0100"},"geometry":{"type":"LineString","coordinates":[[-79.89423036575317,40.436969032088705],[-79.89453077316284,40.436887372726204]]}},{"type":"Feature","properties":{"a":"RF0086","b":"RF0100"},"geometry":{"type":"LineString","coordinates":[[-79.89412307739258,40.43700169580594],[-79.89423036575317,40.436969032088705]]}},{"type":"Feature","properties":{"a":"RF0087","b":"RF0088"},"geometry":{"type":"LineString","coordinates":[[-79.88884449005127,40.436332086430944],[-79.88910198211669,40.43626675832999]]}},{"type":"Feature","properties":{"a":"RF0087","b":"RF0088"},"geometry":{"type":"LineString","coordinates":[[-79.88805055618285,40.436511738381256],[-79.88884449005127,40.436332086430944]]}},{"type":"Feature","properties":{"a":"RF0087","b":"RF0088"},"geometry":{"type":"LineString","coordinates":[[-79.88779306411743,40.43657706624417],[-79.88805055618285,40.436511738381256]]}},{"type":"Feature","properties":{"a":"RF0088","b":null},"geometry":{"type":"LineString","coordinates":[[-79.88764286041258,40.43625042629484],[-79.88772869110106,40.436217762212635]]}},{"type":"Feature","properties":{"a":"RF0089","b":"RF0099"},"geometry":{"type":"LineString","coordinates":[[-79.89354372024536,40.43700169580594],[-79.8935866355896,40.43713235051618]]}},{"type":"Feature","properties":{"a":"RF0089","b":"RF0099"},"geometry":{"type":"LineString","coordinates":[[-79.8933506011963,40.43656073428439],[-79.89354372024536,40.43700169580594]]}},{"type":"Feature","properties":{"a":"RF0089","b":"RF0099"},"geometry":{"type":"LineString","coordinates":[[-79.89330768585206,40.436511738381256],[-79.8933506011963,40.43656073428439]]}},{"type":"Feature","properties":{"a":"RF0089","b":"RF0097"},"geometry":{"type":"LineString","coordinates":[[-79.89322185516357,40.43652807035293],[-79.89330768585206,40.436511738381256]]}},{"type":"Feature","properties":{"a":"RF0089","b":"RF0097"},"geometry":{"type":"LineString","coordinates":[[-79.89289999008179,40.43660973015183],[-79.89322185516357,40.43652807035293]]}},{"type":"Feature","properties":{"a":"RF0089","b":"RF0097"},"geometry":{"type":"LineString","coordinates":[[-79.89279270172119,40.436642394043616],[-79.89289999008179,40.43660973015183]]}},{"type":"Feature","properties":{"a":"RF0089","b":"RF0090"},"geometry":{"type":"LineString","coordinates":[[-79.89279270172119,40.436642394043616],[-79.89283561706544,40.43675671753991]]}},{"type":"Feature","properties":{"a":"RF0089","b":"RF0090"},"geometry":{"type":"LineString","coordinates":[[-79.89283561706544,40.43675671753991],[-79.8930072784424,40.43714868233711]]}},{"type":"Feature","properties":{"a":"RF0089","b":"RF0090"},"geometry":{"type":"LineString","coordinates":[[-79.8930072784424,40.43714868233711],[-79.89305019378664,40.43727933676172]]}},{"type":"Feature","properties":{"a":"RF0090","b":"RF0096"},"geometry":{"type":"LineString","coordinates":[[-79.89268541336061,40.436658725983555],[-79.89279270172119,40.436642394043616]]}},{"type":"Feature","properties":{"a":"RF0090","b":"RF0096"},"geometry":{"type":"LineString","coordinates":[[-79.892578125,40.43669138985154],[-79.89268541336061,40.436658725983555]]}},{"type":"Feature","properties":{"a":"RF0090","b":"RF0096"},"geometry":{"type":"LineString","coordinates":[[-79.89236354827881,40.436740385623764],[-79.892578125,40.43669138985154]]}},{"type":"Feature","properties":{"a":"RF0090","b":"RF0096"},"geometry":{"type":"LineString","coordinates":[[-79.8922562599182,40.43677304945208],[-79.89236354827881,40.436740385623764]]}},{"type":"Feature","properties":{"a":"RF0090","b":"RF0091"},"geometry":{"type":"LineString","coordinates":[[-79.8922562599182,40.43677304945208],[-79.89229917526244,40.43682204516479]]}},{"type":"Feature","properties":{"a":"RF0090","b":"RF0091"},"geometry":{"type":"LineString","coordinates":[[-79.89229917526244,40.43682204516479],[-79.89247083663939,40.43727933676172]]}},{"type":"Feature","properties":{"a":"RF0090","b":"RF0091"},"geometry":{"type":"LineString","coordinates":[[-79.89247083663939,40.43727933676172],[-79.89253520965576,40.43739365917497]]}},{"type":"Feature","properties":{"a":"RF0091","b":"RF0092"},"geometry":{"type":"LineString","coordinates":[[-79.8921489715576,40.43680571326452],[-79.8922562599182,40.43677304945208]]}},{"type":"Feature","properties":{"a":"RF0091","b":"RF0092"},"geometry":{"type":"LineString","coordinates":[[-79.89182710647582,40.436887372726204],[-79.8921489715576,40.43680571326452]]}},{"type":"Feature","properties":{"a":"RF0091","b":"RF0092"},"geometry":{"type":"LineString","coordinates":[[-79.89174127578734,40.43690370460664],[-79.89182710647582,40.436887372726204]]}},{"type":"Feature","properties":{"a":"RF0092","b":"RF0096"},"geometry":{"type":"LineString","coordinates":[[-79.89193439483641,40.436070773646314],[-79.8922562599182,40.43677304945208]]}},{"type":"Feature","properties":{"a":"RF0092","b":"RF0096"},"geometry":{"type":"LineString","coordinates":[[-79.89176273345946,40.43584212412666],[-79.89193439483641,40.436070773646314]]}},{"type":"Feature","properties":{"a":"RF0092","b":"RF0096"},"geometry":{"type":"LineString","coordinates":[[-79.89161252975462,40.43562980601932],[-79.89176273345946,40.43584212412666]]}},{"type":"Feature","properties":{"a":"RF0092","b":"RF0094"},"geometry":{"type":"LineString","coordinates":[[-79.89150524139404,40.43566247038717],[-79.89161252975462,40.43562980601932]]}},{"type":"Feature","properties":{"a":"RF0092","b":"RF0094"},"geometry":{"type":"LineString","coordinates":[[-79.89120483398438,40.43579312769986],[-79.89150524139404,40.43566247038717]]}},{"type":"Feature","properties":{"a":"RF0092","b":"RF0094"},"geometry":{"type":"LineString","coordinates":[[-79.89111900329588,40.435825791988364],[-79.89120483398438,40.43579312769986]]}},{"type":"Feature","properties":{"a":"RF0092","b":"RF0093"},"geometry":{"type":"LineString","coordinates":[[-79.89111900329588,40.435825791988364],[-79.89141941070555,40.43625042629484]]}},{"type":"Feature","properties":{"a":"RF0092","b":"RF0093"},"geometry":{"type":"LineString","coordinates":[[-79.89141941070555,40.43625042629484],[-79.89174127578734,40.43690370460664]]}},{"type":"Feature","properties":{"a":"RF0093","b":"RF0094"},"geometry":{"type":"LineString","coordinates":[[-79.8906898498535,40.43523783236744],[-79.89111900329588,40.435825791988364]]}},{"type":"Feature","properties":{"a":"RF0093","b":"RF0094"},"geometry":{"type":"LineString","coordinates":[[-79.89064693450928,40.435172503203304],[-79.8906898498535,40.43523783236744]]}},{"type":"Feature","properties":{"a":"RF0093","b":null},"geometry":{"type":"LineString","coordinates":[[-79.88974571228026,40.43554814503029],[-79.88996028900146,40.43546648394207]]}},{"type":"Feature","properties":{"a":"RF0094","b":"RF0095"},"geometry":{"type":"LineString","coordinates":[[-79.89154815673828,40.43554814503029],[-79.89161252975462,40.43562980601932]]}},{"type":"Feature","properties":{"a":"RF0094","b":"RF0095"},"geometry":{"type":"LineString","coordinates":[[-79.89118337631226,40.435041844684605],[-79.89154815673828,40.43554814503029]]}},{"type":"Feature","properties":{"a":"RF0094","b":"RF0095"},"geometry":{"type":"LineString","coordinates":[[-79.89111900329588,40.43497651533004],[-79.89118337631226,40.435041844684605]]}},{"type":"Feature","properties":{"a":"RF0094","b":"RF0095"},"geometry":{"type":"LineString","coordinates":[[-79.89108053186742,40.4349081900455],[-79.89111900329588,40.43497651533004]]}},{"type":"Feature","properties":{"a":"RF0094","b":null},"geometry":{"type":"LineString","coordinates":[[-79.890982,40.434942],[-79.89108053186742,40.4349081900455]]}},{"type":"Feature","properties":{"a":"RF0094","b":null},"geometry":{"type":"LineString","coordinates":[[-79.890676,40.435046],[-79.890982,40.434942]]}},{"type":"Feature","properties":{"a":"RF0094","b":null},"geometry":{"type":"LineString","coordinates":[[-79.89058511401969,40.43507839500288],[-79.890676,40.435046]]}},{"type":"Feature","properties":{"a":"RF0095","b":"RF0107"},"geometry":{"type":"LineString","coordinates":[[-79.89197731018066,40.43527049692571],[-79.89208459854125,40.43541748724154]]}},{"type":"Feature","properties":{"a":"RF0095","b":"RF0107"},"geometry":{"type":"LineString","coordinates":[[-79.891676902771,40.434845856430506],[-79.89197731018066,40.43527049692571]]}},{"type":"Feature","properties":{"a":"RF0095","b":"RF0107"},"geometry":{"type":"LineString","coordinates":[[-79.89161252975462,40.43476419448936],[-79.891676902771,40.434845856430506]]}},{"type":"Feature","properties":{"a":"RF0095","b":"RF0106"},"geometry":{"type":"LineString","coordinates":[[-79.89157351577697,40.434709372253984],[-79.89161252975462,40.43476419448936]]}},{"type":"Feature","properties":{"a":"RF0095","b":null},"geometry":{"type":"LineString","coordinates":[[-79.891572,40.43471],[-79.89157351577697,40.434709372253984]]}},{"type":"Feature","properties":{"a":"RF0095","b":null},"geometry":{"type":"LineString","coordinates":[[-79.891474,40.434749],[-79.891572,40.43471]]}},{"type":"Feature","properties":{"a":"RF0095","b":null},"geometry":{"type":"LineString","coordinates":[[-79.891181,40.434867],[-79.891474,40.434749]]}},{"type":"Feature","properties":{"a":"RF0095","b":null},"geometry":{"type":"LineString","coordinates":[[-79.891084,40.434907],[-79.891181,40.434867]]}},{"type":"Feature","properties":{"a":"RF0095","b":null},"geometry":{"type":"LineString","coordinates":[[-79.89108053186742,40.4349081900455],[-79.891084,40.434907]]}},{"type":"Feature","properties":{"a":"RF0095","b":"RF0096"},"geometry":{"type":"LineString","coordinates":[[-79.89161252975462,40.43562980601932],[-79.89169836044312,40.43558080943781]]}},{"type":"Feature","properties":{"a":"RF0095","b":"RF0096"},"geometry":{"type":"LineString","coordinates":[[-79.89169836044312,40.43558080943781],[-79.89199876785278,40.43545015171253]]}},{"type":"Feature","properties":{"a":"RF0095","b":"RF0096"},"geometry":{"type":"LineString","coordinates":[[-79.89199876785278,40.43545015171253],[-79.89208459854125,40.43541748724154]]}},{"type":"Feature","properties":{"a":"RF0096","b":"RF0097"},"geometry":{"type":"LineString","coordinates":[[-79.89257812499999,40.43611976987079],[-79.89279270172119,40.436642394043616]]}},{"type":"Feature","properties":{"a":"RF0096","b":"RF0097"},"geometry":{"type":"LineString","coordinates":[[-79.89240646362303,40.43584212412666],[-79.89257812499999,40.43611976987079]]}},{"type":"Feature","properties":{"a":"RF0096","b":"RF0097"},"geometry":{"type":"LineString","coordinates":[[-79.8922562599182,40.43564613820523],[-79.89240646362303,40.43584212412666]]}},{"type":"Feature","properties":{"a":"RF0096","b":"RF0097"},"geometry":{"type":"LineString","coordinates":[[-79.89208459854125,40.43541748724154],[-79.8922562599182,40.43564613820523]]}},{"type":"Feature","properties":{"a":"RF0097","b":"RF0098"},"geometry":{"type":"LineString","coordinates":[[-79.89309310913086,40.43595644898369],[-79.89330768585206,40.436511738381256]]}},{"type":"Feature","properties":{"a":"RF0097","b":"RF0098"},"geometry":{"type":"LineString","coordinates":[[-79.89302873611452,40.43584212412666],[-79.89309310913086,40.43595644898369]]}},{"type":"Feature","properties":{"a":"RF0097","b":"RF0098"},"geometry":{"type":"LineString","coordinates":[[-79.89257812499999,40.43520516779331],[-79.89302873611452,40.43584212412666]]}},{"type":"Feature","properties":{"a":"RF0097","b":"RF0107"},"geometry":{"type":"LineString","coordinates":[[-79.89247083663939,40.43525416464856],[-79.89257812499999,40.43520516779331]]}},{"type":"Feature","properties":{"a":"RF0097","b":"RF0107"},"geometry":{"type":"LineString","coordinates":[[-79.89219188690186,40.4353684905053],[-79.89247083663939,40.43525416464856]]}},{"type":"Feature","properties":{"a":"RF0097","b":"RF0107"},"geometry":{"type":"LineString","coordinates":[[-79.89208459854125,40.43541748724154],[-79.89219188690186,40.4353684905053]]}},{"type":"Feature","properties":{"a":"RF0098","b":"RF0104"},"geometry":{"type":"LineString","coordinates":[[-79.89356517791748,40.43569513473915],[-79.89384412765504,40.43636475045762]]}},{"type":"Feature","properties":{"a":"RF0098","b":"RF0104"},"geometry":{"type":"LineString","coordinates":[[-79.8932433128357,40.43525416464856],[-79.89356517791748,40.43569513473915]]}},{"type":"Feature","properties":{"a":"RF0098","b":"RF0104"},"geometry":{"type":"LineString","coordinates":[[-79.89307165145874,40.435009180015264],[-79.8932433128357,40.43525416464856]]}},{"type":"Feature","properties":{"a":"RF0098","b":"RF0106"},"geometry":{"type":"LineString","coordinates":[[-79.89296436309816,40.435041844684605],[-79.89307165145874,40.435009180015264]]}},{"type":"Feature","properties":{"a":"RF0098","b":"RF0106"},"geometry":{"type":"LineString","coordinates":[[-79.89266395568849,40.435172503203304],[-79.89296436309816,40.435041844684605]]}},{"type":"Feature","properties":{"a":"RF0098","b":"RF0106"},"geometry":{"type":"LineString","coordinates":[[-79.892578125,40.43520516779331],[-79.89266395568849,40.435172503203304]]}},{"type":"Feature","properties":{"a":"RF0098","b":"RF0099"},"geometry":{"type":"LineString","coordinates":[[-79.89330768585206,40.436511738381256],[-79.89341497421265,40.436479074425996]]}},{"type":"Feature","properties":{"a":"RF0098","b":"RF0099"},"geometry":{"type":"LineString","coordinates":[[-79.89341497421265,40.436479074425996],[-79.89373683929445,40.43639741446841]]}},{"type":"Feature","properties":{"a":"RF0098","b":"RF0099"},"geometry":{"type":"LineString","coordinates":[[-79.89373683929445,40.43639741446841],[-79.89384412765504,40.43636475045762]]}},{"type":"Feature","properties":{"a":"RF0099","b":"RF0100"},"geometry":{"type":"LineString","coordinates":[[-79.89405870437623,40.43687104084181],[-79.89412307739258,40.43700169580594]]}},{"type":"Feature","properties":{"a":"RF0099","b":"RF0100"},"geometry":{"type":"LineString","coordinates":[[-79.89390850067139,40.43649540640561],[-79.89405870437623,40.43687104084181]]}},{"type":"Feature","properties":{"a":"RF0099","b":"RF0100"},"geometry":{"type":"LineString","coordinates":[[-79.89384412765504,40.43636475045762],[-79.89390850067139,40.43649540640561]]}},{"type":"Feature","properties":{"a":"RF0100","b":"RF0101"},"geometry":{"type":"LineString","coordinates":[[-79.8945951461792,40.436740385623764],[-79.89463806152344,40.43687104084181]]}},{"type":"Feature","properties":{"a":"RF0100","b":"RF0101"},"geometry":{"type":"LineString","coordinates":[[-79.89442348480226,40.43636475045762],[-79.8945951461792,40.436740385623764]]}},{"type":"Feature","properties":{"a":"RF0100","b":"RF0101"},"geometry":{"type":"LineString","coordinates":[[-79.89438056945802,40.436234094255724],[-79.89442348480226,40.43636475045762]]}},{"type":"Feature","properties":{"a":"RF0100","b":"RF0104"},"geometry":{"type":"LineString","coordinates":[[-79.89427328109741,40.43626675832999],[-79.89438056945802,40.436234094255724]]}},{"type":"Feature","properties":{"a":"RF0100","b":"RF0104"},"geometry":{"type":"LineString","coordinates":[[-79.89395141601562,40.436348418446265],[-79.89427328109741,40.43626675832999]]}},{"type":"Feature","properties":{"a":"RF0100","b":"RF0104"},"geometry":{"type":"LineString","coordinates":[[-79.89384412765504,40.43636475045762],[-79.89395141601562,40.436348418446265]]}},{"type":"Feature","properties":{"a":"RF0101","b":"RF0102"},"geometry":{"type":"LineString","coordinates":[[-79.89530324935913,40.436005445291464],[-79.89530437546004,40.43600501673633]]}},{"type":"Feature","properties":{"a":"RF0101","b":"RF0102"},"geometry":{"type":"LineString","coordinates":[[-79.89491701126099,40.43610343779993],[-79.89530324935913,40.436005445291464]]}},{"type":"Feature","properties":{"a":"RF0101","b":"RF0103"},"geometry":{"type":"LineString","coordinates":[[-79.89480972290039,40.43611976987079],[-79.89491701126099,40.43610343779993]]}},{"type":"Feature","properties":{"a":"RF0101","b":"RF0103"},"geometry":{"type":"LineString","coordinates":[[-79.8944878578186,40.436201430165575],[-79.89480972290039,40.43611976987079]]}},{"type":"Feature","properties":{"a":"RF0101","b":"RF0103"},"geometry":{"type":"LineString","coordinates":[[-79.89438056945802,40.436234094255724],[-79.8944878578186,40.436201430165575]]}},{"type":"Feature","properties":{"a":"RF0101","b":null},"geometry":{"type":"LineString","coordinates":[[-79.89496854291657,40.43678226324114],[-79.894984,40.436717]]}},{"type":"Feature","properties":{"a":"RF0101","b":null},"geometry":{"type":"LineString","coordinates":[[-79.894984,40.436717],[-79.895039,40.436493]]}},{"type":"Feature","properties":{"a":"RF0101","b":null},"geometry":{"type":"LineString","coordinates":[[-79.895039,40.436493],[-79.89505455429908,40.436431601451005]]}},{"type":"Feature","properties":{"a":"RF0101","b":null},"geometry":{"type":"LineString","coordinates":[[-79.89505455429908,40.436431601451005],[-79.895058,40.436418]]}},{"type":"Feature","properties":{"a":"RF0101","b":null},"geometry":{"type":"LineString","coordinates":[[-79.895058,40.436418],[-79.895107,40.436334]]}},{"type":"Feature","properties":{"a":"RF0101","b":null},"geometry":{"type":"LineString","coordinates":[[-79.895107,40.436334],[-79.895258,40.436082]]}},{"type":"Feature","properties":{"a":"RF0101","b":null},"geometry":{"type":"LineString","coordinates":[[-79.895258,40.436082],[-79.89530437546004,40.43600501673633]]}},{"type":"Feature","properties":{"a":"RF0102","b":"RF0108"},"geometry":{"type":"LineString","coordinates":[[-79.89508867263795,40.435172503203304],[-79.89537773025349,40.435863970193495]]}},{"type":"Feature","properties":{"a":"RF0102","b":"RF0108"},"geometry":{"type":"LineString","coordinates":[[-79.89450931549072,40.43438854828268],[-79.89508867263795,40.435172503203304]]}},{"type":"Feature","properties":{"a":"RF0102","b":"RF0110"},"geometry":{"type":"LineString","coordinates":[[-79.89442348480226,40.43442121325353],[-79.89450931549072,40.43438854828268]]}},{"type":"Feature","properties":{"a":"RF0102","b":"RF0110"},"geometry":{"type":"LineString","coordinates":[[-79.8941445350647,40.43455187297823],[-79.89442348480226,40.43442121325353]]}},{"type":"Feature","properties":{"a":"RF0102","b":"RF0110"},"geometry":{"type":"LineString","coordinates":[[-79.89403724670412,40.434584537869725],[-79.8941445350647,40.43455187297823]]}},{"type":"Feature","properties":{"a":"RF0102","b":"RF0103"},"geometry":{"type":"LineString","coordinates":[[-79.89403724670412,40.434584537869725],[-79.8942518234253,40.43487852117919]]}},{"type":"Feature","properties":{"a":"RF0102","b":"RF0103"},"geometry":{"type":"LineString","coordinates":[[-79.8942518234253,40.43487852117919],[-79.8945951461792,40.43533582599464]]}},{"type":"Feature","properties":{"a":"RF0102","b":"RF0103"},"geometry":{"type":"LineString","coordinates":[[-79.8945951461792,40.43533582599464],[-79.89491701126099,40.43610343779993]]}},{"type":"Feature","properties":{"a":"RF0102","b":null},"geometry":{"type":"LineString","coordinates":[[-79.89530437546004,40.43600501673633],[-79.895308,40.435999]]}},{"type":"Feature","properties":{"a":"RF0102","b":null},"geometry":{"type":"LineString","coordinates":[[-79.895308,40.435999],[-79.895322,40.43597]]}},{"type":"Feature","properties":{"a":"RF0102","b":null},"geometry":{"type":"LineString","coordinates":[[-79.895322,40.43597],[-79.895367,40.435884]]}},{"type":"Feature","properties":{"a":"RF0102","b":null},"geometry":{"type":"LineString","coordinates":[[-79.895367,40.435884],[-79.89537773025349,40.435863970193495]]}},{"type":"Feature","properties":{"a":"RF0103","b":"RF0111"},"geometry":{"type":"LineString","coordinates":[[-79.89395141601562,40.43463353517724],[-79.89403724670412,40.434584537869725]]}},{"type":"Feature","properties":{"a":"RF0103","b":"RF0111"},"geometry":{"type":"LineString","coordinates":[[-79.89365100860597,40.43476419448936],[-79.89395141601562,40.43463353517724]]}},{"type":"Feature","properties":{"a":"RF0103","b":"RF0111"},"geometry":{"type":"LineString","coordinates":[[-79.89354372024536,40.43479685927772],[-79.89365100860597,40.43476419448936]]}},{"type":"Feature","properties":{"a":"RF0103","b":"RF0104"},"geometry":{"type":"LineString","coordinates":[[-79.89354372024536,40.43479685927772],[-79.89375829696655,40.43507450933808]]}},{"type":"Feature","properties":{"a":"RF0103","b":"RF0104"},"geometry":{"type":"LineString","coordinates":[[-79.89375829696655,40.43507450933808],[-79.89410161972046,40.43558080943781]]}},{"type":"Feature","properties":{"a":"RF0103","b":"RF0104"},"geometry":{"type":"LineString","coordinates":[[-79.89410161972046,40.43558080943781],[-79.89438056945802,40.436234094255724]]}},{"type":"Feature","properties":{"a":"RF0104","b":"RF0105"},"geometry":{"type":"LineString","coordinates":[[-79.89345788955688,40.434845856430506],[-79.89354372024536,40.43479685927772]]}},{"type":"Feature","properties":{"a":"RF0104","b":"RF0105"},"geometry":{"type":"LineString","coordinates":[[-79.89315748214723,40.43496018298149],[-79.89345788955688,40.434845856430506]]}},{"type":"Feature","properties":{"a":"RF0104","b":"RF0105"},"geometry":{"type":"LineString","coordinates":[[-79.89307165145874,40.435009180015264],[-79.89315748214723,40.43496018298149]]}},{"type":"Feature","properties":{"a":"RF0105","b":"RF0111"},"geometry":{"type":"LineString","coordinates":[[-79.89345788955688,40.43466620002906],[-79.89354372024536,40.43479685927772]]}},{"type":"Feature","properties":{"a":"RF0105","b":"RF0111"},"geometry":{"type":"LineString","coordinates":[[-79.89315748214723,40.434274220759754],[-79.89345788955688,40.43466620002906]]}},{"type":"Feature","properties":{"a":"RF0105","b":"RF0111"},"geometry":{"type":"LineString","coordinates":[[-79.89307165145874,40.43415989304244],[-79.89315748214723,40.434274220759754]]}},{"type":"Feature","properties":{"a":"RF0105","b":"RF0111"},"geometry":{"type":"LineString","coordinates":[[-79.89307165145874,40.43415989304244],[-79.89326477050781,40.4340782302682]]}},{"type":"Feature","properties":{"a":"RF0105","b":"RF0111"},"geometry":{"type":"LineString","coordinates":[[-79.89326477050781,40.4340782302682],[-79.89331959749286,40.43405546750238]]}},{"type":"Feature","properties":{"a":"RF0105","b":null},"geometry":{"type":"LineString","coordinates":[[-79.893171,40.434105],[-79.89331959749286,40.43405546750238]]}},{"type":"Feature","properties":{"a":"RF0105","b":null},"geometry":{"type":"LineString","coordinates":[[-79.893068,40.434141],[-79.893171,40.434105]]}},{"type":"Feature","properties":{"a":"RF0105","b":null},"geometry":{"type":"LineString","coordinates":[[-79.892969,40.43418],[-79.893068,40.434141]]}},{"type":"Feature","properties":{"a":"RF0105","b":null},"geometry":{"type":"LineString","coordinates":[[-79.892673,40.434298],[-79.892969,40.43418]]}},{"type":"Feature","properties":{"a":"RF0105","b":null},"geometry":{"type":"LineString","coordinates":[[-79.892578125,40.43433672448979],[-79.892673,40.434298]]}},{"type":"Feature","properties":{"a":"RF0105","b":null},"geometry":{"type":"LineString","coordinates":[[-79.89257658504818,40.434337353041556],[-79.892578125,40.43433672448979]]}},{"type":"Feature","properties":{"a":"RF0105","b":"RF0106"},"geometry":{"type":"LineString","coordinates":[[-79.89257658504818,40.434337353041556],[-79.892578125,40.43433955079665]]}},{"type":"Feature","properties":{"a":"RF0105","b":"RF0106"},"geometry":{"type":"LineString","coordinates":[[-79.892578125,40.43433955079665],[-79.89259958267212,40.434355883295964]]}},{"type":"Feature","properties":{"a":"RF0105","b":"RF0106"},"geometry":{"type":"LineString","coordinates":[[-79.89259958267212,40.434355883295964],[-79.89266395568849,40.43447021068005]]}},{"type":"Feature","properties":{"a":"RF0105","b":"RF0106"},"geometry":{"type":"LineString","coordinates":[[-79.89266395568849,40.43447021068005],[-79.89296436309816,40.43487852117919]]}},{"type":"Feature","properties":{"a":"RF0105","b":"RF0106"},"geometry":{"type":"LineString","coordinates":[[-79.89296436309816,40.43487852117919],[-79.89307165145874,40.435009180015264]]}},{"type":"Feature","properties":{"a":"RF0106","b":null},"geometry":{"type":"LineString","coordinates":[[-79.892575,40.434338],[-79.89257658504816,40.43433735304156]]}},{"type":"Feature","properties":{"a":"RF0106","b":null},"geometry":{"type":"LineString","coordinates":[[-79.892474,40.434372],[-79.892575,40.434338]]}},{"type":"Feature","properties":{"a":"RF0106","b":null},"geometry":{"type":"LineString","coordinates":[[-79.89217,40.434476],[-79.892474,40.434372]]}},{"type":"Feature","properties":{"a":"RF0106","b":null},"geometry":{"type":"LineString","coordinates":[[-79.89207,40.434511],[-79.89217,40.434476]]}},{"type":"Feature","properties":{"a":"RF0106","b":null},"geometry":{"type":"LineString","coordinates":[[-79.89197,40.43455],[-79.89207,40.434511]]}},{"type":"Feature","properties":{"a":"RF0106","b":null},"geometry":{"type":"LineString","coordinates":[[-79.891671,40.434669],[-79.89197,40.43455]]}},{"type":"Feature","properties":{"a":"RF0106","b":null},"geometry":{"type":"LineString","coordinates":[[-79.89157351577697,40.434709372253984],[-79.891671,40.434669]]}},{"type":"Feature","properties":{"a":"RF0106","b":"RF0107"},"geometry":{"type":"LineString","coordinates":[[-79.89161252975462,40.43476419448936],[-79.89169836044312,40.43473152968512]]}},{"type":"Feature","properties":{"a":"RF0106","b":"RF0107"},"geometry":{"type":"LineString","coordinates":[[-79.89169836044312,40.43473152968512],[-79.89206314086913,40.434584537869725]]}},{"type":"Feature","properties":{"a":"RF0106","b":"RF0107"},"geometry":{"type":"LineString","coordinates":[[-79.89206314086913,40.434584537869725],[-79.89210605621336,40.43456820542597]]}},{"type":"Feature","properties":{"a":"RF0106","b":"RF0107"},"geometry":{"type":"LineString","coordinates":[[-79.89210605621336,40.43456820542597],[-79.89217042922974,40.434649867605145]]}},{"type":"Feature","properties":{"a":"RF0106","b":"RF0107"},"geometry":{"type":"LineString","coordinates":[[-79.89217042922974,40.434649867605145],[-79.89247083663939,40.43507450933808]]}},{"type":"Feature","properties":{"a":"RF0106","b":"RF0107"},"geometry":{"type":"LineString","coordinates":[[-79.89247083663939,40.43507450933808],[-79.892578125,40.43520516779331]]}},{"type":"Feature","properties":{"a":"RF0108","b":null},"geometry":{"type":"LineString","coordinates":[[-79.89508166495405,40.43425535324529],[-79.8954447,40.4347457]]}},{"type":"Feature","properties":{"a":"RF0108","b":"RF0109"},"geometry":{"type":"LineString","coordinates":[[-79.89507609196939,40.43425911016303],[-79.89508166495405,40.43425535324529]]}},{"type":"Feature","properties":{"a":"RF0108","b":"RF0109"},"geometry":{"type":"LineString","coordinates":[[-79.89502309632744,40.434186502035516],[-79.89507609196939,40.43425911016303]]}},{"type":"Feature","properties":{"a":"RF0108","b":"RF0109"},"geometry":{"type":"LineString","coordinates":[[-79.89501718259203,40.43417839244017],[-79.89502309632744,40.434186502035516]]}},{"type":"Feature","properties":{"a":"RF0108","b":"RF0109"},"geometry":{"type":"LineString","coordinates":[[-79.89491701126099,40.43420889065938],[-79.89501718259203,40.43417839244017]]}},{"type":"Feature","properties":{"a":"RF0108","b":"RF0109"},"geometry":{"type":"LineString","coordinates":[[-79.89489555358887,40.434225223190424],[-79.89491701126099,40.43420889065938]]}},{"type":"Feature","properties":{"a":"RF0108","b":"RF0109"},"geometry":{"type":"LineString","coordinates":[[-79.89450931549072,40.43438854828268],[-79.89489555358887,40.434225223190424]]}},{"type":"Feature","properties":{"a":"RF0108","b":null},"geometry":{"type":"LineString","coordinates":[[-79.89537773025349,40.435863970193495],[-79.895382,40.435856]]}},{"type":"Feature","properties":{"a":"RF0108","b":null},"geometry":{"type":"LineString","coordinates":[[-79.895382,40.435856],[-79.895393,40.435634]]}},{"type":"Feature","properties":{"a":"RF0108","b":null},"geometry":{"type":"LineString","coordinates":[[-79.895393,40.435634],[-79.895427,40.434969]]}},{"type":"Feature","properties":{"a":"RF0108","b":null},"geometry":{"type":"LineString","coordinates":[[-79.895427,40.434969],[-79.89544375239934,40.43475765475855]]}},{"type":"Feature","properties":{"a":"RF0108","b":null},"geometry":{"type":"LineString","coordinates":[[-79.89544375239934,40.43475765475855],[-79.8954447,40.4347457]]}},{"type":"Feature","properties":{"a":"RF0109","b":null},"geometry":{"type":"LineString","coordinates":[[-79.8950663,40.4342346],[-79.89508166495405,40.43425535324529]]}},{"type":"Feature","properties":{"a":"RF0109","b":null},"geometry":{"type":"LineString","coordinates":[[-79.8950283,40.4341832],[-79.8950663,40.4342346]]}},{"type":"Feature","properties":{"a":"RF0109","b":null},"geometry":{"type":"LineString","coordinates":[[-79.8949966,40.4341395],[-79.8950283,40.4341832]]}},{"type":"Feature","properties":{"a":"RF0109","b":null},"geometry":{"type":"LineString","coordinates":[[-79.89467517840478,40.43369676797309],[-79.8949966,40.4341395]]}},{"type":"Feature","properties":{"a":"RF0109","b":null},"geometry":{"type":"LineString","coordinates":[[-79.894304,40.4331855],[-79.89467517840478,40.43369676797309]]}},{"type":"Feature","properties":{"a":"RF0109","b":null},"geometry":{"type":"LineString","coordinates":[[-79.89384915024793,40.43338415425918],[-79.894304,40.4331855]]}},{"type":"Feature","properties":{"a":"RF0109","b":"RF0110"},"geometry":{"type":"LineString","coordinates":[[-79.89384915024793,40.43338415425918],[-79.89399639062835,40.433597252627436]]}},{"type":"Feature","properties":{"a":"RF0109","b":"RF0110"},"geometry":{"type":"LineString","coordinates":[[-79.8939606784743,40.433610890132805],[-79.89399639062835,40.433597252627436]]}},{"type":"Feature","properties":{"a":"RF0109","b":"RF0110"},"geometry":{"type":"LineString","coordinates":[[-79.8939606784743,40.433610890132805],[-79.89405870437623,40.433735245533384]]}},{"type":"Feature","properties":{"a":"RF0109","b":"RF0110"},"geometry":{"type":"LineString","coordinates":[[-79.89405870437623,40.433735245533384],[-79.89438056945802,40.43419255812436]]}},{"type":"Feature","properties":{"a":"RF0109","b":"RF0110"},"geometry":{"type":"LineString","coordinates":[[-79.89438056945802,40.43419255812436],[-79.89450931549072,40.43438854828268]]}},{"type":"Feature","properties":{"a":"RF0110","b":null},"geometry":{"type":"LineString","coordinates":[[-79.893806,40.433403],[-79.89384915024793,40.43338415425918]]}},{"type":"Feature","properties":{"a":"RF0110","b":null},"geometry":{"type":"LineString","coordinates":[[-79.893762,40.433515],[-79.893806,40.433403]]}},{"type":"Feature","properties":{"a":"RF0110","b":null},"geometry":{"type":"LineString","coordinates":[[-79.89368413652946,40.43371649401918],[-79.893762,40.433515]]}},{"type":"Feature","properties":{"a":"RF0110","b":null},"geometry":{"type":"LineString","coordinates":[[-79.893631,40.433854],[-79.89368413652946,40.43371649401918]]}},{"type":"Feature","properties":{"a":"RF0110","b":null},"geometry":{"type":"LineString","coordinates":[[-79.89360051082085,40.43393412272659],[-79.893631,40.433854]]}},{"type":"Feature","properties":{"a":"RF0110","b":null},"geometry":{"type":"LineString","coordinates":[[-79.893588,40.433967],[-79.89360051082085,40.43393412272659]]}},{"type":"Feature","properties":{"a":"RF0110","b":null},"geometry":{"type":"LineString","coordinates":[[-79.89358101156395,40.43396926292215],[-79.893588,40.433967]]}},{"type":"Feature","properties":{"a":"RF0110","b":"RF0111"},"geometry":{"type":"LineString","coordinates":[[-79.89358101156395,40.43396926292215],[-79.89367246627809,40.434094562830985]]}},{"type":"Feature","properties":{"a":"RF0110","b":"RF0111"},"geometry":{"type":"LineString","coordinates":[[-79.89367246627809,40.434094562830985],[-79.89395141601562,40.43447021068005]]}},{"type":"Feature","properties":{"a":"RF0110","b":"RF0111"},"geometry":{"type":"LineString","coordinates":[[-79.89395141601562,40.43447021068005],[-79.89403724670412,40.434584537869725]]}},{"type":"Feature","properties":{"a":"RF0111","b":null},"geometry":{"type":"LineString","coordinates":[[-79.893483,40.434001],[-79.89358101156395,40.43396926292215]]}},{"type":"Feature","properties":{"a":"RF0111","b":null},"geometry":{"type":"LineString","coordinates":[[-79.89331959749286,40.43405546750238],[-79.893483,40.434001]]}},{"type":"Feature","properties":{"a":"RF0112","b":"RF0157"},"geometry":{"type":"LineString","coordinates":[[-79.8571729660034,40.45666237326523],[-79.8573875427246,40.456907278987686]]}},{"type":"Feature","properties":{"a":"RF0112","b":"RF0157"},"geometry":{"type":"LineString","coordinates":[[-79.8570442199707,40.45648277516806],[-79.8571729660034,40.45666237326523]]}},{"type":"Feature","properties":{"a":"RF0112","b":"RF0157"},"geometry":{"type":"LineString","coordinates":[[-79.85702276229858,40.45646644804452],[-79.8570442199707,40.45648277516806]]}},{"type":"Feature","properties":{"a":"RF0112","b":"RF0157"},"geometry":{"type":"LineString","coordinates":[[-79.85700130462646,40.456417466650066],[-79.85702276229858,40.45646644804452]]}},{"type":"Feature","properties":{"a":"RF0112","b":"RF0157"},"geometry":{"type":"LineString","coordinates":[[-79.85697984695435,40.45640113951065],[-79.85700130462646,40.456417466650066]]}},{"type":"Feature","properties":{"a":"RF0112","b":"RF0157"},"geometry":{"type":"LineString","coordinates":[[-79.85697984695435,40.45636848521991],[-79.85697984695435,40.45640113951065]]}},{"type":"Feature","properties":{"a":"RF0112","b":"RF0114"},"geometry":{"type":"LineString","coordinates":[[-79.85676527023315,40.45638481236727],[-79.85697984695435,40.45636848521991]]}},{"type":"Feature","properties":{"a":"RF0112","b":"RF0114"},"geometry":{"type":"LineString","coordinates":[[-79.85637903213501,40.45636848521991],[-79.85676527023315,40.45638481236727]]}},{"type":"Feature","properties":{"a":"RF0112","b":"RF0114"},"geometry":{"type":"LineString","coordinates":[[-79.85590696334837,40.45635215806859],[-79.85637903213501,40.45636848521991]]}},{"type":"Feature","properties":{"a":"RF0112","b":"RF0113"},"geometry":{"type":"LineString","coordinates":[[-79.85584259033202,40.456335830913304],[-79.85590696334837,40.45635215806859]]}},{"type":"Feature","properties":{"a":"RF0112","b":"RF0113"},"geometry":{"type":"LineString","coordinates":[[-79.85557339173697,40.456335830913304],[-79.85584259033202,40.456335830913304]]}},{"type":"Feature","properties":{"a":"RF0112","b":"RF0113"},"geometry":{"type":"LineString","coordinates":[[-79.85557339173697,40.456335830913304],[-79.85558970598662,40.45584633477199]]}},{"type":"Feature","properties":{"a":"RF0112","b":"RF0113"},"geometry":{"type":"LineString","coordinates":[[-79.85535687689479,40.45585207625105],[-79.85558970598662,40.45584633477199]]}},{"type":"Feature","properties":{"a":"RF0112","b":null},"geometry":{"type":"LineString","coordinates":[[-79.85535687689479,40.45585207625105],[-79.855377,40.45633]]}},{"type":"Feature","properties":{"a":"RF0112","b":null},"geometry":{"type":"LineString","coordinates":[[-79.855377,40.45633],[-79.855466,40.456593]]}},{"type":"Feature","properties":{"a":"RF0112","b":null},"geometry":{"type":"LineString","coordinates":[[-79.855466,40.456593],[-79.855487,40.456826]]}},{"type":"Feature","properties":{"a":"RF0112","b":null},"geometry":{"type":"LineString","coordinates":[[-79.855487,40.456826],[-79.8554987960241,40.456957468591135]]}},{"type":"Feature","properties":{"a":"RF0112","b":null},"geometry":{"type":"LineString","coordinates":[[-79.8554987960241,40.456957468591135],[-79.85554230539486,40.45744238754604]]}},{"type":"Feature","properties":{"a":"RF0112","b":null},"geometry":{"type":"LineString","coordinates":[[-79.85554230539486,40.45744238754604],[-79.8555425753696,40.45744539645805]]}},{"type":"Feature","properties":{"a":"RF0112","b":null},"geometry":{"type":"LineString","coordinates":[[-79.8555425753696,40.45744539645805],[-79.855549,40.457517]]}},{"type":"Feature","properties":{"a":"RF0112","b":null},"geometry":{"type":"LineString","coordinates":[[-79.855549,40.457517],[-79.856392,40.457492]]}},{"type":"Feature","properties":{"a":"RF0112","b":null},"geometry":{"type":"LineString","coordinates":[[-79.856392,40.457492],[-79.856905,40.457477]]}},{"type":"Feature","properties":{"a":"RF0112","b":null},"geometry":{"type":"LineString","coordinates":[[-79.856905,40.457477],[-79.856948,40.457602]]}},{"type":"Feature","properties":{"a":"RF0112","b":null},"geometry":{"type":"LineString","coordinates":[[-79.856948,40.457602],[-79.85699249824219,40.457731044902346]]}},{"type":"Feature","properties":{"a":"RF0112","b":"RF0133"},"geometry":{"type":"LineString","coordinates":[[-79.85713005065918,40.45728279936158],[-79.8571515083313,40.45726647243246]]}},{"type":"Feature","properties":{"a":"RF0112","b":"RF0133"},"geometry":{"type":"LineString","coordinates":[[-79.8571515083313,40.45726647243246],[-79.85732316970825,40.45707054897335]]}},{"type":"Feature","properties":{"a":"RF0112","b":"RF0133"},"geometry":{"type":"LineString","coordinates":[[-79.85732316970825,40.45707054897335],[-79.8573875427246,40.456907278987686]]}},{"type":"Feature","properties":{"a":"RF0113","b":"RF0114"},"geometry":{"type":"LineString","coordinates":[[-79.85597133636475,40.4536744515707],[-79.85601425170898,40.454784733068735]]}},{"type":"Feature","properties":{"a":"RF0113","b":"RF0114"},"geometry":{"type":"LineString","coordinates":[[-79.85594987869263,40.453560156845604],[-79.85597133636475,40.4536744515707]]}},{"type":"Feature","properties":{"a":"RF0113","b":"RF0115"},"geometry":{"type":"LineString","coordinates":[[-79.8559284210205,40.45349484548684],[-79.85594987869263,40.453560156845604]]}},{"type":"Feature","properties":{"a":"RF0113","b":"RF0115"},"geometry":{"type":"LineString","coordinates":[[-79.85562801361084,40.45289071240882],[-79.8559284210205,40.45349484548684]]}},{"type":"Feature","properties":{"a":"RF0113","b":"RF0115"},"geometry":{"type":"LineString","coordinates":[[-79.85560655593872,40.45282540039938],[-79.85562801361084,40.45289071240882]]}},{"type":"Feature","properties":{"a":"RF0113","b":"RF0117"},"geometry":{"type":"LineString","coordinates":[[-79.85545635223387,40.45289071240882],[-79.85560655593872,40.45282540039938]]}},{"type":"Feature","properties":{"a":"RF0113","b":"RF0117"},"geometry":{"type":"LineString","coordinates":[[-79.8550271987915,40.453102976001105],[-79.85545635223387,40.45289071240882]]}},{"type":"Feature","properties":{"a":"RF0113","b":null},"geometry":{"type":"LineString","coordinates":[[-79.85472679138182,40.453200943586786],[-79.8550271987915,40.453102976001105]]}},{"type":"Feature","properties":{"a":"RF0113","b":"RF0116"},"geometry":{"type":"LineString","coordinates":[[-79.85461950302124,40.453217271503846],[-79.85472679138182,40.453200943586786]]}},{"type":"Feature","properties":{"a":"RF0113","b":"RF0116"},"geometry":{"type":"LineString","coordinates":[[-79.85456107161218,40.453219741645896],[-79.85461950302124,40.453217271503846]]}},{"type":"Feature","properties":{"a":"RF0113","b":null},"geometry":{"type":"LineString","coordinates":[[-79.854561,40.453223],[-79.85456107161218,40.453219741645896]]}},{"type":"Feature","properties":{"a":"RF0113","b":null},"geometry":{"type":"LineString","coordinates":[[-79.854561,40.453223],[-79.85456815161449,40.45358318131115]]}},{"type":"Feature","properties":{"a":"RF0113","b":null},"geometry":{"type":"LineString","coordinates":[[-79.85456815161449,40.45358318131115],[-79.854572,40.453777]]}},{"type":"Feature","properties":{"a":"RF0113","b":null},"geometry":{"type":"LineString","coordinates":[[-79.854572,40.453777],[-79.854777,40.453779]]}},{"type":"Feature","properties":{"a":"RF0113","b":null},"geometry":{"type":"LineString","coordinates":[[-79.854777,40.453779],[-79.855273,40.453787]]}},{"type":"Feature","properties":{"a":"RF0113","b":null},"geometry":{"type":"LineString","coordinates":[[-79.855273,40.453787],[-79.85532087818405,40.454972650029745]]}},{"type":"Feature","properties":{"a":"RF0113","b":null},"geometry":{"type":"LineString","coordinates":[[-79.85532087818405,40.454972650029745],[-79.855345,40.45557]]}},{"type":"Feature","properties":{"a":"RF0113","b":null},"geometry":{"type":"LineString","coordinates":[[-79.855345,40.45557],[-79.85535687689479,40.45585207625105]]}},{"type":"Feature","properties":{"a":"RF0113","b":"RF0114"},"geometry":{"type":"LineString","coordinates":[[-79.85590696334837,40.45635215806859],[-79.85601425170898,40.454784733068735]]}},{"type":"Feature","properties":{"a":"RF0114","b":null},"geometry":{"type":"LineString","coordinates":[[-79.8570442199707,40.45354382901186],[-79.85708713531493,40.45447450920294]]}},{"type":"Feature","properties":{"a":"RF0114","b":"RF0115"},"geometry":{"type":"LineString","coordinates":[[-79.8568296432495,40.45354382901186],[-79.8570442199707,40.45354382901186]]}},{"type":"Feature","properties":{"a":"RF0114","b":"RF0115"},"geometry":{"type":"LineString","coordinates":[[-79.8561644554138,40.453560156845604],[-79.8568296432495,40.45354382901186]]}},{"type":"Feature","properties":{"a":"RF0114","b":"RF0115"},"geometry":{"type":"LineString","coordinates":[[-79.85594987869263,40.453560156845604],[-79.8561644554138,40.453560156845604]]}},{"type":"Feature","properties":{"a":"RF0114","b":"RF0157"},"geometry":{"type":"LineString","coordinates":[[-79.85695838928223,40.456335830913304],[-79.85697984695435,40.45636848521991]]}},{"type":"Feature","properties":{"a":"RF0114","b":"RF0157"},"geometry":{"type":"LineString","coordinates":[[-79.85695838928223,40.456335830913304],[-79.85700130462646,40.456090923107865]]}},{"type":"Feature","properties":{"a":"RF0114","b":"RF0157"},"geometry":{"type":"LineString","coordinates":[[-79.85700130462646,40.456090923107865],[-79.85708713531493,40.45468676779216]]}},{"type":"Feature","properties":{"a":"RF0114","b":null},"geometry":{"type":"LineString","coordinates":[[-79.85708713531493,40.45447450920294],[-79.85708713531493,40.45468676779216]]}},{"type":"Feature","properties":{"a":"RF0115","b":"RF0119"},"geometry":{"type":"LineString","coordinates":[[-79.85687255859374,40.45230290203852],[-79.85721588134764,40.45233555830511]]}},{"type":"Feature","properties":{"a":"RF0115","b":"RF0119"},"geometry":{"type":"LineString","coordinates":[[-79.85674381256102,40.45225391760891],[-79.85687255859374,40.45230290203852]]}},{"type":"Feature","properties":{"a":"RF0115","b":"RF0117"},"geometry":{"type":"LineString","coordinates":[[-79.85652923583983,40.45236821455581],[-79.85674381256102,40.45225391760891]]}},{"type":"Feature","properties":{"a":"RF0115","b":"RF0117"},"geometry":{"type":"LineString","coordinates":[[-79.8558211326599,40.4527111042301],[-79.85652923583983,40.45236821455581]]}},{"type":"Feature","properties":{"a":"RF0115","b":"RF0117"},"geometry":{"type":"LineString","coordinates":[[-79.85560655593872,40.45282540039938],[-79.8558211326599,40.4527111042301]]}},{"type":"Feature","properties":{"a":"RF0115","b":"RF0155"},"geometry":{"type":"LineString","coordinates":[[-79.8570442199707,40.45354382901186],[-79.85706567764281,40.45346218978364]]}},{"type":"Feature","properties":{"a":"RF0115","b":"RF0155"},"geometry":{"type":"LineString","coordinates":[[-79.85706567764281,40.45346218978364],[-79.8571729660034,40.45258047979859]]}},{"type":"Feature","properties":{"a":"RF0115","b":"RF0155"},"geometry":{"type":"LineString","coordinates":[[-79.8571729660034,40.45258047979859],[-79.85721588134764,40.45233555830511]]}},{"type":"Feature","properties":{"a":"RF0116","b":"RF0120"},"geometry":{"type":"LineString","coordinates":[[-79.85451221466063,40.451323206661634],[-79.85513448715209,40.45158446015869]]}},{"type":"Feature","properties":{"a":"RF0116","b":"RF0120"},"geometry":{"type":"LineString","coordinates":[[-79.85437201153762,40.45126986231776],[-79.85451221466063,40.451323206661634]]}},{"type":"Feature","properties":{"a":"RF0116","b":null},"geometry":{"type":"LineString","coordinates":[[-79.85437201153762,40.45126986231776],[-79.854372,40.45127]]}},{"type":"Feature","properties":{"a":"RF0116","b":null},"geometry":{"type":"LineString","coordinates":[[-79.854372,40.45127],[-79.854411,40.451569]]}},{"type":"Feature","properties":{"a":"RF0116","b":null},"geometry":{"type":"LineString","coordinates":[[-79.854411,40.451569],[-79.854531,40.452468]]}},{"type":"Feature","properties":{"a":"RF0116","b":null},"geometry":{"type":"LineString","coordinates":[[-79.854531,40.452468],[-79.854571,40.452768]]}},{"type":"Feature","properties":{"a":"RF0116","b":null},"geometry":{"type":"LineString","coordinates":[[-79.854569,40.452859],[-79.854571,40.452768]]}},{"type":"Feature","properties":{"a":"RF0116","b":null},"geometry":{"type":"LineString","coordinates":[[-79.854563,40.453132],[-79.854569,40.452859]]}},{"type":"Feature","properties":{"a":"RF0116","b":null},"geometry":{"type":"LineString","coordinates":[[-79.85456107161218,40.453219741645896],[-79.854563,40.453132]]}},{"type":"Feature","properties":{"a":"RF0116","b":null},"geometry":{"type":"LineString","coordinates":[[-79.85472679138182,40.453200943586786],[-79.85487699508666,40.4531519598118]]}},{"type":"Feature","properties":{"a":"RF0116","b":"RF0117"},"geometry":{"type":"LineString","coordinates":[[-79.85483407974242,40.45307032010748],[-79.85487699508666,40.4531519598118]]}},{"type":"Feature","properties":{"a":"RF0116","b":"RF0117"},"geometry":{"type":"LineString","coordinates":[[-79.8548126220703,40.45200899492518],[-79.85483407974242,40.45307032010748]]}},{"type":"Feature","properties":{"a":"RF0116","b":"RF0117"},"geometry":{"type":"LineString","coordinates":[[-79.8548126220703,40.45200899492518],[-79.85507011413573,40.45163344507632]]}},{"type":"Feature","properties":{"a":"RF0116","b":"RF0117"},"geometry":{"type":"LineString","coordinates":[[-79.85507011413573,40.45163344507632],[-79.85513448715209,40.45158446015869]]}},{"type":"Feature","properties":{"a":"RF0117","b":"RF0119"},"geometry":{"type":"LineString","coordinates":[[-79.85637903213501,40.45210696410579],[-79.85674381256102,40.45225391760891]]}},{"type":"Feature","properties":{"a":"RF0117","b":"RF0119"},"geometry":{"type":"LineString","coordinates":[[-79.85622882843016,40.45202532313186],[-79.85637903213501,40.45210696410579]]}},{"type":"Feature","properties":{"a":"RF0117","b":"RF0119"},"geometry":{"type":"LineString","coordinates":[[-79.85610008239746,40.4519763384999],[-79.85622882843016,40.45202532313186]]}},{"type":"Feature","properties":{"a":"RF0117","b":"RF0120"},"geometry":{"type":"LineString","coordinates":[[-79.8558211326599,40.45187836912885],[-79.85610008239746,40.4519763384999]]}},{"type":"Feature","properties":{"a":"RF0117","b":"RF0120"},"geometry":{"type":"LineString","coordinates":[[-79.85532760620117,40.45166610166823],[-79.8558211326599,40.45187836912885]]}},{"type":"Feature","properties":{"a":"RF0117","b":"RF0120"},"geometry":{"type":"LineString","coordinates":[[-79.85513448715209,40.45158446015869],[-79.85532760620117,40.45166610166823]]}},{"type":"Feature","properties":{"a":"RF0117","b":null},"geometry":{"type":"LineString","coordinates":[[-79.85487699508666,40.4531519598118],[-79.8550271987915,40.453102976001105]]}},{"type":"Feature","properties":{"a":"RF0118","b":"RF0122"},"geometry":{"type":"LineString","coordinates":[[-79.8569369316101,40.44972300682982],[-79.85755920410155,40.44972300682982]]}},{"type":"Feature","properties":{"a":"RF0118","b":"RF0122"},"geometry":{"type":"LineString","coordinates":[[-79.85644340515137,40.44970667806372],[-79.8569369316101,40.44972300682982]]}},{"type":"Feature","properties":{"a":"RF0118","b":"RF0122"},"geometry":{"type":"LineString","coordinates":[[-79.8561644554138,40.44970667806372],[-79.85644340515137,40.44970667806372]]}},{"type":"Feature","properties":{"a":"RF0118","b":"RF0121"},"geometry":{"type":"LineString","coordinates":[[-79.8561644554138,40.44970667806372],[-79.85620737075804,40.449820979343116]]}},{"type":"Feature","properties":{"a":"RF0118","b":"RF0121"},"geometry":{"type":"LineString","coordinates":[[-79.85620737075804,40.449820979343116],[-79.85620737075804,40.44998426654788]]}},{"type":"Feature","properties":{"a":"RF0118","b":"RF0121"},"geometry":{"type":"LineString","coordinates":[[-79.85607862472534,40.45093132451164],[-79.85620737075804,40.44998426654788]]}},{"type":"Feature","properties":{"a":"RF0118","b":null},"geometry":{"type":"LineString","coordinates":[[-79.85607757955496,40.45094206149646],[-79.85607862472534,40.45093132451164]]}},{"type":"Feature","properties":{"a":"RF0118","b":"RF0119"},"geometry":{"type":"LineString","coordinates":[[-79.85607757955496,40.45094206149646],[-79.8573820682077,40.451028918058576]]}},{"type":"Feature","properties":{"a":"RF0118","b":null},"geometry":{"type":"LineString","coordinates":[[-79.8573820682077,40.451028918058576],[-79.85751628875731,40.45006591000148]]}},{"type":"Feature","properties":{"a":"RF0118","b":"RF0177"},"geometry":{"type":"LineString","coordinates":[[-79.85751628875731,40.45006591000148],[-79.85755920410155,40.44972300682982]]}},{"type":"Feature","properties":{"a":"RF0119","b":null},"geometry":{"type":"LineString","coordinates":[[-79.8560357093811,40.45137219176969],[-79.85607757955496,40.45094206149646]]}},{"type":"Feature","properties":{"a":"RF0119","b":"RF0120"},"geometry":{"type":"LineString","coordinates":[[-79.85601425170898,40.45156813184488],[-79.8560357093811,40.45137219176969]]}},{"type":"Feature","properties":{"a":"RF0119","b":"RF0120"},"geometry":{"type":"LineString","coordinates":[[-79.85601425170898,40.45156813184488],[-79.85610008239746,40.4519763384999]]}},{"type":"Feature","properties":{"a":"RF0119","b":"RF0161"},"geometry":{"type":"LineString","coordinates":[[-79.85721588134764,40.45233555830511],[-79.85723733901976,40.45217227681351]]}},{"type":"Feature","properties":{"a":"RF0119","b":"RF0161"},"geometry":{"type":"LineString","coordinates":[[-79.85723733901976,40.45217227681351],[-79.85730171203613,40.45166610166823]]}},{"type":"Feature","properties":{"a":"RF0119","b":"RF0161"},"geometry":{"type":"LineString","coordinates":[[-79.85730171203613,40.45166610166823],[-79.85732316970825,40.45150281854997]]}},{"type":"Feature","properties":{"a":"RF0119","b":"RF0177"},"geometry":{"type":"LineString","coordinates":[[-79.85732316970825,40.45150281854997],[-79.85736608505249,40.451143594293235]]}},{"type":"Feature","properties":{"a":"RF0119","b":null},"geometry":{"type":"LineString","coordinates":[[-79.85736608505249,40.451143594293235],[-79.8573820682077,40.451028918058576]]}},{"type":"Feature","properties":{"a":"RF0120","b":null},"geometry":{"type":"LineString","coordinates":[[-79.8560357093811,40.45137219176969],[-79.85607862472534,40.45093132451164]]}},{"type":"Feature","properties":{"a":"RF0120","b":"RF0121"},"geometry":{"type":"LineString","coordinates":[[-79.8559284210205,40.45073538257968],[-79.85607862472534,40.45093132451164]]}},{"type":"Feature","properties":{"a":"RF0120","b":"RF0121"},"geometry":{"type":"LineString","coordinates":[[-79.85571384429932,40.45057209719995],[-79.8559284210205,40.45073538257968]]}},{"type":"Feature","properties":{"a":"RF0120","b":"RF0121"},"geometry":{"type":"LineString","coordinates":[[-79.85549926757811,40.45049045436131],[-79.85571384429932,40.45057209719995]]}},{"type":"Feature","properties":{"a":"RF0120","b":"RF0121"},"geometry":{"type":"LineString","coordinates":[[-79.8548126220703,40.45040881142348],[-79.85549926757811,40.45049045436131]]}},{"type":"Feature","properties":{"a":"RF0120","b":"RF0121"},"geometry":{"type":"LineString","coordinates":[[-79.85461950302124,40.45040881142348],[-79.8548126220703,40.45040881142348]]}},{"type":"Feature","properties":{"a":"RF0120","b":"RF0121"},"geometry":{"type":"LineString","coordinates":[[-79.85444883757819,40.450365521084585],[-79.85461950302124,40.45040881142348]]}},{"type":"Feature","properties":{"a":"RF0120","b":null},"geometry":{"type":"LineString","coordinates":[[-79.85444883757819,40.450365521084585],[-79.85445,40.450377]]}},{"type":"Feature","properties":{"a":"RF0120","b":null},"geometry":{"type":"LineString","coordinates":[[-79.854434,40.450555],[-79.85445,40.450377]]}},{"type":"Feature","properties":{"a":"RF0120","b":null},"geometry":{"type":"LineString","coordinates":[[-79.854387,40.451091],[-79.854434,40.450555]]}},{"type":"Feature","properties":{"a":"RF0120","b":null},"geometry":{"type":"LineString","coordinates":[[-79.85437201153762,40.45126986231776],[-79.854387,40.451091]]}},{"type":"Feature","properties":{"a":"RF0121","b":"RF0122"},"geometry":{"type":"LineString","coordinates":[[-79.85588550567626,40.449690349293654],[-79.8561644554138,40.44970667806372]]}},{"type":"Feature","properties":{"a":"RF0121","b":"RF0122"},"geometry":{"type":"LineString","coordinates":[[-79.85498428344727,40.449674020519616],[-79.85588550567626,40.449690349293654]]}},{"type":"Feature","properties":{"a":"RF0121","b":"RF0122"},"geometry":{"type":"LineString","coordinates":[[-79.85474824905394,40.44965769174161],[-79.85498428344727,40.449674020519616]]}},{"type":"Feature","properties":{"a":"RF0121","b":"RF0132"},"geometry":{"type":"LineString","coordinates":[[-79.85459804534912,40.44965769174161],[-79.85474824905394,40.44965769174161]]}},{"type":"Feature","properties":{"a":"RF0121","b":"RF0132"},"geometry":{"type":"LineString","coordinates":[[-79.8543717667274,40.44959507619524],[-79.85459804534912,40.44965769174161]]}},{"type":"Feature","properties":{"a":"RF0121","b":null},"geometry":{"type":"LineString","coordinates":[[-79.8543717667274,40.44959507619524],[-79.854386,40.449745]]}},{"type":"Feature","properties":{"a":"RF0121","b":null},"geometry":{"type":"LineString","coordinates":[[-79.854386,40.449745],[-79.854434,40.450219]]}},{"type":"Feature","properties":{"a":"RF0121","b":null},"geometry":{"type":"LineString","coordinates":[[-79.854434,40.450219],[-79.85444883757819,40.450365521084585]]}},{"type":"Feature","properties":{"a":"RF0122","b":"RF0126"},"geometry":{"type":"LineString","coordinates":[[-79.85700130462646,40.44872694483722],[-79.8577094078064,40.44875960284155]]}},{"type":"Feature","properties":{"a":"RF0122","b":"RF0128"},"geometry":{"type":"LineString","coordinates":[[-79.85678672790527,40.44872694483722],[-79.85700130462646,40.44872694483722]]}},{"type":"Feature","properties":{"a":"RF0122","b":"RF0132"},"geometry":{"type":"LineString","coordinates":[[-79.85607862472534,40.44893922158168],[-79.85678672790527,40.44872694483722]]}},{"type":"Feature","properties":{"a":"RF0122","b":"RF0132"},"geometry":{"type":"LineString","coordinates":[[-79.85579967498778,40.44897187948285],[-79.85607862472534,40.44893922158168]]}},{"type":"Feature","properties":{"a":"RF0122","b":"RF0132"},"geometry":{"type":"LineString","coordinates":[[-79.85556364059447,40.44893922158168],[-79.85579967498778,40.44897187948285]]}},{"type":"Feature","properties":{"a":"RF0122","b":"RF0132"},"geometry":{"type":"LineString","coordinates":[[-79.8551559448242,40.448808589818285],[-79.85556364059447,40.44893922158168]]}},{"type":"Feature","properties":{"a":"RF0122","b":"RF0132"},"geometry":{"type":"LineString","coordinates":[[-79.85455513000487,40.44875960284155],[-79.8551559448242,40.448808589818285]]}},{"type":"Feature","properties":{"a":"RF0122","b":"RF0132"},"geometry":{"type":"LineString","coordinates":[[-79.85455513000487,40.44875960284155],[-79.85455513000487,40.449037195237594]]}},{"type":"Feature","properties":{"a":"RF0122","b":"RF0132"},"geometry":{"type":"LineString","coordinates":[[-79.85455513000487,40.449037195237594],[-79.85470533370972,40.44936377305912]]}},{"type":"Feature","properties":{"a":"RF0122","b":"RF0132"},"geometry":{"type":"LineString","coordinates":[[-79.85470533370972,40.44936377305912],[-79.85474824905394,40.44965769174161]]}},{"type":"Feature","properties":{"a":"RF0122","b":"RF0216"},"geometry":{"type":"LineString","coordinates":[[-79.85755920410155,40.44972300682982],[-79.85766649246216,40.44895555053425]]}},{"type":"Feature","properties":{"a":"RF0122","b":"RF0216"},"geometry":{"type":"LineString","coordinates":[[-79.85766649246216,40.44895555053425],[-79.85768795013428,40.448873905731716]]}},{"type":"Feature","properties":{"a":"RF0122","b":"RF0216"},"geometry":{"type":"LineString","coordinates":[[-79.85768795013428,40.448873905731716],[-79.8577094078064,40.44875960284155]]}},{"type":"Feature","properties":{"a":"RF0123","b":null},"geometry":{"type":"LineString","coordinates":[[-79.85858917236327,40.44555904298917],[-79.85859728773677,40.44608399617011]]}},{"type":"Feature","properties":{"a":"RF0123","b":null},"geometry":{"type":"LineString","coordinates":[[-79.85851894992567,40.44523839683536],[-79.85858917236327,40.44555904298917]]}},{"type":"Feature","properties":{"a":"RF0123","b":null},"geometry":{"type":"LineString","coordinates":[[-79.85806382546276,40.44530244674652],[-79.85851894992567,40.44523839683536]]}},{"type":"Feature","properties":{"a":"RF0123","b":"RF0246"},"geometry":{"type":"LineString","coordinates":[[-79.85794194605234,40.445255682979074],[-79.85806382546276,40.44530244674652]]}},{"type":"Feature","properties":{"a":"RF0123","b":null},"geometry":{"type":"LineString","coordinates":[[-79.8576358,40.4453004],[-79.85794194605234,40.445255682979074]]}},{"type":"Feature","properties":{"a":"RF0123","b":null},"geometry":{"type":"LineString","coordinates":[[-79.8571329,40.4453739],[-79.8576358,40.4453004]]}},{"type":"Feature","properties":{"a":"RF0123","b":null},"geometry":{"type":"LineString","coordinates":[[-79.8564316,40.4454763],[-79.8571329,40.4453739]]}},{"type":"Feature","properties":{"a":"RF0123","b":null},"geometry":{"type":"LineString","coordinates":[[-79.8563339240564,40.44549055841569],[-79.8564316,40.4454763]]}},{"type":"Feature","properties":{"a":"RF0123","b":"RF0127"},"geometry":{"type":"LineString","coordinates":[[-79.8563339240564,40.44549055841569],[-79.85635595836331,40.44554278766403]]}},{"type":"Feature","properties":{"a":"RF0123","b":"RF0127"},"geometry":{"type":"LineString","coordinates":[[-79.85635595836331,40.44554278766403],[-79.85645929662942,40.44552825159563]]}},{"type":"Feature","properties":{"a":"RF0123","b":"RF0127"},"geometry":{"type":"LineString","coordinates":[[-79.85645929662942,40.44552825159563],[-79.85663652420044,40.44627754928419]]}},{"type":"Feature","properties":{"a":"RF0123","b":"RF0127"},"geometry":{"type":"LineString","coordinates":[[-79.85663652420044,40.44627754928419],[-79.85663652420044,40.44631020847873]]}},{"type":"Feature","properties":{"a":"RF0123","b":null},"geometry":{"type":"LineString","coordinates":[[-79.85663652420044,40.44631020847873],[-79.85666200145323,40.44634369771732]]}},{"type":"Feature","properties":{"a":"RF0123","b":"RF0124"},"geometry":{"type":"LineString","coordinates":[[-79.85666200145323,40.44634369771732],[-79.85859728773677,40.44608399617011]]}},{"type":"Feature","properties":{"a":"RF0124","b":null},"geometry":{"type":"LineString","coordinates":[[-79.85859728773677,40.44608399617011],[-79.85861063003539,40.44694705960049]]}},{"type":"Feature","properties":{"a":"RF0124","b":null},"geometry":{"type":"LineString","coordinates":[[-79.85666200145323,40.44634369771732],[-79.85687255859374,40.44662047003544]]}},{"type":"Feature","properties":{"a":"RF0124","b":"RF0127"},"geometry":{"type":"LineString","coordinates":[[-79.85687255859374,40.44662047003544],[-79.85695838928223,40.44684908289761]]}},{"type":"Feature","properties":{"a":"RF0124","b":"RF0127"},"geometry":{"type":"LineString","coordinates":[[-79.85695838928223,40.44684908289761],[-79.85695838928223,40.44694705960049]]}},{"type":"Feature","properties":{"a":"RF0124","b":null},"geometry":{"type":"LineString","coordinates":[[-79.85695838928223,40.44694705960049],[-79.8569596416288,40.446998999838456]]}},{"type":"Feature","properties":{"a":"RF0124","b":"RF0125"},"geometry":{"type":"LineString","coordinates":[[-79.8569596416288,40.446998999838456],[-79.85860661520445,40.446998999838456]]}},{"type":"Feature","properties":{"a":"RF0124","b":null},"geometry":{"type":"LineString","coordinates":[[-79.85860661520445,40.446998999838456],[-79.85861063003539,40.44694705960049]]}},{"type":"Feature","properties":{"a":"RF0125","b":null},"geometry":{"type":"LineString","coordinates":[[-79.8569596416288,40.446998999838456],[-79.85698086684108,40.44787930134]]}},{"type":"Feature","properties":{"a":"RF0125","b":"RF0126"},"geometry":{"type":"LineString","coordinates":[[-79.85698086684108,40.44787930134],[-79.85818485008245,40.44787930134]]}},{"type":"Feature","properties":{"a":"RF0125","b":null},"geometry":{"type":"LineString","coordinates":[[-79.85818485008245,40.44787930134],[-79.85848188400269,40.4474695996037]]}},{"type":"Feature","properties":{"a":"RF0125","b":"RF0246"},"geometry":{"type":"LineString","coordinates":[[-79.85848188400269,40.4474695996037],[-79.85858917236327,40.447224659483034]]}},{"type":"Feature","properties":{"a":"RF0125","b":null},"geometry":{"type":"LineString","coordinates":[[-79.85858917236327,40.447224659483034],[-79.85860661520445,40.446998999838456]]}},{"type":"Feature","properties":{"a":"RF0126","b":null},"geometry":{"type":"LineString","coordinates":[[-79.85698086684108,40.44787930134],[-79.85700130462646,40.44872694483722]]}},{"type":"Feature","properties":{"a":"RF0126","b":"RF0216"},"geometry":{"type":"LineString","coordinates":[[-79.8577094078064,40.44875960284155],[-79.85779523849487,40.44844935115969]]}},{"type":"Feature","properties":{"a":"RF0126","b":"RF0216"},"geometry":{"type":"LineString","coordinates":[[-79.85779523849487,40.44844935115969],[-79.85790252685545,40.44826973111031]]}},{"type":"Feature","properties":{"a":"RF0126","b":"RF0216"},"geometry":{"type":"LineString","coordinates":[[-79.85790252685545,40.44826973111031],[-79.85813856124878,40.44794314797244]]}},{"type":"Feature","properties":{"a":"RF0126","b":null},"geometry":{"type":"LineString","coordinates":[[-79.85813856124878,40.44794314797244],[-79.85818485008245,40.44787930134]]}},{"type":"Feature","properties":{"a":"RF0127","b":null},"geometry":{"type":"LineString","coordinates":[[-79.85695838928223,40.44694705960049],[-79.85696133752693,40.44706933608034]]}},{"type":"Feature","properties":{"a":"RF0127","b":null},"geometry":{"type":"LineString","coordinates":[[-79.85663652420044,40.44631020847873],[-79.85687255859374,40.44662047003544]]}},{"type":"Feature","properties":{"a":"RF0127","b":null},"geometry":{"type":"LineString","coordinates":[[-79.8560103,40.4455378],[-79.8563339240564,40.44549055841569]]}},{"type":"Feature","properties":{"a":"RF0127","b":null},"geometry":{"type":"LineString","coordinates":[[-79.8553108,40.44564],[-79.8560103,40.4455378]]}},{"type":"Feature","properties":{"a":"RF0127","b":null},"geometry":{"type":"LineString","coordinates":[[-79.85440969185906,40.44577158485952],[-79.8553108,40.44564]]}},{"type":"Feature","properties":{"a":"RF0127","b":"RF0129"},"geometry":{"type":"LineString","coordinates":[[-79.85440969185906,40.44577158485952],[-79.85444418720665,40.4458117480354]]}},{"type":"Feature","properties":{"a":"RF0127","b":"RF0129"},"geometry":{"type":"LineString","coordinates":[[-79.85444418720665,40.4458117480354],[-79.85532698050342,40.44568752874702]]}},{"type":"Feature","properties":{"a":"RF0127","b":"RF0129"},"geometry":{"type":"LineString","coordinates":[[-79.85532698050342,40.44568752874702],[-79.85537044539912,40.445681414761175]]}},{"type":"Feature","properties":{"a":"RF0127","b":"RF0129"},"geometry":{"type":"LineString","coordinates":[[-79.85537044539912,40.445681414761175],[-79.85541343688963,40.44573867028299]]}},{"type":"Feature","properties":{"a":"RF0127","b":null},"geometry":{"type":"LineString","coordinates":[[-79.85541343688963,40.44573867028299],[-79.85571384429932,40.44694705960049]]}},{"type":"Feature","properties":{"a":"RF0127","b":null},"geometry":{"type":"LineString","coordinates":[[-79.85571384429932,40.44694705960049],[-79.85578982887773,40.447226544143746]]}},{"type":"Feature","properties":{"a":"RF0127","b":"RF0128"},"geometry":{"type":"LineString","coordinates":[[-79.85578982887773,40.447226544143746],[-79.85696133752693,40.44706933608034]]}},{"type":"Feature","properties":{"a":"RF0128","b":null},"geometry":{"type":"LineString","coordinates":[[-79.85696133752693,40.44706933608034],[-79.85700130462646,40.44872694483722]]}},{"type":"Feature","properties":{"a":"RF0128","b":null},"geometry":{"type":"LineString","coordinates":[[-79.85578982887773,40.447226544143746],[-79.85597133636475,40.44789416036489]]}},{"type":"Feature","properties":{"a":"RF0128","b":"RF0131"},"geometry":{"type":"LineString","coordinates":[[-79.85597133636475,40.44789416036489],[-79.85612154006955,40.44818808547461]]}},{"type":"Feature","properties":{"a":"RF0128","b":"RF0131"},"geometry":{"type":"LineString","coordinates":[[-79.85612154006955,40.44818808547461],[-79.85635757446289,40.448433022084124]]}},{"type":"Feature","properties":{"a":"RF0128","b":null},"geometry":{"type":"LineString","coordinates":[[-79.85635757446289,40.448433022084124],[-79.8567008972168,40.44862897072901]]}},{"type":"Feature","properties":{"a":"RF0128","b":"RF0132"},"geometry":{"type":"LineString","coordinates":[[-79.8567008972168,40.44862897072901],[-79.85678672790527,40.44872694483722]]}},{"type":"Feature","properties":{"a":"RF0129","b":null},"geometry":{"type":"LineString","coordinates":[[-79.85541343688963,40.44573867028299],[-79.8556345373232,40.44662804715388]]}},{"type":"Feature","properties":{"a":"RF0129","b":null},"geometry":{"type":"LineString","coordinates":[[-79.8539672,40.4458362],[-79.85440969185906,40.44577158485952]]}},{"type":"Feature","properties":{"a":"RF0129","b":null},"geometry":{"type":"LineString","coordinates":[[-79.8539672,40.4458362],[-79.854084,40.446594]]}},{"type":"Feature","properties":{"a":"RF0129","b":null},"geometry":{"type":"LineString","coordinates":[[-79.854084,40.446594],[-79.854115,40.446786]]}},{"type":"Feature","properties":{"a":"RF0129","b":null},"geometry":{"type":"LineString","coordinates":[[-79.854115,40.446786],[-79.85412249213009,40.44683095278053]]}},{"type":"Feature","properties":{"a":"RF0129","b":"RF0130"},"geometry":{"type":"LineString","coordinates":[[-79.85412249213009,40.44683095278053],[-79.8556345373232,40.44662804715388]]}},{"type":"Feature","properties":{"a":"RF0130","b":null},"geometry":{"type":"LineString","coordinates":[[-79.85571384429932,40.44694705960049],[-79.8558951418582,40.447613903669314]]}},{"type":"Feature","properties":{"a":"RF0130","b":null},"geometry":{"type":"LineString","coordinates":[[-79.8556345373232,40.44662804715388],[-79.85571384429932,40.44694705960049]]}},{"type":"Feature","properties":{"a":"RF0130","b":null},"geometry":{"type":"LineString","coordinates":[[-79.85412249213009,40.44683095278053],[-79.854126,40.446852]]}},{"type":"Feature","properties":{"a":"RF0130","b":null},"geometry":{"type":"LineString","coordinates":[[-79.854126,40.446852],[-79.854162,40.44705]]}},{"type":"Feature","properties":{"a":"RF0130","b":null},"geometry":{"type":"LineString","coordinates":[[-79.854162,40.44705],[-79.854175,40.447117]]}},{"type":"Feature","properties":{"a":"RF0130","b":null},"geometry":{"type":"LineString","coordinates":[[-79.854175,40.447117],[-79.85419266211149,40.44734072007889]]}},{"type":"Feature","properties":{"a":"RF0130","b":null},"geometry":{"type":"LineString","coordinates":[[-79.85419266211149,40.44734072007889],[-79.854214,40.447611]]}},{"type":"Feature","properties":{"a":"RF0130","b":null},"geometry":{"type":"LineString","coordinates":[[-79.854214,40.447611],[-79.85422301881898,40.44772523837376]]}},{"type":"Feature","properties":{"a":"RF0130","b":"RF0131"},"geometry":{"type":"LineString","coordinates":[[-79.85422301881898,40.44772523837376],[-79.8558951418582,40.447613903669314]]}},{"type":"Feature","properties":{"a":"RF0131","b":null},"geometry":{"type":"LineString","coordinates":[[-79.85635757446289,40.448433022084124],[-79.8565675206113,40.44855284712576]]}},{"type":"Feature","properties":{"a":"RF0131","b":null},"geometry":{"type":"LineString","coordinates":[[-79.8558951418582,40.447613903669314],[-79.85597133636475,40.44789416036489]]}},{"type":"Feature","properties":{"a":"RF0131","b":null},"geometry":{"type":"LineString","coordinates":[[-79.85422301881898,40.44772523837376],[-79.85430027422376,40.44870380683419]]}},{"type":"Feature","properties":{"a":"RF0131","b":"RF0132"},"geometry":{"type":"LineString","coordinates":[[-79.85430027422376,40.44870380683419],[-79.8565675206113,40.44855284712576]]}},{"type":"Feature","properties":{"a":"RF0132","b":null},"geometry":{"type":"LineString","coordinates":[[-79.8565675206113,40.44855284712576],[-79.8567008972168,40.44862897072901]]}},{"type":"Feature","properties":{"a":"RF0132","b":null},"geometry":{"type":"LineString","coordinates":[[-79.85430027422376,40.44870380683419],[-79.854331,40.449093]]}},{"type":"Feature","properties":{"a":"RF0132","b":null},"geometry":{"type":"LineString","coordinates":[[-79.854331,40.449093],[-79.854371,40.449587]]}},{"type":"Feature","properties":{"a":"RF0132","b":null},"geometry":{"type":"LineString","coordinates":[[-79.854371,40.449587],[-79.8543717667274,40.44959507619524]]}},{"type":"Feature","properties":{"a":"RF0133","b":null},"geometry":{"type":"LineString","coordinates":[[-79.85961914062499,40.45928876752065],[-79.859671,40.459382]]}},{"type":"Feature","properties":{"a":"RF0133","b":null},"geometry":{"type":"LineString","coordinates":[[-79.859399,40.458893],[-79.85961914062499,40.45928876752065]]}},{"type":"Feature","properties":{"a":"RF0133","b":null},"geometry":{"type":"LineString","coordinates":[[-79.859399,40.458893],[-79.859541,40.458888]]}},{"type":"Feature","properties":{"a":"RF0133","b":null},"geometry":{"type":"LineString","coordinates":[[-79.859541,40.458888],[-79.85961914062499,40.45888563210227]]}},{"type":"Feature","properties":{"a":"RF0133","b":"RF0134"},"geometry":{"type":"LineString","coordinates":[[-79.85961914062499,40.458882819169865],[-79.85961914062499,40.45888563210227]]}},{"type":"Feature","properties":{"a":"RF0133","b":"RF0134"},"geometry":{"type":"LineString","coordinates":[[-79.85876083374022,40.45891547223857],[-79.85961914062499,40.458882819169865]]}},{"type":"Feature","properties":{"a":"RF0133","b":"RF0134"},"geometry":{"type":"LineString","coordinates":[[-79.85869646072388,40.458899145706205],[-79.85876083374022,40.45891547223857]]}},{"type":"Feature","properties":{"a":"RF0133","b":"RF0134"},"geometry":{"type":"LineString","coordinates":[[-79.85867500305176,40.458882819169865],[-79.85869646072388,40.458899145706205]]}},{"type":"Feature","properties":{"a":"RF0133","b":"RF0134"},"geometry":{"type":"LineString","coordinates":[[-79.85854625701904,40.45847465447189],[-79.85867500305176,40.458882819169865]]}},{"type":"Feature","properties":{"a":"RF0133","b":"RF0160"},"geometry":{"type":"LineString","coordinates":[[-79.85843896865843,40.45818077435386],[-79.85854625701904,40.45847465447189]]}},{"type":"Feature","properties":{"a":"RF0133","b":"RF0160"},"geometry":{"type":"LineString","coordinates":[[-79.85837459564208,40.458017507066174],[-79.85843896865843,40.45818077435386]]}},{"type":"Feature","properties":{"a":"RF0133","b":"RF0160"},"geometry":{"type":"LineString","coordinates":[[-79.85833168029785,40.4579195465031],[-79.85837459564208,40.458017507066174]]}},{"type":"Feature","properties":{"a":"RF0133","b":"RF0159"},"geometry":{"type":"LineString","coordinates":[[-79.8581600189209,40.45778893219683],[-79.85833168029785,40.4579195465031]]}},{"type":"Feature","properties":{"a":"RF0133","b":"RF0159"},"geometry":{"type":"LineString","coordinates":[[-79.85755920410155,40.45711952989169],[-79.8581600189209,40.45778893219683]]}},{"type":"Feature","properties":{"a":"RF0133","b":"RF0159"},"geometry":{"type":"LineString","coordinates":[[-79.8573875427246,40.456907278987686],[-79.85755920410155,40.45711952989169]]}},{"type":"Feature","properties":{"a":"RF0133","b":null},"geometry":{"type":"LineString","coordinates":[[-79.85743298793325,40.45906742828658],[-79.857692,40.459465]]}},{"type":"Feature","properties":{"a":"RF0133","b":null},"geometry":{"type":"LineString","coordinates":[[-79.857692,40.459465],[-79.857717,40.459463]]}},{"type":"Feature","properties":{"a":"RF0133","b":null},"geometry":{"type":"LineString","coordinates":[[-79.857717,40.459463],[-79.859602,40.459384]]}},{"type":"Feature","properties":{"a":"RF0133","b":null},"geometry":{"type":"LineString","coordinates":[[-79.859602,40.459384],[-79.859671,40.459382]]}},{"type":"Feature","properties":{"a":"RF0134","b":"RF0135"},"geometry":{"type":"LineString","coordinates":[[-79.86011266708373,40.458866492629554],[-79.8601128063841,40.458872004061874]]}},{"type":"Feature","properties":{"a":"RF0134","b":"RF0135"},"geometry":{"type":"LineString","coordinates":[[-79.86011266708373,40.45878485986851],[-79.86011266708373,40.458866492629554]]}},{"type":"Feature","properties":{"a":"RF0134","b":"RF0135"},"geometry":{"type":"LineString","coordinates":[[-79.8600912094116,40.45852363436658],[-79.86011266708373,40.45878485986851]]}},{"type":"Feature","properties":{"a":"RF0134","b":null},"geometry":{"type":"LineString","coordinates":[[-79.8600912094116,40.45844200118892],[-79.8600912094116,40.45852363436658]]}},{"type":"Feature","properties":{"a":"RF0134","b":"RF0160"},"geometry":{"type":"LineString","coordinates":[[-79.85979080200194,40.45844200118892],[-79.8600912094116,40.45844200118892]]}},{"type":"Feature","properties":{"a":"RF0134","b":"RF0160"},"geometry":{"type":"LineString","coordinates":[[-79.85884666442871,40.45845832783239],[-79.85979080200194,40.45844200118892]]}},{"type":"Feature","properties":{"a":"RF0134","b":"RF0160"},"geometry":{"type":"LineString","coordinates":[[-79.85854625701904,40.45847465447189],[-79.85884666442871,40.45845832783239]]}},{"type":"Feature","properties":{"a":"RF0134","b":null},"geometry":{"type":"LineString","coordinates":[[-79.85961914062499,40.45888563210227],[-79.85997,40.458875]]}},{"type":"Feature","properties":{"a":"RF0134","b":null},"geometry":{"type":"LineString","coordinates":[[-79.85997,40.458875],[-79.8601128063841,40.458872004061874]]}},{"type":"Feature","properties":{"a":"RF0135","b":"RF0136"},"geometry":{"type":"LineString","coordinates":[[-79.86127138137817,40.45824608115787],[-79.8612928390503,40.458425674541495]]}},{"type":"Feature","properties":{"a":"RF0135","b":"RF0136"},"geometry":{"type":"LineString","coordinates":[[-79.86127138137817,40.45818077435386],[-79.86127138137817,40.45824608115787]]}},{"type":"Feature","properties":{"a":"RF0135","b":null},"geometry":{"type":"LineString","coordinates":[[-79.86122846603394,40.45818077435386],[-79.86127138137817,40.45818077435386]]}},{"type":"Feature","properties":{"a":"RF0135","b":"RF0144"},"geometry":{"type":"LineString","coordinates":[[-79.86107826232909,40.45816444764295],[-79.86122846603394,40.45818077435386]]}},{"type":"Feature","properties":{"a":"RF0135","b":null},"geometry":{"type":"LineString","coordinates":[[-79.86086368560791,40.45816444764295],[-79.86107826232909,40.45816444764295]]}},{"type":"Feature","properties":{"a":"RF0135","b":"RF0162"},"geometry":{"type":"LineString","coordinates":[[-79.86058473587036,40.45813179420922],[-79.86086368560791,40.45816444764295]]}},{"type":"Feature","properties":{"a":"RF0135","b":"RF0162"},"geometry":{"type":"LineString","coordinates":[[-79.86019849777222,40.45806648729415],[-79.86058473587036,40.45813179420922]]}},{"type":"Feature","properties":{"a":"RF0135","b":"RF0159"},"geometry":{"type":"LineString","coordinates":[[-79.8600912094116,40.45805016055545],[-79.86019849777222,40.45806648729415]]}},{"type":"Feature","properties":{"a":"RF0135","b":null},"geometry":{"type":"LineString","coordinates":[[-79.8600912094116,40.45805016055545],[-79.8600912094116,40.45852363436658]]}},{"type":"Feature","properties":{"a":"RF0135","b":null},"geometry":{"type":"LineString","coordinates":[[-79.8601128063841,40.458872004061874],[-79.860113,40.458872]]}},{"type":"Feature","properties":{"a":"RF0135","b":null},"geometry":{"type":"LineString","coordinates":[[-79.860113,40.458872],[-79.86037,40.458857]]}},{"type":"Feature","properties":{"a":"RF0135","b":null},"geometry":{"type":"LineString","coordinates":[[-79.86037,40.458857],[-79.8607,40.458839]]}},{"type":"Feature","properties":{"a":"RF0135","b":null},"geometry":{"type":"LineString","coordinates":[[-79.8607,40.458839],[-79.86089538542322,40.458674327335615]]}},{"type":"Feature","properties":{"a":"RF0135","b":null},"geometry":{"type":"LineString","coordinates":[[-79.86089538542322,40.458674327335615],[-79.86097679619346,40.45860571357609]]}},{"type":"Feature","properties":{"a":"RF0135","b":null},"geometry":{"type":"LineString","coordinates":[[-79.86097679619346,40.45860571357609],[-79.86099669718116,40.45858894083728]]}},{"type":"Feature","properties":{"a":"RF0135","b":null},"geometry":{"type":"LineString","coordinates":[[-79.86099669718116,40.45858894083728],[-79.860999,40.458587]]}},{"type":"Feature","properties":{"a":"RF0135","b":null},"geometry":{"type":"LineString","coordinates":[[-79.860999,40.458587],[-79.861048,40.45857]]}},{"type":"Feature","properties":{"a":"RF0135","b":null},"geometry":{"type":"LineString","coordinates":[[-79.861048,40.45857],[-79.8612928390503,40.458491372825314]]}},{"type":"Feature","properties":{"a":"RF0135","b":"RF0136"},"geometry":{"type":"LineString","coordinates":[[-79.8612928390503,40.458425674541495],[-79.8612928390503,40.458491372825314]]}},{"type":"Feature","properties":{"a":"RF0136","b":"RF0138"},"geometry":{"type":"LineString","coordinates":[[-79.86245155334471,40.45844200118892],[-79.86246536207737,40.45848402812679]]}},{"type":"Feature","properties":{"a":"RF0136","b":"RF0138"},"geometry":{"type":"LineString","coordinates":[[-79.86234426498413,40.45831138789836],[-79.86245155334471,40.45844200118892]]}},{"type":"Feature","properties":{"a":"RF0136","b":"RF0138"},"geometry":{"type":"LineString","coordinates":[[-79.86223697662354,40.45824608115787],[-79.86234426498413,40.45831138789836]]}},{"type":"Feature","properties":{"a":"RF0136","b":"RF0138"},"geometry":{"type":"LineString","coordinates":[[-79.86212968826293,40.45821342776381],[-79.86223697662354,40.45824608115787]]}},{"type":"Feature","properties":{"a":"RF0136","b":"RF0138"},"geometry":{"type":"LineString","coordinates":[[-79.86202239990234,40.458197101060826],[-79.86212968826293,40.45821342776381]]}},{"type":"Feature","properties":{"a":"RF0136","b":null},"geometry":{"type":"LineString","coordinates":[[-79.86200094223021,40.45818077435386],[-79.86202239990234,40.458197101060826]]}},{"type":"Feature","properties":{"a":"RF0136","b":null},"geometry":{"type":"LineString","coordinates":[[-79.86127138137817,40.45818077435386],[-79.86200094223021,40.45818077435386]]}},{"type":"Feature","properties":{"a":"RF0136","b":null},"geometry":{"type":"LineString","coordinates":[[-79.8612928390503,40.458491372825314],[-79.861294,40.458491]]}},{"type":"Feature","properties":{"a":"RF0136","b":null},"geometry":{"type":"LineString","coordinates":[[-79.861294,40.458491],[-79.861529,40.458489]]}},{"type":"Feature","properties":{"a":"RF0136","b":null},"geometry":{"type":"LineString","coordinates":[[-79.861529,40.458489],[-79.862236,40.458485]]}},{"type":"Feature","properties":{"a":"RF0136","b":null},"geometry":{"type":"LineString","coordinates":[[-79.862236,40.458485],[-79.86246536207737,40.45848402812679]]}},{"type":"Feature","properties":{"a":"RF0137","b":null},"geometry":{"type":"LineString","coordinates":[[-79.86414670944212,40.457037895007964],[-79.86416441566988,40.4570598762721]]}},{"type":"Feature","properties":{"a":"RF0137","b":"RF0149"},"geometry":{"type":"LineString","coordinates":[[-79.86391067504883,40.456450120917],[-79.86414670944212,40.457037895007964]]}},{"type":"Feature","properties":{"a":"RF0137","b":"RF0149"},"geometry":{"type":"LineString","coordinates":[[-79.86384630203246,40.456090923107865],[-79.86391067504883,40.456450120917]]}},{"type":"Feature","properties":{"a":"RF0137","b":"RF0154"},"geometry":{"type":"LineString","coordinates":[[-79.86382484436034,40.45594397799611],[-79.86384630203246,40.456090923107865]]}},{"type":"Feature","properties":{"a":"RF0137","b":null},"geometry":{"type":"LineString","coordinates":[[-79.86382484436034,40.45584601440972],[-79.86382484436034,40.45594397799611]]}},{"type":"Feature","properties":{"a":"RF0137","b":"RF0189"},"geometry":{"type":"LineString","coordinates":[[-79.86358880996704,40.45582968713144],[-79.86382484436034,40.45584601440972]]}},{"type":"Feature","properties":{"a":"RF0137","b":"RF0189"},"geometry":{"type":"LineString","coordinates":[[-79.86346006393431,40.45578070527278],[-79.86358880996704,40.45582968713144]]}},{"type":"Feature","properties":{"a":"RF0137","b":"RF0189"},"geometry":{"type":"LineString","coordinates":[[-79.86326694488525,40.45563375948256],[-79.86346006393431,40.45578070527278]]}},{"type":"Feature","properties":{"a":"RF0137","b":"RF0189"},"geometry":{"type":"LineString","coordinates":[[-79.86318111419676,40.45560110481887],[-79.86326694488525,40.45563375948256]]}},{"type":"Feature","properties":{"a":"RF0137","b":null},"geometry":{"type":"LineString","coordinates":[[-79.86201195319563,40.455593752544196],[-79.86318111419676,40.45560110481887]]}},{"type":"Feature","properties":{"a":"RF0137","b":null},"geometry":{"type":"LineString","coordinates":[[-79.86201195319563,40.455593752544196],[-79.86201195319563,40.4570598762721]]}},{"type":"Feature","properties":{"a":"RF0137","b":null},"geometry":{"type":"LineString","coordinates":[[-79.86201195319563,40.4570598762721],[-79.86416441566988,40.4570598762721]]}},{"type":"Feature","properties":{"a":"RF0138","b":null},"geometry":{"type":"LineString","coordinates":[[-79.86201195319563,40.4570598762721],[-79.86309295396097,40.4570598762721]]}},{"type":"Feature","properties":{"a":"RF0138","b":null},"geometry":{"type":"LineString","coordinates":[[-79.86201195319563,40.4570598762721],[-79.86201195319563,40.45818915237384]]}},{"type":"Feature","properties":{"a":"RF0138","b":null},"geometry":{"type":"LineString","coordinates":[[-79.86201195319563,40.45818915237384],[-79.86202239990234,40.458197101060826]]}},{"type":"Feature","properties":{"a":"RF0138","b":null},"geometry":{"type":"LineString","coordinates":[[-79.86246536207737,40.45848402812679],[-79.862472,40.458484]]}},{"type":"Feature","properties":{"a":"RF0138","b":null},"geometry":{"type":"LineString","coordinates":[[-79.862472,40.458484],[-79.862765,40.458492]]}},{"type":"Feature","properties":{"a":"RF0138","b":null},"geometry":{"type":"LineString","coordinates":[[-79.862765,40.458492],[-79.86309295396097,40.45850130629855]]}},{"type":"Feature","properties":{"a":"RF0138","b":"RF0139"},"geometry":{"type":"LineString","coordinates":[[-79.86309295396097,40.4570598762721],[-79.86309295396097,40.45850130629855]]}},{"type":"Feature","properties":{"a":"RF0139","b":null},"geometry":{"type":"LineString","coordinates":[[-79.86416441566988,40.4570598762721],[-79.86417395472631,40.457071718462416]]}},{"type":"Feature","properties":{"a":"RF0139","b":null},"geometry":{"type":"LineString","coordinates":[[-79.86309295396097,40.4570598762721],[-79.86416441566988,40.4570598762721]]}},{"type":"Feature","properties":{"a":"RF0139","b":null},"geometry":{"type":"LineString","coordinates":[[-79.86309295396097,40.45850130629855],[-79.863646,40.458517]]}},{"type":"Feature","properties":{"a":"RF0139","b":null},"geometry":{"type":"LineString","coordinates":[[-79.863646,40.458517],[-79.86375006475926,40.45852018565589]]}},{"type":"Feature","properties":{"a":"RF0139","b":null},"geometry":{"type":"LineString","coordinates":[[-79.86375006475926,40.45852018565589],[-79.86394,40.458526]]}},{"type":"Feature","properties":{"a":"RF0139","b":null},"geometry":{"type":"LineString","coordinates":[[-79.86394,40.458526],[-79.86417395472631,40.45852349334222]]}},{"type":"Feature","properties":{"a":"RF0139","b":"RF0140"},"geometry":{"type":"LineString","coordinates":[[-79.86417395472631,40.457071718462416],[-79.86417395472631,40.45852349334222]]}},{"type":"Feature","properties":{"a":"RF0140","b":"RF0147"},"geometry":{"type":"LineString","coordinates":[[-79.86629235656758,40.458441781085355],[-79.86633595625698,40.4585320206982]]}},{"type":"Feature","properties":{"a":"RF0140","b":null},"geometry":{"type":"LineString","coordinates":[[-79.86530215873653,40.45847231889987],[-79.86629235656758,40.458441781085355]]}},{"type":"Feature","properties":{"a":"RF0140","b":null},"geometry":{"type":"LineString","coordinates":[[-79.86417395472631,40.457071718462416],[-79.86530215873653,40.45847231889987]]}},{"type":"Feature","properties":{"a":"RF0140","b":null},"geometry":{"type":"LineString","coordinates":[[-79.86417395472631,40.45852349334222],[-79.86422,40.458523]]}},{"type":"Feature","properties":{"a":"RF0140","b":null},"geometry":{"type":"LineString","coordinates":[[-79.86422,40.458523],[-79.86506,40.458514]]}},{"type":"Feature","properties":{"a":"RF0140","b":null},"geometry":{"type":"LineString","coordinates":[[-79.86506,40.458514],[-79.86534,40.458511]]}},{"type":"Feature","properties":{"a":"RF0140","b":null},"geometry":{"type":"LineString","coordinates":[[-79.86534,40.458511],[-79.866104,40.458527]]}},{"type":"Feature","properties":{"a":"RF0140","b":null},"geometry":{"type":"LineString","coordinates":[[-79.866104,40.458527],[-79.86633595625698,40.4585320206982]]}},{"type":"Feature","properties":{"a":"RF0141","b":null},"geometry":{"type":"LineString","coordinates":[[-79.85811710357666,40.45529088472227],[-79.85984995166496,40.455599479721066]]}},{"type":"Feature","properties":{"a":"RF0141","b":"RF0157"},"geometry":{"type":"LineString","coordinates":[[-79.85805273056029,40.45543783126236],[-79.85811710357666,40.45529088472227]]}},{"type":"Feature","properties":{"a":"RF0141","b":"RF0157"},"geometry":{"type":"LineString","coordinates":[[-79.85783815383911,40.45587866895439],[-79.85805273056029,40.45543783126236]]}},{"type":"Feature","properties":{"a":"RF0141","b":"RF0157"},"geometry":{"type":"LineString","coordinates":[[-79.85777378082274,40.456025614208976],[-79.85783815383911,40.45587866895439]]}},{"type":"Feature","properties":{"a":"RF0141","b":"RF0157"},"geometry":{"type":"LineString","coordinates":[[-79.85775232315062,40.45605826866636],[-79.85777378082274,40.456025614208976]]}},{"type":"Feature","properties":{"a":"RF0141","b":"RF0157"},"geometry":{"type":"LineString","coordinates":[[-79.8577094078064,40.456172559142196],[-79.85775232315062,40.45605826866636]]}},{"type":"Feature","properties":{"a":"RF0141","b":"RF0157"},"geometry":{"type":"LineString","coordinates":[[-79.85768795013428,40.456205213528165],[-79.8577094078064,40.456172559142196]]}},{"type":"Feature","properties":{"a":"RF0141","b":"RF0158"},"geometry":{"type":"LineString","coordinates":[[-79.85768795013428,40.456205213528165],[-79.85803127288818,40.456254195077356]]}},{"type":"Feature","properties":{"a":"RF0141","b":"RF0158"},"geometry":{"type":"LineString","coordinates":[[-79.85803127288818,40.456254195077356],[-79.8582887649536,40.45630317659082]]}},{"type":"Feature","properties":{"a":"RF0141","b":null},"geometry":{"type":"LineString","coordinates":[[-79.8582887649536,40.45630317659082],[-79.85984995166496,40.4563976692404]]}},{"type":"Feature","properties":{"a":"RF0141","b":"RF0142"},"geometry":{"type":"LineString","coordinates":[[-79.85984995166496,40.455599479721066],[-79.85984995166496,40.4563976692404]]}},{"type":"Feature","properties":{"a":"RF0142","b":null},"geometry":{"type":"LineString","coordinates":[[-79.86058473587036,40.45558477748107],[-79.86093095243031,40.4555869546656]]}},{"type":"Feature","properties":{"a":"RF0142","b":null},"geometry":{"type":"LineString","coordinates":[[-79.8602843284607,40.45565008680846],[-79.86058473587036,40.45558477748107]]}},{"type":"Feature","properties":{"a":"RF0142","b":"RF0196"},"geometry":{"type":"LineString","coordinates":[[-79.86013412475585,40.45565008680846],[-79.8602843284607,40.45565008680846]]}},{"type":"Feature","properties":{"a":"RF0142","b":null},"geometry":{"type":"LineString","coordinates":[[-79.85984995166496,40.455599479721066],[-79.86013412475585,40.45565008680846]]}},{"type":"Feature","properties":{"a":"RF0142","b":null},"geometry":{"type":"LineString","coordinates":[[-79.85984995166496,40.4563976692404],[-79.8601770401001,40.456417466650066]]}},{"type":"Feature","properties":{"a":"RF0142","b":"RF0145"},"geometry":{"type":"LineString","coordinates":[[-79.8601770401001,40.456417466650066],[-79.86032724380492,40.456417466650066]]}},{"type":"Feature","properties":{"a":"RF0142","b":"RF0145"},"geometry":{"type":"LineString","coordinates":[[-79.86032724380492,40.456417466650066],[-79.86088514328003,40.456450120917]]}},{"type":"Feature","properties":{"a":"RF0142","b":null},"geometry":{"type":"LineString","coordinates":[[-79.86088514328003,40.456450120917],[-79.86093095243031,40.45646173963367]]}},{"type":"Feature","properties":{"a":"RF0142","b":"RF0143"},"geometry":{"type":"LineString","coordinates":[[-79.86093095243031,40.4555869546656],[-79.86093095243031,40.45646173963367]]}},{"type":"Feature","properties":{"a":"RF0143","b":null},"geometry":{"type":"LineString","coordinates":[[-79.86093095243031,40.4555869546656],[-79.86201195319563,40.455593752544196]]}},{"type":"Feature","properties":{"a":"RF0143","b":null},"geometry":{"type":"LineString","coordinates":[[-79.86093095243031,40.45646173963367],[-79.86094951629639,40.45646644804452]]}},{"type":"Feature","properties":{"a":"RF0143","b":"RF0144"},"geometry":{"type":"LineString","coordinates":[[-79.86094951629639,40.45646644804452],[-79.8609709739685,40.45638481236727]]}},{"type":"Feature","properties":{"a":"RF0143","b":"RF0144"},"geometry":{"type":"LineString","coordinates":[[-79.8609709739685,40.45638481236727],[-79.86107826232909,40.456254195077356]]}},{"type":"Feature","properties":{"a":"RF0143","b":"RF0144"},"geometry":{"type":"LineString","coordinates":[[-79.86107826232909,40.456254195077356],[-79.8612928390503,40.456172559142196]]}},{"type":"Feature","properties":{"a":"RF0143","b":"RF0144"},"geometry":{"type":"LineString","coordinates":[[-79.8612928390503,40.456172559142196],[-79.86144304275511,40.456172559142196]]}},{"type":"Feature","properties":{"a":"RF0143","b":"RF0144"},"geometry":{"type":"LineString","coordinates":[[-79.86144304275511,40.456172559142196],[-79.86155033111572,40.456205213528165]]}},{"type":"Feature","properties":{"a":"RF0143","b":"RF0144"},"geometry":{"type":"LineString","coordinates":[[-79.86155033111572,40.456205213528165],[-79.86165761947632,40.456254195077356]]}},{"type":"Feature","properties":{"a":"RF0143","b":"RF0144"},"geometry":{"type":"LineString","coordinates":[[-79.86165761947632,40.456254195077356],[-79.8617649078369,40.45636848521991]]}},{"type":"Feature","properties":{"a":"RF0143","b":"RF0144"},"geometry":{"type":"LineString","coordinates":[[-79.8617649078369,40.45636848521991],[-79.86185073852538,40.45767464447054]]}},{"type":"Feature","properties":{"a":"RF0143","b":"RF0144"},"geometry":{"type":"LineString","coordinates":[[-79.86185073852538,40.45767464447054],[-79.86185073852538,40.45818077435386]]}},{"type":"Feature","properties":{"a":"RF0143","b":null},"geometry":{"type":"LineString","coordinates":[[-79.86185073852538,40.45818077435386],[-79.86200094223021,40.45818077435386]]}},{"type":"Feature","properties":{"a":"RF0143","b":null},"geometry":{"type":"LineString","coordinates":[[-79.86200094223021,40.45818077435386],[-79.86201195319563,40.45818915237384]]}},{"type":"Feature","properties":{"a":"RF0143","b":null},"geometry":{"type":"LineString","coordinates":[[-79.86201195319563,40.455593752544196],[-79.86201195319563,40.45818915237384]]}},{"type":"Feature","properties":{"a":"RF0144","b":"RF0145"},"geometry":{"type":"LineString","coordinates":[[-79.86094951629639,40.45646644804452],[-79.8609709739685,40.456613392013615]]}},{"type":"Feature","properties":{"a":"RF0144","b":"RF0145"},"geometry":{"type":"LineString","coordinates":[[-79.8609709739685,40.456613392013615],[-79.8609709739685,40.45679298976163]]}},{"type":"Feature","properties":{"a":"RF0144","b":"RF0145"},"geometry":{"type":"LineString","coordinates":[[-79.8609709739685,40.45679298976163],[-79.86101388931273,40.457821585797205]]}},{"type":"Feature","properties":{"a":"RF0144","b":"RF0162"},"geometry":{"type":"LineString","coordinates":[[-79.86101388931273,40.457821585797205],[-79.86103534698485,40.45808281402886]]}},{"type":"Feature","properties":{"a":"RF0144","b":"RF0162"},"geometry":{"type":"LineString","coordinates":[[-79.86103534698485,40.45808281402886],[-79.86103534698485,40.45816444764295]]}},{"type":"Feature","properties":{"a":"RF0144","b":null},"geometry":{"type":"LineString","coordinates":[[-79.86103534698485,40.45816444764295],[-79.86107826232909,40.45816444764295]]}},{"type":"Feature","properties":{"a":"RF0144","b":null},"geometry":{"type":"LineString","coordinates":[[-79.86122846603394,40.45818077435386],[-79.86185073852538,40.45818077435386]]}},{"type":"Feature","properties":{"a":"RF0145","b":null},"geometry":{"type":"LineString","coordinates":[[-79.86088514328003,40.456450120917],[-79.86094951629639,40.45646644804452]]}},{"type":"Feature","properties":{"a":"RF0145","b":"RF0158"},"geometry":{"type":"LineString","coordinates":[[-79.8601770401001,40.456417466650066],[-79.8601770401001,40.456744008605234]]}},{"type":"Feature","properties":{"a":"RF0145","b":"RF0158"},"geometry":{"type":"LineString","coordinates":[[-79.8601770401001,40.456744008605234],[-79.86021995544434,40.45757668340756]]}},{"type":"Feature","properties":{"a":"RF0145","b":"RF0162"},"geometry":{"type":"LineString","coordinates":[[-79.86021995544434,40.45757668340756],[-79.86060619354248,40.457560356549834]]}},{"type":"Feature","properties":{"a":"RF0145","b":"RF0162"},"geometry":{"type":"LineString","coordinates":[[-79.86060619354248,40.457560356549834],[-79.86060619354248,40.45787056616801]]}},{"type":"Feature","properties":{"a":"RF0145","b":"RF0162"},"geometry":{"type":"LineString","coordinates":[[-79.86060619354248,40.45787056616801],[-79.86094951629639,40.45787056616801]]}},{"type":"Feature","properties":{"a":"RF0145","b":"RF0162"},"geometry":{"type":"LineString","coordinates":[[-79.86094951629639,40.45787056616801],[-79.86101388931273,40.457821585797205]]}},{"type":"Feature","properties":{"a":"RF0146","b":null},"geometry":{"type":"LineString","coordinates":[[-79.86809923884559,40.456704833621345],[-79.868109,40.456707]]}},{"type":"Feature","properties":{"a":"RF0146","b":null},"geometry":{"type":"LineString","coordinates":[[-79.867717,40.45662],[-79.86809923884559,40.456704833621345]]}},{"type":"Feature","properties":{"a":"RF0146","b":null},"geometry":{"type":"LineString","coordinates":[[-79.866541,40.456359],[-79.867717,40.45662]]}},{"type":"Feature","properties":{"a":"RF0146","b":null},"geometry":{"type":"LineString","coordinates":[[-79.866149,40.456272],[-79.866541,40.456359]]}},{"type":"Feature","properties":{"a":"RF0146","b":null},"geometry":{"type":"LineString","coordinates":[[-79.86597765101622,40.456201995189524],[-79.866149,40.456272]]}},{"type":"Feature","properties":{"a":"RF0146","b":null},"geometry":{"type":"LineString","coordinates":[[-79.86597765101622,40.456201995189524],[-79.86597765101622,40.457374497594756]]}},{"type":"Feature","properties":{"a":"RF0146","b":"RF0147"},"geometry":{"type":"LineString","coordinates":[[-79.86597765101622,40.457374497594756],[-79.8677160136891,40.457374497594756]]}},{"type":"Feature","properties":{"a":"RF0146","b":null},"geometry":{"type":"LineString","coordinates":[[-79.8677160136891,40.457374497594756],[-79.867721,40.457366]]}},{"type":"Feature","properties":{"a":"RF0146","b":null},"geometry":{"type":"LineString","coordinates":[[-79.867721,40.457366],[-79.86810825574383,40.45670826408458]]}},{"type":"Feature","properties":{"a":"RF0146","b":null},"geometry":{"type":"LineString","coordinates":[[-79.86810825574383,40.45670826408458],[-79.868109,40.456707]]}},{"type":"Feature","properties":{"a":"RF0147","b":null},"geometry":{"type":"LineString","coordinates":[[-79.86597765101622,40.457374497594756],[-79.86597765101622,40.458451486640605]]}},{"type":"Feature","properties":{"a":"RF0147","b":null},"geometry":{"type":"LineString","coordinates":[[-79.86597765101622,40.458451486640605],[-79.86629235656758,40.458441781085355]]}},{"type":"Feature","properties":{"a":"RF0147","b":null},"geometry":{"type":"LineString","coordinates":[[-79.86633595625698,40.4585320206982],[-79.867028,40.458547]]}},{"type":"Feature","properties":{"a":"RF0147","b":null},"geometry":{"type":"LineString","coordinates":[[-79.867028,40.458547],[-79.86710443747926,40.458416736417036]]}},{"type":"Feature","properties":{"a":"RF0147","b":null},"geometry":{"type":"LineString","coordinates":[[-79.86710443747926,40.458416736417036],[-79.86753981616938,40.45767477071279]]}},{"type":"Feature","properties":{"a":"RF0147","b":null},"geometry":{"type":"LineString","coordinates":[[-79.86753981616938,40.45767477071279],[-79.8677160136891,40.457374497594756]]}},{"type":"Feature","properties":{"a":"RF0148","b":null},"geometry":{"type":"LineString","coordinates":[[-79.865728,40.4561],[-79.86597765101622,40.456201995189524]]}},{"type":"Feature","properties":{"a":"RF0148","b":null},"geometry":{"type":"LineString","coordinates":[[-79.865728,40.4561],[-79.86572977919148,40.456090923107865]]}},{"type":"Feature","properties":{"a":"RF0148","b":null},"geometry":{"type":"LineString","coordinates":[[-79.86491197652434,40.456090923107865],[-79.86572977919148,40.456090923107865]]}},{"type":"Feature","properties":{"a":"RF0148","b":"RF0149"},"geometry":{"type":"LineString","coordinates":[[-79.86491197652434,40.456090923107865],[-79.86491197652434,40.45728162100387]]}},{"type":"Feature","properties":{"a":"RF0148","b":null},"geometry":{"type":"LineString","coordinates":[[-79.86491197652434,40.45728162100387],[-79.86597765101622,40.45728162100387]]}},{"type":"Feature","properties":{"a":"RF0148","b":null},"geometry":{"type":"LineString","coordinates":[[-79.86597765101622,40.456201995189524],[-79.86597765101622,40.45728162100387]]}},{"type":"Feature","properties":{"a":"RF0149","b":null},"geometry":{"type":"LineString","coordinates":[[-79.86384630203246,40.456090923107865],[-79.86491197652434,40.456090923107865]]}},{"type":"Feature","properties":{"a":"RF0149","b":null},"geometry":{"type":"LineString","coordinates":[[-79.86414670944212,40.457037895007964],[-79.86434303427441,40.45728162100387]]}},{"type":"Feature","properties":{"a":"RF0149","b":null},"geometry":{"type":"LineString","coordinates":[[-79.86434303427441,40.45728162100387],[-79.86491197652434,40.45728162100387]]}},{"type":"Feature","properties":{"a":"RF0150","b":null},"geometry":{"type":"LineString","coordinates":[[-79.86434303427441,40.45728162100387],[-79.86597765101622,40.45728162100387]]}},{"type":"Feature","properties":{"a":"RF0150","b":null},"geometry":{"type":"LineString","coordinates":[[-79.86434303427441,40.45728162100387],[-79.86530215873653,40.45847231889987]]}},{"type":"Feature","properties":{"a":"RF0150","b":null},"geometry":{"type":"LineString","coordinates":[[-79.86530215873653,40.45847231889987],[-79.86597765101622,40.458451486640605]]}},{"type":"Feature","properties":{"a":"RF0150","b":null},"geometry":{"type":"LineString","coordinates":[[-79.86597765101622,40.45728162100387],[-79.86597765101622,40.458451486640605]]}},{"type":"Feature","properties":{"a":"RF0151","b":"RF0186"},"geometry":{"type":"LineString","coordinates":[[-79.8661612606364,40.452722426086346],[-79.86642220975939,40.45261849908057]]}},{"type":"Feature","properties":{"a":"RF0151","b":"RF0186"},"geometry":{"type":"LineString","coordinates":[[-79.86607308765315,40.4529575935456],[-79.8661612606364,40.452722426086346]]}},{"type":"Feature","properties":{"a":"RF0151","b":null},"geometry":{"type":"LineString","coordinates":[[-79.86514552848743,40.453401700700134],[-79.86607308765315,40.4529575935456]]}},{"type":"Feature","properties":{"a":"RF0151","b":"RF0152"},"geometry":{"type":"LineString","coordinates":[[-79.86514552848743,40.453401700700134],[-79.86623306905302,40.4535476408486]]}},{"type":"Feature","properties":{"a":"RF0151","b":null},"geometry":{"type":"LineString","coordinates":[[-79.86623306905302,40.4535476408486],[-79.86638,40.452812]]}},{"type":"Feature","properties":{"a":"RF0151","b":null},"geometry":{"type":"LineString","coordinates":[[-79.86638,40.452812],[-79.86642220975939,40.45261849908057]]}},{"type":"Feature","properties":{"a":"RF0152","b":null},"geometry":{"type":"LineString","coordinates":[[-79.86457586288452,40.4536744515707],[-79.86514552848743,40.453401700700134]]}},{"type":"Feature","properties":{"a":"RF0152","b":"RF0188"},"geometry":{"type":"LineString","coordinates":[[-79.86416816711424,40.45398467913028],[-79.86457586288452,40.4536744515707]]}},{"type":"Feature","properties":{"a":"RF0152","b":"RF0188"},"geometry":{"type":"LineString","coordinates":[[-79.86403942108153,40.45414795621792],[-79.86416816711424,40.45398467913028]]}},{"type":"Feature","properties":{"a":"RF0152","b":null},"geometry":{"type":"LineString","coordinates":[[-79.86401003937878,40.45420384929595],[-79.86403942108153,40.45414795621792]]}},{"type":"Feature","properties":{"a":"RF0152","b":"RF0153"},"geometry":{"type":"LineString","coordinates":[[-79.86401003937878,40.45420384929595],[-79.86604883497256,40.45447744105064]]}},{"type":"Feature","properties":{"a":"RF0152","b":null},"geometry":{"type":"LineString","coordinates":[[-79.86604883497256,40.45447744105064],[-79.866231,40.453558]]}},{"type":"Feature","properties":{"a":"RF0152","b":null},"geometry":{"type":"LineString","coordinates":[[-79.866231,40.453558],[-79.86623306905302,40.4535476408486]]}},{"type":"Feature","properties":{"a":"RF0153","b":null},"geometry":{"type":"LineString","coordinates":[[-79.86386775970458,40.45447450920294],[-79.86401003937878,40.45420384929595]]}},{"type":"Feature","properties":{"a":"RF0153","b":"RF0189"},"geometry":{"type":"LineString","coordinates":[[-79.86382484436034,40.45465411266824],[-79.86386775970458,40.45447450920294]]}},{"type":"Feature","properties":{"a":"RF0153","b":null},"geometry":{"type":"LineString","coordinates":[[-79.86382484436034,40.45465411266824],[-79.86382484436034,40.455133520547]]}},{"type":"Feature","properties":{"a":"RF0153","b":"RF0154"},"geometry":{"type":"LineString","coordinates":[[-79.86382484436034,40.455133520547],[-79.8658646170987,40.4554072434275]]}},{"type":"Feature","properties":{"a":"RF0153","b":null},"geometry":{"type":"LineString","coordinates":[[-79.8658646170987,40.4554072434275],[-79.86587379292304,40.45536093031408]]}},{"type":"Feature","properties":{"a":"RF0153","b":null},"geometry":{"type":"LineString","coordinates":[[-79.86587379292304,40.45536093031408],[-79.86604883497256,40.45447744105064]]}},{"type":"Feature","properties":{"a":"RF0154","b":null},"geometry":{"type":"LineString","coordinates":[[-79.86382484436034,40.455133520547],[-79.86382484436034,40.45594397799611]]}},{"type":"Feature","properties":{"a":"RF0154","b":null},"geometry":{"type":"LineString","coordinates":[[-79.86384630203246,40.456090923107865],[-79.86572977919148,40.456090923107865]]}},{"type":"Feature","properties":{"a":"RF0154","b":null},"geometry":{"type":"LineString","coordinates":[[-79.86572977919148,40.456090923107865],[-79.865787,40.455799]]}},{"type":"Feature","properties":{"a":"RF0154","b":null},"geometry":{"type":"LineString","coordinates":[[-79.865787,40.455799],[-79.8658646170987,40.4554072434275]]}},{"type":"Feature","properties":{"a":"RF0155","b":"RF0163"},"geometry":{"type":"LineString","coordinates":[[-79.85858917236327,40.4531519598118],[-79.85901832580566,40.45347851763722]]}},{"type":"Feature","properties":{"a":"RF0155","b":"RF0163"},"geometry":{"type":"LineString","coordinates":[[-79.85809564590453,40.453102976001105],[-79.85858917236327,40.4531519598118]]}},{"type":"Feature","properties":{"a":"RF0155","b":"RF0163"},"geometry":{"type":"LineString","coordinates":[[-79.85796689987181,40.45302133623728],[-79.85809564590453,40.453102976001105]]}},{"type":"Feature","properties":{"a":"RF0155","b":"RF0163"},"geometry":{"type":"LineString","coordinates":[[-79.85788106918334,40.45287438441242],[-79.85796689987181,40.45302133623728]]}},{"type":"Feature","properties":{"a":"RF0155","b":"RF0163"},"geometry":{"type":"LineString","coordinates":[[-79.85788106918334,40.45287438441242],[-79.85790252685545,40.452417198902126]]}},{"type":"Feature","properties":{"a":"RF0155","b":"RF0161"},"geometry":{"type":"LineString","coordinates":[[-79.85779523849487,40.45240087079066],[-79.85790252685545,40.452417198902126]]}},{"type":"Feature","properties":{"a":"RF0155","b":"RF0161"},"geometry":{"type":"LineString","coordinates":[[-79.85777378082274,40.45240087079066],[-79.85779523849487,40.45240087079066]]}},{"type":"Feature","properties":{"a":"RF0155","b":"RF0161"},"geometry":{"type":"LineString","coordinates":[[-79.8574948310852,40.45236821455581],[-79.85777378082274,40.45240087079066]]}},{"type":"Feature","properties":{"a":"RF0155","b":"RF0161"},"geometry":{"type":"LineString","coordinates":[[-79.85734462738037,40.452351886432446],[-79.8574948310852,40.45236821455581]]}},{"type":"Feature","properties":{"a":"RF0155","b":"RF0161"},"geometry":{"type":"LineString","coordinates":[[-79.85721588134764,40.45233555830511],[-79.85734462738037,40.452351886432446]]}},{"type":"Feature","properties":{"a":"RF0155","b":null},"geometry":{"type":"LineString","coordinates":[[-79.8570442199707,40.45354382901186],[-79.8570464784962,40.45359280834489]]}},{"type":"Feature","properties":{"a":"RF0155","b":"RF0156"},"geometry":{"type":"LineString","coordinates":[[-79.8570464784962,40.45359280834489],[-79.85893893477824,40.45359280834489]]}},{"type":"Feature","properties":{"a":"RF0155","b":null},"geometry":{"type":"LineString","coordinates":[[-79.85893893477824,40.45359280834489],[-79.85899686813354,40.45349484548684]]}},{"type":"Feature","properties":{"a":"RF0155","b":"RF0194"},"geometry":{"type":"LineString","coordinates":[[-79.85899686813354,40.45349484548684],[-79.85901832580566,40.45347851763722]]}},{"type":"Feature","properties":{"a":"RF0156","b":null},"geometry":{"type":"LineString","coordinates":[[-79.8570464784962,40.45359280834489],[-79.85708713531493,40.45447450920294]]}},{"type":"Feature","properties":{"a":"RF0156","b":null},"geometry":{"type":"LineString","coordinates":[[-79.85708713531493,40.45447450920294],[-79.85708713531493,40.45450770198357]]}},{"type":"Feature","properties":{"a":"RF0156","b":"RF0157"},"geometry":{"type":"LineString","coordinates":[[-79.85708713531493,40.45450770198357],[-79.85832308854464,40.454850058384665]]}},{"type":"Feature","properties":{"a":"RF0156","b":null},"geometry":{"type":"LineString","coordinates":[[-79.85832308854464,40.454850058384665],[-79.85880374908447,40.45382140164588]]}},{"type":"Feature","properties":{"a":"RF0156","b":null},"geometry":{"type":"LineString","coordinates":[[-79.85880374908447,40.45382140164588],[-79.85893893477824,40.45359280834489]]}},{"type":"Feature","properties":{"a":"RF0157","b":null},"geometry":{"type":"LineString","coordinates":[[-79.85708713531493,40.45450770198357],[-79.85708713531493,40.45468676779216]]}},{"type":"Feature","properties":{"a":"RF0157","b":"RF0158"},"geometry":{"type":"LineString","coordinates":[[-79.8573875427246,40.456907278987686],[-79.85755920410155,40.45648277516806]]}},{"type":"Feature","properties":{"a":"RF0157","b":"RF0158"},"geometry":{"type":"LineString","coordinates":[[-79.85755920410155,40.45648277516806],[-79.8576235771179,40.456335830913304]]}},{"type":"Feature","properties":{"a":"RF0157","b":"RF0158"},"geometry":{"type":"LineString","coordinates":[[-79.8576235771179,40.456335830913304],[-79.85768795013428,40.456205213528165]]}},{"type":"Feature","properties":{"a":"RF0157","b":null},"geometry":{"type":"LineString","coordinates":[[-79.85811710357666,40.45529088472227],[-79.85832308854464,40.454850058384665]]}},{"type":"Feature","properties":{"a":"RF0158","b":null},"geometry":{"type":"LineString","coordinates":[[-79.8582887649536,40.45630317659082],[-79.8601770401001,40.456417466650066]]}},{"type":"Feature","properties":{"a":"RF0158","b":"RF0159"},"geometry":{"type":"LineString","coordinates":[[-79.8573875427246,40.456907278987686],[-79.85755920410155,40.45684197088231]]}},{"type":"Feature","properties":{"a":"RF0158","b":"RF0159"},"geometry":{"type":"LineString","coordinates":[[-79.85755920410155,40.45684197088231],[-79.85854625701904,40.456776662713466]]}},{"type":"Feature","properties":{"a":"RF0158","b":"RF0159"},"geometry":{"type":"LineString","coordinates":[[-79.85854625701904,40.456727681545175],[-79.85854625701904,40.456776662713466]]}},{"type":"Feature","properties":{"a":"RF0158","b":"RF0159"},"geometry":{"type":"LineString","coordinates":[[-79.85854625701904,40.456727681545175],[-79.85981225967406,40.456711354481136]]}},{"type":"Feature","properties":{"a":"RF0158","b":"RF0159"},"geometry":{"type":"LineString","coordinates":[[-79.85981225967406,40.456711354481136],[-79.85983371734619,40.457593010261306]]}},{"type":"Feature","properties":{"a":"RF0158","b":"RF0159"},"geometry":{"type":"LineString","coordinates":[[-79.85983371734619,40.457593010261306],[-79.86021995544434,40.45757668340756]]}},{"type":"Feature","properties":{"a":"RF0159","b":"RF0160"},"geometry":{"type":"LineString","coordinates":[[-79.85833168029785,40.4579195465031],[-79.85858917236327,40.457968526802496]]}},{"type":"Feature","properties":{"a":"RF0159","b":"RF0160"},"geometry":{"type":"LineString","coordinates":[[-79.85858917236327,40.457968526802496],[-79.85949039459229,40.457968526802496]]}},{"type":"Feature","properties":{"a":"RF0159","b":"RF0160"},"geometry":{"type":"LineString","coordinates":[[-79.85949039459229,40.457968526802496],[-79.85985517501831,40.45800118031558]]}},{"type":"Feature","properties":{"a":"RF0159","b":"RF0160"},"geometry":{"type":"LineString","coordinates":[[-79.85985517501831,40.45800118031558],[-79.8600912094116,40.45805016055545]]}},{"type":"Feature","properties":{"a":"RF0159","b":"RF0162"},"geometry":{"type":"LineString","coordinates":[[-79.86019849777222,40.45806648729415],[-79.86021995544434,40.457968526802496]]}},{"type":"Feature","properties":{"a":"RF0159","b":"RF0162"},"geometry":{"type":"LineString","coordinates":[[-79.86021995544434,40.45757668340756],[-79.86021995544434,40.457968526802496]]}},{"type":"Feature","properties":{"a":"RF0160","b":null},"geometry":{"type":"LineString","coordinates":[[-79.8600912094116,40.45805016055545],[-79.8600912094116,40.45844200118892]]}},{"type":"Feature","properties":{"a":"RF0161","b":"RF0177"},"geometry":{"type":"LineString","coordinates":[[-79.85732316970825,40.45150281854997],[-79.85800981521606,40.45155180352711]]}},{"type":"Feature","properties":{"a":"RF0161","b":null},"geometry":{"type":"LineString","coordinates":[[-79.85790252685545,40.452417198902126],[-79.85800981521606,40.45155180352711]]}},{"type":"Feature","properties":{"a":"RF0162","b":null},"geometry":{"type":"LineString","coordinates":[[-79.86086368560791,40.45816444764295],[-79.86103534698485,40.45816444764295]]}},{"type":"Feature","properties":{"a":"RF0163","b":"RF0164"},"geometry":{"type":"LineString","coordinates":[[-79.85901832580566,40.45318461566576],[-79.85927581787108,40.453282583132406]]}},{"type":"Feature","properties":{"a":"RF0163","b":"RF0164"},"geometry":{"type":"LineString","coordinates":[[-79.85884666442871,40.45298868030397],[-79.85901832580566,40.45318461566576]]}},{"type":"Feature","properties":{"a":"RF0163","b":"RF0164"},"geometry":{"type":"LineString","coordinates":[[-79.85876083374022,40.4528090723871],[-79.85884666442871,40.45298868030397]]}},{"type":"Feature","properties":{"a":"RF0163","b":"RF0164"},"geometry":{"type":"LineString","coordinates":[[-79.85871791839598,40.452417198902126],[-79.85876083374022,40.4528090723871]]}},{"type":"Feature","properties":{"a":"RF0163","b":"RF0175"},"geometry":{"type":"LineString","coordinates":[[-79.85867500305176,40.45243352700962],[-79.85871791839598,40.452417198902126]]}},{"type":"Feature","properties":{"a":"RF0163","b":"RF0175"},"geometry":{"type":"LineString","coordinates":[[-79.8583960533142,40.45243352700962],[-79.85867500305176,40.45243352700962]]}},{"type":"Feature","properties":{"a":"RF0163","b":"RF0175"},"geometry":{"type":"LineString","coordinates":[[-79.85790252685545,40.452417198902126],[-79.8583960533142,40.45243352700962]]}},{"type":"Feature","properties":{"a":"RF0163","b":"RF0194"},"geometry":{"type":"LineString","coordinates":[[-79.85901832580566,40.45347851763722],[-79.85906124114989,40.45342953406458]]}},{"type":"Feature","properties":{"a":"RF0163","b":"RF0194"},"geometry":{"type":"LineString","coordinates":[[-79.85906124114989,40.45342953406458],[-79.85925436019896,40.453282583132406]]}},{"type":"Feature","properties":{"a":"RF0163","b":"RF0194"},"geometry":{"type":"LineString","coordinates":[[-79.85925436019896,40.453282583132406],[-79.85927581787108,40.453282583132406]]}},{"type":"Feature","properties":{"a":"RF0164","b":"RF0168"},"geometry":{"type":"LineString","coordinates":[[-79.86159324645996,40.451421176842054],[-79.86165761947632,40.45143750519158]]}},{"type":"Feature","properties":{"a":"RF0164","b":"RF0168"},"geometry":{"type":"LineString","coordinates":[[-79.86155033111572,40.45140484848857],[-79.86159324645996,40.451421176842054]]}},{"type":"Feature","properties":{"a":"RF0164","b":null},"geometry":{"type":"LineString","coordinates":[[-79.86101388931273,40.45124156473551],[-79.86155033111572,40.45140484848857]]}},{"type":"Feature","properties":{"a":"RF0164","b":"RF0167"},"geometry":{"type":"LineString","coordinates":[[-79.86071348190306,40.4511272658723],[-79.86101388931273,40.45124156473551]]}},{"type":"Feature","properties":{"a":"RF0164","b":"RF0167"},"geometry":{"type":"LineString","coordinates":[[-79.86060619354248,40.45109460901853],[-79.86071348190306,40.4511272658723]]}},{"type":"Feature","properties":{"a":"RF0164","b":"RF0172"},"geometry":{"type":"LineString","coordinates":[[-79.86047744750975,40.45125789312866],[-79.86060619354248,40.45109460901853]]}},{"type":"Feature","properties":{"a":"RF0164","b":"RF0172"},"geometry":{"type":"LineString","coordinates":[[-79.86006975173949,40.45173141480445],[-79.86047744750975,40.45125789312866]]}},{"type":"Feature","properties":{"a":"RF0164","b":"RF0172"},"geometry":{"type":"LineString","coordinates":[[-79.85989809036255,40.451862040886446],[-79.86006975173949,40.45173141480445]]}},{"type":"Feature","properties":{"a":"RF0164","b":"RF0175"},"geometry":{"type":"LineString","coordinates":[[-79.85955476760864,40.452090635918935],[-79.85989809036255,40.451862040886446]]}},{"type":"Feature","properties":{"a":"RF0164","b":"RF0175"},"geometry":{"type":"LineString","coordinates":[[-79.85914707183838,40.45230290203852],[-79.85955476760864,40.452090635918935]]}},{"type":"Feature","properties":{"a":"RF0164","b":"RF0175"},"geometry":{"type":"LineString","coordinates":[[-79.85893249511717,40.45238454267522],[-79.85914707183838,40.45230290203852]]}},{"type":"Feature","properties":{"a":"RF0164","b":"RF0175"},"geometry":{"type":"LineString","coordinates":[[-79.85871791839598,40.452417198902126],[-79.85893249511717,40.45238454267522]]}},{"type":"Feature","properties":{"a":"RF0164","b":"RF0194"},"geometry":{"type":"LineString","coordinates":[[-79.85927581787108,40.453282583132406],[-79.85931873321532,40.45324992732606]]}},{"type":"Feature","properties":{"a":"RF0164","b":"RF0194"},"geometry":{"type":"LineString","coordinates":[[-79.85931873321532,40.45324992732606],[-79.86045598983763,40.45251516748761]]}},{"type":"Feature","properties":{"a":"RF0164","b":"RF0165"},"geometry":{"type":"LineString","coordinates":[[-79.86045598983763,40.45251516748761],[-79.86107826232909,40.452090635918935]]}},{"type":"Feature","properties":{"a":"RF0164","b":"RF0165"},"geometry":{"type":"LineString","coordinates":[[-79.86107826232909,40.452090635918935],[-79.86131429672241,40.451845712640086]]}},{"type":"Feature","properties":{"a":"RF0164","b":"RF0165"},"geometry":{"type":"LineString","coordinates":[[-79.86131429672241,40.451845712640086],[-79.86165761947632,40.45143750519158]]}},{"type":"Feature","properties":{"a":"RF0165","b":null},"geometry":{"type":"LineString","coordinates":[[-79.8627734184265,40.451339535034954],[-79.86298799514769,40.451421176842054]]}},{"type":"Feature","properties":{"a":"RF0165","b":"RF0190"},"geometry":{"type":"LineString","coordinates":[[-79.86273050308228,40.45130687828434],[-79.8627734184265,40.451339535034954]]}},{"type":"Feature","properties":{"a":"RF0165","b":"RF0190"},"geometry":{"type":"LineString","coordinates":[[-79.86204385757443,40.45098030990537],[-79.86273050308228,40.45130687828434]]}},{"type":"Feature","properties":{"a":"RF0165","b":"RF0168"},"geometry":{"type":"LineString","coordinates":[[-79.86165761947632,40.45143750519158],[-79.86204385757443,40.45098030990537]]}},{"type":"Feature","properties":{"a":"RF0165","b":"RF0194"},"geometry":{"type":"LineString","coordinates":[[-79.86045598983763,40.45251516748761],[-79.86047744750975,40.453005008272605]]}},{"type":"Feature","properties":{"a":"RF0165","b":"RF0191"},"geometry":{"type":"LineString","coordinates":[[-79.86047744750975,40.453005008272605],[-79.86049890518188,40.45308664805628]]}},{"type":"Feature","properties":{"a":"RF0165","b":null},"geometry":{"type":"LineString","coordinates":[[-79.86049890518188,40.45308664805628],[-79.86049890518188,40.45331523892288]]}},{"type":"Feature","properties":{"a":"RF0165","b":"RF0166"},"geometry":{"type":"LineString","coordinates":[[-79.86049890518188,40.45331523892288],[-79.86086368560791,40.45326625523121]]}},{"type":"Feature","properties":{"a":"RF0165","b":"RF0166"},"geometry":{"type":"LineString","coordinates":[[-79.86086368560791,40.45326625523121],[-79.86112117767333,40.45318461566576]]}},{"type":"Feature","properties":{"a":"RF0165","b":"RF0166"},"geometry":{"type":"LineString","coordinates":[[-79.86112117767333,40.45318461566576],[-79.86193656921387,40.452645792046084]]}},{"type":"Feature","properties":{"a":"RF0165","b":"RF0166"},"geometry":{"type":"LineString","coordinates":[[-79.86193656921387,40.452645792046084],[-79.8621082305908,40.45248251130832]]}},{"type":"Feature","properties":{"a":"RF0165","b":"RF0166"},"geometry":{"type":"LineString","coordinates":[[-79.8621082305908,40.45248251130832],[-79.86298799514769,40.451421176842054]]}},{"type":"Feature","properties":{"a":"RF0166","b":"RF0185"},"geometry":{"type":"LineString","coordinates":[[-79.86298799514769,40.451421176842054],[-79.86371755599976,40.45179672787718]]}},{"type":"Feature","properties":{"a":"RF0166","b":null},"geometry":{"type":"LineString","coordinates":[[-79.86049890518188,40.45331523892288],[-79.86049890518188,40.45383772941218]]}},{"type":"Feature","properties":{"a":"RF0166","b":"RF0191"},"geometry":{"type":"LineString","coordinates":[[-79.86049890518188,40.45383772941218],[-79.86135721206664,40.45382140164588]]}},{"type":"Feature","properties":{"a":"RF0166","b":"RF0191"},"geometry":{"type":"LineString","coordinates":[[-79.86135721206664,40.45382140164588],[-79.86157178878784,40.45375609054103]]}},{"type":"Feature","properties":{"a":"RF0166","b":"RF0191"},"geometry":{"type":"LineString","coordinates":[[-79.86157178878784,40.45375609054103],[-79.86258029937744,40.453119303941975]]}},{"type":"Feature","properties":{"a":"RF0166","b":null},"geometry":{"type":"LineString","coordinates":[[-79.86258029937744,40.453119303941975],[-79.86371755599976,40.45179672787718]]}},{"type":"Feature","properties":{"a":"RF0167","b":"RF0169"},"geometry":{"type":"LineString","coordinates":[[-79.86298799514769,40.44884124778292],[-79.86330986022948,40.44893922158168]]}},{"type":"Feature","properties":{"a":"RF0167","b":null},"geometry":{"type":"LineString","coordinates":[[-79.8626661300659,40.44875960284155],[-79.86298799514769,40.44884124778292]]}},{"type":"Feature","properties":{"a":"RF0167","b":"RF0220"},"geometry":{"type":"LineString","coordinates":[[-79.86251592636107,40.44875960284155],[-79.8626661300659,40.44875960284155]]}},{"type":"Feature","properties":{"a":"RF0167","b":"RF0220"},"geometry":{"type":"LineString","coordinates":[[-79.86195802688599,40.4487106158291],[-79.86251592636107,40.44875960284155]]}},{"type":"Feature","properties":{"a":"RF0167","b":null},"geometry":{"type":"LineString","coordinates":[[-79.86195802688599,40.4487106158291],[-79.86195802688599,40.44947807492172]]}},{"type":"Feature","properties":{"a":"RF0167","b":null},"geometry":{"type":"LineString","coordinates":[[-79.86060619354248,40.45109460901853],[-79.86195802688599,40.44947807492172]]}},{"type":"Feature","properties":{"a":"RF0167","b":null},"geometry":{"type":"LineString","coordinates":[[-79.86101388931273,40.45124156473551],[-79.86112117767333,40.451274221517856]]}},{"type":"Feature","properties":{"a":"RF0167","b":"RF0168"},"geometry":{"type":"LineString","coordinates":[[-79.86112117767333,40.451274221517856],[-79.862322807312,40.44985363681581]]}},{"type":"Feature","properties":{"a":"RF0167","b":"RF0168"},"geometry":{"type":"LineString","coordinates":[[-79.862322807312,40.44985363681581],[-79.86320257186888,40.44905352416636]]}},{"type":"Feature","properties":{"a":"RF0167","b":"RF0168"},"geometry":{"type":"LineString","coordinates":[[-79.86320257186888,40.44905352416636],[-79.86330986022948,40.44893922158168]]}},{"type":"Feature","properties":{"a":"RF0168","b":"RF0169"},"geometry":{"type":"LineString","coordinates":[[-79.86382484436034,40.44911883984175],[-79.8638892173767,40.449200484346726]]}},{"type":"Feature","properties":{"a":"RF0168","b":"RF0169"},"geometry":{"type":"LineString","coordinates":[[-79.863760471344,40.449102510928846],[-79.86382484436034,40.44911883984175]]}},{"type":"Feature","properties":{"a":"RF0168","b":"RF0169"},"geometry":{"type":"LineString","coordinates":[[-79.86330986022948,40.44893922158168],[-79.863760471344,40.449102510928846]]}},{"type":"Feature","properties":{"a":"RF0168","b":null},"geometry":{"type":"LineString","coordinates":[[-79.86112117767333,40.451274221517856],[-79.86155033111572,40.45140484848857]]}},{"type":"Feature","properties":{"a":"RF0168","b":"RF0190"},"geometry":{"type":"LineString","coordinates":[[-79.86204385757443,40.45098030990537],[-79.86283779144286,40.45006591000148]]}},{"type":"Feature","properties":{"a":"RF0168","b":"RF0183"},"geometry":{"type":"LineString","coordinates":[[-79.86283779144286,40.45006591000148],[-79.86371755599976,40.449265799879285]]}},{"type":"Feature","properties":{"a":"RF0168","b":"RF0183"},"geometry":{"type":"LineString","coordinates":[[-79.86371755599976,40.449265799879285],[-79.8638892173767,40.449200484346726]]}},{"type":"Feature","properties":{"a":"RF0169","b":"RF0197"},"geometry":{"type":"LineString","coordinates":[[-79.86401796340941,40.4484166930046],[-79.86403942108153,40.4487106158291]]}},{"type":"Feature","properties":{"a":"RF0169","b":"RF0222"},"geometry":{"type":"LineString","coordinates":[[-79.86290216445923,40.4484166930046],[-79.86401796340941,40.4484166930046]]}},{"type":"Feature","properties":{"a":"RF0169","b":"RF0222"},"geometry":{"type":"LineString","coordinates":[[-79.86279487609862,40.44844935115969],[-79.86290216445923,40.4484166930046]]}},{"type":"Feature","properties":{"a":"RF0169","b":"RF0221"},"geometry":{"type":"LineString","coordinates":[[-79.86270904541016,40.44844935115969],[-79.86279487609862,40.44844935115969]]}},{"type":"Feature","properties":{"a":"RF0169","b":"RF0221"},"geometry":{"type":"LineString","coordinates":[[-79.86240863800047,40.448563654577534],[-79.86270904541016,40.44844935115969]]}},{"type":"Feature","properties":{"a":"RF0169","b":"RF0220"},"geometry":{"type":"LineString","coordinates":[[-79.86240863800047,40.448563654577534],[-79.86247301101683,40.448612641697096]]}},{"type":"Feature","properties":{"a":"RF0169","b":"RF0220"},"geometry":{"type":"LineString","coordinates":[[-79.86247301101683,40.448612641697096],[-79.86260175704956,40.448743273841366]]}},{"type":"Feature","properties":{"a":"RF0169","b":null},"geometry":{"type":"LineString","coordinates":[[-79.86260175704956,40.448743273841366],[-79.86298799514769,40.44884124778292]]}},{"type":"Feature","properties":{"a":"RF0169","b":"RF0183"},"geometry":{"type":"LineString","coordinates":[[-79.8638892173767,40.449200484346726],[-79.86401796340941,40.44916782655663]]}},{"type":"Feature","properties":{"a":"RF0169","b":"RF0197"},"geometry":{"type":"LineString","coordinates":[[-79.86401796340941,40.44916782655663],[-79.86403942108153,40.44908618201199]]}},{"type":"Feature","properties":{"a":"RF0169","b":"RF0197"},"geometry":{"type":"LineString","coordinates":[[-79.86403942108153,40.4487106158291],[-79.86403942108153,40.44908618201199]]}},{"type":"Feature","properties":{"a":"RF0170","b":null},"geometry":{"type":"LineString","coordinates":[[-79.860520362854,40.44908618201199],[-79.8606692217512,40.44913767246093]]}},{"type":"Feature","properties":{"a":"RF0170","b":"RF0220"},"geometry":{"type":"LineString","coordinates":[[-79.86032724380492,40.448922892625134],[-79.860520362854,40.44908618201199]]}},{"type":"Feature","properties":{"a":"RF0170","b":"RF0219"},"geometry":{"type":"LineString","coordinates":[[-79.8601770401001,40.4487106158291],[-79.86032724380492,40.448922892625134]]}},{"type":"Feature","properties":{"a":"RF0170","b":"RF0219"},"geometry":{"type":"LineString","coordinates":[[-79.8601770401001,40.448563654577534],[-79.8601770401001,40.4487106158291]]}},{"type":"Feature","properties":{"a":"RF0170","b":"RF0219"},"geometry":{"type":"LineString","coordinates":[[-79.8601770401001,40.448563654577534],[-79.86019849777222,40.44846568023128]]}},{"type":"Feature","properties":{"a":"RF0170","b":"RF0217"},"geometry":{"type":"LineString","coordinates":[[-79.85972642898558,40.44884124778292],[-79.86019849777222,40.44846568023128]]}},{"type":"Feature","properties":{"a":"RF0170","b":"RF0217"},"geometry":{"type":"LineString","coordinates":[[-79.85959768295288,40.448922892625134],[-79.85972642898558,40.44884124778292]]}},{"type":"Feature","properties":{"a":"RF0170","b":"RF0217"},"geometry":{"type":"LineString","coordinates":[[-79.85861063003539,40.44923314212093],[-79.85959768295288,40.448922892625134]]}},{"type":"Feature","properties":{"a":"RF0170","b":null},"geometry":{"type":"LineString","coordinates":[[-79.85861063003539,40.44923314212093],[-79.85977153309624,40.449951856817606]]}},{"type":"Feature","properties":{"a":"RF0170","b":"RF0171"},"geometry":{"type":"LineString","coordinates":[[-79.85977153309624,40.449951856817606],[-79.8606692217512,40.44913767246093]]}},{"type":"Feature","properties":{"a":"RF0171","b":"RF0220"},"geometry":{"type":"LineString","coordinates":[[-79.86182928085326,40.449102510928846],[-79.86195802688599,40.449184155453665]]}},{"type":"Feature","properties":{"a":"RF0171","b":"RF0220"},"geometry":{"type":"LineString","coordinates":[[-79.86157178878784,40.449020866304856],[-79.86182928085326,40.449102510928846]]}},{"type":"Feature","properties":{"a":"RF0171","b":"RF0220"},"geometry":{"type":"LineString","coordinates":[[-79.8609709739685,40.449184155453665],[-79.86157178878784,40.449020866304856]]}},{"type":"Feature","properties":{"a":"RF0171","b":"RF0220"},"geometry":{"type":"LineString","coordinates":[[-79.8607563972473,40.44916782655663],[-79.8609709739685,40.449184155453665]]}},{"type":"Feature","properties":{"a":"RF0171","b":null},"geometry":{"type":"LineString","coordinates":[[-79.8606692217512,40.44913767246093],[-79.8607563972473,40.44916782655663]]}},{"type":"Feature","properties":{"a":"RF0171","b":null},"geometry":{"type":"LineString","coordinates":[[-79.85977153309624,40.449951856817606],[-79.85987663269043,40.45001692394122]]}},{"type":"Feature","properties":{"a":"RF0171","b":null},"geometry":{"type":"LineString","coordinates":[[-79.85987663269043,40.45001692394122],[-79.85990031984929,40.450058982869265]]}},{"type":"Feature","properties":{"a":"RF0171","b":"RF0172"},"geometry":{"type":"LineString","coordinates":[[-79.85990031984929,40.450058982869265],[-79.86104985374632,40.450564076279164]]}},{"type":"Feature","properties":{"a":"RF0171","b":null},"geometry":{"type":"LineString","coordinates":[[-79.86104985374632,40.450564076279164],[-79.86195802688599,40.44947807492172]]}},{"type":"Feature","properties":{"a":"RF0171","b":null},"geometry":{"type":"LineString","coordinates":[[-79.86195802688599,40.449184155453665],[-79.86195802688599,40.44947807492172]]}},{"type":"Feature","properties":{"a":"RF0172","b":null},"geometry":{"type":"LineString","coordinates":[[-79.85990031984929,40.450058982869265],[-79.85994100570679,40.450131224692946]]}},{"type":"Feature","properties":{"a":"RF0172","b":"RF0173"},"geometry":{"type":"LineString","coordinates":[[-79.85989809036255,40.45035982561317],[-79.85994100570679,40.450131224692946]]}},{"type":"Feature","properties":{"a":"RF0172","b":null},"geometry":{"type":"LineString","coordinates":[[-79.85934019088745,40.45102929526339],[-79.85989809036255,40.45035982561317]]}},{"type":"Feature","properties":{"a":"RF0172","b":null},"geometry":{"type":"LineString","coordinates":[[-79.85934019088745,40.45102929526339],[-79.85989809036255,40.451862040886446]]}},{"type":"Feature","properties":{"a":"RF0172","b":null},"geometry":{"type":"LineString","coordinates":[[-79.86060619354248,40.45109460901853],[-79.86104985374632,40.450564076279164]]}},{"type":"Feature","properties":{"a":"RF0173","b":null},"geometry":{"type":"LineString","coordinates":[[-79.85987663269043,40.45001692394122],[-79.85994100570679,40.450131224692946]]}},{"type":"Feature","properties":{"a":"RF0173","b":null},"geometry":{"type":"LineString","coordinates":[[-79.85861063003539,40.44923314212093],[-79.85987663269043,40.45001692394122]]}},{"type":"Feature","properties":{"a":"RF0173","b":"RF0217"},"geometry":{"type":"LineString","coordinates":[[-79.8583960533142,40.449102510928846],[-79.85861063003539,40.44923314212093]]}},{"type":"Feature","properties":{"a":"RF0173","b":"RF0217"},"geometry":{"type":"LineString","coordinates":[[-79.85835313796997,40.44908618201199],[-79.8583960533142,40.449102510928846]]}},{"type":"Feature","properties":{"a":"RF0173","b":"RF0217"},"geometry":{"type":"LineString","coordinates":[[-79.8582887649536,40.44905352416636],[-79.85835313796997,40.44908618201199]]}},{"type":"Feature","properties":{"a":"RF0173","b":"RF0216"},"geometry":{"type":"LineString","coordinates":[[-79.85822439193724,40.44913516875068],[-79.8582887649536,40.44905352416636]]}},{"type":"Feature","properties":{"a":"RF0173","b":"RF0216"},"geometry":{"type":"LineString","coordinates":[[-79.85818147659302,40.44951073256104],[-79.85822439193724,40.44913516875068]]}},{"type":"Feature","properties":{"a":"RF0173","b":"RF0216"},"geometry":{"type":"LineString","coordinates":[[-79.85813856124878,40.449543390184495],[-79.85818147659302,40.44951073256104]]}},{"type":"Feature","properties":{"a":"RF0173","b":"RF0176"},"geometry":{"type":"LineString","coordinates":[[-79.85813856124878,40.449543390184495],[-79.8585033416748,40.44970667806372]]}},{"type":"Feature","properties":{"a":"RF0173","b":"RF0176"},"geometry":{"type":"LineString","coordinates":[[-79.8585033416748,40.44970667806372],[-79.85854625701904,40.44975566435013]]}},{"type":"Feature","properties":{"a":"RF0173","b":"RF0176"},"geometry":{"type":"LineString","coordinates":[[-79.85854625701904,40.44975566435013],[-79.85880374908447,40.45052311150867]]}},{"type":"Feature","properties":{"a":"RF0173","b":null},"geometry":{"type":"LineString","coordinates":[[-79.85864791811272,40.45077213338753],[-79.85880374908447,40.45052311150867]]}},{"type":"Feature","properties":{"a":"RF0173","b":"RF0174"},"geometry":{"type":"LineString","coordinates":[[-79.85864791811272,40.45077213338753],[-79.85950683714482,40.4508293226579]]}},{"type":"Feature","properties":{"a":"RF0173","b":null},"geometry":{"type":"LineString","coordinates":[[-79.85950683714482,40.4508293226579],[-79.85989809036255,40.45035982561317]]}},{"type":"Feature","properties":{"a":"RF0174","b":null},"geometry":{"type":"LineString","coordinates":[[-79.85934019088745,40.45102929526339],[-79.85978637038404,40.451695282666975]]}},{"type":"Feature","properties":{"a":"RF0174","b":null},"geometry":{"type":"LineString","coordinates":[[-79.85934019088745,40.45102929526339],[-79.85950683714482,40.4508293226579]]}},{"type":"Feature","properties":{"a":"RF0174","b":null},"geometry":{"type":"LineString","coordinates":[[-79.85858917236327,40.45086601059781],[-79.85864791811272,40.45077213338753]]}},{"type":"Feature","properties":{"a":"RF0174","b":"RF0176"},"geometry":{"type":"LineString","coordinates":[[-79.8585033416748,40.451486490216325],[-79.85858917236327,40.45086601059781]]}},{"type":"Feature","properties":{"a":"RF0174","b":"RF0176"},"geometry":{"type":"LineString","coordinates":[[-79.85846042633057,40.45155180352711],[-79.8585033416748,40.451486490216325]]}},{"type":"Feature","properties":{"a":"RF0174","b":"RF0176"},"geometry":{"type":"LineString","coordinates":[[-79.85837459564208,40.45158446015869],[-79.85846042633057,40.45155180352711]]}},{"type":"Feature","properties":{"a":"RF0174","b":"RF0176"},"geometry":{"type":"LineString","coordinates":[[-79.85800981521606,40.45155180352711],[-79.85837459564208,40.45158446015869]]}},{"type":"Feature","properties":{"a":"RF0174","b":null},"geometry":{"type":"LineString","coordinates":[[-79.85800671769678,40.45157678833294],[-79.85800981521606,40.45155180352711]]}},{"type":"Feature","properties":{"a":"RF0174","b":"RF0175"},"geometry":{"type":"LineString","coordinates":[[-79.85800671769678,40.45157678833294],[-79.85978637038404,40.451695282666975]]}},{"type":"Feature","properties":{"a":"RF0175","b":null},"geometry":{"type":"LineString","coordinates":[[-79.85978637038404,40.451695282666975],[-79.85989809036255,40.451862040886446]]}},{"type":"Feature","properties":{"a":"RF0175","b":null},"geometry":{"type":"LineString","coordinates":[[-79.85790252685545,40.452417198902126],[-79.85800671769678,40.45157678833294]]}},{"type":"Feature","properties":{"a":"RF0176","b":"RF0216"},"geometry":{"type":"LineString","coordinates":[[-79.85811710357666,40.449576047792085],[-79.85813856124878,40.449543390184495]]}},{"type":"Feature","properties":{"a":"RF0176","b":"RF0216"},"geometry":{"type":"LineString","coordinates":[[-79.85805273056029,40.44962503417371],[-79.85811710357666,40.449576047792085]]}},{"type":"Feature","properties":{"a":"RF0176","b":"RF0216"},"geometry":{"type":"LineString","coordinates":[[-79.85796689987181,40.44965769174161],[-79.85805273056029,40.44962503417371]]}},{"type":"Feature","properties":{"a":"RF0176","b":"RF0177"},"geometry":{"type":"LineString","coordinates":[[-79.85796689987181,40.44965769174161],[-79.85803127288818,40.449951609138665]]}},{"type":"Feature","properties":{"a":"RF0176","b":"RF0177"},"geometry":{"type":"LineString","coordinates":[[-79.85803127288818,40.449951609138665],[-79.85809564590453,40.449951609138665]]}},{"type":"Feature","properties":{"a":"RF0176","b":"RF0177"},"geometry":{"type":"LineString","coordinates":[[-79.85809564590453,40.449951609138665],[-79.85813856124878,40.450474125781675]]}},{"type":"Feature","properties":{"a":"RF0176","b":"RF0177"},"geometry":{"type":"LineString","coordinates":[[-79.85800981521606,40.45155180352711],[-79.85813856124878,40.450474125781675]]}},{"type":"Feature","properties":{"a":"RF0176","b":null},"geometry":{"type":"LineString","coordinates":[[-79.85858917236327,40.45086601059781],[-79.85880374908447,40.45052311150867]]}},{"type":"Feature","properties":{"a":"RF0177","b":"RF0216"},"geometry":{"type":"LineString","coordinates":[[-79.85790252685545,40.449690349293654],[-79.85796689987181,40.44965769174161]]}},{"type":"Feature","properties":{"a":"RF0177","b":"RF0216"},"geometry":{"type":"LineString","coordinates":[[-79.85768795013428,40.44970667806372],[-79.85790252685545,40.449690349293654]]}},{"type":"Feature","properties":{"a":"RF0177","b":"RF0216"},"geometry":{"type":"LineString","coordinates":[[-79.85755920410155,40.44972300682982],[-79.85768795013428,40.44970667806372]]}},{"type":"Feature","properties":{"a":"RF0177","b":null},"geometry":{"type":"LineString","coordinates":[[-79.85736608505249,40.451143594293235],[-79.85751628875731,40.45006591000148]]}},{"type":"Feature","properties":{"a":"RF0178","b":"RF0430"},"geometry":{"type":"LineString","coordinates":[[-79.86749410629272,40.44928212875251],[-79.86755847930908,40.44938010190853]]}},{"type":"Feature","properties":{"a":"RF0178","b":"RF0430"},"geometry":{"type":"LineString","coordinates":[[-79.86742973327635,40.44916782655663],[-79.86749410629272,40.44928212875251]]}},{"type":"Feature","properties":{"a":"RF0178","b":"RF0430"},"geometry":{"type":"LineString","coordinates":[[-79.86738681793211,40.449102510928846],[-79.86742973327635,40.44916782655663]]}},{"type":"Feature","properties":{"a":"RF0178","b":"RF0197"},"geometry":{"type":"LineString","coordinates":[[-79.86672163009642,40.449102510928846],[-79.86738681793211,40.449102510928846]]}},{"type":"Feature","properties":{"a":"RF0178","b":null},"geometry":{"type":"LineString","coordinates":[[-79.86637830734253,40.449109097379505],[-79.86672163009642,40.449102510928846]]}},{"type":"Feature","properties":{"a":"RF0178","b":"RF0179"},"geometry":{"type":"LineString","coordinates":[[-79.86637830734253,40.449109097379505],[-79.86637830734253,40.45078838679906]]}},{"type":"Feature","properties":{"a":"RF0178","b":null},"geometry":{"type":"LineString","coordinates":[[-79.86637830734253,40.45078838679906],[-79.8668244820346,40.45078838679906]]}},{"type":"Feature","properties":{"a":"RF0178","b":null},"geometry":{"type":"LineString","coordinates":[[-79.8668244820346,40.45078838679906],[-79.866827,40.450777]]}},{"type":"Feature","properties":{"a":"RF0178","b":null},"geometry":{"type":"LineString","coordinates":[[-79.866827,40.450777],[-79.866852,40.450656]]}},{"type":"Feature","properties":{"a":"RF0178","b":null},"geometry":{"type":"LineString","coordinates":[[-79.866852,40.450656],[-79.866871,40.450568]]}},{"type":"Feature","properties":{"a":"RF0178","b":null},"geometry":{"type":"LineString","coordinates":[[-79.866871,40.450568],[-79.86688351104819,40.450568]]}},{"type":"Feature","properties":{"a":"RF0179","b":null},"geometry":{"type":"LineString","coordinates":[[-79.86519813537596,40.449131738303656],[-79.86637830734253,40.449109097379505]]}},{"type":"Feature","properties":{"a":"RF0179","b":null},"geometry":{"type":"LineString","coordinates":[[-79.86519813537596,40.449131738303656],[-79.86519813537596,40.45078838679906]]}},{"type":"Feature","properties":{"a":"RF0179","b":null},"geometry":{"type":"LineString","coordinates":[[-79.86519813537596,40.45078838679906],[-79.86637830734253,40.45078838679906]]}},{"type":"Feature","properties":{"a":"RF0180","b":null},"geometry":{"type":"LineString","coordinates":[[-79.86519813537596,40.45078838679906],[-79.8668244820346,40.45078838679906]]}},{"type":"Feature","properties":{"a":"RF0180","b":null},"geometry":{"type":"LineString","coordinates":[[-79.86519813537596,40.45078838679906],[-79.86519813537596,40.45163132473417]]}},{"type":"Feature","properties":{"a":"RF0180","b":"RF0181"},"geometry":{"type":"LineString","coordinates":[[-79.86519813537596,40.45163132473417],[-79.86663873522232,40.45163132473417]]}},{"type":"Feature","properties":{"a":"RF0180","b":null},"geometry":{"type":"LineString","coordinates":[[-79.86663873522232,40.45163132473417],[-79.86673548117706,40.451190914044716]]}},{"type":"Feature","properties":{"a":"RF0180","b":null},"geometry":{"type":"LineString","coordinates":[[-79.86673548117706,40.451190914044716],[-79.866737,40.451184]]}},{"type":"Feature","properties":{"a":"RF0180","b":null},"geometry":{"type":"LineString","coordinates":[[-79.866737,40.451184],[-79.8668244820346,40.45078838679906]]}},{"type":"Feature","properties":{"a":"RF0181","b":null},"geometry":{"type":"LineString","coordinates":[[-79.86519813537596,40.45163132473417],[-79.86519813537596,40.452474262669284]]}},{"type":"Feature","properties":{"a":"RF0181","b":null},"geometry":{"type":"LineString","coordinates":[[-79.86519813537596,40.452474262669284],[-79.8664536730942,40.452474262669284]]}},{"type":"Feature","properties":{"a":"RF0181","b":null},"geometry":{"type":"LineString","coordinates":[[-79.8664536730942,40.452474262669284],[-79.866469,40.452404]]}},{"type":"Feature","properties":{"a":"RF0181","b":null},"geometry":{"type":"LineString","coordinates":[[-79.866469,40.452404],[-79.86663873522232,40.45163132473417]]}},{"type":"Feature","properties":{"a":"RF0182","b":null},"geometry":{"type":"LineString","coordinates":[[-79.86416816711424,40.44915149765564],[-79.86519813537596,40.449131738303656]]}},{"type":"Feature","properties":{"a":"RF0182","b":"RF0197"},"geometry":{"type":"LineString","coordinates":[[-79.86401796340941,40.44916782655663],[-79.86416816711424,40.44915149765564]]}},{"type":"Feature","properties":{"a":"RF0182","b":"RF0183"},"geometry":{"type":"LineString","coordinates":[[-79.86401796340941,40.44916782655663],[-79.86401796340941,40.450803000486474]]}},{"type":"Feature","properties":{"a":"RF0182","b":"RF0184"},"geometry":{"type":"LineString","coordinates":[[-79.86401796340941,40.450803000486474],[-79.86519813537596,40.450803000486474]]}},{"type":"Feature","properties":{"a":"RF0182","b":null},"geometry":{"type":"LineString","coordinates":[[-79.86519813537596,40.449131738303656],[-79.86519813537596,40.450803000486474]]}},{"type":"Feature","properties":{"a":"RF0183","b":null},"geometry":{"type":"LineString","coordinates":[[-79.86283779144286,40.45006591000148],[-79.86283779144286,40.450803000486474]]}},{"type":"Feature","properties":{"a":"RF0183","b":"RF0185"},"geometry":{"type":"LineString","coordinates":[[-79.86283779144286,40.450803000486474],[-79.86401796340941,40.450803000486474]]}},{"type":"Feature","properties":{"a":"RF0184","b":"RF0185"},"geometry":{"type":"LineString","coordinates":[[-79.86401796340941,40.450803000486474],[-79.86401796340941,40.452474262669284]]}},{"type":"Feature","properties":{"a":"RF0184","b":null},"geometry":{"type":"LineString","coordinates":[[-79.86401796340941,40.452474262669284],[-79.86519813537596,40.452474262669284]]}},{"type":"Feature","properties":{"a":"RF0184","b":null},"geometry":{"type":"LineString","coordinates":[[-79.86519813537596,40.450803000486474],[-79.86519813537596,40.452474262669284]]}},{"type":"Feature","properties":{"a":"RF0185","b":null},"geometry":{"type":"LineString","coordinates":[[-79.86283779144286,40.450803000486474],[-79.86283779144286,40.451364027577085]]}},{"type":"Feature","properties":{"a":"RF0185","b":null},"geometry":{"type":"LineString","coordinates":[[-79.86283779144286,40.451364027577085],[-79.86298799514769,40.451421176842054]]}},{"type":"Feature","properties":{"a":"RF0185","b":null},"geometry":{"type":"LineString","coordinates":[[-79.8631349574259,40.452474262669284],[-79.86371755599976,40.45179672787718]]}},{"type":"Feature","properties":{"a":"RF0185","b":null},"geometry":{"type":"LineString","coordinates":[[-79.8631349574259,40.452474262669284],[-79.86401796340941,40.452474262669284]]}},{"type":"Feature","properties":{"a":"RF0186","b":null},"geometry":{"type":"LineString","coordinates":[[-79.86464573226853,40.452474262669284],[-79.8664536730942,40.452474262669284]]}},{"type":"Feature","properties":{"a":"RF0186","b":null},"geometry":{"type":"LineString","coordinates":[[-79.86464573226853,40.452474262669284],[-79.86464573226853,40.453640998725355]]}},{"type":"Feature","properties":{"a":"RF0186","b":null},"geometry":{"type":"LineString","coordinates":[[-79.86464573226853,40.453640998725355],[-79.86607308765315,40.4529575935456]]}},{"type":"Feature","properties":{"a":"RF0186","b":null},"geometry":{"type":"LineString","coordinates":[[-79.86642220975939,40.45261849908057],[-79.8664536730942,40.452474262669284]]}},{"type":"Feature","properties":{"a":"RF0187","b":null},"geometry":{"type":"LineString","coordinates":[[-79.8631349574259,40.452474262669284],[-79.86464573226853,40.452474262669284]]}},{"type":"Feature","properties":{"a":"RF0187","b":null},"geometry":{"type":"LineString","coordinates":[[-79.86283779144286,40.45281985275751],[-79.8631349574259,40.452474262669284]]}},{"type":"Feature","properties":{"a":"RF0187","b":null},"geometry":{"type":"LineString","coordinates":[[-79.86283779144286,40.45281985275751],[-79.86283779144286,40.453317200604396]]}},{"type":"Feature","properties":{"a":"RF0187","b":"RF0188"},"geometry":{"type":"LineString","coordinates":[[-79.86283779144286,40.453317200604396],[-79.86464573226853,40.453317200604396]]}},{"type":"Feature","properties":{"a":"RF0187","b":null},"geometry":{"type":"LineString","coordinates":[[-79.86464573226853,40.452474262669284],[-79.86464573226853,40.453317200604396]]}},{"type":"Feature","properties":{"a":"RF0188","b":null},"geometry":{"type":"LineString","coordinates":[[-79.86283779144286,40.453317200604396],[-79.86283779144286,40.45416013853951]]}},{"type":"Feature","properties":{"a":"RF0188","b":"RF0189"},"geometry":{"type":"LineString","coordinates":[[-79.86283779144286,40.45416013853951],[-79.86403301711589,40.45416013853951]]}},{"type":"Feature","properties":{"a":"RF0188","b":null},"geometry":{"type":"LineString","coordinates":[[-79.86403301711589,40.45416013853951],[-79.86403942108153,40.45414795621792]]}},{"type":"Feature","properties":{"a":"RF0188","b":null},"geometry":{"type":"LineString","coordinates":[[-79.86457586288452,40.4536744515707],[-79.86464573226853,40.453640998725355]]}},{"type":"Feature","properties":{"a":"RF0188","b":null},"geometry":{"type":"LineString","coordinates":[[-79.86464573226853,40.453317200604396],[-79.86464573226853,40.453640998725355]]}},{"type":"Feature","properties":{"a":"RF0189","b":null},"geometry":{"type":"LineString","coordinates":[[-79.86283779144286,40.45416013853951],[-79.86283779144286,40.45559894583205]]}},{"type":"Feature","properties":{"a":"RF0189","b":null},"geometry":{"type":"LineString","coordinates":[[-79.86283779144286,40.45559894583205],[-79.86318111419676,40.45560110481887]]}},{"type":"Feature","properties":{"a":"RF0189","b":null},"geometry":{"type":"LineString","coordinates":[[-79.86382484436034,40.45465411266824],[-79.86382484436034,40.45584601440972]]}},{"type":"Feature","properties":{"a":"RF0189","b":null},"geometry":{"type":"LineString","coordinates":[[-79.86386775970458,40.45447450920294],[-79.86403301711589,40.45416013853951]]}},{"type":"Feature","properties":{"a":"RF0190","b":null},"geometry":{"type":"LineString","coordinates":[[-79.8627734184265,40.451339535034954],[-79.86283779144286,40.451364027577085]]}},{"type":"Feature","properties":{"a":"RF0190","b":null},"geometry":{"type":"LineString","coordinates":[[-79.86283779144286,40.45006591000148],[-79.86283779144286,40.451364027577085]]}},{"type":"Feature","properties":{"a":"RF0190","b":null},"geometry":{"type":"LineString","coordinates":[[-79.8628230416096,40.452837006121165],[-79.86283779144286,40.45281985275751]]}},{"type":"Feature","properties":{"a":"RF0190","b":"RF0191"},"geometry":{"type":"LineString","coordinates":[[-79.8628230416096,40.452837006121165],[-79.86283779144286,40.452837006121165]]}},{"type":"Feature","properties":{"a":"RF0190","b":null},"geometry":{"type":"LineString","coordinates":[[-79.86283779144286,40.45281985275751],[-79.86283779144286,40.452837006121165]]}},{"type":"Feature","properties":{"a":"RF0191","b":null},"geometry":{"type":"LineString","coordinates":[[-79.86258029937744,40.453119303941975],[-79.8628230416096,40.452837006121165]]}},{"type":"Feature","properties":{"a":"RF0191","b":null},"geometry":{"type":"LineString","coordinates":[[-79.86049890518188,40.45308664805628],[-79.86049890518188,40.45383772941218]]}},{"type":"Feature","properties":{"a":"RF0191","b":null},"geometry":{"type":"LineString","coordinates":[[-79.86047744750975,40.453005008272605],[-79.86047744750975,40.45422255418101]]}},{"type":"Feature","properties":{"a":"RF0191","b":null},"geometry":{"type":"LineString","coordinates":[[-79.86047744750975,40.45422255418101],[-79.86283779144286,40.45422255418101]]}},{"type":"Feature","properties":{"a":"RF0191","b":null},"geometry":{"type":"LineString","coordinates":[[-79.86283779144286,40.452837006121165],[-79.86283779144286,40.45422255418101]]}},{"type":"Feature","properties":{"a":"RF0192","b":null},"geometry":{"type":"LineString","coordinates":[[-79.86047744750975,40.45422255418101],[-79.86165761947632,40.45422255418101]]}},{"type":"Feature","properties":{"a":"RF0192","b":null},"geometry":{"type":"LineString","coordinates":[[-79.86047744750975,40.45422255418101],[-79.86047744750975,40.45560810224086]]}},{"type":"Feature","properties":{"a":"RF0192","b":null},"geometry":{"type":"LineString","coordinates":[[-79.86047744750975,40.45560810224086],[-79.86058473587036,40.45558477748107]]}},{"type":"Feature","properties":{"a":"RF0192","b":null},"geometry":{"type":"LineString","coordinates":[[-79.86058473587036,40.45558477748107],[-79.86165761947632,40.45559152431487]]}},{"type":"Feature","properties":{"a":"RF0192","b":"RF0193"},"geometry":{"type":"LineString","coordinates":[[-79.86165761947632,40.45422255418101],[-79.86165761947632,40.45559152431487]]}},{"type":"Feature","properties":{"a":"RF0193","b":null},"geometry":{"type":"LineString","coordinates":[[-79.86165761947632,40.45422255418101],[-79.86283779144286,40.45422255418101]]}},{"type":"Feature","properties":{"a":"RF0193","b":null},"geometry":{"type":"LineString","coordinates":[[-79.86165761947632,40.45559152431487],[-79.86283779144286,40.45559894583205]]}},{"type":"Feature","properties":{"a":"RF0193","b":null},"geometry":{"type":"LineString","coordinates":[[-79.86283779144286,40.45422255418101],[-79.86283779144286,40.45559894583205]]}},{"type":"Feature","properties":{"a":"RF0194","b":null},"geometry":{"type":"LineString","coordinates":[[-79.85880374908447,40.45382140164588],[-79.85899686813354,40.45349484548684]]}},{"type":"Feature","properties":{"a":"RF0194","b":null},"geometry":{"type":"LineString","coordinates":[[-79.8586816862173,40.45408262714803],[-79.85880374908447,40.45382140164588]]}},{"type":"Feature","properties":{"a":"RF0194","b":null},"geometry":{"type":"LineString","coordinates":[[-79.8586816862173,40.45408262714803],[-79.86047744750975,40.45408262714803]]}},{"type":"Feature","properties":{"a":"RF0194","b":null},"geometry":{"type":"LineString","coordinates":[[-79.86047744750975,40.453005008272605],[-79.86047744750975,40.45408262714803]]}},{"type":"Feature","properties":{"a":"RF0195","b":null},"geometry":{"type":"LineString","coordinates":[[-79.8586816862173,40.45408262714803],[-79.8597785224508,40.45408262714803]]}},{"type":"Feature","properties":{"a":"RF0195","b":null},"geometry":{"type":"LineString","coordinates":[[-79.85811710357666,40.45529088472227],[-79.8586816862173,40.45408262714803]]}},{"type":"Feature","properties":{"a":"RF0195","b":null},"geometry":{"type":"LineString","coordinates":[[-79.85811710357666,40.45529088472227],[-79.85928019245064,40.455498013905775]]}},{"type":"Feature","properties":{"a":"RF0195","b":"RF0196"},"geometry":{"type":"LineString","coordinates":[[-79.85928019245064,40.455498013905775],[-79.8597785224508,40.45408262714803]]}},{"type":"Feature","properties":{"a":"RF0196","b":null},"geometry":{"type":"LineString","coordinates":[[-79.8597785224508,40.45408262714803],[-79.86047744750975,40.45408262714803]]}},{"type":"Feature","properties":{"a":"RF0196","b":null},"geometry":{"type":"LineString","coordinates":[[-79.85928019245064,40.455498013905775],[-79.86013412475585,40.45565008680846]]}},{"type":"Feature","properties":{"a":"RF0196","b":null},"geometry":{"type":"LineString","coordinates":[[-79.8602843284607,40.45565008680846],[-79.86047744750975,40.45560810224086]]}},{"type":"Feature","properties":{"a":"RF0196","b":null},"geometry":{"type":"LineString","coordinates":[[-79.86047744750975,40.45408262714803],[-79.86047744750975,40.45560810224086]]}},{"type":"Feature","properties":{"a":"RF0197","b":"RF0203"},"geometry":{"type":"LineString","coordinates":[[-79.86745119094849,40.448563654577534],[-79.86777305603026,40.448792260830004]]}},{"type":"Feature","properties":{"a":"RF0197","b":"RF0203"},"geometry":{"type":"LineString","coordinates":[[-79.86736536026,40.44851466742226],[-79.86745119094849,40.448563654577534]]}},{"type":"Feature","properties":{"a":"RF0197","b":null},"geometry":{"type":"LineString","coordinates":[[-79.86554145812987,40.448563654577534],[-79.86736536026,40.44851466742226]]}},{"type":"Feature","properties":{"a":"RF0197","b":"RF0206"},"geometry":{"type":"LineString","coordinates":[[-79.86513376235962,40.44840036392111],[-79.86554145812987,40.448563654577534]]}},{"type":"Feature","properties":{"a":"RF0197","b":"RF0206"},"geometry":{"type":"LineString","coordinates":[[-79.86401796340941,40.4484166930046],[-79.86513376235962,40.44840036392111]]}},{"type":"Feature","properties":{"a":"RF0197","b":null},"geometry":{"type":"LineString","coordinates":[[-79.86416816711424,40.44915149765564],[-79.86672163009642,40.449102510928846]]}},{"type":"Feature","properties":{"a":"RF0197","b":"RF0198"},"geometry":{"type":"LineString","coordinates":[[-79.86738681793211,40.449102510928846],[-79.86753702163696,40.44898820842749]]}},{"type":"Feature","properties":{"a":"RF0197","b":"RF0198"},"geometry":{"type":"LineString","coordinates":[[-79.86753702163696,40.44898820842749],[-79.86777305603026,40.448792260830004]]}},{"type":"Feature","properties":{"a":"RF0198","b":"RF0209"},"geometry":{"type":"LineString","coordinates":[[-79.87045526504515,40.44776352657018],[-79.87049818038939,40.44781251427294]]}},{"type":"Feature","properties":{"a":"RF0198","b":"RF0209"},"geometry":{"type":"LineString","coordinates":[[-79.87034797668457,40.4476982095776],[-79.87045526504515,40.44776352657018]]}},{"type":"Feature","properties":{"a":"RF0198","b":"RF0209"},"geometry":{"type":"LineString","coordinates":[[-79.86974716186522,40.44724098885218],[-79.87034797668457,40.4476982095776]]}},{"type":"Feature","properties":{"a":"RF0198","b":null},"geometry":{"type":"LineString","coordinates":[[-79.86777305603026,40.448792260830004],[-79.86974716186522,40.44724098885218]]}},{"type":"Feature","properties":{"a":"RF0198","b":"RF0430"},"geometry":{"type":"LineString","coordinates":[[-79.86738681793211,40.449102510928846],[-79.86755847930908,40.44908618201199]]}},{"type":"Feature","properties":{"a":"RF0198","b":"RF0430"},"geometry":{"type":"LineString","coordinates":[[-79.86755847930908,40.44908618201199],[-79.86818075180054,40.44908618201199]]}},{"type":"Feature","properties":{"a":"RF0198","b":"RF0200"},"geometry":{"type":"LineString","coordinates":[[-79.86818075180054,40.44908618201199],[-79.8693823814392,40.4481390980456]]}},{"type":"Feature","properties":{"a":"RF0198","b":"RF0200"},"geometry":{"type":"LineString","coordinates":[[-79.8693823814392,40.4481390980456],[-79.86944675445555,40.4481390980456]]}},{"type":"Feature","properties":{"a":"RF0198","b":"RF0200"},"geometry":{"type":"LineString","coordinates":[[-79.86944675445555,40.4481390980456],[-79.86989736557005,40.448335047547445]]}},{"type":"Feature","properties":{"a":"RF0198","b":null},"geometry":{"type":"LineString","coordinates":[[-79.86989736557005,40.448335047547445],[-79.87024068832396,40.44797580635764]]}},{"type":"Feature","properties":{"a":"RF0198","b":"RF0433"},"geometry":{"type":"LineString","coordinates":[[-79.87024068832396,40.44797580635764],[-79.87049818038939,40.44781251427294]]}},{"type":"Feature","properties":{"a":"RF0199","b":null},"geometry":{"type":"LineString","coordinates":[[-79.86915183787887,40.44938010190853],[-79.87092733383177,40.44938010190853]]}},{"type":"Feature","properties":{"a":"RF0199","b":"RF0430"},"geometry":{"type":"LineString","coordinates":[[-79.86915183787887,40.44938010190853],[-79.86989207241396,40.45012885547507]]}},{"type":"Feature","properties":{"a":"RF0199","b":null},"geometry":{"type":"LineString","coordinates":[[-79.86989207241396,40.45012885547507],[-79.869966,40.450106]]}},{"type":"Feature","properties":{"a":"RF0199","b":null},"geometry":{"type":"LineString","coordinates":[[-79.869966,40.450106],[-79.870158,40.450047]]}},{"type":"Feature","properties":{"a":"RF0199","b":null},"geometry":{"type":"LineString","coordinates":[[-79.870158,40.450047],[-79.870347,40.450064]]}},{"type":"Feature","properties":{"a":"RF0199","b":null},"geometry":{"type":"LineString","coordinates":[[-79.870347,40.450064],[-79.87078499573747,40.450104725919445]]}},{"type":"Feature","properties":{"a":"RF0200","b":"RF0430"},"geometry":{"type":"LineString","coordinates":[[-79.86818075180054,40.44908618201199],[-79.86835241317748,40.44906985309115]]}},{"type":"Feature","properties":{"a":"RF0200","b":"RF0430"},"geometry":{"type":"LineString","coordinates":[[-79.86835241317748,40.44906985309115],[-79.86888885498047,40.44906985309115]]}},{"type":"Feature","properties":{"a":"RF0200","b":"RF0430"},"geometry":{"type":"LineString","coordinates":[[-79.86888885498047,40.44906985309115],[-79.86899614334106,40.44905352416636]]}},{"type":"Feature","properties":{"a":"RF0200","b":null},"geometry":{"type":"LineString","coordinates":[[-79.86899614334106,40.44898820842749],[-79.86899614334106,40.44905352416636]]}},{"type":"Feature","properties":{"a":"RF0200","b":"RF0435"},"geometry":{"type":"LineString","coordinates":[[-79.86899614334106,40.44898820842749],[-79.869704246521,40.44846568023128]]}},{"type":"Feature","properties":{"a":"RF0200","b":"RF0435"},"geometry":{"type":"LineString","coordinates":[[-79.869704246521,40.44846568023128],[-79.86989736557005,40.448335047547445]]}},{"type":"Feature","properties":{"a":"RF0201","b":null},"geometry":{"type":"LineString","coordinates":[[-79.86959695816039,40.44608159378365],[-79.86963667191114,40.446108038738544]]}},{"type":"Feature","properties":{"a":"RF0201","b":"RF0212"},"geometry":{"type":"LineString","coordinates":[[-79.86946821212767,40.44598361581914],[-79.86959695816039,40.44608159378365]]}},{"type":"Feature","properties":{"a":"RF0201","b":"RF0212"},"geometry":{"type":"LineString","coordinates":[[-79.86906051635741,40.445608032298736],[-79.86946821212767,40.44598361581914]]}},{"type":"Feature","properties":{"a":"RF0201","b":"RF0212"},"geometry":{"type":"LineString","coordinates":[[-79.86903905868529,40.44554271321138],[-79.86906051635741,40.445608032298736]]}},{"type":"Feature","properties":{"a":"RF0201","b":"RF0210"},"geometry":{"type":"LineString","coordinates":[[-79.86873865127562,40.445722340548855],[-79.86903905868529,40.44554271321138]]}},{"type":"Feature","properties":{"a":"RF0201","b":"RF0210"},"geometry":{"type":"LineString","coordinates":[[-79.86773014068602,40.44637552682021],[-79.86873865127562,40.445722340548855]]}},{"type":"Feature","properties":{"a":"RF0201","b":"RF0210"},"geometry":{"type":"LineString","coordinates":[[-79.86755847930908,40.446457174657816],[-79.86773014068602,40.44637552682021]]}},{"type":"Feature","properties":{"a":"RF0201","b":"RF0204"},"geometry":{"type":"LineString","coordinates":[[-79.86755847930908,40.446457174657816],[-79.86811637878417,40.44694705960049]]}},{"type":"Feature","properties":{"a":"RF0201","b":null},"geometry":{"type":"LineString","coordinates":[[-79.86811637878417,40.44694705960049],[-79.86822356474276,40.447044942646244]]}},{"type":"Feature","properties":{"a":"RF0201","b":null},"geometry":{"type":"LineString","coordinates":[[-79.86822356474276,40.447044942646244],[-79.86831458083982,40.44711421002538]]}},{"type":"Feature","properties":{"a":"RF0201","b":"RF0202"},"geometry":{"type":"LineString","coordinates":[[-79.86831458083982,40.44711421002538],[-79.86963667191114,40.446108038738544]]}},{"type":"Feature","properties":{"a":"RF0202","b":"RF0207"},"geometry":{"type":"LineString","coordinates":[[-79.86976861953734,40.44619590122839],[-79.87043380737303,40.44670211757548]]}},{"type":"Feature","properties":{"a":"RF0202","b":null},"geometry":{"type":"LineString","coordinates":[[-79.86963667191114,40.446108038738544],[-79.86976861953734,40.44619590122839]]}},{"type":"Feature","properties":{"a":"RF0202","b":null},"geometry":{"type":"LineString","coordinates":[[-79.86831458083982,40.44711421002538],[-79.86912429796477,40.4477304414933]]}},{"type":"Feature","properties":{"a":"RF0202","b":null},"geometry":{"type":"LineString","coordinates":[[-79.86912429796477,40.4477304414933],[-79.86974716186522,40.44724098885218]]}},{"type":"Feature","properties":{"a":"RF0202","b":"RF0209"},"geometry":{"type":"LineString","coordinates":[[-79.86974716186522,40.44724098885218],[-79.86987590789795,40.447143012577776]]}},{"type":"Feature","properties":{"a":"RF0202","b":"RF0209"},"geometry":{"type":"LineString","coordinates":[[-79.86987590789795,40.447143012577776],[-79.87011194229125,40.44694705960049]]}},{"type":"Feature","properties":{"a":"RF0202","b":"RF0209"},"geometry":{"type":"LineString","coordinates":[[-79.87011194229125,40.44694705960049],[-79.87043380737303,40.44670211757548]]}},{"type":"Feature","properties":{"a":"RF0203","b":null},"geometry":{"type":"LineString","coordinates":[[-79.86822356474276,40.447044942646244],[-79.86912429796477,40.4477304414933]]}},{"type":"Feature","properties":{"a":"RF0203","b":null},"geometry":{"type":"LineString","coordinates":[[-79.86822356474276,40.447044942646244],[-79.86822366714478,40.44704503616055]]}},{"type":"Feature","properties":{"a":"RF0203","b":"RF0204"},"geometry":{"type":"LineString","coordinates":[[-79.86768722534178,40.44750225821901],[-79.86822366714478,40.44704503616055]]}},{"type":"Feature","properties":{"a":"RF0203","b":null},"geometry":{"type":"LineString","coordinates":[[-79.86734390258788,40.448106439739746],[-79.86768722534178,40.44750225821901]]}},{"type":"Feature","properties":{"a":"RF0203","b":"RF0205"},"geometry":{"type":"LineString","coordinates":[[-79.86727952957152,40.448335047547445],[-79.86734390258788,40.448106439739746]]}},{"type":"Feature","properties":{"a":"RF0203","b":"RF0205"},"geometry":{"type":"LineString","coordinates":[[-79.86727952957152,40.448335047547445],[-79.86736536026,40.44851466742226]]}},{"type":"Feature","properties":{"a":"RF0203","b":null},"geometry":{"type":"LineString","coordinates":[[-79.86777305603026,40.448792260830004],[-79.86912429796477,40.4477304414933]]}},{"type":"Feature","properties":{"a":"RF0204","b":null},"geometry":{"type":"LineString","coordinates":[[-79.86811637878417,40.44694705960049],[-79.86822366714478,40.44704503616055]]}},{"type":"Feature","properties":{"a":"RF0204","b":"RF0230"},"geometry":{"type":"LineString","coordinates":[[-79.8674726486206,40.446555151931996],[-79.86755847930908,40.446457174657816]]}},{"type":"Feature","properties":{"a":"RF0204","b":"RF0230"},"geometry":{"type":"LineString","coordinates":[[-79.86734390258788,40.44678376501633],[-79.8674726486206,40.446555151931996]]}},{"type":"Feature","properties":{"a":"RF0204","b":"RF0230"},"geometry":{"type":"LineString","coordinates":[[-79.86717224121094,40.44694705960049],[-79.86734390258788,40.44678376501633]]}},{"type":"Feature","properties":{"a":"RF0204","b":"RF0230"},"geometry":{"type":"LineString","coordinates":[[-79.86693620681761,40.4471103537879],[-79.86717224121094,40.44694705960049]]}},{"type":"Feature","properties":{"a":"RF0204","b":null},"geometry":{"type":"LineString","coordinates":[[-79.86611008644105,40.44746329661676],[-79.86693620681761,40.4471103537879]]}},{"type":"Feature","properties":{"a":"RF0204","b":null},"geometry":{"type":"LineString","coordinates":[[-79.86611008644105,40.44746329661676],[-79.86611008644105,40.44750277838465]]}},{"type":"Feature","properties":{"a":"RF0204","b":"RF0205"},"geometry":{"type":"LineString","coordinates":[[-79.86611008644105,40.44750277838465],[-79.86768692976058,40.44750277838465]]}},{"type":"Feature","properties":{"a":"RF0204","b":null},"geometry":{"type":"LineString","coordinates":[[-79.86768692976058,40.44750277838465],[-79.86768722534178,40.44750225821901]]}},{"type":"Feature","properties":{"a":"RF0205","b":null},"geometry":{"type":"LineString","coordinates":[[-79.86611008644105,40.44750277838465],[-79.86611008644105,40.448548382111476]]}},{"type":"Feature","properties":{"a":"RF0205","b":null},"geometry":{"type":"LineString","coordinates":[[-79.86611008644105,40.448548382111476],[-79.86736536026,40.44851466742226]]}},{"type":"Feature","properties":{"a":"RF0205","b":null},"geometry":{"type":"LineString","coordinates":[[-79.86734390258788,40.448106439739746],[-79.86768692976058,40.44750277838465]]}},{"type":"Feature","properties":{"a":"RF0206","b":null},"geometry":{"type":"LineString","coordinates":[[-79.86571311950682,40.447632892521554],[-79.86611008644105,40.44746329661676]]}},{"type":"Feature","properties":{"a":"RF0206","b":null},"geometry":{"type":"LineString","coordinates":[[-79.86455440521239,40.447665551057504],[-79.86571311950682,40.447632892521554]]}},{"type":"Feature","properties":{"a":"RF0206","b":"RF0235"},"geometry":{"type":"LineString","coordinates":[[-79.86399650573729,40.44753491681845],[-79.86455440521239,40.447665551057504]]}},{"type":"Feature","properties":{"a":"RF0206","b":"RF0223"},"geometry":{"type":"LineString","coordinates":[[-79.86399650573729,40.44753491681845],[-79.86399650573729,40.447632892521554]]}},{"type":"Feature","properties":{"a":"RF0206","b":"RF0223"},"geometry":{"type":"LineString","coordinates":[[-79.86399650573729,40.447632892521554],[-79.86401796340941,40.447747197327985]]}},{"type":"Feature","properties":{"a":"RF0206","b":null},"geometry":{"type":"LineString","coordinates":[[-79.86401796340941,40.447747197327985],[-79.86401796340941,40.4484166930046]]}},{"type":"Feature","properties":{"a":"RF0206","b":null},"geometry":{"type":"LineString","coordinates":[[-79.86554145812987,40.448563654577534],[-79.86611008644105,40.448548382111476]]}},{"type":"Feature","properties":{"a":"RF0206","b":null},"geometry":{"type":"LineString","coordinates":[[-79.86611008644105,40.44746329661676],[-79.86611008644105,40.448548382111476]]}},{"type":"Feature","properties":{"a":"RF0207","b":"RF0321"},"geometry":{"type":"LineString","coordinates":[[-79.87099170684814,40.446032604819244],[-79.87112045288085,40.446114253073404]]}},{"type":"Feature","properties":{"a":"RF0207","b":"RF0321"},"geometry":{"type":"LineString","coordinates":[[-79.87099170684814,40.4459999454898],[-79.87099170684814,40.446032604819244]]}},{"type":"Feature","properties":{"a":"RF0207","b":"RF0321"},"geometry":{"type":"LineString","coordinates":[[-79.87045526504515,40.44552638342964],[-79.87099170684814,40.4459999454898]]}},{"type":"Feature","properties":{"a":"RF0207","b":"RF0212"},"geometry":{"type":"LineString","coordinates":[[-79.8702836036682,40.44564069181861],[-79.87045526504515,40.44552638342964]]}},{"type":"Feature","properties":{"a":"RF0207","b":"RF0212"},"geometry":{"type":"LineString","coordinates":[[-79.86976861953734,40.445967286144494],[-79.8702836036682,40.44564069181861]]}},{"type":"Feature","properties":{"a":"RF0207","b":"RF0212"},"geometry":{"type":"LineString","coordinates":[[-79.86959695816039,40.44608159378365],[-79.86976861953734,40.445967286144494]]}},{"type":"Feature","properties":{"a":"RF0207","b":null},"geometry":{"type":"LineString","coordinates":[[-79.86959695816039,40.44608159378365],[-79.86976861953734,40.44619590122839]]}},{"type":"Feature","properties":{"a":"RF0207","b":"RF0208"},"geometry":{"type":"LineString","coordinates":[[-79.87043380737303,40.44670211757548],[-79.87064838409422,40.44653882239622]]}},{"type":"Feature","properties":{"a":"RF0207","b":"RF0208"},"geometry":{"type":"LineString","coordinates":[[-79.87064838409422,40.44653882239622],[-79.87099170684814,40.446244890073764]]}},{"type":"Feature","properties":{"a":"RF0207","b":"RF0208"},"geometry":{"type":"LineString","coordinates":[[-79.87099170684814,40.446244890073764],[-79.87112045288085,40.446114253073404]]}},{"type":"Feature","properties":{"a":"RF0208","b":"RF0316"},"geometry":{"type":"LineString","coordinates":[[-79.87169981002808,40.446555151931996],[-79.87202167510986,40.4468000944926]]}},{"type":"Feature","properties":{"a":"RF0208","b":"RF0316"},"geometry":{"type":"LineString","coordinates":[[-79.8716354370117,40.44652249285647],[-79.87169981002808,40.446555151931996]]}},{"type":"Feature","properties":{"a":"RF0208","b":"RF0317"},"geometry":{"type":"LineString","coordinates":[[-79.87154960632323,40.44644084509823],[-79.8716354370117,40.44652249285647]]}},{"type":"Feature","properties":{"a":"RF0208","b":"RF0317"},"geometry":{"type":"LineString","coordinates":[[-79.87112045288085,40.446114253073404],[-79.87154960632323,40.44644084509823]]}},{"type":"Feature","properties":{"a":"RF0208","b":"RF0209"},"geometry":{"type":"LineString","coordinates":[[-79.87043380737303,40.44670211757548],[-79.87054109573363,40.446767435536096]]}},{"type":"Feature","properties":{"a":"RF0208","b":"RF0209"},"geometry":{"type":"LineString","coordinates":[[-79.87054109573363,40.446767435536096],[-79.87077713012694,40.44694705960049]]}},{"type":"Feature","properties":{"a":"RF0208","b":"RF0209"},"geometry":{"type":"LineString","coordinates":[[-79.87077713012694,40.44694705960049],[-79.87124919891356,40.44730630628911]]}},{"type":"Feature","properties":{"a":"RF0208","b":null},"geometry":{"type":"LineString","coordinates":[[-79.87124919891356,40.44730630628911],[-79.87180709838867,40.44694705960049]]}},{"type":"Feature","properties":{"a":"RF0208","b":"RF0432"},"geometry":{"type":"LineString","coordinates":[[-79.87180709838867,40.44694705960049],[-79.87187147140502,40.446898071266894]]}},{"type":"Feature","properties":{"a":"RF0208","b":"RF0432"},"geometry":{"type":"LineString","coordinates":[[-79.87187147140502,40.446898071266894],[-79.87197875976561,40.446832753433235]]}},{"type":"Feature","properties":{"a":"RF0208","b":"RF0432"},"geometry":{"type":"LineString","coordinates":[[-79.87197875976561,40.446832753433235],[-79.87202167510986,40.4468000944926]]}},{"type":"Feature","properties":{"a":"RF0209","b":"RF0433"},"geometry":{"type":"LineString","coordinates":[[-79.87049818038939,40.44781251427294],[-79.87064838409422,40.4477145388317]]}},{"type":"Feature","properties":{"a":"RF0209","b":null},"geometry":{"type":"LineString","coordinates":[[-79.87064838409422,40.4477145388317],[-79.87109899520874,40.44740428232547]]}},{"type":"Feature","properties":{"a":"RF0209","b":"RF0434"},"geometry":{"type":"LineString","coordinates":[[-79.87109899520874,40.44740428232547],[-79.87124919891356,40.44730630628911]]}},{"type":"Feature","properties":{"a":"RF0210","b":"RF0213"},"geometry":{"type":"LineString","coordinates":[[-79.86895322799683,40.44541207484625],[-79.86903905868529,40.44554271321138]]}},{"type":"Feature","properties":{"a":"RF0210","b":"RF0213"},"geometry":{"type":"LineString","coordinates":[[-79.86876010894774,40.445003828318676],[-79.86895322799683,40.44541207484625]]}},{"type":"Feature","properties":{"a":"RF0210","b":"RF0213"},"geometry":{"type":"LineString","coordinates":[[-79.86867427825926,40.44484052901336],[-79.86876010894774,40.445003828318676]]}},{"type":"Feature","properties":{"a":"RF0210","b":"RF0325"},"geometry":{"type":"LineString","coordinates":[[-79.86865282058716,40.44477520918015],[-79.86867427825926,40.44484052901336]]}},{"type":"Feature","properties":{"a":"RF0210","b":"RF0325"},"geometry":{"type":"LineString","coordinates":[[-79.86854553222656,40.44457924929965],[-79.86865282058716,40.44477520918015]]}},{"type":"Feature","properties":{"a":"RF0210","b":"RF0325"},"geometry":{"type":"LineString","coordinates":[[-79.86852407455444,40.444513929212526],[-79.86854553222656,40.44457924929965]]}},{"type":"Feature","properties":{"a":"RF0210","b":"RF0211"},"geometry":{"type":"LineString","coordinates":[[-79.86843824386595,40.44454658926403],[-79.86852407455444,40.444513929212526]]}},{"type":"Feature","properties":{"a":"RF0210","b":"RF0211"},"geometry":{"type":"LineString","coordinates":[[-79.86800909042357,40.44480786910469],[-79.86843824386595,40.44454658926403]]}},{"type":"Feature","properties":{"a":"RF0210","b":"RF0211"},"geometry":{"type":"LineString","coordinates":[[-79.86704349517821,40.44542840465577],[-79.86800909042357,40.44480786910469]]}},{"type":"Feature","properties":{"a":"RF0210","b":"RF0229"},"geometry":{"type":"LineString","coordinates":[[-79.86704349517821,40.44542840465577],[-79.86715078353882,40.445624362060656]]}},{"type":"Feature","properties":{"a":"RF0210","b":null},"geometry":{"type":"LineString","coordinates":[[-79.86715078353882,40.445624362060656],[-79.86749410629272,40.446408185967165]]}},{"type":"Feature","properties":{"a":"RF0210","b":"RF0230"},"geometry":{"type":"LineString","coordinates":[[-79.86749410629272,40.446408185967165],[-79.86755847930908,40.446457174657816]]}},{"type":"Feature","properties":{"a":"RF0211","b":"RF0325"},"geometry":{"type":"LineString","coordinates":[[-79.8684811592102,40.444432279014364],[-79.86852407455444,40.444513929212526]]}},{"type":"Feature","properties":{"a":"RF0211","b":"RF0325"},"geometry":{"type":"LineString","coordinates":[[-79.86835241317748,40.44417099771373],[-79.8684811592102,40.444432279014364]]}},{"type":"Feature","properties":{"a":"RF0211","b":"RF0325"},"geometry":{"type":"LineString","coordinates":[[-79.86830949783325,40.44408934709899],[-79.86835241317748,40.44417099771373]]}},{"type":"Feature","properties":{"a":"RF0211","b":"RF0229"},"geometry":{"type":"LineString","coordinates":[[-79.86800909042357,40.44426897832048],[-79.86830949783325,40.44408934709899]]}},{"type":"Feature","properties":{"a":"RF0211","b":"RF0229"},"geometry":{"type":"LineString","coordinates":[[-79.86697912216185,40.44492217871561],[-79.86800909042357,40.44426897832048]]}},{"type":"Feature","properties":{"a":"RF0211","b":"RF0229"},"geometry":{"type":"LineString","coordinates":[[-79.86691474914551,40.44508547782256],[-79.86697912216185,40.44492217871561]]}},{"type":"Feature","properties":{"a":"RF0211","b":"RF0229"},"geometry":{"type":"LineString","coordinates":[[-79.86691474914551,40.44508547782256],[-79.86704349517821,40.44542840465577]]}},{"type":"Feature","properties":{"a":"RF0212","b":"RF0323"},"geometry":{"type":"LineString","coordinates":[[-79.87032651901245,40.44542840465577],[-79.87045526504515,40.44552638342964]]}},{"type":"Feature","properties":{"a":"RF0212","b":"RF0323"},"geometry":{"type":"LineString","coordinates":[[-79.86998319625854,40.445118137596346],[-79.87032651901245,40.44542840465577]]}},{"type":"Feature","properties":{"a":"RF0212","b":"RF0323"},"geometry":{"type":"LineString","coordinates":[[-79.86987590789795,40.445003828318676],[-79.86998319625854,40.445118137596346]]}},{"type":"Feature","properties":{"a":"RF0212","b":"RF0213"},"geometry":{"type":"LineString","coordinates":[[-79.869704246521,40.445118137596346],[-79.86987590789795,40.445003828318676]]}},{"type":"Feature","properties":{"a":"RF0212","b":"RF0213"},"geometry":{"type":"LineString","coordinates":[[-79.86921072006226,40.44542840465577],[-79.869704246521,40.445118137596346]]}},{"type":"Feature","properties":{"a":"RF0212","b":"RF0213"},"geometry":{"type":"LineString","coordinates":[[-79.86903905868529,40.44554271321138],[-79.86921072006226,40.44542840465577]]}},{"type":"Feature","properties":{"a":"RF0213","b":"RF0324"},"geometry":{"type":"LineString","coordinates":[[-79.86974716186522,40.444905848783094],[-79.86987590789795,40.445003828318676]]}},{"type":"Feature","properties":{"a":"RF0213","b":"RF0324"},"geometry":{"type":"LineString","coordinates":[[-79.86940383911131,40.44459557931152],[-79.86974716186522,40.444905848783094]]}},{"type":"Feature","properties":{"a":"RF0213","b":"RF0324"},"geometry":{"type":"LineString","coordinates":[[-79.86929655075073,40.444481269145165],[-79.86940383911131,40.44459557931152]]}},{"type":"Feature","properties":{"a":"RF0213","b":"RF0325"},"geometry":{"type":"LineString","coordinates":[[-79.86880302429199,40.444791539144404],[-79.86929655075073,40.444481269145165]]}},{"type":"Feature","properties":{"a":"RF0213","b":"RF0325"},"geometry":{"type":"LineString","coordinates":[[-79.86876010894774,40.44482419906101],[-79.86880302429199,40.444791539144404]]}},{"type":"Feature","properties":{"a":"RF0213","b":"RF0325"},"geometry":{"type":"LineString","coordinates":[[-79.86867427825926,40.44484052901336],[-79.86876010894774,40.44482419906101]]}},{"type":"Feature","properties":{"a":"RF0214","b":"RF0237"},"geometry":{"type":"LineString","coordinates":[[-79.86127138137817,40.447224659483034],[-79.86135721206664,40.447420611650976]]}},{"type":"Feature","properties":{"a":"RF0214","b":"RF0237"},"geometry":{"type":"LineString","coordinates":[[-79.86116409301756,40.44694705960049],[-79.86127138137817,40.447224659483034]]}},{"type":"Feature","properties":{"a":"RF0214","b":"RF0237"},"geometry":{"type":"LineString","coordinates":[[-79.86112117767333,40.446832753433235],[-79.86116409301756,40.44694705960049]]}},{"type":"Feature","properties":{"a":"RF0214","b":"RF0237"},"geometry":{"type":"LineString","coordinates":[[-79.86088514328003,40.446408185967165],[-79.86112117767333,40.446832753433235]]}},{"type":"Feature","properties":{"a":"RF0214","b":"RF0245"},"geometry":{"type":"LineString","coordinates":[[-79.86073493957518,40.44648983376508],[-79.86088514328003,40.446408185967165]]}},{"type":"Feature","properties":{"a":"RF0214","b":"RF0245"},"geometry":{"type":"LineString","coordinates":[[-79.86039161682127,40.446685788075406],[-79.86073493957518,40.44648983376508]]}},{"type":"Feature","properties":{"a":"RF0214","b":null},"geometry":{"type":"LineString","coordinates":[[-79.85989809036255,40.44694705960049],[-79.86039161682127,40.446685788075406]]}},{"type":"Feature","properties":{"a":"RF0214","b":null},"geometry":{"type":"LineString","coordinates":[[-79.85982368398834,40.44698693525353],[-79.85989809036255,40.44694705960049]]}},{"type":"Feature","properties":{"a":"RF0214","b":"RF0215"},"geometry":{"type":"LineString","coordinates":[[-79.85982368398834,40.44698693525353],[-79.86053541642661,40.44776050686816]]}},{"type":"Feature","properties":{"a":"RF0214","b":null},"geometry":{"type":"LineString","coordinates":[[-79.86053541642661,40.44776050686816],[-79.8610997200012,40.4474695996037]]}},{"type":"Feature","properties":{"a":"RF0214","b":"RF0218"},"geometry":{"type":"LineString","coordinates":[[-79.8610997200012,40.4474695996037],[-79.86114263534544,40.44745327029009]]}},{"type":"Feature","properties":{"a":"RF0214","b":"RF0218"},"geometry":{"type":"LineString","coordinates":[[-79.86114263534544,40.44745327029009],[-79.86135721206664,40.447420611650976]]}},{"type":"Feature","properties":{"a":"RF0215","b":null},"geometry":{"type":"LineString","coordinates":[[-79.85875612720005,40.44755905725972],[-79.85982368398834,40.44698693525353]]}},{"type":"Feature","properties":{"a":"RF0215","b":"RF0216"},"geometry":{"type":"LineString","coordinates":[[-79.85875612720005,40.44755905725972],[-79.85947529722604,40.448340712680036]]}},{"type":"Feature","properties":{"a":"RF0215","b":null},"geometry":{"type":"LineString","coordinates":[[-79.85947529722604,40.448340712680036],[-79.85979080200194,40.448171756335576]]}},{"type":"Feature","properties":{"a":"RF0215","b":"RF0217"},"geometry":{"type":"LineString","coordinates":[[-79.85979080200194,40.448171756335576],[-79.8601770401001,40.44797580635764]]}},{"type":"Feature","properties":{"a":"RF0215","b":"RF0218"},"geometry":{"type":"LineString","coordinates":[[-79.8601770401001,40.44797580635764],[-79.86043453216551,40.44781251427294]]}},{"type":"Feature","properties":{"a":"RF0215","b":null},"geometry":{"type":"LineString","coordinates":[[-79.86043453216551,40.44781251427294],[-79.86053541642661,40.44776050686816]]}},{"type":"Feature","properties":{"a":"RF0216","b":null},"geometry":{"type":"LineString","coordinates":[[-79.85837459564208,40.44776352657018],[-79.85875612720005,40.44755905725972]]}},{"type":"Feature","properties":{"a":"RF0216","b":"RF0246"},"geometry":{"type":"LineString","coordinates":[[-79.85813856124878,40.44794314797244],[-79.85837459564208,40.44776352657018]]}},{"type":"Feature","properties":{"a":"RF0216","b":"RF0217"},"geometry":{"type":"LineString","coordinates":[[-79.8582887649536,40.44905352416636],[-79.8586320877075,40.448792260830004]]}},{"type":"Feature","properties":{"a":"RF0216","b":null},"geometry":{"type":"LineString","coordinates":[[-79.8586320877075,40.448792260830004],[-79.85947529722604,40.448340712680036]]}},{"type":"Feature","properties":{"a":"RF0217","b":"RF0218"},"geometry":{"type":"LineString","coordinates":[[-79.8601770401001,40.44836770574221],[-79.86019849777222,40.44846568023128]]}},{"type":"Feature","properties":{"a":"RF0217","b":"RF0218"},"geometry":{"type":"LineString","coordinates":[[-79.8601770401001,40.44797580635764],[-79.8601770401001,40.44836770574221]]}},{"type":"Feature","properties":{"a":"RF0217","b":null},"geometry":{"type":"LineString","coordinates":[[-79.8586320877075,40.448792260830004],[-79.85979080200194,40.448171756335576]]}},{"type":"Feature","properties":{"a":"RF0218","b":"RF0221"},"geometry":{"type":"LineString","coordinates":[[-79.86180782318114,40.44753491681845],[-79.86187219619751,40.44756757540202]]}},{"type":"Feature","properties":{"a":"RF0218","b":"RF0221"},"geometry":{"type":"LineString","coordinates":[[-79.8616361618042,40.447420611650976],[-79.86180782318114,40.44753491681845]]}},{"type":"Feature","properties":{"a":"RF0218","b":"RF0221"},"geometry":{"type":"LineString","coordinates":[[-79.86157178878784,40.44737162366256],[-79.8616361618042,40.447420611650976]]}},{"type":"Feature","properties":{"a":"RF0218","b":"RF0237"},"geometry":{"type":"LineString","coordinates":[[-79.86144304275511,40.447387952995996],[-79.86157178878784,40.44737162366256]]}},{"type":"Feature","properties":{"a":"RF0218","b":"RF0237"},"geometry":{"type":"LineString","coordinates":[[-79.86135721206664,40.447420611650976],[-79.86144304275511,40.447387952995996]]}},{"type":"Feature","properties":{"a":"RF0218","b":null},"geometry":{"type":"LineString","coordinates":[[-79.86043453216551,40.44781251427294],[-79.8610997200012,40.4474695996037]]}},{"type":"Feature","properties":{"a":"RF0218","b":"RF0219"},"geometry":{"type":"LineString","coordinates":[[-79.86019849777222,40.44846568023128],[-79.860520362854,40.44828606022555]]}},{"type":"Feature","properties":{"a":"RF0218","b":"RF0219"},"geometry":{"type":"LineString","coordinates":[[-79.860520362854,40.44828606022555],[-79.8615288734436,40.447747197327985]]}},{"type":"Feature","properties":{"a":"RF0218","b":"RF0219"},"geometry":{"type":"LineString","coordinates":[[-79.8615288734436,40.447747197327985],[-79.86187219619751,40.44756757540202]]}},{"type":"Feature","properties":{"a":"RF0219","b":"RF0221"},"geometry":{"type":"LineString","coordinates":[[-79.86204385757443,40.4476982095776],[-79.86212968826293,40.44786150194002]]}},{"type":"Feature","properties":{"a":"RF0219","b":"RF0221"},"geometry":{"type":"LineString","coordinates":[[-79.86195802688599,40.447616563247614],[-79.86204385757443,40.4476982095776]]}},{"type":"Feature","properties":{"a":"RF0219","b":"RF0221"},"geometry":{"type":"LineString","coordinates":[[-79.86187219619751,40.44756757540202],[-79.86195802688599,40.447616563247614]]}},{"type":"Feature","properties":{"a":"RF0219","b":"RF0220"},"geometry":{"type":"LineString","coordinates":[[-79.86032724380492,40.448922892625134],[-79.8617649078369,40.4481390980456]]}},{"type":"Feature","properties":{"a":"RF0219","b":"RF0220"},"geometry":{"type":"LineString","coordinates":[[-79.8617649078369,40.4481390980456],[-79.86202239990234,40.448008464726975]]}},{"type":"Feature","properties":{"a":"RF0219","b":"RF0220"},"geometry":{"type":"LineString","coordinates":[[-79.86202239990234,40.448008464726975],[-79.86212968826293,40.44799213554429]]}},{"type":"Feature","properties":{"a":"RF0219","b":"RF0221"},"geometry":{"type":"LineString","coordinates":[[-79.86212968826293,40.44786150194002],[-79.86212968826293,40.44799213554429]]}},{"type":"Feature","properties":{"a":"RF0220","b":null},"geometry":{"type":"LineString","coordinates":[[-79.86260175704956,40.448743273841366],[-79.8626661300659,40.44875960284155]]}},{"type":"Feature","properties":{"a":"RF0220","b":"RF0221"},"geometry":{"type":"LineString","coordinates":[[-79.86230134963989,40.44846568023128],[-79.86240863800047,40.448563654577534]]}},{"type":"Feature","properties":{"a":"RF0220","b":"RF0221"},"geometry":{"type":"LineString","coordinates":[[-79.86223697662354,40.44835137664681],[-79.86230134963989,40.44846568023128]]}},{"type":"Feature","properties":{"a":"RF0220","b":"RF0221"},"geometry":{"type":"LineString","coordinates":[[-79.86215114593504,40.448155427192575],[-79.86223697662354,40.44835137664681]]}},{"type":"Feature","properties":{"a":"RF0220","b":"RF0221"},"geometry":{"type":"LineString","coordinates":[[-79.86212968826293,40.44799213554429],[-79.86215114593504,40.448155427192575]]}},{"type":"Feature","properties":{"a":"RF0220","b":null},"geometry":{"type":"LineString","coordinates":[[-79.860520362854,40.44908618201199],[-79.8607563972473,40.44916782655663]]}},{"type":"Feature","properties":{"a":"RF0220","b":null},"geometry":{"type":"LineString","coordinates":[[-79.86195802688599,40.4487106158291],[-79.86195802688599,40.449184155453665]]}},{"type":"Feature","properties":{"a":"RF0221","b":"RF0223"},"geometry":{"type":"LineString","coordinates":[[-79.86315965652464,40.44791048957137],[-79.86318111419676,40.44805745225121]]}},{"type":"Feature","properties":{"a":"RF0221","b":"RF0223"},"geometry":{"type":"LineString","coordinates":[[-79.86315965652464,40.44732263563842],[-79.86315965652464,40.44791048957137]]}},{"type":"Feature","properties":{"a":"RF0221","b":"RF0236"},"geometry":{"type":"LineString","coordinates":[[-79.8624300956726,40.44732263563842],[-79.86315965652464,40.44732263563842]]}},{"type":"Feature","properties":{"a":"RF0221","b":null},"geometry":{"type":"LineString","coordinates":[[-79.86189365386963,40.447338964983764],[-79.8624300956726,40.44732263563842]]}},{"type":"Feature","properties":{"a":"RF0221","b":"RF0237"},"geometry":{"type":"LineString","coordinates":[[-79.86157178878784,40.44737162366256],[-79.86189365386963,40.447338964983764]]}},{"type":"Feature","properties":{"a":"RF0221","b":"RF0222"},"geometry":{"type":"LineString","coordinates":[[-79.86279487609862,40.44840036392111],[-79.86279487609862,40.44844935115969]]}},{"type":"Feature","properties":{"a":"RF0221","b":"RF0222"},"geometry":{"type":"LineString","coordinates":[[-79.8627734184265,40.44805745225121],[-79.86279487609862,40.44840036392111]]}},{"type":"Feature","properties":{"a":"RF0221","b":"RF0222"},"geometry":{"type":"LineString","coordinates":[[-79.8627734184265,40.44805745225121],[-79.86318111419676,40.44805745225121]]}},{"type":"Feature","properties":{"a":"RF0222","b":"RF0223"},"geometry":{"type":"LineString","coordinates":[[-79.86384630203246,40.44802479390569],[-79.86401796340941,40.448008464726975]]}},{"type":"Feature","properties":{"a":"RF0222","b":"RF0223"},"geometry":{"type":"LineString","coordinates":[[-79.8633313179016,40.448041123080436],[-79.86384630203246,40.44802479390569]]}},{"type":"Feature","properties":{"a":"RF0222","b":"RF0223"},"geometry":{"type":"LineString","coordinates":[[-79.86318111419676,40.44805745225121],[-79.8633313179016,40.448041123080436]]}},{"type":"Feature","properties":{"a":"RF0222","b":null},"geometry":{"type":"LineString","coordinates":[[-79.86401796340941,40.448008464726975],[-79.86401796340941,40.4484166930046]]}},{"type":"Feature","properties":{"a":"RF0223","b":null},"geometry":{"type":"LineString","coordinates":[[-79.86350297927855,40.447387952995996],[-79.86399650573729,40.44753491681845]]}},{"type":"Feature","properties":{"a":"RF0223","b":"RF0236"},"geometry":{"type":"LineString","coordinates":[[-79.86322402954102,40.447338964983764],[-79.86350297927855,40.447387952995996]]}},{"type":"Feature","properties":{"a":"RF0223","b":"RF0236"},"geometry":{"type":"LineString","coordinates":[[-79.86315965652464,40.44732263563842],[-79.86322402954102,40.447338964983764]]}},{"type":"Feature","properties":{"a":"RF0223","b":null},"geometry":{"type":"LineString","coordinates":[[-79.86401796340941,40.447747197327985],[-79.86401796340941,40.448008464726975]]}},{"type":"Feature","properties":{"a":"RF0224","b":"RF0280"},"geometry":{"type":"LineString","coordinates":[[-79.87161397933959,40.44074158649876],[-79.87174272537231,40.44065993171837]]}},{"type":"Feature","properties":{"a":"RF0224","b":"RF0280"},"geometry":{"type":"LineString","coordinates":[[-79.87144231796265,40.4408395721043],[-79.87161397933959,40.44074158649876]]}},{"type":"Feature","properties":{"a":"RF0224","b":null},"geometry":{"type":"LineString","coordinates":[[-79.87029430642957,40.44137922115142],[-79.87144231796265,40.4408395721043]]}},{"type":"Feature","properties":{"a":"RF0224","b":"RF0225"},"geometry":{"type":"LineString","coordinates":[[-79.87029430642957,40.44137922115142],[-79.87088684358092,40.44216028540112]]}},{"type":"Feature","properties":{"a":"RF0224","b":null},"geometry":{"type":"LineString","coordinates":[[-79.87088684358092,40.44216028540112],[-79.87148523330687,40.4415254673441]]}},{"type":"Feature","properties":{"a":"RF0224","b":"RF0242"},"geometry":{"type":"LineString","coordinates":[[-79.87148523330687,40.4415254673441],[-79.8716354370117,40.44141115195679]]}},{"type":"Feature","properties":{"a":"RF0224","b":"RF0335"},"geometry":{"type":"LineString","coordinates":[[-79.8716354370117,40.44141115195679],[-79.8717212677002,40.44103554288692]]}},{"type":"Feature","properties":{"a":"RF0224","b":"RF0335"},"geometry":{"type":"LineString","coordinates":[[-79.8717212677002,40.44103554288692],[-79.87174272537231,40.440774248383136]]}},{"type":"Feature","properties":{"a":"RF0224","b":null},"geometry":{"type":"LineString","coordinates":[[-79.87174272537231,40.44065993171837],[-79.87174272537231,40.440774248383136]]}},{"type":"Feature","properties":{"a":"RF0225","b":null},"geometry":{"type":"LineString","coordinates":[[-79.86925363540648,40.44186841233966],[-79.87029430642957,40.44137922115142]]}},{"type":"Feature","properties":{"a":"RF0225","b":"RF0238"},"geometry":{"type":"LineString","coordinates":[[-79.86925363540648,40.44186841233966],[-79.86944675445555,40.442129702590535]]}},{"type":"Feature","properties":{"a":"RF0225","b":"RF0238"},"geometry":{"type":"LineString","coordinates":[[-79.86944675445555,40.442129702590535],[-79.86953258514404,40.44255429708206]]}},{"type":"Feature","properties":{"a":"RF0225","b":null},"geometry":{"type":"LineString","coordinates":[[-79.86930794199253,40.44270757662364],[-79.86953258514404,40.44255429708206]]}},{"type":"Feature","properties":{"a":"RF0225","b":null},"geometry":{"type":"LineString","coordinates":[[-79.86930794199253,40.44270757662364],[-79.86946225868863,40.442910992146494]]}},{"type":"Feature","properties":{"a":"RF0225","b":"RF0226"},"geometry":{"type":"LineString","coordinates":[[-79.86946225868863,40.442910992146494],[-79.87072487951762,40.44235620949801]]}},{"type":"Feature","properties":{"a":"RF0225","b":null},"geometry":{"type":"LineString","coordinates":[[-79.87072487951762,40.44235620949801],[-79.87077713012694,40.44227667791033]]}},{"type":"Feature","properties":{"a":"RF0225","b":null},"geometry":{"type":"LineString","coordinates":[[-79.87077713012694,40.44227667791033],[-79.87088684358092,40.44216028540112]]}},{"type":"Feature","properties":{"a":"RF0226","b":null},"geometry":{"type":"LineString","coordinates":[[-79.86946225868863,40.442910992146494],[-79.87008122775515,40.443726898133896]]}},{"type":"Feature","properties":{"a":"RF0226","b":null},"geometry":{"type":"LineString","coordinates":[[-79.87008122775515,40.443726898133896],[-79.87032651901245,40.44369742276763]]}},{"type":"Feature","properties":{"a":"RF0226","b":"RF0242"},"geometry":{"type":"LineString","coordinates":[[-79.87032651901245,40.44369742276763],[-79.87058401107787,40.44324017482617]]}},{"type":"Feature","properties":{"a":"RF0226","b":"RF0242"},"geometry":{"type":"LineString","coordinates":[[-79.87058401107787,40.44324017482617],[-79.87066984176636,40.442439983444324]]}},{"type":"Feature","properties":{"a":"RF0226","b":null},"geometry":{"type":"LineString","coordinates":[[-79.87066984176636,40.442439983444324],[-79.87072487951762,40.44235620949801]]}},{"type":"Feature","properties":{"a":"RF0227","b":null},"geometry":{"type":"LineString","coordinates":[[-79.86930794199253,40.44270757662364],[-79.87008122775515,40.443726898133896]]}},{"type":"Feature","properties":{"a":"RF0227","b":null},"geometry":{"type":"LineString","coordinates":[[-79.86891031265257,40.442978888891716],[-79.86930794199253,40.44270757662364]]}},{"type":"Feature","properties":{"a":"RF0227","b":"RF0238"},"geometry":{"type":"LineString","coordinates":[[-79.86882448196411,40.44301154968907],[-79.86891031265257,40.442978888891716]]}},{"type":"Feature","properties":{"a":"RF0227","b":null},"geometry":{"type":"LineString","coordinates":[[-79.86819758104068,40.44296537832496],[-79.86882448196411,40.44301154968907]]}},{"type":"Feature","properties":{"a":"RF0227","b":"RF0228"},"geometry":{"type":"LineString","coordinates":[[-79.86819758104068,40.44296537832496],[-79.86819758104068,40.4440180692731]]}},{"type":"Feature","properties":{"a":"RF0227","b":null},"geometry":{"type":"LineString","coordinates":[[-79.86819758104068,40.4440180692731],[-79.86844478222677,40.4440180692731]]}},{"type":"Feature","properties":{"a":"RF0227","b":null},"geometry":{"type":"LineString","coordinates":[[-79.86844478222677,40.4440180692731],[-79.86858844757079,40.44394237574252]]}},{"type":"Feature","properties":{"a":"RF0227","b":"RF0325"},"geometry":{"type":"LineString","coordinates":[[-79.86858844757079,40.44394237574252],[-79.86991882324217,40.44374641343402]]}},{"type":"Feature","properties":{"a":"RF0227","b":null},"geometry":{"type":"LineString","coordinates":[[-79.86991882324217,40.44374641343402],[-79.87008122775515,40.443726898133896]]}},{"type":"Feature","properties":{"a":"RF0228","b":null},"geometry":{"type":"LineString","coordinates":[[-79.86815929412842,40.44296255848709],[-79.86819758104068,40.44296537832496]]}},{"type":"Feature","properties":{"a":"RF0228","b":"RF0238"},"geometry":{"type":"LineString","coordinates":[[-79.86790180206299,40.44270127147352],[-79.86815929412842,40.44296255848709]]}},{"type":"Feature","properties":{"a":"RF0228","b":"RF0238"},"geometry":{"type":"LineString","coordinates":[[-79.86781597137451,40.44255429708206],[-79.86790180206299,40.44270127147352]]}},{"type":"Feature","properties":{"a":"RF0228","b":"RF0274"},"geometry":{"type":"LineString","coordinates":[[-79.8667860031128,40.44312586235482],[-79.86781597137451,40.44255429708206]]}},{"type":"Feature","properties":{"a":"RF0228","b":"RF0274"},"geometry":{"type":"LineString","coordinates":[[-79.86676454544067,40.44312586235482],[-79.8667860031128,40.44312586235482]]}},{"type":"Feature","properties":{"a":"RF0228","b":"RF0274"},"geometry":{"type":"LineString","coordinates":[[-79.86663579940794,40.44320751413991],[-79.86676454544067,40.44312586235482]]}},{"type":"Feature","properties":{"a":"RF0228","b":"RF0267"},"geometry":{"type":"LineString","coordinates":[[-79.8665928840637,40.44324017482617],[-79.86663579940794,40.44320751413991]]}},{"type":"Feature","properties":{"a":"RF0228","b":"RF0267"},"geometry":{"type":"LineString","coordinates":[[-79.86650705337524,40.44328916582582],[-79.8665928840637,40.44324017482617]]}},{"type":"Feature","properties":{"a":"RF0228","b":null},"geometry":{"type":"LineString","coordinates":[[-79.86631393432619,40.443384698089446],[-79.86650705337524,40.44328916582582]]}},{"type":"Feature","properties":{"a":"RF0228","b":null},"geometry":{"type":"LineString","coordinates":[[-79.86631393432619,40.443384698089446],[-79.86631393432619,40.4440180692731]]}},{"type":"Feature","properties":{"a":"RF0228","b":null},"geometry":{"type":"LineString","coordinates":[[-79.86631393432619,40.4440180692731],[-79.86819758104068,40.4440180692731]]}},{"type":"Feature","properties":{"a":"RF0229","b":null},"geometry":{"type":"LineString","coordinates":[[-79.86631393432619,40.4440180692731],[-79.86844478222677,40.4440180692731]]}},{"type":"Feature","properties":{"a":"RF0229","b":null},"geometry":{"type":"LineString","coordinates":[[-79.86631393432619,40.4440180692731],[-79.86631393432619,40.44408934709915]]}},{"type":"Feature","properties":{"a":"RF0229","b":"RF0241"},"geometry":{"type":"LineString","coordinates":[[-79.86631393432619,40.44408934709915],[-79.8663568496704,40.44433429864565]]}},{"type":"Feature","properties":{"a":"RF0229","b":"RF0241"},"geometry":{"type":"LineString","coordinates":[[-79.86633539199828,40.444481269145165],[-79.8663568496704,40.44433429864565]]}},{"type":"Feature","properties":{"a":"RF0229","b":null},"geometry":{"type":"LineString","coordinates":[[-79.86631393432619,40.44453025920449],[-79.86633539199828,40.444481269145165]]}},{"type":"Feature","properties":{"a":"RF0229","b":null},"geometry":{"type":"LineString","coordinates":[[-79.86631393432619,40.44453025920449],[-79.86631393432619,40.445697138050456]]}},{"type":"Feature","properties":{"a":"RF0229","b":"RF0230"},"geometry":{"type":"LineString","coordinates":[[-79.86631393432619,40.445697138050456],[-79.86718266015426,40.445697138050456]]}},{"type":"Feature","properties":{"a":"RF0229","b":null},"geometry":{"type":"LineString","coordinates":[[-79.86715078353882,40.445624362060656],[-79.86718266015426,40.445697138050456]]}},{"type":"Feature","properties":{"a":"RF0229","b":null},"geometry":{"type":"LineString","coordinates":[[-79.86830949783325,40.44408934709899],[-79.86844478222677,40.4440180692731]]}},{"type":"Feature","properties":{"a":"RF0230","b":null},"geometry":{"type":"LineString","coordinates":[[-79.86718266015426,40.445697138050456],[-79.86749410629272,40.446408185967165]]}},{"type":"Feature","properties":{"a":"RF0230","b":null},"geometry":{"type":"LineString","coordinates":[[-79.86631393432619,40.445697138050456],[-79.86631393432619,40.44737620682782]]}},{"type":"Feature","properties":{"a":"RF0230","b":null},"geometry":{"type":"LineString","coordinates":[[-79.86631393432619,40.44737620682782],[-79.86693620681761,40.4471103537879]]}},{"type":"Feature","properties":{"a":"RF0231","b":null},"geometry":{"type":"LineString","coordinates":[[-79.86607789993285,40.443501459745015],[-79.86631393432619,40.443384698089446]]}},{"type":"Feature","properties":{"a":"RF0231","b":"RF0241"},"geometry":{"type":"LineString","coordinates":[[-79.86607789993285,40.443501459745015],[-79.86631393432616,40.44408934709899]]}},{"type":"Feature","properties":{"a":"RF0231","b":null},"geometry":{"type":"LineString","coordinates":[[-79.86631393432619,40.44408934709915],[-79.86631393432616,40.44408934709899]]}},{"type":"Feature","properties":{"a":"RF0231","b":null},"geometry":{"type":"LineString","coordinates":[[-79.86631393432619,40.443384698089446],[-79.86631393432619,40.44408934709915]]}},{"type":"Feature","properties":{"a":"RF0231","b":null},"geometry":{"type":"LineString","coordinates":[[-79.86627101898192,40.44462823932333],[-79.86631393432619,40.44453025920449]]}},{"type":"Feature","properties":{"a":"RF0231","b":"RF0241"},"geometry":{"type":"LineString","coordinates":[[-79.86607789993285,40.44480786910469],[-79.86627101898192,40.44462823932333]]}},{"type":"Feature","properties":{"a":"RF0231","b":"RF0241"},"geometry":{"type":"LineString","coordinates":[[-79.86599206924437,40.445003828318676],[-79.86607789993285,40.44480786910469]]}},{"type":"Feature","properties":{"a":"RF0231","b":"RF0241"},"geometry":{"type":"LineString","coordinates":[[-79.86592769622801,40.44519978696136],[-79.86599206924437,40.445003828318676]]}},{"type":"Feature","properties":{"a":"RF0231","b":"RF0241"},"geometry":{"type":"LineString","coordinates":[[-79.86592769622801,40.44519978696136],[-79.86592769622801,40.44541207484625]]}},{"type":"Feature","properties":{"a":"RF0231","b":"RF0241"},"geometry":{"type":"LineString","coordinates":[[-79.86582040786743,40.44549372385421],[-79.86592769622801,40.44541207484625]]}},{"type":"Feature","properties":{"a":"RF0231","b":"RF0241"},"geometry":{"type":"LineString","coordinates":[[-79.86573457717894,40.44549372385421],[-79.86582040786743,40.44549372385421]]}},{"type":"Feature","properties":{"a":"RF0231","b":"RF0241"},"geometry":{"type":"LineString","coordinates":[[-79.86543416976929,40.44539574503276],[-79.86573457717894,40.44549372385421]]}},{"type":"Feature","properties":{"a":"RF0231","b":null},"geometry":{"type":"LineString","coordinates":[[-79.86543416976929,40.44539574503276],[-79.86548647971357,40.44552512457347]]}},{"type":"Feature","properties":{"a":"RF0231","b":"RF0232"},"geometry":{"type":"LineString","coordinates":[[-79.86548647971357,40.44552512457347],[-79.86631393432619,40.44552512457347]]}},{"type":"Feature","properties":{"a":"RF0231","b":null},"geometry":{"type":"LineString","coordinates":[[-79.86631393432619,40.44453025920449],[-79.86631393432619,40.44552512457347]]}},{"type":"Feature","properties":{"a":"RF0231","b":null},"geometry":{"type":"LineString","coordinates":[[-79.86397504806517,40.44537941521529],[-79.86431968490538,40.44552512457347]]}},{"type":"Feature","properties":{"a":"RF0231","b":"RF0240"},"geometry":{"type":"LineString","coordinates":[[-79.86382484436034,40.44524877653277],[-79.86397504806517,40.44537941521529]]}},{"type":"Feature","properties":{"a":"RF0231","b":"RF0240"},"geometry":{"type":"LineString","coordinates":[[-79.86335277557372,40.444301638491],[-79.86382484436034,40.44524877653277]]}},{"type":"Feature","properties":{"a":"RF0231","b":null},"geometry":{"type":"LineString","coordinates":[[-79.8626661300659,40.444481269145165],[-79.86335277557372,40.444301638491]]}},{"type":"Feature","properties":{"a":"RF0231","b":"RF0273"},"geometry":{"type":"LineString","coordinates":[[-79.86230134963989,40.44456291928382],[-79.8626661300659,40.444481269145165]]}},{"type":"Feature","properties":{"a":"RF0231","b":"RF0273"},"geometry":{"type":"LineString","coordinates":[[-79.86155033111572,40.44467722931131],[-79.86230134963989,40.44456291928382]]}},{"type":"Feature","properties":{"a":"RF0231","b":"RF0250"},"geometry":{"type":"LineString","coordinates":[[-79.86124992370605,40.44470988928346],[-79.86155033111572,40.44467722931131]]}},{"type":"Feature","properties":{"a":"RF0231","b":null},"geometry":{"type":"LineString","coordinates":[[-79.86124992370605,40.44470988928346],[-79.86146706544447,40.44552512457347]]}},{"type":"Feature","properties":{"a":"RF0231","b":null},"geometry":{"type":"LineString","coordinates":[[-79.86146706544447,40.44552512457347],[-79.86431968490538,40.44552512457347]]}},{"type":"Feature","properties":{"a":"RF0232","b":null},"geometry":{"type":"LineString","coordinates":[[-79.86548647971357,40.44552512457347],[-79.86552000045776,40.445608032298736]]}},{"type":"Feature","properties":{"a":"RF0232","b":"RF0240"},"geometry":{"type":"LineString","coordinates":[[-79.8654556274414,40.4457713297394],[-79.86552000045776,40.445608032298736]]}},{"type":"Feature","properties":{"a":"RF0232","b":"RF0240"},"geometry":{"type":"LineString","coordinates":[[-79.86539125442503,40.44583664860457],[-79.8654556274414,40.4457713297394]]}},{"type":"Feature","properties":{"a":"RF0232","b":"RF0240"},"geometry":{"type":"LineString","coordinates":[[-79.8651123046875,40.44593462678332],[-79.86539125442503,40.44583664860457]]}},{"type":"Feature","properties":{"a":"RF0232","b":null},"geometry":{"type":"LineString","coordinates":[[-79.86495673656465,40.445907305954975],[-79.8651123046875,40.44593462678332]]}},{"type":"Feature","properties":{"a":"RF0232","b":"RF0233"},"geometry":{"type":"LineString","coordinates":[[-79.86495673656465,40.445907305954975],[-79.86495673656465,40.44659533781549]]}},{"type":"Feature","properties":{"a":"RF0232","b":"RF0234"},"geometry":{"type":"LineString","coordinates":[[-79.86495673656465,40.44659533781549],[-79.86631393432619,40.44659533781549]]}},{"type":"Feature","properties":{"a":"RF0232","b":null},"geometry":{"type":"LineString","coordinates":[[-79.86631393432619,40.44552512457347],[-79.86631393432619,40.44659533781549]]}},{"type":"Feature","properties":{"a":"RF0233","b":null},"geometry":{"type":"LineString","coordinates":[[-79.86483335494995,40.445885637711804],[-79.86495673656465,40.445907305954975]]}},{"type":"Feature","properties":{"a":"RF0233","b":"RF0240"},"geometry":{"type":"LineString","coordinates":[[-79.86436128616332,40.44554271321138],[-79.86483335494995,40.445885637711804]]}},{"type":"Feature","properties":{"a":"RF0233","b":null},"geometry":{"type":"LineString","coordinates":[[-79.86431968490538,40.44552512457347],[-79.86436128616332,40.44554271321138]]}},{"type":"Feature","properties":{"a":"RF0233","b":null},"geometry":{"type":"LineString","coordinates":[[-79.86359953880311,40.44552512457347],[-79.86431968490538,40.44552512457347]]}},{"type":"Feature","properties":{"a":"RF0233","b":null},"geometry":{"type":"LineString","coordinates":[[-79.86359953880311,40.44552512457347],[-79.86359953880311,40.44659533781549]]}},{"type":"Feature","properties":{"a":"RF0233","b":"RF0235"},"geometry":{"type":"LineString","coordinates":[[-79.86359953880311,40.44659533781549],[-79.86495673656465,40.44659533781549]]}},{"type":"Feature","properties":{"a":"RF0234","b":"RF0235"},"geometry":{"type":"LineString","coordinates":[[-79.86495673656465,40.44659533781549],[-79.86495673656465,40.447654211288075]]}},{"type":"Feature","properties":{"a":"RF0234","b":null},"geometry":{"type":"LineString","coordinates":[[-79.86495673656465,40.447654211288075],[-79.86571311950682,40.447632892521554]]}},{"type":"Feature","properties":{"a":"RF0234","b":null},"geometry":{"type":"LineString","coordinates":[[-79.86571311950682,40.447632892521554],[-79.86631393432619,40.44737620682782]]}},{"type":"Feature","properties":{"a":"RF0234","b":null},"geometry":{"type":"LineString","coordinates":[[-79.86631393432619,40.44659533781549],[-79.86631393432619,40.44737620682782]]}},{"type":"Feature","properties":{"a":"RF0235","b":null},"geometry":{"type":"LineString","coordinates":[[-79.86359953880311,40.44659533781549],[-79.86359953880311,40.44741670678735]]}},{"type":"Feature","properties":{"a":"RF0235","b":null},"geometry":{"type":"LineString","coordinates":[[-79.86359953880311,40.44741670678735],[-79.86399650573729,40.44753491681845]]}},{"type":"Feature","properties":{"a":"RF0235","b":null},"geometry":{"type":"LineString","coordinates":[[-79.86455440521239,40.447665551057504],[-79.86495673656465,40.447654211288075]]}},{"type":"Feature","properties":{"a":"RF0236","b":null},"geometry":{"type":"LineString","coordinates":[[-79.86224234104158,40.44552512457347],[-79.86359953880311,40.44552512457347]]}},{"type":"Feature","properties":{"a":"RF0236","b":"RF0237"},"geometry":{"type":"LineString","coordinates":[[-79.86224234104158,40.44552512457347],[-79.86224234104158,40.44732835090929]]}},{"type":"Feature","properties":{"a":"RF0236","b":null},"geometry":{"type":"LineString","coordinates":[[-79.86224234104158,40.44732835090929],[-79.8624300956726,40.44732263563842]]}},{"type":"Feature","properties":{"a":"RF0236","b":null},"geometry":{"type":"LineString","coordinates":[[-79.86350297927855,40.447387952995996],[-79.86359953880311,40.44741670678735]]}},{"type":"Feature","properties":{"a":"RF0236","b":null},"geometry":{"type":"LineString","coordinates":[[-79.86359953880311,40.44552512457347],[-79.86359953880311,40.44741670678735]]}},{"type":"Feature","properties":{"a":"RF0237","b":null},"geometry":{"type":"LineString","coordinates":[[-79.86146706544447,40.44552512457347],[-79.86224234104158,40.44552512457347]]}},{"type":"Feature","properties":{"a":"RF0237","b":null},"geometry":{"type":"LineString","coordinates":[[-79.86146706544447,40.44552512457347],[-79.86157178878784,40.44591829709678]]}},{"type":"Feature","properties":{"a":"RF0237","b":"RF0244"},"geometry":{"type":"LineString","coordinates":[[-79.86157178878784,40.44591829709678],[-79.86191511154175,40.445967286144494]]}},{"type":"Feature","properties":{"a":"RF0237","b":"RF0244"},"geometry":{"type":"LineString","coordinates":[[-79.86191511154175,40.445967286144494],[-79.86206531524657,40.4459999454898]]}},{"type":"Feature","properties":{"a":"RF0237","b":"RF0244"},"geometry":{"type":"LineString","coordinates":[[-79.86178636550902,40.4461632419783],[-79.86206531524657,40.4459999454898]]}},{"type":"Feature","properties":{"a":"RF0237","b":"RF0244"},"geometry":{"type":"LineString","coordinates":[[-79.86155033111572,40.446261219680956],[-79.86178636550902,40.4461632419783]]}},{"type":"Feature","properties":{"a":"RF0237","b":"RF0244"},"geometry":{"type":"LineString","coordinates":[[-79.86105680465697,40.44632653807006],[-79.86155033111572,40.446261219680956]]}},{"type":"Feature","properties":{"a":"RF0237","b":null},"geometry":{"type":"LineString","coordinates":[[-79.86088514328003,40.446408185967165],[-79.86105680465697,40.44632653807006]]}},{"type":"Feature","properties":{"a":"RF0237","b":null},"geometry":{"type":"LineString","coordinates":[[-79.86189365386963,40.447338964983764],[-79.86224234104158,40.44732835090929]]}},{"type":"Feature","properties":{"a":"RF0238","b":"RF0280"},"geometry":{"type":"LineString","coordinates":[[-79.86903905868529,40.44196639630276],[-79.86925363540648,40.44186841233966]]}},{"type":"Feature","properties":{"a":"RF0238","b":"RF0280"},"geometry":{"type":"LineString","coordinates":[[-79.86901760101318,40.441982726949384],[-79.86903905868529,40.44196639630276]]}},{"type":"Feature","properties":{"a":"RF0238","b":"RF0280"},"geometry":{"type":"LineString","coordinates":[[-79.86886739730835,40.442048049496236],[-79.86901760101318,40.441982726949384]]}},{"type":"Feature","properties":{"a":"RF0238","b":null},"geometry":{"type":"LineString","coordinates":[[-79.868266582489,40.44232566961218],[-79.86886739730835,40.442048049496236]]}},{"type":"Feature","properties":{"a":"RF0238","b":"RF0267"},"geometry":{"type":"LineString","coordinates":[[-79.86781597137451,40.44255429708206],[-79.868266582489,40.44232566961218]]}},{"type":"Feature","properties":{"a":"RF0238","b":null},"geometry":{"type":"LineString","coordinates":[[-79.86815929412842,40.44296255848709],[-79.86882448196411,40.44301154968907]]}},{"type":"Feature","properties":{"a":"RF0238","b":null},"geometry":{"type":"LineString","coordinates":[[-79.86891031265257,40.442978888891716],[-79.86953258514404,40.44255429708206]]}},{"type":"Feature","properties":{"a":"RF0239","b":null},"geometry":{"type":"LineString","coordinates":[[-79.86124992370605,40.44470988928346],[-79.86157178878784,40.44591829709678]]}},{"type":"Feature","properties":{"a":"RF0239","b":"RF0250"},"geometry":{"type":"LineString","coordinates":[[-79.86094951629639,40.444758879211925],[-79.86124992370605,40.44470988928346]]}},{"type":"Feature","properties":{"a":"RF0239","b":"RF0248"},"geometry":{"type":"LineString","coordinates":[[-79.86093257785963,40.444762394852965],[-79.86094951629639,40.444758879211925]]}},{"type":"Feature","properties":{"a":"RF0239","b":null},"geometry":{"type":"LineString","coordinates":[[-79.86093257785963,40.444762394852965],[-79.86095074907838,40.44477013743066]]}},{"type":"Feature","properties":{"a":"RF0239","b":null},"geometry":{"type":"LineString","coordinates":[[-79.86095074907838,40.44477013743066],[-79.8609516,40.4447705]]}},{"type":"Feature","properties":{"a":"RF0239","b":null},"geometry":{"type":"LineString","coordinates":[[-79.8609508006496,40.44477060839799],[-79.8609516,40.4447705]]}},{"type":"Feature","properties":{"a":"RF0239","b":"RF0243"},"geometry":{"type":"LineString","coordinates":[[-79.8609508006496,40.44477060839799],[-79.8609709739685,40.444954838568734]]}},{"type":"Feature","properties":{"a":"RF0239","b":null},"geometry":{"type":"LineString","coordinates":[[-79.8609709739685,40.444954838568734],[-79.86124992370605,40.44586930801336]]}},{"type":"Feature","properties":{"a":"RF0239","b":"RF0244"},"geometry":{"type":"LineString","coordinates":[[-79.86124992370605,40.44586930801336],[-79.86157178878784,40.44591829709678]]}},{"type":"Feature","properties":{"a":"RF0240","b":null},"geometry":{"type":"LineString","coordinates":[[-79.86543416976929,40.44539574503276],[-79.86552000045776,40.445608032298736]]}},{"type":"Feature","properties":{"a":"RF0240","b":"RF0241"},"geometry":{"type":"LineString","coordinates":[[-79.86485481262206,40.444105677229864],[-79.86543416976929,40.44539574503276]]}},{"type":"Feature","properties":{"a":"RF0240","b":"RF0241"},"geometry":{"type":"LineString","coordinates":[[-79.8647689819336,40.44392604557196],[-79.86485481262206,40.444105677229864]]}},{"type":"Feature","properties":{"a":"RF0240","b":"RF0272"},"geometry":{"type":"LineString","coordinates":[[-79.8638892173767,40.44415466759871],[-79.8647689819336,40.44392604557196]]}},{"type":"Feature","properties":{"a":"RF0240","b":"RF0272"},"geometry":{"type":"LineString","coordinates":[[-79.86335277557372,40.444301638491],[-79.8638892173767,40.44415466759871]]}},{"type":"Feature","properties":{"a":"RF0240","b":null},"geometry":{"type":"LineString","coordinates":[[-79.86397504806517,40.44537941521529],[-79.86436128616332,40.44554271321138]]}},{"type":"Feature","properties":{"a":"RF0240","b":null},"geometry":{"type":"LineString","coordinates":[[-79.86483335494995,40.445885637711804],[-79.8651123046875,40.44593462678332]]}},{"type":"Feature","properties":{"a":"RF0241","b":"RF0267"},"geometry":{"type":"LineString","coordinates":[[-79.86594915390013,40.44356678081602],[-79.86607789993285,40.443501459745015]]}},{"type":"Feature","properties":{"a":"RF0241","b":"RF0267"},"geometry":{"type":"LineString","coordinates":[[-79.86547708511353,40.44371375299373],[-79.86594915390013,40.44356678081602]]}},{"type":"Feature","properties":{"a":"RF0241","b":"RF0277"},"geometry":{"type":"LineString","coordinates":[[-79.86530542373656,40.443762743648215],[-79.86547708511353,40.44371375299373]]}},{"type":"Feature","properties":{"a":"RF0241","b":"RF0277"},"geometry":{"type":"LineString","coordinates":[[-79.8647689819336,40.44392604557196],[-79.86530542373656,40.443762743648215]]}},{"type":"Feature","properties":{"a":"RF0241","b":null},"geometry":{"type":"LineString","coordinates":[[-79.86627101898192,40.44462823932333],[-79.86633539199828,40.444481269145165]]}},{"type":"Feature","properties":{"a":"RF0242","b":null},"geometry":{"type":"LineString","coordinates":[[-79.87077713012694,40.44227667791033],[-79.87148523330687,40.4415254673441]]}},{"type":"Feature","properties":{"a":"RF0242","b":null},"geometry":{"type":"LineString","coordinates":[[-79.87066984176636,40.442439983444324],[-79.87077713012694,40.44227667791033]]}},{"type":"Feature","properties":{"a":"RF0242","b":"RF0325"},"geometry":{"type":"LineString","coordinates":[[-79.87032651901245,40.44369742276763],[-79.87058401107787,40.443681092537574]]}},{"type":"Feature","properties":{"a":"RF0242","b":"RF0324"},"geometry":{"type":"LineString","coordinates":[[-79.87058401107787,40.443681092537574],[-79.87073421478271,40.44358311107387]]}},{"type":"Feature","properties":{"a":"RF0242","b":"RF0324"},"geometry":{"type":"LineString","coordinates":[[-79.87073421478271,40.44358311107387],[-79.87088441848753,40.44340347801947]]}},{"type":"Feature","properties":{"a":"RF0242","b":"RF0324"},"geometry":{"type":"LineString","coordinates":[[-79.87088441848753,40.44340347801947],[-79.87094879150389,40.44315852308076]]}},{"type":"Feature","properties":{"a":"RF0242","b":"RF0324"},"geometry":{"type":"LineString","coordinates":[[-79.87094879150389,40.44315852308076],[-79.87097024917601,40.44301154968907]]}},{"type":"Feature","properties":{"a":"RF0242","b":"RF0337"},"geometry":{"type":"LineString","coordinates":[[-79.87097024917601,40.44301154968907],[-79.87116336822508,40.442390991825775]]}},{"type":"Feature","properties":{"a":"RF0242","b":"RF0337"},"geometry":{"type":"LineString","coordinates":[[-79.87116336822508,40.442390991825775],[-79.87122774124144,40.44226034733511]]}},{"type":"Feature","properties":{"a":"RF0242","b":"RF0337"},"geometry":{"type":"LineString","coordinates":[[-79.87122774124144,40.44226034733511],[-79.87131357192992,40.44208071074586]]}},{"type":"Feature","properties":{"a":"RF0242","b":"RF0336"},"geometry":{"type":"LineString","coordinates":[[-79.87131357192992,40.44208071074586],[-79.87139940261841,40.441950065652165]]}},{"type":"Feature","properties":{"a":"RF0242","b":"RF0336"},"geometry":{"type":"LineString","coordinates":[[-79.87139940261841,40.441950065652165],[-79.87161397933959,40.4415254673441]]}},{"type":"Feature","properties":{"a":"RF0242","b":"RF0336"},"geometry":{"type":"LineString","coordinates":[[-79.87161397933959,40.4415254673441],[-79.8716354370117,40.44141115195679]]}},{"type":"Feature","properties":{"a":"RF0243","b":null},"geometry":{"type":"LineString","coordinates":[[-79.8609709739685,40.444954838568734],[-79.86104006521361,40.445181337554175]]}},{"type":"Feature","properties":{"a":"RF0243","b":null},"geometry":{"type":"LineString","coordinates":[[-79.86078406885922,40.444793218496514],[-79.8609508006496,40.44477060839799]]}},{"type":"Feature","properties":{"a":"RF0243","b":null},"geometry":{"type":"LineString","coordinates":[[-79.8603624,40.4448504],[-79.86078406885922,40.444793218496514]]}},{"type":"Feature","properties":{"a":"RF0243","b":null},"geometry":{"type":"LineString","coordinates":[[-79.85860203868717,40.44515031708823],[-79.8603624,40.4448504]]}},{"type":"Feature","properties":{"a":"RF0243","b":null},"geometry":{"type":"LineString","coordinates":[[-79.8585904,40.4451523],[-79.85860203868717,40.44515031708823]]}},{"type":"Feature","properties":{"a":"RF0243","b":null},"geometry":{"type":"LineString","coordinates":[[-79.8584914,40.445171],[-79.8585904,40.4451523]]}},{"type":"Feature","properties":{"a":"RF0243","b":null},"geometry":{"type":"LineString","coordinates":[[-79.85845918093901,40.445177064043804],[-79.8584914,40.445171]]}},{"type":"Feature","properties":{"a":"RF0243","b":"RF0246"},"geometry":{"type":"LineString","coordinates":[[-79.85845918093901,40.445177064043804],[-79.85851599358664,40.44523881288254]]}},{"type":"Feature","properties":{"a":"RF0243","b":null},"geometry":{"type":"LineString","coordinates":[[-79.85851599358664,40.44523881288254],[-79.85851894992567,40.44523839683536]]}},{"type":"Feature","properties":{"a":"RF0243","b":null},"geometry":{"type":"LineString","coordinates":[[-79.85851894992567,40.44523839683536],[-79.85851999303388,40.44524315982347]]}},{"type":"Feature","properties":{"a":"RF0243","b":null},"geometry":{"type":"LineString","coordinates":[[-79.85851999303388,40.44524315982347],[-79.85931090420712,40.446102789651235]]}},{"type":"Feature","properties":{"a":"RF0243","b":null},"geometry":{"type":"LineString","coordinates":[[-79.85931090420712,40.446102789651235],[-79.86104006521361,40.445181337554175]]}},{"type":"Feature","properties":{"a":"RF0244","b":null},"geometry":{"type":"LineString","coordinates":[[-79.86104006521361,40.445181337554175],[-79.86124992370605,40.44586930801336]]}},{"type":"Feature","properties":{"a":"RF0244","b":null},"geometry":{"type":"LineString","coordinates":[[-79.86026676941343,40.445593418924304],[-79.86104006521361,40.445181337554175]]}},{"type":"Feature","properties":{"a":"RF0244","b":"RF0245"},"geometry":{"type":"LineString","coordinates":[[-79.86026676941343,40.445593418924304],[-79.86097644809506,40.44636475834078]]}},{"type":"Feature","properties":{"a":"RF0244","b":null},"geometry":{"type":"LineString","coordinates":[[-79.86097644809506,40.44636475834078],[-79.86105680465697,40.44632653807006]]}},{"type":"Feature","properties":{"a":"RF0245","b":null},"geometry":{"type":"LineString","coordinates":[[-79.85931090420712,40.446102789651235],[-79.86026676941343,40.445593418924304]]}},{"type":"Feature","properties":{"a":"RF0245","b":null},"geometry":{"type":"LineString","coordinates":[[-79.85931090420712,40.446102789651235],[-79.86002558407625,40.44687956478552]]}},{"type":"Feature","properties":{"a":"RF0245","b":null},"geometry":{"type":"LineString","coordinates":[[-79.86002558407625,40.44687956478552],[-79.86039161682127,40.446685788075406]]}},{"type":"Feature","properties":{"a":"RF0245","b":null},"geometry":{"type":"LineString","coordinates":[[-79.86088514328003,40.446408185967165],[-79.86097644809506,40.44636475834078]]}},{"type":"Feature","properties":{"a":"RF0246","b":null},"geometry":{"type":"LineString","coordinates":[[-79.85851999303388,40.44524315982347],[-79.86002558407625,40.44687956478552]]}},{"type":"Feature","properties":{"a":"RF0246","b":null},"geometry":{"type":"LineString","coordinates":[[-79.85851999303388,40.44524315982347],[-79.85858917236327,40.44555904298917]]}},{"type":"Feature","properties":{"a":"RF0246","b":null},"geometry":{"type":"LineString","coordinates":[[-79.85858917236327,40.44555904298917],[-79.85861063003539,40.44694705960049]]}},{"type":"Feature","properties":{"a":"RF0246","b":null},"geometry":{"type":"LineString","coordinates":[[-79.85858917236327,40.447224659483034],[-79.85861063003539,40.44694705960049]]}},{"type":"Feature","properties":{"a":"RF0246","b":null},"geometry":{"type":"LineString","coordinates":[[-79.85813856124878,40.44794314797244],[-79.85848188400269,40.4474695996037]]}},{"type":"Feature","properties":{"a":"RF0246","b":null},"geometry":{"type":"LineString","coordinates":[[-79.85837459564208,40.44776352657018],[-79.85989809036255,40.44694705960049]]}},{"type":"Feature","properties":{"a":"RF0246","b":null},"geometry":{"type":"LineString","coordinates":[[-79.85989809036255,40.44694705960049],[-79.86002558407625,40.44687956478552]]}},{"type":"Feature","properties":{"a":"RF0246","b":null},"geometry":{"type":"LineString","coordinates":[[-79.8583862,40.4451908],[-79.85845918093901,40.445177064043804]]}},{"type":"Feature","properties":{"a":"RF0246","b":null},"geometry":{"type":"LineString","coordinates":[[-79.8583663,40.4451937],[-79.8583862,40.4451908]]}},{"type":"Feature","properties":{"a":"RF0246","b":null},"geometry":{"type":"LineString","coordinates":[[-79.85794194605234,40.445255682979074],[-79.8583663,40.4451937]]}},{"type":"Feature","properties":{"a":"RF0246","b":null},"geometry":{"type":"LineString","coordinates":[[-79.85806382546278,40.44530244674652],[-79.85851599358664,40.44523881288254]]}},{"type":"Feature","properties":{"a":"RF0247","b":null},"geometry":{"type":"LineString","coordinates":[[-79.86092805862427,40.4426196190735],[-79.86093106760754,40.442919604921315]]}},{"type":"Feature","properties":{"a":"RF0247","b":"RF0250"},"geometry":{"type":"LineString","coordinates":[[-79.86084222793579,40.4424563139759],[-79.86092805862427,40.4426196190735]]}},{"type":"Feature","properties":{"a":"RF0247","b":"RF0250"},"geometry":{"type":"LineString","coordinates":[[-79.86062853720374,40.44205712746776],[-79.86084222793579,40.4424563139759]]}},{"type":"Feature","properties":{"a":"RF0247","b":null},"geometry":{"type":"LineString","coordinates":[[-79.8602572782938,40.442126032239464],[-79.86062853720374,40.44205712746776]]}},{"type":"Feature","properties":{"a":"RF0247","b":null},"geometry":{"type":"LineString","coordinates":[[-79.85942272548422,40.44228092325831],[-79.8602572782938,40.442126032239464]]}},{"type":"Feature","properties":{"a":"RF0247","b":null},"geometry":{"type":"LineString","coordinates":[[-79.859293,40.442305],[-79.85942272548422,40.44228092325831]]}},{"type":"Feature","properties":{"a":"RF0247","b":null},"geometry":{"type":"LineString","coordinates":[[-79.85923714131704,40.442329856375494],[-79.859293,40.442305]]}},{"type":"Feature","properties":{"a":"RF0247","b":null},"geometry":{"type":"LineString","coordinates":[[-79.85845678821252,40.44267710319118],[-79.85923714131704,40.442329856375494]]}},{"type":"Feature","properties":{"a":"RF0247","b":null},"geometry":{"type":"LineString","coordinates":[[-79.85831597064605,40.44273976514673],[-79.85845678821252,40.44267710319118]]}},{"type":"Feature","properties":{"a":"RF0247","b":null},"geometry":{"type":"LineString","coordinates":[[-79.8583096,40.4427426],[-79.85831597064605,40.44273976514673]]}},{"type":"Feature","properties":{"a":"RF0247","b":null},"geometry":{"type":"LineString","coordinates":[[-79.8583096,40.4427426],[-79.85844697145376,40.442877942552606]]}},{"type":"Feature","properties":{"a":"RF0247","b":null},"geometry":{"type":"LineString","coordinates":[[-79.85844697145376,40.442877942552606],[-79.85856020644007,40.44298950512018]]}},{"type":"Feature","properties":{"a":"RF0247","b":null},"geometry":{"type":"LineString","coordinates":[[-79.85856020644007,40.44298950512018],[-79.8585872,40.4430161]]}},{"type":"Feature","properties":{"a":"RF0247","b":null},"geometry":{"type":"LineString","coordinates":[[-79.8585872,40.4430161],[-79.8591368,40.4435579]]}},{"type":"Feature","properties":{"a":"RF0247","b":null},"geometry":{"type":"LineString","coordinates":[[-79.8591368,40.4435579],[-79.8593053,40.443724]]}},{"type":"Feature","properties":{"a":"RF0247","b":null},"geometry":{"type":"LineString","coordinates":[[-79.8593053,40.443724],[-79.85946422165074,40.4438563223174]]}},{"type":"Feature","properties":{"a":"RF0247","b":"RF0248"},"geometry":{"type":"LineString","coordinates":[[-79.85946422165074,40.4438563223174],[-79.85948727042899,40.44384160353154]]}},{"type":"Feature","properties":{"a":"RF0247","b":null},"geometry":{"type":"LineString","coordinates":[[-79.85899686813354,40.44340347801947],[-79.85948727042899,40.44384160353154]]}},{"type":"Feature","properties":{"a":"RF0247","b":"RF0249"},"geometry":{"type":"LineString","coordinates":[[-79.85869646072388,40.443109531985904],[-79.85899686813354,40.44340347801947]]}},{"type":"Feature","properties":{"a":"RF0247","b":"RF0249"},"geometry":{"type":"LineString","coordinates":[[-79.85858917236327,40.44301154968907],[-79.85869646072388,40.443109531985904]]}},{"type":"Feature","properties":{"a":"RF0247","b":"RF0249"},"geometry":{"type":"LineString","coordinates":[[-79.85858917236327,40.44301154968907],[-79.85959768295288,40.442684941001446]]}},{"type":"Feature","properties":{"a":"RF0247","b":"RF0249"},"geometry":{"type":"LineString","coordinates":[[-79.85959768295288,40.442684941001446],[-79.8597478866577,40.44270127147352]]}},{"type":"Feature","properties":{"a":"RF0247","b":"RF0249"},"geometry":{"type":"LineString","coordinates":[[-79.8597478866577,40.44270127147352],[-79.85985517501831,40.442766593322126]]}},{"type":"Feature","properties":{"a":"RF0247","b":"RF0249"},"geometry":{"type":"LineString","coordinates":[[-79.85985517501831,40.442766593322126],[-79.85989809036255,40.442929897665934]]}},{"type":"Feature","properties":{"a":"RF0247","b":"RF0249"},"geometry":{"type":"LineString","coordinates":[[-79.85957622528076,40.443762743648215],[-79.85989809036255,40.442929897665934]]}},{"type":"Feature","properties":{"a":"RF0247","b":null},"geometry":{"type":"LineString","coordinates":[[-79.85950570011921,40.44382983446242],[-79.85957622528076,40.443762743648215]]}},{"type":"Feature","properties":{"a":"RF0247","b":"RF0248"},"geometry":{"type":"LineString","coordinates":[[-79.85950570011921,40.44382983446242],[-79.86093106760754,40.442919604921315]]}},{"type":"Feature","properties":{"a":"RF0248","b":null},"geometry":{"type":"LineString","coordinates":[[-79.86093106760754,40.442919604921315],[-79.86094951629639,40.444758879211925]]}},{"type":"Feature","properties":{"a":"RF0248","b":null},"geometry":{"type":"LineString","coordinates":[[-79.85949039459229,40.44384439465968],[-79.85950570011921,40.44382983446242]]}},{"type":"Feature","properties":{"a":"RF0248","b":null},"geometry":{"type":"LineString","coordinates":[[-79.85948727042899,40.44384160353154],[-79.85949039459229,40.44384439465968]]}},{"type":"Feature","properties":{"a":"RF0248","b":null},"geometry":{"type":"LineString","coordinates":[[-79.85946422165074,40.4438563223174],[-79.8595174,40.4439006]]}},{"type":"Feature","properties":{"a":"RF0248","b":null},"geometry":{"type":"LineString","coordinates":[[-79.8595174,40.4439006],[-79.8599236,40.4442387]]}},{"type":"Feature","properties":{"a":"RF0248","b":null},"geometry":{"type":"LineString","coordinates":[[-79.8599236,40.4442387],[-79.8600677,40.4443431]]}},{"type":"Feature","properties":{"a":"RF0248","b":null},"geometry":{"type":"LineString","coordinates":[[-79.8600677,40.4443431],[-79.8602287,40.4444489]]}},{"type":"Feature","properties":{"a":"RF0248","b":null},"geometry":{"type":"LineString","coordinates":[[-79.8602287,40.4444489],[-79.8604104,40.4445399]]}},{"type":"Feature","properties":{"a":"RF0248","b":null},"geometry":{"type":"LineString","coordinates":[[-79.8604104,40.4445399],[-79.860681,40.4446552]]}},{"type":"Feature","properties":{"a":"RF0248","b":null},"geometry":{"type":"LineString","coordinates":[[-79.860681,40.4446552],[-79.86093257785963,40.444762394852965]]}},{"type":"Feature","properties":{"a":"RF0249","b":null},"geometry":{"type":"LineString","coordinates":[[-79.85899686813354,40.44340347801947],[-79.85949039459229,40.44384439465968]]}},{"type":"Feature","properties":{"a":"RF0249","b":null},"geometry":{"type":"LineString","coordinates":[[-79.85949039459229,40.44384439465968],[-79.85957622528076,40.443762743648215]]}},{"type":"Feature","properties":{"a":"RF0250","b":"RF0273"},"geometry":{"type":"LineString","coordinates":[[-79.86185073852538,40.44273393240576],[-79.86191511154175,40.44382806446532]]}},{"type":"Feature","properties":{"a":"RF0250","b":null},"geometry":{"type":"LineString","coordinates":[[-79.86166095321872,40.44169076806523],[-79.86185073852538,40.44273393240576]]}},{"type":"Feature","properties":{"a":"RF0250","b":null},"geometry":{"type":"LineString","coordinates":[[-79.86166095321872,40.44169076806523],[-79.8618563662814,40.44163924335576]]}},{"type":"Feature","properties":{"a":"RF0250","b":"RF0269"},"geometry":{"type":"LineString","coordinates":[[-79.86185290324386,40.441605563122955],[-79.8618563662814,40.44163924335576]]}},{"type":"Feature","properties":{"a":"RF0250","b":"RF0269"},"geometry":{"type":"LineString","coordinates":[[-79.86180760743197,40.44116503267279],[-79.86185290324386,40.441605563122955]]}},{"type":"Feature","properties":{"a":"RF0250","b":"RF0269"},"geometry":{"type":"LineString","coordinates":[[-79.8615777237709,40.441117669146365],[-79.86180760743197,40.44116503267279]]}},{"type":"Feature","properties":{"a":"RF0250","b":null},"geometry":{"type":"LineString","coordinates":[[-79.8615777237709,40.441117669146365],[-79.86165549950883,40.44169220604903]]}},{"type":"Feature","properties":{"a":"RF0250","b":null},"geometry":{"type":"LineString","coordinates":[[-79.86165549950883,40.44169220604903],[-79.861664,40.441755]]}},{"type":"Feature","properties":{"a":"RF0250","b":null},"geometry":{"type":"LineString","coordinates":[[-79.861507,40.441786],[-79.861664,40.441755]]}},{"type":"Feature","properties":{"a":"RF0250","b":null},"geometry":{"type":"LineString","coordinates":[[-79.861455,40.441801],[-79.861507,40.441786]]}},{"type":"Feature","properties":{"a":"RF0250","b":null},"geometry":{"type":"LineString","coordinates":[[-79.861226,40.44187],[-79.861455,40.441801]]}},{"type":"Feature","properties":{"a":"RF0250","b":null},"geometry":{"type":"LineString","coordinates":[[-79.860841,40.441985],[-79.861226,40.44187]]}},{"type":"Feature","properties":{"a":"RF0250","b":null},"geometry":{"type":"LineString","coordinates":[[-79.860792,40.442],[-79.860841,40.441985]]}},{"type":"Feature","properties":{"a":"RF0250","b":null},"geometry":{"type":"LineString","coordinates":[[-79.86064,40.442055],[-79.860792,40.442]]}},{"type":"Feature","properties":{"a":"RF0250","b":null},"geometry":{"type":"LineString","coordinates":[[-79.86062853720374,40.44205712746776],[-79.86064,40.442055]]}},{"type":"Feature","properties":{"a":"RF0250","b":null},"geometry":{"type":"LineString","coordinates":[[-79.86092805862427,40.4426196190735],[-79.86094951629639,40.444758879211925]]}},{"type":"Feature","properties":{"a":"RF0250","b":"RF0273"},"geometry":{"type":"LineString","coordinates":[[-79.86150741577147,40.44413833747973],[-79.86155033111572,40.44467722931131]]}},{"type":"Feature","properties":{"a":"RF0250","b":"RF0273"},"geometry":{"type":"LineString","coordinates":[[-79.86150741577147,40.44413833747973],[-79.86159324645996,40.44405668682533]]}},{"type":"Feature","properties":{"a":"RF0250","b":"RF0273"},"geometry":{"type":"LineString","coordinates":[[-79.86159324645996,40.44405668682533],[-79.86182928085326,40.44392604557196]]}},{"type":"Feature","properties":{"a":"RF0250","b":"RF0273"},"geometry":{"type":"LineString","coordinates":[[-79.86182928085326,40.44392604557196],[-79.86191511154175,40.44382806446532]]}},{"type":"Feature","properties":{"a":"RF0251","b":null},"geometry":{"type":"LineString","coordinates":[[-79.86779451370239,40.43729566854693],[-79.86789177479271,40.43770743927053]]}},{"type":"Feature","properties":{"a":"RF0251","b":null},"geometry":{"type":"LineString","coordinates":[[-79.86779451370239,40.43672405370366],[-79.86779451370239,40.43729566854693]]}},{"type":"Feature","properties":{"a":"RF0251","b":null},"geometry":{"type":"LineString","coordinates":[[-79.86655170488396,40.43671477987854],[-79.86779451370239,40.43672405370366]]}},{"type":"Feature","properties":{"a":"RF0251","b":null},"geometry":{"type":"LineString","coordinates":[[-79.86655170488396,40.43671477987854],[-79.86655170488396,40.43770743927053]]}},{"type":"Feature","properties":{"a":"RF0251","b":"RF0252"},"geometry":{"type":"LineString","coordinates":[[-79.86655170488396,40.43770743927053],[-79.86789177479271,40.43770743927053]]}},{"type":"Feature","properties":{"a":"RF0252","b":null},"geometry":{"type":"LineString","coordinates":[[-79.86789177479271,40.43770743927053],[-79.8681262429791,40.438700098662515]]}},{"type":"Feature","properties":{"a":"RF0252","b":null},"geometry":{"type":"LineString","coordinates":[[-79.86655170488396,40.43770743927053],[-79.86655170488396,40.438700098662515]]}},{"type":"Feature","properties":{"a":"RF0252","b":null},"geometry":{"type":"LineString","coordinates":[[-79.86655170488396,40.438700098662515],[-79.8681262429791,40.438700098662515]]}},{"type":"Feature","properties":{"a":"RF0253","b":null},"geometry":{"type":"LineString","coordinates":[[-79.86560583114623,40.436707721779584],[-79.86655170488396,40.43671477987854]]}},{"type":"Feature","properties":{"a":"RF0253","b":"RF0302"},"geometry":{"type":"LineString","coordinates":[[-79.86549854278564,40.43693636835561],[-79.86560583114623,40.436707721779584]]}},{"type":"Feature","properties":{"a":"RF0253","b":"RF0302"},"geometry":{"type":"LineString","coordinates":[[-79.86530542373656,40.43714868233711],[-79.86549854278564,40.43693636835561]]}},{"type":"Feature","properties":{"a":"RF0253","b":"RF0302"},"geometry":{"type":"LineString","coordinates":[[-79.86506938934326,40.4373120003282],[-79.86530542373656,40.43714868233711]]}},{"type":"Feature","properties":{"a":"RF0253","b":null},"geometry":{"type":"LineString","coordinates":[[-79.86497716678882,40.43735985846991],[-79.86506938934326,40.4373120003282]]}},{"type":"Feature","properties":{"a":"RF0253","b":null},"geometry":{"type":"LineString","coordinates":[[-79.86497716678882,40.43735985846991],[-79.86497716678882,40.437703910221046]]}},{"type":"Feature","properties":{"a":"RF0253","b":"RF0254"},"geometry":{"type":"LineString","coordinates":[[-79.86497716678882,40.437703910221046],[-79.86655170488396,40.437703910221046]]}},{"type":"Feature","properties":{"a":"RF0253","b":null},"geometry":{"type":"LineString","coordinates":[[-79.86655170488396,40.43671477987854],[-79.86655170488396,40.437703910221046]]}},{"type":"Feature","properties":{"a":"RF0254","b":null},"geometry":{"type":"LineString","coordinates":[[-79.86497716678882,40.437703910221046],[-79.86497716678882,40.438700098662515]]}},{"type":"Feature","properties":{"a":"RF0254","b":null},"geometry":{"type":"LineString","coordinates":[[-79.86497716678882,40.438700098662515],[-79.86655170488396,40.438700098662515]]}},{"type":"Feature","properties":{"a":"RF0254","b":null},"geometry":{"type":"LineString","coordinates":[[-79.86655170488396,40.437703910221046],[-79.86655170488396,40.438700098662515]]}},{"type":"Feature","properties":{"a":"RF0255","b":null},"geometry":{"type":"LineString","coordinates":[[-79.86835241317748,40.43956574809226],[-79.86838099925919,40.43969628710397]]}},{"type":"Feature","properties":{"a":"RF0255","b":"RF0306"},"geometry":{"type":"LineString","coordinates":[[-79.86818075180054,40.438977821176714],[-79.86835241317748,40.43956574809226]]}},{"type":"Feature","properties":{"a":"RF0255","b":"RF0306"},"geometry":{"type":"LineString","coordinates":[[-79.8681378364563,40.438749181543265],[-79.86818075180054,40.438977821176714]]}},{"type":"Feature","properties":{"a":"RF0255","b":null},"geometry":{"type":"LineString","coordinates":[[-79.8681262429791,40.438700098662515],[-79.8681378364563,40.438749181543265]]}},{"type":"Feature","properties":{"a":"RF0255","b":null},"geometry":{"type":"LineString","coordinates":[[-79.86680425018322,40.438700098662515],[-79.8681262429791,40.438700098662515]]}},{"type":"Feature","properties":{"a":"RF0255","b":"RF0257"},"geometry":{"type":"LineString","coordinates":[[-79.86680425018322,40.438700098662515],[-79.86680425018322,40.43969628710397]]}},{"type":"Feature","properties":{"a":"RF0255","b":"RF0256"},"geometry":{"type":"LineString","coordinates":[[-79.86680425018322,40.43969628710397],[-79.86838099925919,40.43969628710397]]}},{"type":"Feature","properties":{"a":"RF0256","b":null},"geometry":{"type":"LineString","coordinates":[[-79.86854553222656,40.440349642648385],[-79.86863133357764,40.44069247554545]]}},{"type":"Feature","properties":{"a":"RF0256","b":"RF0307"},"geometry":{"type":"LineString","coordinates":[[-79.8684811592102,40.44015366986628],[-79.86854553222656,40.440349642648385]]}},{"type":"Feature","properties":{"a":"RF0256","b":null},"geometry":{"type":"LineString","coordinates":[[-79.86838099925919,40.43969628710397],[-79.8684811592102,40.44015366986628]]}},{"type":"Feature","properties":{"a":"RF0256","b":"RF0258"},"geometry":{"type":"LineString","coordinates":[[-79.86680425018322,40.43969628710397],[-79.86680425018322,40.44069247554545]]}},{"type":"Feature","properties":{"a":"RF0256","b":null},"geometry":{"type":"LineString","coordinates":[[-79.86680425018322,40.44069247554545],[-79.86863133357764,40.44069247554545]]}},{"type":"Feature","properties":{"a":"RF0257","b":null},"geometry":{"type":"LineString","coordinates":[[-79.86497716678882,40.438700098662515],[-79.86680425018322,40.438700098662515]]}},{"type":"Feature","properties":{"a":"RF0257","b":null},"geometry":{"type":"LineString","coordinates":[[-79.86497716678882,40.438700098662515],[-79.86497716678882,40.43969628710397]]}},{"type":"Feature","properties":{"a":"RF0257","b":"RF0258"},"geometry":{"type":"LineString","coordinates":[[-79.86497716678882,40.43969628710397],[-79.86680425018322,40.43969628710397]]}},{"type":"Feature","properties":{"a":"RF0258","b":null},"geometry":{"type":"LineString","coordinates":[[-79.86497716678882,40.43969628710397],[-79.86497716678882,40.44069247554545]]}},{"type":"Feature","properties":{"a":"RF0258","b":null},"geometry":{"type":"LineString","coordinates":[[-79.86497716678882,40.44069247554545],[-79.86680425018322,40.44069247554545]]}},{"type":"Feature","properties":{"a":"RF0259","b":null},"geometry":{"type":"LineString","coordinates":[[-79.86468293528804,40.43751254750509],[-79.86497716678882,40.43735985846991]]}},{"type":"Feature","properties":{"a":"RF0259","b":null},"geometry":{"type":"LineString","coordinates":[[-79.86468293528804,40.43751254750509],[-79.864737,40.437492]]}},{"type":"Feature","properties":{"a":"RF0259","b":null},"geometry":{"type":"LineString","coordinates":[[-79.86462323278474,40.43755204603198],[-79.864737,40.437492]]}},{"type":"Feature","properties":{"a":"RF0259","b":null},"geometry":{"type":"LineString","coordinates":[[-79.86448806848263,40.43762338538918],[-79.86462323278474,40.43755204603198]]}},{"type":"Feature","properties":{"a":"RF0259","b":null},"geometry":{"type":"LineString","coordinates":[[-79.86338348256405,40.43820638288315],[-79.86448806848263,40.43762338538918]]}},{"type":"Feature","properties":{"a":"RF0259","b":null},"geometry":{"type":"LineString","coordinates":[[-79.86337582934841,40.43821042222989],[-79.86338348256405,40.43820638288315]]}},{"type":"Feature","properties":{"a":"RF0259","b":"RF0260"},"geometry":{"type":"LineString","coordinates":[[-79.86337582934841,40.43821042222989],[-79.86412636363474,40.439026167007675]]}},{"type":"Feature","properties":{"a":"RF0259","b":null},"geometry":{"type":"LineString","coordinates":[[-79.86412636363474,40.439026167007675],[-79.86497716678882,40.439026167007675]]}},{"type":"Feature","properties":{"a":"RF0259","b":null},"geometry":{"type":"LineString","coordinates":[[-79.86497716678882,40.43735985846991],[-79.86497716678882,40.439026167007675]]}},{"type":"Feature","properties":{"a":"RF0260","b":null},"geometry":{"type":"LineString","coordinates":[[-79.863316,40.438242],[-79.86337582934841,40.43821042222989]]}},{"type":"Feature","properties":{"a":"RF0260","b":null},"geometry":{"type":"LineString","coordinates":[[-79.86251403588925,40.43869409466926],[-79.863316,40.438242]]}},{"type":"Feature","properties":{"a":"RF0260","b":null},"geometry":{"type":"LineString","coordinates":[[-79.862202,40.43887],[-79.86251403588925,40.43869409466926]]}},{"type":"Feature","properties":{"a":"RF0260","b":null},"geometry":{"type":"LineString","coordinates":[[-79.861993,40.438958],[-79.862202,40.43887]]}},{"type":"Feature","properties":{"a":"RF0260","b":null},"geometry":{"type":"LineString","coordinates":[[-79.86174245634899,40.439026167007675],[-79.861993,40.438958]]}},{"type":"Feature","properties":{"a":"RF0260","b":null},"geometry":{"type":"LineString","coordinates":[[-79.86174245634899,40.439026167007675],[-79.86412636363474,40.439026167007675]]}},{"type":"Feature","properties":{"a":"RF0261","b":null},"geometry":{"type":"LineString","coordinates":[[-79.8631500833944,40.439026167007675],[-79.86497716678882,40.439026167007675]]}},{"type":"Feature","properties":{"a":"RF0261","b":"RF0263"},"geometry":{"type":"LineString","coordinates":[[-79.8631500833944,40.439026167007675],[-79.8631500833944,40.43957965064764]]}},{"type":"Feature","properties":{"a":"RF0261","b":null},"geometry":{"type":"LineString","coordinates":[[-79.8631500833944,40.43957965064764],[-79.86322402954102,40.439598410547916]]}},{"type":"Feature","properties":{"a":"RF0261","b":null},"geometry":{"type":"LineString","coordinates":[[-79.86322402954102,40.439598410547916],[-79.86326688122894,40.43985932127657]]}},{"type":"Feature","properties":{"a":"RF0261","b":"RF0262"},"geometry":{"type":"LineString","coordinates":[[-79.86326688122894,40.43985932127657],[-79.86497716678882,40.43985932127657]]}},{"type":"Feature","properties":{"a":"RF0261","b":null},"geometry":{"type":"LineString","coordinates":[[-79.86497716678882,40.439026167007675],[-79.86497716678882,40.43985932127657]]}},{"type":"Feature","properties":{"a":"RF0262","b":null},"geometry":{"type":"LineString","coordinates":[[-79.86326688122894,40.43985932127657],[-79.8633313179016,40.44025165632873]]}},{"type":"Feature","properties":{"a":"RF0262","b":"RF0279"},"geometry":{"type":"LineString","coordinates":[[-79.8633313179016,40.44025165632873],[-79.8633313179016,40.44054561485922]]}},{"type":"Feature","properties":{"a":"RF0262","b":null},"geometry":{"type":"LineString","coordinates":[[-79.86327342873102,40.44069247554545],[-79.8633313179016,40.44054561485922]]}},{"type":"Feature","properties":{"a":"RF0262","b":null},"geometry":{"type":"LineString","coordinates":[[-79.86327342873102,40.44069247554545],[-79.86497716678882,40.44069247554545]]}},{"type":"Feature","properties":{"a":"RF0262","b":null},"geometry":{"type":"LineString","coordinates":[[-79.86497716678882,40.43985932127657],[-79.86497716678882,40.44069247554545]]}},{"type":"Feature","properties":{"a":"RF0263","b":null},"geometry":{"type":"LineString","coordinates":[[-79.86174245634899,40.439026167007675],[-79.8631500833944,40.439026167007675]]}},{"type":"Feature","properties":{"a":"RF0263","b":null},"geometry":{"type":"LineString","coordinates":[[-79.861574,40.439072],[-79.86174245634899,40.439026167007675]]}},{"type":"Feature","properties":{"a":"RF0263","b":null},"geometry":{"type":"LineString","coordinates":[[-79.861323,40.439236],[-79.861574,40.439072]]}},{"type":"Feature","properties":{"a":"RF0263","b":null},"geometry":{"type":"LineString","coordinates":[[-79.861323,40.439236],[-79.86152016481184,40.44069247554545]]}},{"type":"Feature","properties":{"a":"RF0263","b":"RF0269"},"geometry":{"type":"LineString","coordinates":[[-79.86152016481184,40.44069247554545],[-79.86254245659111,40.44069247554545]]}},{"type":"Feature","properties":{"a":"RF0263","b":null},"geometry":{"type":"LineString","coordinates":[[-79.862322807312,40.43999035877812],[-79.86254245659111,40.44069247554545]]}},{"type":"Feature","properties":{"a":"RF0263","b":"RF0279"},"geometry":{"type":"LineString","coordinates":[[-79.862322807312,40.43990870308527],[-79.862322807312,40.43999035877812]]}},{"type":"Feature","properties":{"a":"RF0263","b":"RF0279"},"geometry":{"type":"LineString","coordinates":[[-79.862322807312,40.43990870308527],[-79.86240863800047,40.43977805377042]]}},{"type":"Feature","properties":{"a":"RF0263","b":"RF0279"},"geometry":{"type":"LineString","coordinates":[[-79.86240863800047,40.43977805377042],[-79.8626446723938,40.4396147417698]]}},{"type":"Feature","properties":{"a":"RF0263","b":"RF0279"},"geometry":{"type":"LineString","coordinates":[[-79.8626446723938,40.4396147417698],[-79.86279487609862,40.43954941685847]]}},{"type":"Feature","properties":{"a":"RF0263","b":"RF0279"},"geometry":{"type":"LineString","coordinates":[[-79.86279487609862,40.43954941685847],[-79.86309528350829,40.43956574809226]]}},{"type":"Feature","properties":{"a":"RF0263","b":null},"geometry":{"type":"LineString","coordinates":[[-79.86309528350829,40.43956574809226],[-79.8631500833944,40.43957965064764]]}},{"type":"Feature","properties":{"a":"RF0264","b":"RF0280"},"geometry":{"type":"LineString","coordinates":[[-79.86867427825926,40.44180308961825],[-79.86886739730835,40.442048049496236]]}},{"type":"Feature","properties":{"a":"RF0264","b":"RF0280"},"geometry":{"type":"LineString","coordinates":[[-79.8684811592102,40.441672443985],[-79.86867427825926,40.44180308961825]]}},{"type":"Feature","properties":{"a":"RF0264","b":"RF0280"},"geometry":{"type":"LineString","coordinates":[[-79.8684811592102,40.441672443985],[-79.86869573593138,40.44118252059898]]}},{"type":"Feature","properties":{"a":"RF0264","b":"RF0280"},"geometry":{"type":"LineString","coordinates":[[-79.86869573593138,40.44118252059898],[-79.86873865127562,40.44106820462848]]}},{"type":"Feature","properties":{"a":"RF0264","b":"RF0307"},"geometry":{"type":"LineString","coordinates":[[-79.8687171936035,40.44103554288692],[-79.86873865127562,40.44106820462848]]}},{"type":"Feature","properties":{"a":"RF0264","b":null},"geometry":{"type":"LineString","coordinates":[[-79.86863133357764,40.44069247554545],[-79.8687171936035,40.44103554288692]]}},{"type":"Feature","properties":{"a":"RF0264","b":null},"geometry":{"type":"LineString","coordinates":[[-79.86702740192415,40.44069247554545],[-79.86863133357764,40.44069247554545]]}},{"type":"Feature","properties":{"a":"RF0264","b":null},"geometry":{"type":"LineString","coordinates":[[-79.86702740192415,40.44069247554545],[-79.86702740192415,40.4414928058247]]}},{"type":"Feature","properties":{"a":"RF0264","b":null},"geometry":{"type":"LineString","coordinates":[[-79.86702740192415,40.4414928058247],[-79.86717224121094,40.4414928058247]]}},{"type":"Feature","properties":{"a":"RF0264","b":"RF0274"},"geometry":{"type":"LineString","coordinates":[[-79.86717224121094,40.4414928058247],[-79.86719369888306,40.44159079033529]]}},{"type":"Feature","properties":{"a":"RF0264","b":"RF0274"},"geometry":{"type":"LineString","coordinates":[[-79.86719369888306,40.44159079033529],[-79.8677086830139,40.44159079033529]]}},{"type":"Feature","properties":{"a":"RF0264","b":"RF0274"},"geometry":{"type":"LineString","coordinates":[[-79.8677086830139,40.44159079033529],[-79.86775159835814,40.44162345180707]]}},{"type":"Feature","properties":{"a":"RF0264","b":null},"geometry":{"type":"LineString","coordinates":[[-79.86775159835814,40.44162345180707],[-79.86779168517191,40.44220311426959]]}},{"type":"Feature","properties":{"a":"RF0264","b":"RF0267"},"geometry":{"type":"LineString","coordinates":[[-79.86779168517191,40.44220311426959],[-79.86853181206637,40.44220311426959]]}},{"type":"Feature","properties":{"a":"RF0264","b":null},"geometry":{"type":"LineString","coordinates":[[-79.86853181206637,40.44220311426959],[-79.86886739730835,40.442048049496236]]}},{"type":"Feature","properties":{"a":"RF0265","b":null},"geometry":{"type":"LineString","coordinates":[[-79.8651874065399,40.44069247554545],[-79.86702740192415,40.44069247554545]]}},{"type":"Feature","properties":{"a":"RF0265","b":null},"geometry":{"type":"LineString","coordinates":[[-79.8651874065399,40.44069247554545],[-79.8651874065399,40.44144779490752]]}},{"type":"Feature","properties":{"a":"RF0265","b":"RF0266"},"geometry":{"type":"LineString","coordinates":[[-79.8651874065399,40.44144779490752],[-79.86702740192415,40.44144779490752]]}},{"type":"Feature","properties":{"a":"RF0265","b":null},"geometry":{"type":"LineString","coordinates":[[-79.86702740192415,40.44069247554545],[-79.86702740192415,40.44144779490752]]}},{"type":"Feature","properties":{"a":"RF0266","b":null},"geometry":{"type":"LineString","coordinates":[[-79.8651874065399,40.44144779490752],[-79.8651874065399,40.441530817073776]]}},{"type":"Feature","properties":{"a":"RF0266","b":null},"geometry":{"type":"LineString","coordinates":[[-79.8651874065399,40.441530817073776],[-79.86539125442503,40.4415254673441]]}},{"type":"Feature","properties":{"a":"RF0266","b":null},"geometry":{"type":"LineString","coordinates":[[-79.86539125442503,40.4415254673441],[-79.86541783363428,40.44220311426959]]}},{"type":"Feature","properties":{"a":"RF0266","b":"RF0267"},"geometry":{"type":"LineString","coordinates":[[-79.86541783363428,40.44220311426959],[-79.8665928840637,40.44220311426959]]}},{"type":"Feature","properties":{"a":"RF0266","b":null},"geometry":{"type":"LineString","coordinates":[[-79.8665928840637,40.441688774703046],[-79.8665928840637,40.44220311426959]]}},{"type":"Feature","properties":{"a":"RF0266","b":"RF0274"},"geometry":{"type":"LineString","coordinates":[[-79.8665714263916,40.4414928058247],[-79.8665928840637,40.441688774703046]]}},{"type":"Feature","properties":{"a":"RF0266","b":null},"geometry":{"type":"LineString","coordinates":[[-79.8665714263916,40.4414928058247],[-79.86702740192415,40.4414928058247]]}},{"type":"Feature","properties":{"a":"RF0266","b":null},"geometry":{"type":"LineString","coordinates":[[-79.86702740192415,40.44144779490752],[-79.86702740192415,40.4414928058247]]}},{"type":"Feature","properties":{"a":"RF0267","b":null},"geometry":{"type":"LineString","coordinates":[[-79.86779168517191,40.44220311426959],[-79.86781597137451,40.44255429708206]]}},{"type":"Feature","properties":{"a":"RF0267","b":null},"geometry":{"type":"LineString","coordinates":[[-79.868266582489,40.44232566961218],[-79.86853181206637,40.44220311426959]]}},{"type":"Feature","properties":{"a":"RF0267","b":"RF0274"},"geometry":{"type":"LineString","coordinates":[[-79.8665928840637,40.44232566961218],[-79.86663579940794,40.44320751413991]]}},{"type":"Feature","properties":{"a":"RF0267","b":null},"geometry":{"type":"LineString","coordinates":[[-79.8665928840637,40.44220311426959],[-79.8665928840637,40.44232566961218]]}},{"type":"Feature","properties":{"a":"RF0267","b":null},"geometry":{"type":"LineString","coordinates":[[-79.86541783363428,40.44220311426959],[-79.86547708511353,40.44371375299373]]}},{"type":"Feature","properties":{"a":"RF0267","b":null},"geometry":{"type":"LineString","coordinates":[[-79.86607789993285,40.443501459745015],[-79.86650705337524,40.44328916582582]]}},{"type":"Feature","properties":{"a":"RF0268","b":null},"geometry":{"type":"LineString","coordinates":[[-79.86335378567588,40.44069247554545],[-79.8651874065399,40.44069247554545]]}},{"type":"Feature","properties":{"a":"RF0268","b":null},"geometry":{"type":"LineString","coordinates":[[-79.86335378567588,40.44069247554545],[-79.86335378567588,40.44198171607837]]}},{"type":"Feature","properties":{"a":"RF0268","b":null},"geometry":{"type":"LineString","coordinates":[[-79.86335378567588,40.44198171607837],[-79.86346006393431,40.441950065652165]]}},{"type":"Feature","properties":{"a":"RF0268","b":"RF0276"},"geometry":{"type":"LineString","coordinates":[[-79.86346006393431,40.441950065652165],[-79.8636746406555,40.44180308961825]]}},{"type":"Feature","properties":{"a":"RF0268","b":"RF0276"},"geometry":{"type":"LineString","coordinates":[[-79.8636746406555,40.44180308961825],[-79.86380338668822,40.44163978253702]]}},{"type":"Feature","properties":{"a":"RF0268","b":"RF0276"},"geometry":{"type":"LineString","coordinates":[[-79.86380338668822,40.44163978253702],[-79.86386775970458,40.44139482117131]]}},{"type":"Feature","properties":{"a":"RF0268","b":null},"geometry":{"type":"LineString","coordinates":[[-79.86386775970458,40.44139482117131],[-79.8647689819336,40.44154179809785]]}},{"type":"Feature","properties":{"a":"RF0268","b":null},"geometry":{"type":"LineString","coordinates":[[-79.8647689819336,40.44154179809785],[-79.8651874065399,40.441530817073776]]}},{"type":"Feature","properties":{"a":"RF0268","b":null},"geometry":{"type":"LineString","coordinates":[[-79.8651874065399,40.44069247554545],[-79.8651874065399,40.441530817073776]]}},{"type":"Feature","properties":{"a":"RF0268","b":null},"geometry":{"type":"LineString","coordinates":[[-79.86335378567588,40.44266026205856],[-79.86339821315555,40.44268485242838]]}},{"type":"Feature","properties":{"a":"RF0268","b":"RF0270"},"geometry":{"type":"LineString","coordinates":[[-79.86335378567588,40.44266026205856],[-79.86335378567588,40.44268485242838]]}},{"type":"Feature","properties":{"a":"RF0268","b":null},"geometry":{"type":"LineString","coordinates":[[-79.86335378567588,40.44268485242838],[-79.86339821315555,40.44268485242838]]}},{"type":"Feature","properties":{"a":"RF0269","b":null},"geometry":{"type":"LineString","coordinates":[[-79.86327342873102,40.44069247554545],[-79.86335378567588,40.44069247554545]]}},{"type":"Feature","properties":{"a":"RF0269","b":null},"geometry":{"type":"LineString","coordinates":[[-79.86326694488525,40.44070892459851],[-79.86327342873102,40.44069247554545]]}},{"type":"Feature","properties":{"a":"RF0269","b":"RF0279"},"geometry":{"type":"LineString","coordinates":[[-79.86313819885252,40.4408395721043],[-79.86326694488525,40.44070892459851]]}},{"type":"Feature","properties":{"a":"RF0269","b":"RF0279"},"geometry":{"type":"LineString","coordinates":[[-79.86292362213135,40.44095388846359],[-79.86313819885252,40.4408395721043]]}},{"type":"Feature","properties":{"a":"RF0269","b":"RF0279"},"geometry":{"type":"LineString","coordinates":[[-79.8626446723938,40.4410192120102],[-79.86292362213135,40.44095388846359]]}},{"type":"Feature","properties":{"a":"RF0269","b":null},"geometry":{"type":"LineString","coordinates":[[-79.86254245659111,40.44069247554545],[-79.8626446723938,40.4410192120102]]}},{"type":"Feature","properties":{"a":"RF0269","b":null},"geometry":{"type":"LineString","coordinates":[[-79.86152016481184,40.44069247554545],[-79.8615777237709,40.441117669146365]]}},{"type":"Feature","properties":{"a":"RF0269","b":null},"geometry":{"type":"LineString","coordinates":[[-79.86166893316448,40.441688663986916],[-79.8618563662814,40.44163924335576]]}},{"type":"Feature","properties":{"a":"RF0269","b":"RF0270"},"geometry":{"type":"LineString","coordinates":[[-79.86166893316448,40.441688663986916],[-79.86335378567588,40.441688663986916]]}},{"type":"Feature","properties":{"a":"RF0269","b":null},"geometry":{"type":"LineString","coordinates":[[-79.86335378567588,40.44069247554545],[-79.86335378567588,40.441688663986916]]}},{"type":"Feature","properties":{"a":"RF0270","b":null},"geometry":{"type":"LineString","coordinates":[[-79.86166095321872,40.44169076806523],[-79.86166893316448,40.441688663986916]]}},{"type":"Feature","properties":{"a":"RF0270","b":null},"geometry":{"type":"LineString","coordinates":[[-79.86166095321872,40.44169076806523],[-79.86184180929132,40.44268485242838]]}},{"type":"Feature","properties":{"a":"RF0270","b":null},"geometry":{"type":"LineString","coordinates":[[-79.86184180929132,40.44268485242838],[-79.86335378567588,40.44268485242838]]}},{"type":"Feature","properties":{"a":"RF0270","b":null},"geometry":{"type":"LineString","coordinates":[[-79.86330986022948,40.442635949561435],[-79.86335378567588,40.44266026205856]]}},{"type":"Feature","properties":{"a":"RF0270","b":"RF0276"},"geometry":{"type":"LineString","coordinates":[[-79.86309528350829,40.44240732236926],[-79.86330986022948,40.442635949561435]]}},{"type":"Feature","properties":{"a":"RF0270","b":"RF0276"},"geometry":{"type":"LineString","coordinates":[[-79.86296653747559,40.44216236380048],[-79.86309528350829,40.44240732236926]]}},{"type":"Feature","properties":{"a":"RF0270","b":"RF0276"},"geometry":{"type":"LineString","coordinates":[[-79.86296653747559,40.44209704136472],[-79.86296653747559,40.44216236380048]]}},{"type":"Feature","properties":{"a":"RF0270","b":null},"geometry":{"type":"LineString","coordinates":[[-79.86296653747559,40.44209704136472],[-79.86335378567588,40.44198171607837]]}},{"type":"Feature","properties":{"a":"RF0270","b":null},"geometry":{"type":"LineString","coordinates":[[-79.86335378567588,40.441688663986916],[-79.86335378567588,40.44198171607837]]}},{"type":"Feature","properties":{"a":"RF0271","b":null},"geometry":{"type":"LineString","coordinates":[[-79.8643398284912,40.443027880081786],[-79.86436788470382,40.44308659829182]]}},{"type":"Feature","properties":{"a":"RF0271","b":"RF0277"},"geometry":{"type":"LineString","coordinates":[[-79.86418962478636,40.442913567249406],[-79.8643398284912,40.443027880081786]]}},{"type":"Feature","properties":{"a":"RF0271","b":"RF0277"},"geometry":{"type":"LineString","coordinates":[[-79.86354589462279,40.442766593322126],[-79.86418962478636,40.442913567249406]]}},{"type":"Feature","properties":{"a":"RF0271","b":null},"geometry":{"type":"LineString","coordinates":[[-79.86339821315555,40.44268485242838],[-79.86354589462279,40.442766593322126]]}},{"type":"Feature","properties":{"a":"RF0271","b":null},"geometry":{"type":"LineString","coordinates":[[-79.86238662575387,40.44268485242838],[-79.86339821315555,40.44268485242838]]}},{"type":"Feature","properties":{"a":"RF0271","b":null},"geometry":{"type":"LineString","coordinates":[[-79.86238662575387,40.44268485242838],[-79.86278804859649,40.4435242095145]]}},{"type":"Feature","properties":{"a":"RF0271","b":"RF0272"},"geometry":{"type":"LineString","coordinates":[[-79.86278804859649,40.4435242095145],[-79.86436788470382,40.44308659829182]]}},{"type":"Feature","properties":{"a":"RF0272","b":null},"geometry":{"type":"LineString","coordinates":[[-79.86436788470382,40.44308659829182],[-79.8647689819336,40.44392604557196]]}},{"type":"Feature","properties":{"a":"RF0272","b":null},"geometry":{"type":"LineString","coordinates":[[-79.86278804859649,40.4435242095145],[-79.86318130725074,40.44434649565044]]}},{"type":"Feature","properties":{"a":"RF0272","b":null},"geometry":{"type":"LineString","coordinates":[[-79.86318130725074,40.44434649565044],[-79.86335277557372,40.444301638491]]}},{"type":"Feature","properties":{"a":"RF0273","b":null},"geometry":{"type":"LineString","coordinates":[[-79.86238662575387,40.44268485242838],[-79.86318130725074,40.44434649565044]]}},{"type":"Feature","properties":{"a":"RF0273","b":null},"geometry":{"type":"LineString","coordinates":[[-79.86184180929132,40.44268485242838],[-79.86238662575387,40.44268485242838]]}},{"type":"Feature","properties":{"a":"RF0273","b":null},"geometry":{"type":"LineString","coordinates":[[-79.86184180929132,40.44268485242838],[-79.86185073852538,40.44273393240576]]}},{"type":"Feature","properties":{"a":"RF0273","b":null},"geometry":{"type":"LineString","coordinates":[[-79.8626661300659,40.444481269145165],[-79.86318130725074,40.44434649565044]]}},{"type":"Feature","properties":{"a":"RF0274","b":null},"geometry":{"type":"LineString","coordinates":[[-79.86775159835814,40.44162345180707],[-79.86781597137451,40.44255429708206]]}},{"type":"Feature","properties":{"a":"RF0274","b":null},"geometry":{"type":"LineString","coordinates":[[-79.8665714263916,40.4414928058247],[-79.86717224121094,40.4414928058247]]}},{"type":"Feature","properties":{"a":"RF0274","b":null},"geometry":{"type":"LineString","coordinates":[[-79.8665928840637,40.441688774703046],[-79.8665928840637,40.44232566961218]]}},{"type":"Feature","properties":{"a":"RF0275","b":null},"geometry":{"type":"LineString","coordinates":[[-79.86539125442503,40.4415254673441],[-79.86543577096955,40.442660433371636]]}},{"type":"Feature","properties":{"a":"RF0275","b":null},"geometry":{"type":"LineString","coordinates":[[-79.8647689819336,40.44154179809785],[-79.86539125442503,40.4415254673441]]}},{"type":"Feature","properties":{"a":"RF0275","b":null},"geometry":{"type":"LineString","coordinates":[[-79.86420115422257,40.44144919322296],[-79.8647689819336,40.44154179809785]]}},{"type":"Feature","properties":{"a":"RF0275","b":"RF0276"},"geometry":{"type":"LineString","coordinates":[[-79.86420115422257,40.44144919322296],[-79.86420115422257,40.442660433371636]]}},{"type":"Feature","properties":{"a":"RF0275","b":null},"geometry":{"type":"LineString","coordinates":[[-79.86420115422257,40.442660433371636],[-79.86543577096955,40.442660433371636]]}},{"type":"Feature","properties":{"a":"RF0276","b":null},"geometry":{"type":"LineString","coordinates":[[-79.86386775970458,40.44139482117131],[-79.86420115422257,40.44144919322296]]}},{"type":"Feature","properties":{"a":"RF0276","b":null},"geometry":{"type":"LineString","coordinates":[[-79.86296653747559,40.44209704136472],[-79.86346006393431,40.441950065652165]]}},{"type":"Feature","properties":{"a":"RF0276","b":null},"geometry":{"type":"LineString","coordinates":[[-79.86330986022948,40.442635949561435],[-79.86335409518763,40.442660433371636]]}},{"type":"Feature","properties":{"a":"RF0276","b":null},"geometry":{"type":"LineString","coordinates":[[-79.86335409518763,40.442660433371636],[-79.86420115422257,40.442660433371636]]}},{"type":"Feature","properties":{"a":"RF0277","b":null},"geometry":{"type":"LineString","coordinates":[[-79.86543577096955,40.442660433371636],[-79.86547708511353,40.44371375299373]]}},{"type":"Feature","properties":{"a":"RF0277","b":null},"geometry":{"type":"LineString","coordinates":[[-79.86335409518763,40.442660433371636],[-79.86543577096955,40.442660433371636]]}},{"type":"Feature","properties":{"a":"RF0277","b":null},"geometry":{"type":"LineString","coordinates":[[-79.86335409518763,40.442660433371636],[-79.86354589462279,40.442766593322126]]}},{"type":"Feature","properties":{"a":"RF0277","b":null},"geometry":{"type":"LineString","coordinates":[[-79.8643398284912,40.443027880081786],[-79.8647689819336,40.44392604557196]]}},{"type":"Feature","properties":{"a":"RF0278","b":"RF0314"},"geometry":{"type":"LineString","coordinates":[[-79.86841678619383,40.43793260507625],[-79.86882448196411,40.438340894549505]]}},{"type":"Feature","properties":{"a":"RF0278","b":"RF0314"},"geometry":{"type":"LineString","coordinates":[[-79.86783742904663,40.4373120003282],[-79.86841678619383,40.43793260507625]]}},{"type":"Feature","properties":{"a":"RF0278","b":"RF0314"},"geometry":{"type":"LineString","coordinates":[[-79.86779451370239,40.43723034138224],[-79.86783742904663,40.4373120003282]]}},{"type":"Feature","properties":{"a":"RF0278","b":null},"geometry":{"type":"LineString","coordinates":[[-79.86779451370239,40.43723034138224],[-79.86779451370239,40.43729566854693]]}},{"type":"Feature","properties":{"a":"RF0278","b":null},"geometry":{"type":"LineString","coordinates":[[-79.86779451370239,40.43729566854693],[-79.8681378364563,40.438749181543265]]}},{"type":"Feature","properties":{"a":"RF0278","b":"RF0306"},"geometry":{"type":"LineString","coordinates":[[-79.8681378364563,40.438749181543265],[-79.86818075180054,40.43870018723493]]}},{"type":"Feature","properties":{"a":"RF0278","b":"RF0306"},"geometry":{"type":"LineString","coordinates":[[-79.86818075180054,40.43870018723493],[-79.86865282058716,40.438438883654136]]}},{"type":"Feature","properties":{"a":"RF0278","b":"RF0306"},"geometry":{"type":"LineString","coordinates":[[-79.86865282058716,40.438438883654136],[-79.86882448196411,40.438340894549505]]}},{"type":"Feature","properties":{"a":"RF0279","b":null},"geometry":{"type":"LineString","coordinates":[[-79.86322402954102,40.439598410547916],[-79.8633313179016,40.44025165632873]]}},{"type":"Feature","properties":{"a":"RF0279","b":null},"geometry":{"type":"LineString","coordinates":[[-79.86309528350829,40.43956574809226],[-79.86322402954102,40.439598410547916]]}},{"type":"Feature","properties":{"a":"RF0279","b":null},"geometry":{"type":"LineString","coordinates":[[-79.862322807312,40.43999035877812],[-79.8626446723938,40.4410192120102]]}},{"type":"Feature","properties":{"a":"RF0279","b":null},"geometry":{"type":"LineString","coordinates":[[-79.86326694488525,40.44070892459851],[-79.8633313179016,40.44054561485922]]}},{"type":"Feature","properties":{"a":"RF0280","b":"RF0282"},"geometry":{"type":"LineString","coordinates":[[-79.8717212677002,40.440578276838814],[-79.87174272537231,40.44065993171837]]}},{"type":"Feature","properties":{"a":"RF0280","b":"RF0282"},"geometry":{"type":"LineString","coordinates":[[-79.87165689468382,40.440529283863455],[-79.8717212677002,40.440578276838814]]}},{"type":"Feature","properties":{"a":"RF0280","b":"RF0282"},"geometry":{"type":"LineString","coordinates":[[-79.87124919891356,40.440414966782136],[-79.87165689468382,40.440529283863455]]}},{"type":"Feature","properties":{"a":"RF0280","b":"RF0282"},"geometry":{"type":"LineString","coordinates":[[-79.87109899520874,40.44039863575465],[-79.87124919891356,40.440414966782136]]}},{"type":"Feature","properties":{"a":"RF0280","b":"RF0282"},"geometry":{"type":"LineString","coordinates":[[-79.87060546874999,40.440414966782136],[-79.87109899520874,40.44039863575465]]}},{"type":"Feature","properties":{"a":"RF0280","b":null},"geometry":{"type":"LineString","coordinates":[[-79.86991882324217,40.44080691025166],[-79.87060546874999,40.440414966782136]]}},{"type":"Feature","properties":{"a":"RF0280","b":"RF0307"},"geometry":{"type":"LineString","coordinates":[[-79.86942529678343,40.4410192120102],[-79.86991882324217,40.44080691025166]]}},{"type":"Feature","properties":{"a":"RF0280","b":"RF0307"},"geometry":{"type":"LineString","coordinates":[[-79.86916780471802,40.44106820462848],[-79.86942529678343,40.4410192120102]]}},{"type":"Feature","properties":{"a":"RF0280","b":"RF0307"},"geometry":{"type":"LineString","coordinates":[[-79.86873865127562,40.44106820462848],[-79.86916780471802,40.44106820462848]]}},{"type":"Feature","properties":{"a":"RF0280","b":null},"geometry":{"type":"LineString","coordinates":[[-79.86925363540648,40.44186841233966],[-79.87144231796265,40.4408395721043]]}},{"type":"Feature","properties":{"a":"RF0281","b":"RF0285"},"geometry":{"type":"LineString","coordinates":[[-79.87348079681396,40.43829189994363],[-79.87382411956787,40.43860219851115]]}},{"type":"Feature","properties":{"a":"RF0281","b":"RF0285"},"geometry":{"type":"LineString","coordinates":[[-79.87341642379761,40.43822657374693],[-79.87348079681396,40.43829189994363]]}},{"type":"Feature","properties":{"a":"RF0281","b":"RF0285"},"geometry":{"type":"LineString","coordinates":[[-79.87333059310912,40.43812858433285],[-79.87341642379761,40.43822657374693]]}},{"type":"Feature","properties":{"a":"RF0281","b":"RF0283"},"geometry":{"type":"LineString","coordinates":[[-79.87251520156859,40.43860219851115],[-79.87333059310912,40.43812858433285]]}},{"type":"Feature","properties":{"a":"RF0281","b":"RF0283"},"geometry":{"type":"LineString","coordinates":[[-79.86925363540648,40.44043129780565],[-79.87251520156859,40.43860219851115]]}},{"type":"Feature","properties":{"a":"RF0281","b":"RF0307"},"geometry":{"type":"LineString","coordinates":[[-79.86925363540648,40.44043129780565],[-79.86931800842285,40.44051295286374]]}},{"type":"Feature","properties":{"a":"RF0281","b":"RF0307"},"geometry":{"type":"LineString","coordinates":[[-79.86931800842285,40.44051295286374],[-79.86942529678343,40.440578276838814]]}},{"type":"Feature","properties":{"a":"RF0281","b":"RF0307"},"geometry":{"type":"LineString","coordinates":[[-79.86942529678343,40.440578276838814],[-79.86968278884888,40.44065993171837]]}},{"type":"Feature","properties":{"a":"RF0281","b":"RF0307"},"geometry":{"type":"LineString","coordinates":[[-79.86968278884888,40.44065993171837],[-79.87017631530762,40.44065993171837]]}},{"type":"Feature","properties":{"a":"RF0281","b":null},"geometry":{"type":"LineString","coordinates":[[-79.87017631530762,40.44065993171837],[-79.87060546874999,40.440414966782136]]}},{"type":"Feature","properties":{"a":"RF0281","b":"RF0282"},"geometry":{"type":"LineString","coordinates":[[-79.87060546874999,40.440414966782136],[-79.87082004547118,40.44030064950641]]}},{"type":"Feature","properties":{"a":"RF0281","b":"RF0282"},"geometry":{"type":"LineString","coordinates":[[-79.87082004547118,40.44030064950641],[-79.87142086029053,40.439957696512884]]}},{"type":"Feature","properties":{"a":"RF0281","b":"RF0282"},"geometry":{"type":"LineString","coordinates":[[-79.87142086029053,40.439957696512884],[-79.8716354370117,40.43984337845958]]}},{"type":"Feature","properties":{"a":"RF0281","b":"RF0286"},"geometry":{"type":"LineString","coordinates":[[-79.8716354370117,40.43984337845958],[-79.8720645904541,40.439598410547916]]}},{"type":"Feature","properties":{"a":"RF0281","b":"RF0286"},"geometry":{"type":"LineString","coordinates":[[-79.8720645904541,40.439598410547916],[-79.87339496612549,40.43884717005281]]}},{"type":"Feature","properties":{"a":"RF0281","b":"RF0286"},"geometry":{"type":"LineString","coordinates":[[-79.87339496612549,40.43884717005281],[-79.87382411956787,40.43860219851115]]}},{"type":"Feature","properties":{"a":"RF0282","b":"RF0286"},"geometry":{"type":"LineString","coordinates":[[-79.87178564071655,40.440023021027486],[-79.8720645904541,40.44043129780565]]}},{"type":"Feature","properties":{"a":"RF0282","b":"RF0286"},"geometry":{"type":"LineString","coordinates":[[-79.8717212677002,40.439957696512884],[-79.87178564071655,40.440023021027486]]}},{"type":"Feature","properties":{"a":"RF0282","b":"RF0286"},"geometry":{"type":"LineString","coordinates":[[-79.8716354370117,40.43984337845958],[-79.8717212677002,40.439957696512884]]}},{"type":"Feature","properties":{"a":"RF0282","b":"RF0333"},"geometry":{"type":"LineString","coordinates":[[-79.87174272537231,40.44065993171837],[-79.87193584442137,40.440529283863455]]}},{"type":"Feature","properties":{"a":"RF0282","b":"RF0333"},"geometry":{"type":"LineString","coordinates":[[-79.87193584442137,40.440529283863455],[-79.8720645904541,40.44043129780565]]}},{"type":"Feature","properties":{"a":"RF0283","b":"RF0284"},"geometry":{"type":"LineString","coordinates":[[-79.87326622009276,40.43807958957226],[-79.87333059310912,40.43812858433285]]}},{"type":"Feature","properties":{"a":"RF0283","b":"RF0284"},"geometry":{"type":"LineString","coordinates":[[-79.87309455871582,40.437899941811274],[-79.87326622009276,40.43807958957226]]}},{"type":"Feature","properties":{"a":"RF0283","b":"RF0284"},"geometry":{"type":"LineString","coordinates":[[-79.87303018569946,40.43785094688406],[-79.87309455871582,40.437899941811274]]}},{"type":"Feature","properties":{"a":"RF0283","b":"RF0309"},"geometry":{"type":"LineString","coordinates":[[-79.87223625183104,40.438308231482885],[-79.87303018569946,40.43785094688406]]}},{"type":"Feature","properties":{"a":"RF0283","b":null},"geometry":{"type":"LineString","coordinates":[[-79.86933946609497,40.43992503423178],[-79.87223625183104,40.438308231482885]]}},{"type":"Feature","properties":{"a":"RF0283","b":"RF0310"},"geometry":{"type":"LineString","coordinates":[[-79.86912488937377,40.44003935214622],[-79.86933946609497,40.43992503423178]]}},{"type":"Feature","properties":{"a":"RF0283","b":"RF0310"},"geometry":{"type":"LineString","coordinates":[[-79.86903905868529,40.44005568326099],[-79.86912488937377,40.44003935214622]]}},{"type":"Feature","properties":{"a":"RF0283","b":"RF0307"},"geometry":{"type":"LineString","coordinates":[[-79.86903905868529,40.44005568326099],[-79.86908197402953,40.44021899419045]]}},{"type":"Feature","properties":{"a":"RF0283","b":"RF0307"},"geometry":{"type":"LineString","coordinates":[[-79.86908197402953,40.44021899419045],[-79.86916780471802,40.440365973687776]]}},{"type":"Feature","properties":{"a":"RF0283","b":"RF0307"},"geometry":{"type":"LineString","coordinates":[[-79.86916780471802,40.440365973687776],[-79.86925363540648,40.44043129780565]]}},{"type":"Feature","properties":{"a":"RF0284","b":"RF0360"},"geometry":{"type":"LineString","coordinates":[[-79.87384557723998,40.43765496681816],[-79.87393140792845,40.43785094688406]]}},{"type":"Feature","properties":{"a":"RF0284","b":"RF0360"},"geometry":{"type":"LineString","coordinates":[[-79.8737382888794,40.43747531792256],[-79.87384557723998,40.43765496681816]]}},{"type":"Feature","properties":{"a":"RF0284","b":"RF0311"},"geometry":{"type":"LineString","coordinates":[[-79.87339496612549,40.43765496681816],[-79.8737382888794,40.43747531792256]]}},{"type":"Feature","properties":{"a":"RF0284","b":"RF0312"},"geometry":{"type":"LineString","coordinates":[[-79.87328767776488,40.437720293570266],[-79.87339496612549,40.43765496681816]]}},{"type":"Feature","properties":{"a":"RF0284","b":"RF0312"},"geometry":{"type":"LineString","coordinates":[[-79.87309455871582,40.437801951921145],[-79.87328767776488,40.437720293570266]]}},{"type":"Feature","properties":{"a":"RF0284","b":"RF0312"},"geometry":{"type":"LineString","coordinates":[[-79.87303018569946,40.43785094688406],[-79.87309455871582,40.437801951921145]]}},{"type":"Feature","properties":{"a":"RF0284","b":"RF0285"},"geometry":{"type":"LineString","coordinates":[[-79.87333059310912,40.43812858433285],[-79.87358808517455,40.43798159994396]]}},{"type":"Feature","properties":{"a":"RF0284","b":"RF0285"},"geometry":{"type":"LineString","coordinates":[[-79.87358808517455,40.43798159994396],[-79.87363100051878,40.437965268325364]]}},{"type":"Feature","properties":{"a":"RF0284","b":"RF0285"},"geometry":{"type":"LineString","coordinates":[[-79.87363100051878,40.437965268325364],[-79.87378120422363,40.43791627344575]]}},{"type":"Feature","properties":{"a":"RF0284","b":"RF0285"},"geometry":{"type":"LineString","coordinates":[[-79.87378120422363,40.43791627344575],[-79.87393140792845,40.43785094688406]]}},{"type":"Feature","properties":{"a":"RF0285","b":"RF0348"},"geometry":{"type":"LineString","coordinates":[[-79.87633466720581,40.43990870308527],[-79.87637758255003,40.440006689904784]]}},{"type":"Feature","properties":{"a":"RF0285","b":"RF0352"},"geometry":{"type":"LineString","coordinates":[[-79.87620592117308,40.43966373541164],[-79.87633466720581,40.43990870308527]]}},{"type":"Feature","properties":{"a":"RF0285","b":"RF0352"},"geometry":{"type":"LineString","coordinates":[[-79.87586259841918,40.439320779168945],[-79.87620592117308,40.43966373541164]]}},{"type":"Feature","properties":{"a":"RF0285","b":"RF0352"},"geometry":{"type":"LineString","coordinates":[[-79.87515449523924,40.43892882703501],[-79.87586259841918,40.439320779168945]]}},{"type":"Feature","properties":{"a":"RF0285","b":"RF0352"},"geometry":{"type":"LineString","coordinates":[[-79.87502574920653,40.43881450723216],[-79.87515449523924,40.43892882703501]]}},{"type":"Feature","properties":{"a":"RF0285","b":"RF0359"},"geometry":{"type":"LineString","coordinates":[[-79.8748755455017,40.43870018723493],[-79.87502574920653,40.43881450723216]]}},{"type":"Feature","properties":{"a":"RF0285","b":"RF0359"},"geometry":{"type":"LineString","coordinates":[[-79.87403869628905,40.43798159994396],[-79.8748755455017,40.43870018723493]]}},{"type":"Feature","properties":{"a":"RF0285","b":"RF0359"},"geometry":{"type":"LineString","coordinates":[[-79.87393140792845,40.43785094688406],[-79.87403869628905,40.43798159994396]]}},{"type":"Feature","properties":{"a":"RF0285","b":"RF0286"},"geometry":{"type":"LineString","coordinates":[[-79.87382411956787,40.43860219851115],[-79.87403869628905,40.43878184439564]]}},{"type":"Feature","properties":{"a":"RF0285","b":"RF0286"},"geometry":{"type":"LineString","coordinates":[[-79.87403869628905,40.43878184439564],[-79.8746609687805,40.43933711045827]]}},{"type":"Feature","properties":{"a":"RF0285","b":"RF0286"},"geometry":{"type":"LineString","coordinates":[[-79.8746609687805,40.43933711045827],[-79.8748755455017,40.43951675437901]]}},{"type":"Feature","properties":{"a":"RF0285","b":null},"geometry":{"type":"LineString","coordinates":[[-79.8748755455017,40.43951675437901],[-79.87554073333739,40.43951675437901]]}},{"type":"Feature","properties":{"a":"RF0285","b":"RF0341"},"geometry":{"type":"LineString","coordinates":[[-79.87554073333739,40.43951675437901],[-79.87584114074706,40.439598410547916]]}},{"type":"Feature","properties":{"a":"RF0285","b":"RF0341"},"geometry":{"type":"LineString","coordinates":[[-79.87584114074706,40.439598410547916],[-79.8759913444519,40.43969639781971]]}},{"type":"Feature","properties":{"a":"RF0285","b":"RF0341"},"geometry":{"type":"LineString","coordinates":[[-79.8759913444519,40.43969639781971],[-79.87629175186157,40.43992503423178]]}},{"type":"Feature","properties":{"a":"RF0285","b":"RF0341"},"geometry":{"type":"LineString","coordinates":[[-79.87629175186157,40.43992503423178],[-79.87637758255003,40.440006689904784]]}},{"type":"Feature","properties":{"a":"RF0286","b":"RF0333"},"geometry":{"type":"LineString","coordinates":[[-79.8720645904541,40.44043129780565],[-79.87294435501097,40.43982704729324]]}},{"type":"Feature","properties":{"a":"RF0286","b":"RF0333"},"geometry":{"type":"LineString","coordinates":[[-79.87294435501097,40.43982704729324],[-79.87371683120728,40.43950042313332]]}},{"type":"Feature","properties":{"a":"RF0286","b":"RF0333"},"geometry":{"type":"LineString","coordinates":[[-79.87371683120728,40.43950042313332],[-79.87418889999388,40.43948409188366]]}},{"type":"Feature","properties":{"a":"RF0286","b":"RF0342"},"geometry":{"type":"LineString","coordinates":[[-79.87418889999388,40.43948409188366],[-79.87433910369872,40.43950042313332]]}},{"type":"Feature","properties":{"a":"RF0286","b":"RF0342"},"geometry":{"type":"LineString","coordinates":[[-79.87433910369872,40.43950042313332],[-79.874746799469,40.43951675437901]]}},{"type":"Feature","properties":{"a":"RF0286","b":null},"geometry":{"type":"LineString","coordinates":[[-79.874746799469,40.43951675437901],[-79.8748755455017,40.43951675437901]]}},{"type":"Feature","properties":{"a":"RF0287","b":null},"geometry":{"type":"LineString","coordinates":[[-79.86779451370239,40.433996567394786],[-79.86852407455444,40.43438854828268]]}},{"type":"Feature","properties":{"a":"RF0287","b":null},"geometry":{"type":"LineString","coordinates":[[-79.86676302187111,40.43352135827106],[-79.86779451370239,40.433996567394786]]}},{"type":"Feature","properties":{"a":"RF0287","b":null},"geometry":{"type":"LineString","coordinates":[[-79.86676302187111,40.43352135827106],[-79.86676302187111,40.43484950903981]]}},{"type":"Feature","properties":{"a":"RF0287","b":null},"geometry":{"type":"LineString","coordinates":[[-79.86676302187111,40.43484950903981],[-79.86793627264774,40.43484950903981]]}},{"type":"Feature","properties":{"a":"RF0287","b":null},"geometry":{"type":"LineString","coordinates":[[-79.86793627264774,40.43484950903981],[-79.86852407455444,40.43438854828268]]}},{"type":"Feature","properties":{"a":"RF0288","b":null},"geometry":{"type":"LineString","coordinates":[[-79.86616373062134,40.43324526430596],[-79.86676302187111,40.43352135827106]]}},{"type":"Feature","properties":{"a":"RF0288","b":"RF0387"},"geometry":{"type":"LineString","coordinates":[[-79.86554145812987,40.43288594247002],[-79.86616373062134,40.43324526430596]]}},{"type":"Feature","properties":{"a":"RF0288","b":null},"geometry":{"type":"LineString","coordinates":[[-79.8650019691878,40.433583696040515],[-79.86532688140868,40.43314726763204]]}},{"type":"Feature","properties":{"a":"RF0288","b":null},"geometry":{"type":"LineString","coordinates":[[-79.8650019691878,40.433583696040515],[-79.8650019691878,40.43386772575491]]}},{"type":"Feature","properties":{"a":"RF0288","b":"RF0289"},"geometry":{"type":"LineString","coordinates":[[-79.8650019691878,40.43386772575491],[-79.86676302187111,40.43386772575491]]}},{"type":"Feature","properties":{"a":"RF0288","b":null},"geometry":{"type":"LineString","coordinates":[[-79.86676302187111,40.43352135827106],[-79.86676302187111,40.43386772575491]]}},{"type":"Feature","properties":{"a":"RF0289","b":null},"geometry":{"type":"LineString","coordinates":[[-79.8650019691878,40.43386772575491],[-79.8650019691878,40.43484950903981]]}},{"type":"Feature","properties":{"a":"RF0289","b":null},"geometry":{"type":"LineString","coordinates":[[-79.8650019691878,40.43484950903981],[-79.86676302187111,40.43484950903981]]}},{"type":"Feature","properties":{"a":"RF0289","b":null},"geometry":{"type":"LineString","coordinates":[[-79.86676302187111,40.43386772575491],[-79.86676302187111,40.43484950903981]]}},{"type":"Feature","properties":{"a":"RF0290","b":null},"geometry":{"type":"LineString","coordinates":[[-79.86538664406933,40.43484950903981],[-79.86793627264774,40.43484950903981]]}},{"type":"Feature","properties":{"a":"RF0290","b":"RF0291"},"geometry":{"type":"LineString","coordinates":[[-79.86538664406933,40.43484950903981],[-79.86647371298133,40.43583545722785]]}},{"type":"Feature","properties":{"a":"RF0290","b":null},"geometry":{"type":"LineString","coordinates":[[-79.86647371298133,40.43583545722785],[-79.86781597137451,40.43494385062896]]}},{"type":"Feature","properties":{"a":"RF0290","b":null},"geometry":{"type":"LineString","coordinates":[[-79.86781597137451,40.43494385062896],[-79.86793627264774,40.43484950903981]]}},{"type":"Feature","properties":{"a":"RF0291","b":null},"geometry":{"type":"LineString","coordinates":[[-79.8650019691878,40.43484950903981],[-79.86538664406933,40.43484950903981]]}},{"type":"Feature","properties":{"a":"RF0291","b":null},"geometry":{"type":"LineString","coordinates":[[-79.8650019691878,40.43484950903981],[-79.8650019691878,40.43681307560958]]}},{"type":"Feature","properties":{"a":"RF0291","b":null},"geometry":{"type":"LineString","coordinates":[[-79.8650019691878,40.43681307560958],[-79.86647371298133,40.43583545722785]]}},{"type":"Feature","properties":{"a":"RF0292","b":null},"geometry":{"type":"LineString","coordinates":[[-79.86459732055664,40.43412722794465],[-79.8650019691878,40.433583696040515]]}},{"type":"Feature","properties":{"a":"RF0292","b":null},"geometry":{"type":"LineString","coordinates":[[-79.864114,40.434192],[-79.86412171705462,40.43416547262478]]}},{"type":"Feature","properties":{"a":"RF0292","b":null},"geometry":{"type":"LineString","coordinates":[[-79.8640591,40.4343811],[-79.864114,40.434192]]}},{"type":"Feature","properties":{"a":"RF0292","b":null},"geometry":{"type":"LineString","coordinates":[[-79.86395354279546,40.43474442928391],[-79.8640591,40.4343811]]}},{"type":"Feature","properties":{"a":"RF0292","b":"RF0293"},"geometry":{"type":"LineString","coordinates":[[-79.86395354279546,40.43474442928391],[-79.8650019691878,40.43474442928391]]}},{"type":"Feature","properties":{"a":"RF0292","b":null},"geometry":{"type":"LineString","coordinates":[[-79.8650019691878,40.433583696040515],[-79.8650019691878,40.43474442928391]]}},{"type":"Feature","properties":{"a":"RF0293","b":null},"geometry":{"type":"LineString","coordinates":[[-79.863922,40.434853],[-79.86395354279546,40.43474442928391]]}},{"type":"Feature","properties":{"a":"RF0293","b":null},"geometry":{"type":"LineString","coordinates":[[-79.86386162495542,40.43506479182305],[-79.863922,40.434853]]}},{"type":"Feature","properties":{"a":"RF0293","b":null},"geometry":{"type":"LineString","coordinates":[[-79.863859,40.435074],[-79.86386162495542,40.43506479182305]]}},{"type":"Feature","properties":{"a":"RF0293","b":null},"geometry":{"type":"LineString","coordinates":[[-79.863675,40.435272],[-79.863859,40.435074]]}},{"type":"Feature","properties":{"a":"RF0293","b":null},"geometry":{"type":"LineString","coordinates":[[-79.86316301802725,40.435827733159506],[-79.863675,40.435272]]}},{"type":"Feature","properties":{"a":"RF0293","b":null},"geometry":{"type":"LineString","coordinates":[[-79.863125,40.435869],[-79.86316301802725,40.435827733159506]]}},{"type":"Feature","properties":{"a":"RF0293","b":null},"geometry":{"type":"LineString","coordinates":[[-79.86309174501257,40.435905162527305],[-79.863125,40.435869]]}},{"type":"Feature","properties":{"a":"RF0293","b":null},"geometry":{"type":"LineString","coordinates":[[-79.86309174501257,40.435905162527305],[-79.8650019691878,40.435905162527305]]}},{"type":"Feature","properties":{"a":"RF0293","b":null},"geometry":{"type":"LineString","coordinates":[[-79.8650019691878,40.43474442928391],[-79.8650019691878,40.435905162527305]]}},{"type":"Feature","properties":{"a":"RF0294","b":null},"geometry":{"type":"LineString","coordinates":[[-79.86371249704615,40.435905162527305],[-79.8650019691878,40.435905162527305]]}},{"type":"Feature","properties":{"a":"RF0294","b":"RF0295"},"geometry":{"type":"LineString","coordinates":[[-79.86371249704615,40.435905162527305],[-79.86371249704615,40.43727310342631]]}},{"type":"Feature","properties":{"a":"RF0294","b":null},"geometry":{"type":"LineString","coordinates":[[-79.86371249704615,40.43727310342631],[-79.86403803150098,40.437416139928544]]}},{"type":"Feature","properties":{"a":"RF0294","b":null},"geometry":{"type":"LineString","coordinates":[[-79.86403803150098,40.437416139928544],[-79.86427545547485,40.43729566854693]]}},{"type":"Feature","properties":{"a":"RF0294","b":null},"geometry":{"type":"LineString","coordinates":[[-79.86427545547485,40.43729566854693],[-79.8650019691878,40.43681307560958]]}},{"type":"Feature","properties":{"a":"RF0294","b":null},"geometry":{"type":"LineString","coordinates":[[-79.8650019691878,40.435905162527305],[-79.8650019691878,40.43681307560958]]}},{"type":"Feature","properties":{"a":"RF0295","b":null},"geometry":{"type":"LineString","coordinates":[[-79.86309174501257,40.435905162527305],[-79.86371249704615,40.435905162527305]]}},{"type":"Feature","properties":{"a":"RF0295","b":null},"geometry":{"type":"LineString","coordinates":[[-79.862942,40.436068],[-79.86309174501257,40.435905162527305]]}},{"type":"Feature","properties":{"a":"RF0295","b":null},"geometry":{"type":"LineString","coordinates":[[-79.8626734,40.4363978],[-79.862942,40.436068]]}},{"type":"Feature","properties":{"a":"RF0295","b":null},"geometry":{"type":"LineString","coordinates":[[-79.862587,40.436504],[-79.8626734,40.4363978]]}},{"type":"Feature","properties":{"a":"RF0295","b":null},"geometry":{"type":"LineString","coordinates":[[-79.8624230249045,40.4367065225863],[-79.862587,40.436504]]}},{"type":"Feature","properties":{"a":"RF0295","b":null},"geometry":{"type":"LineString","coordinates":[[-79.8624230249045,40.4367065225863],[-79.86371249704615,40.43727310342631]]}},{"type":"Feature","properties":{"a":"RF0296","b":null},"geometry":{"type":"LineString","coordinates":[[-79.8624230249045,40.4367065225863],[-79.86403803150098,40.437416139928544]]}},{"type":"Feature","properties":{"a":"RF0296","b":null},"geometry":{"type":"LineString","coordinates":[[-79.86219429700283,40.43698902015744],[-79.8624230249045,40.4367065225863]]}},{"type":"Feature","properties":{"a":"RF0296","b":null},"geometry":{"type":"LineString","coordinates":[[-79.86147986382119,40.43822662901412],[-79.861487010508,40.43822519306383]]}},{"type":"Feature","properties":{"a":"RF0296","b":null},"geometry":{"type":"LineString","coordinates":[[-79.861487010508,40.43822519306383],[-79.861806,40.4381611]]}},{"type":"Feature","properties":{"a":"RF0296","b":null},"geometry":{"type":"LineString","coordinates":[[-79.861806,40.4381611],[-79.861946,40.438133]]}},{"type":"Feature","properties":{"a":"RF0296","b":null},"geometry":{"type":"LineString","coordinates":[[-79.861946,40.438133],[-79.86194979762284,40.43813243207755]]}},{"type":"Feature","properties":{"a":"RF0296","b":null},"geometry":{"type":"LineString","coordinates":[[-79.86194979762284,40.43813243207755],[-79.86320081552827,40.43794534631828]]}},{"type":"Feature","properties":{"a":"RF0296","b":null},"geometry":{"type":"LineString","coordinates":[[-79.86320081552827,40.43794534631828],[-79.86327,40.437935]]}},{"type":"Feature","properties":{"a":"RF0296","b":null},"geometry":{"type":"LineString","coordinates":[[-79.862882,40.438197],[-79.86327,40.437935]]}},{"type":"Feature","properties":{"a":"RF0296","b":null},"geometry":{"type":"LineString","coordinates":[[-79.862882,40.438197],[-79.8634412342595,40.437984460833995]]}},{"type":"Feature","properties":{"a":"RF0296","b":"RF0302"},"geometry":{"type":"LineString","coordinates":[[-79.86339081660215,40.4378978242504],[-79.8634412342595,40.437984460833995]]}},{"type":"Feature","properties":{"a":"RF0296","b":"RF0302"},"geometry":{"type":"LineString","coordinates":[[-79.86327672628808,40.437926359918855],[-79.86339081660215,40.4378978242504]]}},{"type":"Feature","properties":{"a":"RF0296","b":"RF0302"},"geometry":{"type":"LineString","coordinates":[[-79.86327672628808,40.437926359918855],[-79.8634386062622,40.43781828357942]]}},{"type":"Feature","properties":{"a":"RF0296","b":"RF0302"},"geometry":{"type":"LineString","coordinates":[[-79.8634386062622,40.43781828357942],[-79.86401796340941,40.43742632268591]]}},{"type":"Feature","properties":{"a":"RF0296","b":null},"geometry":{"type":"LineString","coordinates":[[-79.86401796340941,40.43742632268591],[-79.86403803150098,40.437416139928544]]}},{"type":"Feature","properties":{"a":"RF0297","b":null},"geometry":{"type":"LineString","coordinates":[[-79.8691463470459,40.4344538782085],[-79.86975774151621,40.43474195713738]]}},{"type":"Feature","properties":{"a":"RF0297","b":"RF0383"},"geometry":{"type":"LineString","coordinates":[[-79.86884593963623,40.43430688578614],[-79.8691463470459,40.4344538782085]]}},{"type":"Feature","properties":{"a":"RF0297","b":"RF0390"},"geometry":{"type":"LineString","coordinates":[[-79.8687171936035,40.43425788824061],[-79.86884593963623,40.43430688578614]]}},{"type":"Feature","properties":{"a":"RF0297","b":"RF0390"},"geometry":{"type":"LineString","coordinates":[[-79.86852407455444,40.43438854828268],[-79.8687171936035,40.43425788824061]]}},{"type":"Feature","properties":{"a":"RF0297","b":null},"geometry":{"type":"LineString","coordinates":[[-79.86781597137451,40.43494385062896],[-79.86852407455444,40.43438854828268]]}},{"type":"Feature","properties":{"a":"RF0297","b":null},"geometry":{"type":"LineString","coordinates":[[-79.86740941386174,40.435213909928315],[-79.86781597137451,40.43494385062896]]}},{"type":"Feature","properties":{"a":"RF0297","b":"RF0298"},"geometry":{"type":"LineString","coordinates":[[-79.86740941386174,40.435213909928315],[-79.8689021321776,40.43586979505369]]}},{"type":"Feature","properties":{"a":"RF0297","b":null},"geometry":{"type":"LineString","coordinates":[[-79.8689021321776,40.43586979505369],[-79.86975774151621,40.43474195713738]]}},{"type":"Feature","properties":{"a":"RF0298","b":null},"geometry":{"type":"LineString","coordinates":[[-79.86640910478887,40.43587837377137],[-79.86740941386174,40.435213909928315]]}},{"type":"Feature","properties":{"a":"RF0298","b":"RF0302"},"geometry":{"type":"LineString","coordinates":[[-79.86640910478887,40.43587837377137],[-79.86733776142572,40.43672064542342]]}},{"type":"Feature","properties":{"a":"RF0298","b":null},"geometry":{"type":"LineString","coordinates":[[-79.86733776142572,40.43672064542342],[-79.86779451370239,40.43672405370366]]}},{"type":"Feature","properties":{"a":"RF0298","b":null},"geometry":{"type":"LineString","coordinates":[[-79.86779451370239,40.43672405370366],[-79.86779451370239,40.43678938136028]]}},{"type":"Feature","properties":{"a":"RF0298","b":"RF0314"},"geometry":{"type":"LineString","coordinates":[[-79.86779451370239,40.43678938136028],[-79.86785888671875,40.43678938136028]]}},{"type":"Feature","properties":{"a":"RF0298","b":null},"geometry":{"type":"LineString","coordinates":[[-79.86785888671875,40.43678938136028],[-79.86824131082545,40.43674086943684]]}},{"type":"Feature","properties":{"a":"RF0298","b":null},"geometry":{"type":"LineString","coordinates":[[-79.86824131082545,40.43674086943684],[-79.8689021321776,40.43586979505369]]}},{"type":"Feature","properties":{"a":"RF0299","b":null},"geometry":{"type":"LineString","coordinates":[[-79.86975774151621,40.43474195713738],[-79.87067361835906,40.43517350310761]]}},{"type":"Feature","properties":{"a":"RF0299","b":null},"geometry":{"type":"LineString","coordinates":[[-79.86899952617082,40.43574141328712],[-79.86975774151621,40.43474195713738]]}},{"type":"Feature","properties":{"a":"RF0299","b":null},"geometry":{"type":"LineString","coordinates":[[-79.86899952617082,40.43574141328712],[-79.86993197092104,40.4361511199514]]}},{"type":"Feature","properties":{"a":"RF0299","b":"RF0300"},"geometry":{"type":"LineString","coordinates":[[-79.86993197092104,40.4361511199514],[-79.87067361835906,40.43517350310761]]}},{"type":"Feature","properties":{"a":"RF0300","b":"RF0384"},"geometry":{"type":"LineString","coordinates":[[-79.87139940261841,40.4355154806069],[-79.87150669097899,40.43564613820523]]}},{"type":"Feature","properties":{"a":"RF0300","b":null},"geometry":{"type":"LineString","coordinates":[[-79.87067361835906,40.43517350310761],[-79.87139940261841,40.4355154806069]]}},{"type":"Feature","properties":{"a":"RF0300","b":null},"geometry":{"type":"LineString","coordinates":[[-79.86993197092104,40.4361511199514],[-79.87058969083662,40.436440115339686]]}},{"type":"Feature","properties":{"a":"RF0300","b":null},"geometry":{"type":"LineString","coordinates":[[-79.87058969083662,40.436440115339686],[-79.87088441848753,40.436381082465005]]}},{"type":"Feature","properties":{"a":"RF0300","b":"RF0313"},"geometry":{"type":"LineString","coordinates":[[-79.87088441848753,40.436381082465005],[-79.87101316452026,40.43636475045762]]}},{"type":"Feature","properties":{"a":"RF0300","b":"RF0312"},"geometry":{"type":"LineString","coordinates":[[-79.87101316452026,40.43636475045762],[-79.8710560798645,40.43626675832999]]}},{"type":"Feature","properties":{"a":"RF0300","b":"RF0312"},"geometry":{"type":"LineString","coordinates":[[-79.8710560798645,40.43626675832999],[-79.87118482589722,40.436070773646314]]}},{"type":"Feature","properties":{"a":"RF0300","b":"RF0312"},"geometry":{"type":"LineString","coordinates":[[-79.87118482589722,40.436070773646314],[-79.87122774124144,40.43598911319284]]}},{"type":"Feature","properties":{"a":"RF0300","b":"RF0311"},"geometry":{"type":"LineString","coordinates":[[-79.87122774124144,40.43598911319284],[-79.87127065658568,40.43592378475865]]}},{"type":"Feature","properties":{"a":"RF0300","b":"RF0311"},"geometry":{"type":"LineString","coordinates":[[-79.87127065658568,40.43592378475865],[-79.87144231796265,40.43571146690918]]}},{"type":"Feature","properties":{"a":"RF0300","b":"RF0311"},"geometry":{"type":"LineString","coordinates":[[-79.87144231796265,40.43571146690918],[-79.87150669097899,40.43564613820523]]}},{"type":"Feature","properties":{"a":"RF0301","b":null},"geometry":{"type":"LineString","coordinates":[[-79.86899952617082,40.43574141328712],[-79.87058969083662,40.436440115339686]]}},{"type":"Feature","properties":{"a":"RF0301","b":null},"geometry":{"type":"LineString","coordinates":[[-79.86824131082545,40.43674086943684],[-79.86899952617082,40.43574141328712]]}},{"type":"Feature","properties":{"a":"RF0301","b":null},"geometry":{"type":"LineString","coordinates":[[-79.86824131082545,40.43674086943684],[-79.8683738708496,40.43672405370366]]}},{"type":"Feature","properties":{"a":"RF0301","b":"RF0314"},"geometry":{"type":"LineString","coordinates":[[-79.8683738708496,40.43672405370366],[-79.86854553222656,40.436707721779584]]}},{"type":"Feature","properties":{"a":"RF0301","b":"RF0315"},"geometry":{"type":"LineString","coordinates":[[-79.86854553222656,40.436707721779584],[-79.86856698989867,40.43667505791954]]}},{"type":"Feature","properties":{"a":"RF0301","b":"RF0315"},"geometry":{"type":"LineString","coordinates":[[-79.86856698989867,40.43667505791954],[-79.86860990524292,40.43667505791954]]}},{"type":"Feature","properties":{"a":"RF0301","b":"RF0315"},"geometry":{"type":"LineString","coordinates":[[-79.86860990524292,40.43667505791954],[-79.86912488937377,40.43675671753991]]}},{"type":"Feature","properties":{"a":"RF0301","b":"RF0315"},"geometry":{"type":"LineString","coordinates":[[-79.86912488937377,40.43675671753991],[-79.86929655075073,40.43672405370366]]}},{"type":"Feature","properties":{"a":"RF0301","b":"RF0304"},"geometry":{"type":"LineString","coordinates":[[-79.86929655075073,40.43672405370366],[-79.86936092376709,40.43672405370366]]}},{"type":"Feature","properties":{"a":"RF0301","b":"RF0304"},"geometry":{"type":"LineString","coordinates":[[-79.86936092376709,40.43672405370366],[-79.8697257041931,40.436642394043616]]}},{"type":"Feature","properties":{"a":"RF0301","b":"RF0304"},"geometry":{"type":"LineString","coordinates":[[-79.8697257041931,40.436642394043616],[-79.86983299255371,40.43660973015183]]}},{"type":"Feature","properties":{"a":"RF0301","b":"RF0303"},"geometry":{"type":"LineString","coordinates":[[-79.86983299255371,40.43660973015183],[-79.86994028091429,40.43659339819998]]}},{"type":"Feature","properties":{"a":"RF0301","b":"RF0303"},"geometry":{"type":"LineString","coordinates":[[-79.86994028091429,40.43659339819998],[-79.87024068832396,40.436511738381256]]}},{"type":"Feature","properties":{"a":"RF0301","b":"RF0303"},"geometry":{"type":"LineString","coordinates":[[-79.87024068832396,40.436511738381256],[-79.87034797668457,40.43649540640561]]}},{"type":"Feature","properties":{"a":"RF0301","b":"RF0313"},"geometry":{"type":"LineString","coordinates":[[-79.87034797668457,40.43649540640561],[-79.87047672271727,40.43646274244241]]}},{"type":"Feature","properties":{"a":"RF0301","b":null},"geometry":{"type":"LineString","coordinates":[[-79.87047672271727,40.43646274244241],[-79.87058969083662,40.436440115339686]]}},{"type":"Feature","properties":{"a":"RF0302","b":null},"geometry":{"type":"LineString","coordinates":[[-79.86427545547485,40.43729566854693],[-79.86640910478887,40.43587837377137]]}},{"type":"Feature","properties":{"a":"RF0302","b":null},"geometry":{"type":"LineString","coordinates":[[-79.86401796340941,40.43742632268591],[-79.86427545547485,40.43729566854693]]}},{"type":"Feature","properties":{"a":"RF0302","b":null},"geometry":{"type":"LineString","coordinates":[[-79.8634412342595,40.437984460833995],[-79.86420502841393,40.43769417788042]]}},{"type":"Feature","properties":{"a":"RF0302","b":null},"geometry":{"type":"LineString","coordinates":[[-79.86420502841393,40.43769417788042],[-79.86451999539865,40.437574473446865]]}},{"type":"Feature","properties":{"a":"RF0302","b":null},"geometry":{"type":"LineString","coordinates":[[-79.86451999539872,40.43757447344685],[-79.86451999539865,40.437574473446865]]}},{"type":"Feature","properties":{"a":"RF0302","b":null},"geometry":{"type":"LineString","coordinates":[[-79.86451999539872,40.43757447344685],[-79.86468293528804,40.43751254750509]]}},{"type":"Feature","properties":{"a":"RF0302","b":null},"geometry":{"type":"LineString","coordinates":[[-79.86468293528804,40.43751254750509],[-79.86506938934326,40.4373120003282]]}},{"type":"Feature","properties":{"a":"RF0302","b":null},"geometry":{"type":"LineString","coordinates":[[-79.86560583114623,40.436707721779584],[-79.86733776142572,40.43672064542342]]}},{"type":"Feature","properties":{"a":"RF0303","b":"RF0313"},"geometry":{"type":"LineString","coordinates":[[-79.87088441848753,40.43723034138224],[-79.87101316452026,40.43742632268591]]}},{"type":"Feature","properties":{"a":"RF0303","b":"RF0313"},"geometry":{"type":"LineString","coordinates":[[-79.87047672271727,40.43667505791954],[-79.87088441848753,40.43723034138224]]}},{"type":"Feature","properties":{"a":"RF0303","b":"RF0313"},"geometry":{"type":"LineString","coordinates":[[-79.87034797668457,40.43649540640561],[-79.87047672271727,40.43667505791954]]}},{"type":"Feature","properties":{"a":"RF0303","b":"RF0304"},"geometry":{"type":"LineString","coordinates":[[-79.86983299255371,40.43660973015183],[-79.86985445022583,40.436658725983555]]}},{"type":"Feature","properties":{"a":"RF0303","b":"RF0304"},"geometry":{"type":"LineString","coordinates":[[-79.86985445022583,40.436658725983555],[-79.86994028091429,40.43678938136028]]}},{"type":"Feature","properties":{"a":"RF0303","b":"RF0304"},"geometry":{"type":"LineString","coordinates":[[-79.86994028091429,40.43678938136028],[-79.87041234970093,40.43742632268591]]}},{"type":"Feature","properties":{"a":"RF0303","b":"RF0305"},"geometry":{"type":"LineString","coordinates":[[-79.87041234970093,40.43742632268591],[-79.87043380737303,40.43744265443542]]}},{"type":"Feature","properties":{"a":"RF0303","b":"RF0305"},"geometry":{"type":"LineString","coordinates":[[-79.87043380737303,40.43744265443542],[-79.87051963806152,40.43744265443542]]}},{"type":"Feature","properties":{"a":"RF0303","b":"RF0305"},"geometry":{"type":"LineString","coordinates":[[-79.87051963806152,40.43744265443542],[-79.87101316452026,40.43742632268591]]}},{"type":"Feature","properties":{"a":"RF0304","b":"RF0305"},"geometry":{"type":"LineString","coordinates":[[-79.87041234970093,40.43742632268591],[-79.87043380737303,40.43754064484923]]}},{"type":"Feature","properties":{"a":"RF0304","b":"RF0315"},"geometry":{"type":"LineString","coordinates":[[-79.86929655075073,40.43672405370366],[-79.86931800842285,40.43677304945208]]}},{"type":"Feature","properties":{"a":"RF0304","b":"RF0315"},"geometry":{"type":"LineString","coordinates":[[-79.86931800842285,40.43677304945208],[-79.87013339996336,40.437899941811274]]}},{"type":"Feature","properties":{"a":"RF0304","b":"RF0315"},"geometry":{"type":"LineString","coordinates":[[-79.87013339996336,40.437899941811274],[-79.87019777297974,40.437965268325364]]}},{"type":"Feature","properties":{"a":"RF0304","b":"RF0305"},"geometry":{"type":"LineString","coordinates":[[-79.87019777297974,40.437965268325364],[-79.87041234970093,40.437622303418294]]}},{"type":"Feature","properties":{"a":"RF0304","b":"RF0305"},"geometry":{"type":"LineString","coordinates":[[-79.87041234970093,40.437622303418294],[-79.87043380737303,40.43754064484923]]}},{"type":"Feature","properties":{"a":"RF0305","b":"RF0308"},"geometry":{"type":"LineString","coordinates":[[-79.87101316452026,40.43742632268591],[-79.87103462219238,40.43754064484923]]}},{"type":"Feature","properties":{"a":"RF0305","b":"RF0315"},"geometry":{"type":"LineString","coordinates":[[-79.87011194229125,40.43811225274996],[-79.87019777297974,40.437965268325364]]}},{"type":"Feature","properties":{"a":"RF0305","b":"RF0315"},"geometry":{"type":"LineString","coordinates":[[-79.87000465393066,40.43819391062477],[-79.87011194229125,40.43811225274996]]}},{"type":"Feature","properties":{"a":"RF0305","b":"RF0315"},"geometry":{"type":"LineString","coordinates":[[-79.86951112747192,40.4384878781529],[-79.87000465393066,40.43819391062477]]}},{"type":"Feature","properties":{"a":"RF0305","b":"RF0306"},"geometry":{"type":"LineString","coordinates":[[-79.86916780471802,40.43865119289088],[-79.86951112747192,40.4384878781529]]}},{"type":"Feature","properties":{"a":"RF0305","b":"RF0306"},"geometry":{"type":"LineString","coordinates":[[-79.86899614334106,40.43878184439564],[-79.86916780471802,40.43865119289088]]}},{"type":"Feature","properties":{"a":"RF0305","b":"RF0306"},"geometry":{"type":"LineString","coordinates":[[-79.86884593963623,40.43902681528272],[-79.86899614334106,40.43878184439564]]}},{"type":"Feature","properties":{"a":"RF0305","b":"RF0306"},"geometry":{"type":"LineString","coordinates":[[-79.86884593963623,40.43902681528272],[-79.86884593963623,40.43930444787566]]}},{"type":"Feature","properties":{"a":"RF0305","b":"RF0308"},"geometry":{"type":"LineString","coordinates":[[-79.86884593963623,40.43930444787566],[-79.86996173858641,40.43866752434286]]}},{"type":"Feature","properties":{"a":"RF0305","b":"RF0308"},"geometry":{"type":"LineString","coordinates":[[-79.86996173858641,40.43866752434286],[-79.87097024917601,40.437720293570266]]}},{"type":"Feature","properties":{"a":"RF0305","b":"RF0308"},"geometry":{"type":"LineString","coordinates":[[-79.87097024917601,40.437720293570266],[-79.87103462219238,40.43754064484923]]}},{"type":"Feature","properties":{"a":"RF0306","b":"RF0315"},"geometry":{"type":"LineString","coordinates":[[-79.8696184158325,40.437899941811274],[-79.86966133117676,40.43799793155859]]}},{"type":"Feature","properties":{"a":"RF0306","b":"RF0314"},"geometry":{"type":"LineString","coordinates":[[-79.86918926239014,40.43814491591178],[-79.8696184158325,40.437899941811274]]}},{"type":"Feature","properties":{"a":"RF0306","b":"RF0314"},"geometry":{"type":"LineString","coordinates":[[-79.86888885498047,40.43829189994363],[-79.86918926239014,40.43814491591178]]}},{"type":"Feature","properties":{"a":"RF0306","b":"RF0314"},"geometry":{"type":"LineString","coordinates":[[-79.86882448196411,40.438340894549505],[-79.86888885498047,40.43829189994363]]}},{"type":"Feature","properties":{"a":"RF0306","b":null},"geometry":{"type":"LineString","coordinates":[[-79.86835241317748,40.43956574809226],[-79.8684811592102,40.44015366986628]]}},{"type":"Feature","properties":{"a":"RF0306","b":"RF0307"},"geometry":{"type":"LineString","coordinates":[[-79.8684811592102,40.44015366986628],[-79.86903905868529,40.44005568326099]]}},{"type":"Feature","properties":{"a":"RF0306","b":"RF0310"},"geometry":{"type":"LineString","coordinates":[[-79.86901760101318,40.43997402764749],[-79.86903905868529,40.44005568326099]]}},{"type":"Feature","properties":{"a":"RF0306","b":"RF0310"},"geometry":{"type":"LineString","coordinates":[[-79.86897468566895,40.43974539140203],[-79.86901760101318,40.43997402764749]]}},{"type":"Feature","properties":{"a":"RF0306","b":"RF0310"},"geometry":{"type":"LineString","coordinates":[[-79.86895322799683,40.43966373541164],[-79.86897468566895,40.43974539140203]]}},{"type":"Feature","properties":{"a":"RF0306","b":"RF0308"},"geometry":{"type":"LineString","coordinates":[[-79.86893177032469,40.439598410547916],[-79.86895322799683,40.43966373541164]]}},{"type":"Feature","properties":{"a":"RF0306","b":"RF0308"},"geometry":{"type":"LineString","coordinates":[[-79.86886739730835,40.43938610430244],[-79.86893177032469,40.439598410547916]]}},{"type":"Feature","properties":{"a":"RF0306","b":"RF0308"},"geometry":{"type":"LineString","coordinates":[[-79.86884593963623,40.43930444787566],[-79.86886739730835,40.43938610430244]]}},{"type":"Feature","properties":{"a":"RF0306","b":"RF0315"},"geometry":{"type":"LineString","coordinates":[[-79.86951112747192,40.4384878781529],[-79.86966133117676,40.43812858433285]]}},{"type":"Feature","properties":{"a":"RF0306","b":"RF0315"},"geometry":{"type":"LineString","coordinates":[[-79.86966133117676,40.43799793155859],[-79.86966133117676,40.43812858433285]]}},{"type":"Feature","properties":{"a":"RF0307","b":null},"geometry":{"type":"LineString","coordinates":[[-79.86854553222656,40.440349642648385],[-79.8687171936035,40.44103554288692]]}},{"type":"Feature","properties":{"a":"RF0307","b":null},"geometry":{"type":"LineString","coordinates":[[-79.86991882324217,40.44080691025166],[-79.87017631530762,40.44065993171837]]}},{"type":"Feature","properties":{"a":"RF0308","b":"RF0309"},"geometry":{"type":"LineString","coordinates":[[-79.87150669097899,40.43740999093242],[-79.87152814865111,40.43752431312352]]}},{"type":"Feature","properties":{"a":"RF0308","b":"RF0313"},"geometry":{"type":"LineString","coordinates":[[-79.87139940261841,40.43740999093242],[-79.87150669097899,40.43740999093242]]}},{"type":"Feature","properties":{"a":"RF0308","b":"RF0313"},"geometry":{"type":"LineString","coordinates":[[-79.8712921142578,40.43742632268591],[-79.87139940261841,40.43740999093242]]}},{"type":"Feature","properties":{"a":"RF0308","b":"RF0313"},"geometry":{"type":"LineString","coordinates":[[-79.87101316452026,40.43742632268591],[-79.8712921142578,40.43742632268591]]}},{"type":"Feature","properties":{"a":"RF0308","b":"RF0310"},"geometry":{"type":"LineString","coordinates":[[-79.86895322799683,40.43966373541164],[-79.86903905868529,40.439647404201665]]}},{"type":"Feature","properties":{"a":"RF0308","b":"RF0310"},"geometry":{"type":"LineString","coordinates":[[-79.86903905868529,40.439647404201665],[-79.87013339996336,40.43904314664346]]}},{"type":"Feature","properties":{"a":"RF0308","b":"RF0310"},"geometry":{"type":"LineString","coordinates":[[-79.87013339996336,40.43904314664346],[-79.8702836036682,40.438912495646505]]}},{"type":"Feature","properties":{"a":"RF0308","b":null},"geometry":{"type":"LineString","coordinates":[[-79.8702836036682,40.438912495646505],[-79.87137794494629,40.437899941811274]]}},{"type":"Feature","properties":{"a":"RF0308","b":"RF0309"},"geometry":{"type":"LineString","coordinates":[[-79.87137794494629,40.437899941811274],[-79.87148523330687,40.4377039618882]]}},{"type":"Feature","properties":{"a":"RF0308","b":"RF0309"},"geometry":{"type":"LineString","coordinates":[[-79.87148523330687,40.4377039618882],[-79.87152814865111,40.43752431312352]]}},{"type":"Feature","properties":{"a":"RF0309","b":"RF0312"},"geometry":{"type":"LineString","coordinates":[[-79.87193584442137,40.43677304945208],[-79.87303018569946,40.43785094688406]]}},{"type":"Feature","properties":{"a":"RF0309","b":"RF0312"},"geometry":{"type":"LineString","coordinates":[[-79.87180709838867,40.43672405370366],[-79.87193584442137,40.43677304945208]]}},{"type":"Feature","properties":{"a":"RF0309","b":"RF0312"},"geometry":{"type":"LineString","coordinates":[[-79.8716354370117,40.436740385623764],[-79.87180709838867,40.43672405370366]]}},{"type":"Feature","properties":{"a":"RF0309","b":"RF0312"},"geometry":{"type":"LineString","coordinates":[[-79.87124919891356,40.43690370460664],[-79.8716354370117,40.436740385623764]]}},{"type":"Feature","properties":{"a":"RF0309","b":"RF0313"},"geometry":{"type":"LineString","coordinates":[[-79.87124919891356,40.43690370460664],[-79.87131357192992,40.436985363949304]]}},{"type":"Feature","properties":{"a":"RF0309","b":"RF0313"},"geometry":{"type":"LineString","coordinates":[[-79.87131357192992,40.436985363949304],[-79.87144231796265,40.43716501415407]]}},{"type":"Feature","properties":{"a":"RF0309","b":"RF0313"},"geometry":{"type":"LineString","coordinates":[[-79.87144231796265,40.43716501415407],[-79.87150669097899,40.43740999093242]]}},{"type":"Feature","properties":{"a":"RF0309","b":null},"geometry":{"type":"LineString","coordinates":[[-79.87066898852972,40.43855591317321],[-79.87137794494629,40.437899941811274]]}},{"type":"Feature","properties":{"a":"RF0309","b":"RF0310"},"geometry":{"type":"LineString","coordinates":[[-79.87066898852972,40.43855591317321],[-79.87105017830017,40.43897022277939]]}},{"type":"Feature","properties":{"a":"RF0309","b":null},"geometry":{"type":"LineString","coordinates":[[-79.87105017830017,40.43897022277939],[-79.87223625183104,40.438308231482885]]}},{"type":"Feature","properties":{"a":"RF0310","b":null},"geometry":{"type":"LineString","coordinates":[[-79.8702836036682,40.438912495646505],[-79.87066898852972,40.43855591317321]]}},{"type":"Feature","properties":{"a":"RF0310","b":null},"geometry":{"type":"LineString","coordinates":[[-79.86933946609497,40.43992503423178],[-79.87105017830017,40.43897022277939]]}},{"type":"Feature","properties":{"a":"RF0311","b":"RF0360"},"geometry":{"type":"LineString","coordinates":[[-79.87367391586302,40.437344663878804],[-79.8737382888794,40.43747531792256]]}},{"type":"Feature","properties":{"a":"RF0311","b":"RF0360"},"geometry":{"type":"LineString","coordinates":[[-79.87350225448607,40.4370833550296],[-79.87367391586302,40.437344663878804]]}},{"type":"Feature","properties":{"a":"RF0311","b":"RF0360"},"geometry":{"type":"LineString","coordinates":[[-79.87324476242064,40.43680571326452],[-79.87350225448607,40.4370833550296]]}},{"type":"Feature","properties":{"a":"RF0311","b":"RF0361"},"geometry":{"type":"LineString","coordinates":[[-79.87298727035521,40.43654440232065],[-79.87324476242064,40.43680571326452]]}},{"type":"Feature","properties":{"a":"RF0311","b":"RF0361"},"geometry":{"type":"LineString","coordinates":[[-79.87253665924071,40.43616876605956],[-79.87298727035521,40.43654440232065]]}},{"type":"Feature","properties":{"a":"RF0311","b":"RF0361"},"geometry":{"type":"LineString","coordinates":[[-79.8723006248474,40.436021777386124],[-79.87253665924071,40.43616876605956]]}},{"type":"Feature","properties":{"a":"RF0311","b":"RF0361"},"geometry":{"type":"LineString","coordinates":[[-79.87178564071655,40.435776795549664],[-79.8723006248474,40.436021777386124]]}},{"type":"Feature","properties":{"a":"RF0311","b":"RF0362"},"geometry":{"type":"LineString","coordinates":[[-79.8717212677002,40.43574413123735],[-79.87178564071655,40.435776795549664]]}},{"type":"Feature","properties":{"a":"RF0311","b":"RF0362"},"geometry":{"type":"LineString","coordinates":[[-79.87154960632323,40.435678802565135],[-79.8717212677002,40.43574413123735]]}},{"type":"Feature","properties":{"a":"RF0311","b":"RF0362"},"geometry":{"type":"LineString","coordinates":[[-79.87150669097899,40.43564613820523],[-79.87154960632323,40.435678802565135]]}},{"type":"Feature","properties":{"a":"RF0311","b":"RF0312"},"geometry":{"type":"LineString","coordinates":[[-79.87122774124144,40.43598911319284],[-79.87204313278198,40.436381082465005]]}},{"type":"Feature","properties":{"a":"RF0311","b":"RF0312"},"geometry":{"type":"LineString","coordinates":[[-79.87204313278198,40.436381082465005],[-79.87221479415892,40.436479074425996]]}},{"type":"Feature","properties":{"a":"RF0311","b":"RF0312"},"geometry":{"type":"LineString","coordinates":[[-79.87221479415892,40.436479074425996],[-79.8726439476013,40.43687104084181]]}},{"type":"Feature","properties":{"a":"RF0311","b":"RF0312"},"geometry":{"type":"LineString","coordinates":[[-79.8726439476013,40.43687104084181],[-79.87339496612549,40.43765496681816]]}},{"type":"Feature","properties":{"a":"RF0312","b":"RF0313"},"geometry":{"type":"LineString","coordinates":[[-79.87101316452026,40.43636475045762],[-79.87107753753662,40.436511738381256]]}},{"type":"Feature","properties":{"a":"RF0312","b":"RF0313"},"geometry":{"type":"LineString","coordinates":[[-79.87107753753662,40.436511738381256],[-79.87118482589722,40.43680571326452]]}},{"type":"Feature","properties":{"a":"RF0312","b":"RF0313"},"geometry":{"type":"LineString","coordinates":[[-79.87118482589722,40.43680571326452],[-79.87124919891356,40.43690370460664]]}},{"type":"Feature","properties":{"a":"RF0313","b":null},"geometry":{"type":"LineString","coordinates":[[-79.87047672271727,40.43646274244241],[-79.87088441848753,40.436381082465005]]}},{"type":"Feature","properties":{"a":"RF0314","b":"RF0315"},"geometry":{"type":"LineString","coordinates":[[-79.86944675445555,40.43763863512021],[-79.8696184158325,40.437899941811274]]}},{"type":"Feature","properties":{"a":"RF0314","b":"RF0315"},"geometry":{"type":"LineString","coordinates":[[-79.86878156661986,40.43693636835561],[-79.86944675445555,40.43763863512021]]}},{"type":"Feature","properties":{"a":"RF0314","b":"RF0315"},"geometry":{"type":"LineString","coordinates":[[-79.86854553222656,40.436707721779584],[-79.86878156661986,40.43693636835561]]}},{"type":"Feature","properties":{"a":"RF0314","b":null},"geometry":{"type":"LineString","coordinates":[[-79.86785888671875,40.43678938136028],[-79.8683738708496,40.43672405370366]]}},{"type":"Feature","properties":{"a":"RF0314","b":null},"geometry":{"type":"LineString","coordinates":[[-79.86779451370239,40.43678938136028],[-79.86779451370239,40.43723034138224]]}},{"type":"Feature","properties":{"a":"RF0316","b":"RF0318"},"geometry":{"type":"LineString","coordinates":[[-79.87468242645262,40.44554271321138],[-79.87526178359985,40.44573867028299]]}},{"type":"Feature","properties":{"a":"RF0316","b":"RF0318"},"geometry":{"type":"LineString","coordinates":[[-79.87463951110838,40.44554271321138],[-79.87468242645262,40.44554271321138]]}},{"type":"Feature","properties":{"a":"RF0316","b":"RF0318"},"geometry":{"type":"LineString","coordinates":[[-79.87328767776488,40.44590196740628],[-79.87463951110838,40.44554271321138]]}},{"type":"Feature","properties":{"a":"RF0316","b":"RF0318"},"geometry":{"type":"LineString","coordinates":[[-79.87285852432251,40.446032604819244],[-79.87328767776488,40.44590196740628]]}},{"type":"Feature","properties":{"a":"RF0316","b":"RF0318"},"geometry":{"type":"LineString","coordinates":[[-79.87249374389648,40.44617957160533],[-79.87285852432251,40.446032604819244]]}},{"type":"Feature","properties":{"a":"RF0316","b":"RF0317"},"geometry":{"type":"LineString","coordinates":[[-79.87180709838867,40.44644084509823],[-79.87249374389648,40.44617957160533]]}},{"type":"Feature","properties":{"a":"RF0316","b":"RF0317"},"geometry":{"type":"LineString","coordinates":[[-79.87169981002808,40.44647350421343],[-79.87180709838867,40.44644084509823]]}},{"type":"Feature","properties":{"a":"RF0316","b":"RF0317"},"geometry":{"type":"LineString","coordinates":[[-79.8716354370117,40.44652249285647],[-79.87169981002808,40.44647350421343]]}},{"type":"Feature","properties":{"a":"RF0316","b":null},"geometry":{"type":"LineString","coordinates":[[-79.87202167510986,40.4468000944926],[-79.87380266189575,40.446130582712335]]}},{"type":"Feature","properties":{"a":"RF0316","b":"RF0431"},"geometry":{"type":"LineString","coordinates":[[-79.87380266189575,40.446130582712335],[-79.87459659576416,40.44591829709678]]}},{"type":"Feature","properties":{"a":"RF0316","b":"RF0431"},"geometry":{"type":"LineString","coordinates":[[-79.87459659576416,40.44591829709678],[-79.87526178359985,40.44573867028299]]}},{"type":"Feature","properties":{"a":"RF0317","b":"RF0318"},"geometry":{"type":"LineString","coordinates":[[-79.87232208251952,40.44585297831095],[-79.87249374389648,40.44617957160533]]}},{"type":"Feature","properties":{"a":"RF0317","b":"RF0318"},"geometry":{"type":"LineString","coordinates":[[-79.8723006248474,40.4457713297394],[-79.87232208251952,40.44585297831095]]}},{"type":"Feature","properties":{"a":"RF0317","b":"RF0319"},"geometry":{"type":"LineString","coordinates":[[-79.87178564071655,40.44591829709678],[-79.8723006248474,40.4457713297394]]}},{"type":"Feature","properties":{"a":"RF0317","b":"RF0319"},"geometry":{"type":"LineString","coordinates":[[-79.87135648727417,40.44604893447801],[-79.87178564071655,40.44591829709678]]}},{"type":"Feature","properties":{"a":"RF0317","b":"RF0319"},"geometry":{"type":"LineString","coordinates":[[-79.87112045288085,40.446114253073404],[-79.87135648727417,40.44604893447801]]}},{"type":"Feature","properties":{"a":"RF0318","b":"RF0330"},"geometry":{"type":"LineString","coordinates":[[-79.87526178359985,40.445118137596346],[-79.87556219100952,40.445216116822465]]}},{"type":"Feature","properties":{"a":"RF0318","b":"RF0330"},"geometry":{"type":"LineString","coordinates":[[-79.87459659576416,40.44488951884661],[-79.87526178359985,40.445118137596346]]}},{"type":"Feature","properties":{"a":"RF0318","b":"RF0330"},"geometry":{"type":"LineString","coordinates":[[-79.87433910369872,40.44482419906101],[-79.87459659576416,40.44488951884661]]}},{"type":"Feature","properties":{"a":"RF0318","b":"RF0319"},"geometry":{"type":"LineString","coordinates":[[-79.87423181533813,40.44502015822739],[-79.87433910369872,40.44482419906101]]}},{"type":"Feature","properties":{"a":"RF0318","b":"RF0319"},"geometry":{"type":"LineString","coordinates":[[-79.87410306930542,40.44516712722725],[-79.87423181533813,40.44502015822739]]}},{"type":"Feature","properties":{"a":"RF0318","b":"RF0319"},"geometry":{"type":"LineString","coordinates":[[-79.87397432327269,40.44524877653277],[-79.87410306930542,40.44516712722725]]}},{"type":"Feature","properties":{"a":"RF0318","b":"RF0319"},"geometry":{"type":"LineString","coordinates":[[-79.87378120422363,40.44533042573911],[-79.87397432327269,40.44524877653277]]}},{"type":"Feature","properties":{"a":"RF0318","b":"RF0319"},"geometry":{"type":"LineString","coordinates":[[-79.8723006248474,40.4457713297394],[-79.87378120422363,40.44533042573911]]}},{"type":"Feature","properties":{"a":"RF0318","b":"RF0453"},"geometry":{"type":"LineString","coordinates":[[-79.87526178359985,40.445722340548855],[-79.87526178359985,40.44573867028299]]}},{"type":"Feature","properties":{"a":"RF0318","b":"RF0453"},"geometry":{"type":"LineString","coordinates":[[-79.87526178359985,40.445722340548855],[-79.8753261566162,40.44564069181861]]}},{"type":"Feature","properties":{"a":"RF0318","b":"RF0453"},"geometry":{"type":"LineString","coordinates":[[-79.8753261566162,40.44564069181861],[-79.87556219100952,40.445216116822465]]}},{"type":"Feature","properties":{"a":"RF0319","b":"RF0320"},"geometry":{"type":"LineString","coordinates":[[-79.87367391586302,40.44469355929937],[-79.8744249343872,40.44469355929937]]}},{"type":"Feature","properties":{"a":"RF0319","b":"RF0320"},"geometry":{"type":"LineString","coordinates":[[-79.87341642379761,40.44470988928346],[-79.87367391586302,40.44469355929937]]}},{"type":"Feature","properties":{"a":"RF0319","b":"RF0320"},"geometry":{"type":"LineString","coordinates":[[-79.8731803894043,40.444758879211925],[-79.87341642379761,40.44470988928346]]}},{"type":"Feature","properties":{"a":"RF0319","b":"RF0320"},"geometry":{"type":"LineString","coordinates":[[-79.87292289733885,40.444873188906165],[-79.8731803894043,40.444758879211925]]}},{"type":"Feature","properties":{"a":"RF0319","b":null},"geometry":{"type":"LineString","coordinates":[[-79.87154960632323,40.44573867028299],[-79.87292289733885,40.444873188906165]]}},{"type":"Feature","properties":{"a":"RF0319","b":"RF0321"},"geometry":{"type":"LineString","coordinates":[[-79.87112045288085,40.446114253073404],[-79.87154960632323,40.44573867028299]]}},{"type":"Feature","properties":{"a":"RF0319","b":"RF0330"},"geometry":{"type":"LineString","coordinates":[[-79.87433910369872,40.44482419906101],[-79.8744249343872,40.44469355929937]]}},{"type":"Feature","properties":{"a":"RF0320","b":"RF0332"},"geometry":{"type":"LineString","coordinates":[[-79.87371683120728,40.443893385218956],[-79.87468242645262,40.44421998803495]]}},{"type":"Feature","properties":{"a":"RF0320","b":"RF0331"},"geometry":{"type":"LineString","coordinates":[[-79.87363100051878,40.443877055036495],[-79.87371683120728,40.443893385218956]]}},{"type":"Feature","properties":{"a":"RF0320","b":"RF0331"},"geometry":{"type":"LineString","coordinates":[[-79.87335205078124,40.443779073858444],[-79.87363100051878,40.443877055036495]]}},{"type":"Feature","properties":{"a":"RF0320","b":"RF0331"},"geometry":{"type":"LineString","coordinates":[[-79.87326622009276,40.44374641343402],[-79.87335205078124,40.443779073858444]]}},{"type":"Feature","properties":{"a":"RF0320","b":"RF0322"},"geometry":{"type":"LineString","coordinates":[[-79.87322330474852,40.443762743648215],[-79.87326622009276,40.44374641343402]]}},{"type":"Feature","properties":{"a":"RF0320","b":null},"geometry":{"type":"LineString","coordinates":[[-79.8721121430031,40.44446880622695],[-79.87322330474852,40.443762743648215]]}},{"type":"Feature","properties":{"a":"RF0320","b":"RF0321"},"geometry":{"type":"LineString","coordinates":[[-79.8721121430031,40.44446880622695],[-79.8727076010214,40.44500887387834]]}},{"type":"Feature","properties":{"a":"RF0320","b":null},"geometry":{"type":"LineString","coordinates":[[-79.8727076010214,40.44500887387834],[-79.87292289733885,40.444873188906165]]}},{"type":"Feature","properties":{"a":"RF0320","b":"RF0329"},"geometry":{"type":"LineString","coordinates":[[-79.8744249343872,40.44469355929937],[-79.87446784973145,40.44459557931152]]}},{"type":"Feature","properties":{"a":"RF0320","b":"RF0329"},"geometry":{"type":"LineString","coordinates":[[-79.87446784973145,40.44459557931152],[-79.87463951110838,40.4443179685703]]}},{"type":"Feature","properties":{"a":"RF0320","b":"RF0329"},"geometry":{"type":"LineString","coordinates":[[-79.87463951110838,40.4443179685703],[-79.87468242645262,40.44421998803495]]}},{"type":"Feature","properties":{"a":"RF0321","b":null},"geometry":{"type":"LineString","coordinates":[[-79.87101316452026,40.44516712722725],[-79.8721121430031,40.44446880622695]]}},{"type":"Feature","properties":{"a":"RF0321","b":"RF0323"},"geometry":{"type":"LineString","coordinates":[[-79.87045526504515,40.44552638342964],[-79.87101316452026,40.44516712722725]]}},{"type":"Feature","properties":{"a":"RF0321","b":null},"geometry":{"type":"LineString","coordinates":[[-79.87154960632323,40.44573867028299],[-79.8727076010214,40.44500887387834]]}},{"type":"Feature","properties":{"a":"RF0322","b":"RF0326"},"geometry":{"type":"LineString","coordinates":[[-79.87358808517455,40.442831915107256],[-79.87375974655151,40.442880906404454]]}},{"type":"Feature","properties":{"a":"RF0322","b":"RF0326"},"geometry":{"type":"LineString","coordinates":[[-79.87305164337158,40.4426522800454],[-79.87358808517455,40.442831915107256]]}},{"type":"Feature","properties":{"a":"RF0322","b":"RF0326"},"geometry":{"type":"LineString","coordinates":[[-79.87285852432251,40.44258695808571],[-79.87305164337158,40.4426522800454]]}},{"type":"Feature","properties":{"a":"RF0322","b":"RF0338"},"geometry":{"type":"LineString","coordinates":[[-79.87277269363403,40.442766593322126],[-79.87285852432251,40.44258695808571]]}},{"type":"Feature","properties":{"a":"RF0322","b":"RF0338"},"geometry":{"type":"LineString","coordinates":[[-79.87247228622437,40.4433054961511],[-79.87277269363403,40.442766593322126]]}},{"type":"Feature","properties":{"a":"RF0322","b":"RF0338"},"geometry":{"type":"LineString","coordinates":[[-79.87232208251952,40.4434524689001],[-79.87247228622437,40.4433054961511]]}},{"type":"Feature","properties":{"a":"RF0322","b":"RF0324"},"geometry":{"type":"LineString","coordinates":[[-79.87215042114258,40.443534120288454],[-79.87232208251952,40.4434524689001]]}},{"type":"Feature","properties":{"a":"RF0322","b":null},"geometry":{"type":"LineString","coordinates":[[-79.87169034113776,40.44383524073284],[-79.87215042114258,40.443534120288454]]}},{"type":"Feature","properties":{"a":"RF0322","b":"RF0323"},"geometry":{"type":"LineString","coordinates":[[-79.87169034113776,40.44383524073284],[-79.8722748759428,40.44436540126406]]}},{"type":"Feature","properties":{"a":"RF0322","b":null},"geometry":{"type":"LineString","coordinates":[[-79.8722748759428,40.44436540126406],[-79.87322330474852,40.443762743648215]]}},{"type":"Feature","properties":{"a":"RF0322","b":"RF0331"},"geometry":{"type":"LineString","coordinates":[[-79.87326622009276,40.44374641343402],[-79.87337350845337,40.44358311107387]]}},{"type":"Feature","properties":{"a":"RF0322","b":"RF0331"},"geometry":{"type":"LineString","coordinates":[[-79.87337350845337,40.44358311107387],[-79.8736524581909,40.443060540855335]]}},{"type":"Feature","properties":{"a":"RF0322","b":"RF0331"},"geometry":{"type":"LineString","coordinates":[[-79.8736524581909,40.443060540855335],[-79.87375974655151,40.442880906404454]]}},{"type":"Feature","properties":{"a":"RF0323","b":null},"geometry":{"type":"LineString","coordinates":[[-79.87107753753662,40.444236318134095],[-79.87169034113776,40.44383524073284]]}},{"type":"Feature","properties":{"a":"RF0323","b":"RF0324"},"geometry":{"type":"LineString","coordinates":[[-79.86987590789795,40.445003828318676],[-79.87107753753662,40.444236318134095]]}},{"type":"Feature","properties":{"a":"RF0323","b":null},"geometry":{"type":"LineString","coordinates":[[-79.87101316452026,40.44516712722725],[-79.8722748759428,40.44436540126406]]}},{"type":"Feature","properties":{"a":"RF0324","b":"RF0338"},"geometry":{"type":"LineString","coordinates":[[-79.87217187881468,40.44338714771799],[-79.87232208251952,40.4434524689001]]}},{"type":"Feature","properties":{"a":"RF0324","b":"RF0338"},"geometry":{"type":"LineString","coordinates":[[-79.87178564071655,40.44327283549658],[-79.87217187881468,40.44338714771799]]}},{"type":"Feature","properties":{"a":"RF0324","b":"RF0338"},"geometry":{"type":"LineString","coordinates":[[-79.87154960632323,40.44319118379083],[-79.87178564071655,40.44327283549658]]}},{"type":"Feature","properties":{"a":"RF0324","b":"RF0337"},"geometry":{"type":"LineString","coordinates":[[-79.87144231796265,40.443142192719776],[-79.87154960632323,40.44319118379083]]}},{"type":"Feature","properties":{"a":"RF0324","b":"RF0337"},"geometry":{"type":"LineString","coordinates":[[-79.87133502960205,40.44312586235482],[-79.87144231796265,40.443142192719776]]}},{"type":"Feature","properties":{"a":"RF0324","b":"RF0337"},"geometry":{"type":"LineString","coordinates":[[-79.87097024917601,40.44301154968907],[-79.87133502960205,40.44312586235482]]}},{"type":"Feature","properties":{"a":"RF0324","b":"RF0325"},"geometry":{"type":"LineString","coordinates":[[-79.87032651901245,40.44382806446532],[-79.87058401107787,40.443681092537574]]}},{"type":"Feature","properties":{"a":"RF0324","b":"RF0325"},"geometry":{"type":"LineString","coordinates":[[-79.86929655075073,40.444481269145165],[-79.87032651901245,40.44382806446532]]}},{"type":"Feature","properties":{"a":"RF0324","b":null},"geometry":{"type":"LineString","coordinates":[[-79.87107753753662,40.444236318134095],[-79.87215042114258,40.443534120288454]]}},{"type":"Feature","properties":{"a":"RF0325","b":null},"geometry":{"type":"LineString","coordinates":[[-79.86991882324217,40.44374641343402],[-79.87032651901245,40.44369742276763]]}},{"type":"Feature","properties":{"a":"RF0325","b":null},"geometry":{"type":"LineString","coordinates":[[-79.86830949783325,40.44408934709899],[-79.86858844757079,40.44394237574252]]}},{"type":"Feature","properties":{"a":"RF0326","b":null},"geometry":{"type":"LineString","coordinates":[[-79.874746799469,40.44227667791033],[-79.87506866455077,40.44237466127833]]}},{"type":"Feature","properties":{"a":"RF0326","b":"RF0344"},"geometry":{"type":"LineString","coordinates":[[-79.87384557723998,40.44196639630276],[-79.874746799469,40.44227667791033]]}},{"type":"Feature","properties":{"a":"RF0326","b":"RF0344"},"geometry":{"type":"LineString","coordinates":[[-79.8735237121582,40.44188474301009],[-79.87384557723998,40.44196639630276]]}},{"type":"Feature","properties":{"a":"RF0326","b":null},"geometry":{"type":"LineString","coordinates":[[-79.87251520156859,40.44163978253702],[-79.8735237121582,40.44188474301009]]}},{"type":"Feature","properties":{"a":"RF0326","b":"RF0335"},"geometry":{"type":"LineString","coordinates":[[-79.87238645553589,40.44159079033529],[-79.87251520156859,40.44163978253702]]}},{"type":"Feature","properties":{"a":"RF0326","b":"RF0335"},"geometry":{"type":"LineString","coordinates":[[-79.87234354019164,40.44159079033529],[-79.87238645553589,40.44159079033529]]}},{"type":"Feature","properties":{"a":"RF0326","b":"RF0336"},"geometry":{"type":"LineString","coordinates":[[-79.8721933364868,40.44188474301009],[-79.87234354019164,40.44159079033529]]}},{"type":"Feature","properties":{"a":"RF0326","b":"RF0336"},"geometry":{"type":"LineString","coordinates":[[-79.8720645904541,40.44214603319749],[-79.8721933364868,40.44188474301009]]}},{"type":"Feature","properties":{"a":"RF0326","b":"RF0336"},"geometry":{"type":"LineString","coordinates":[[-79.87197875976561,40.44229300848158],[-79.8720645904541,40.44214603319749]]}},{"type":"Feature","properties":{"a":"RF0326","b":"RF0337"},"geometry":{"type":"LineString","coordinates":[[-79.87197875976561,40.44229300848158],[-79.87200021743773,40.44229300848158]]}},{"type":"Feature","properties":{"a":"RF0326","b":null},"geometry":{"type":"LineString","coordinates":[[-79.87200021743773,40.44229300848158],[-79.87221479415892,40.44237466127833]]}},{"type":"Feature","properties":{"a":"RF0326","b":"RF0338"},"geometry":{"type":"LineString","coordinates":[[-79.87221479415892,40.44237466127833],[-79.87223625183104,40.44237466127833]]}},{"type":"Feature","properties":{"a":"RF0326","b":"RF0338"},"geometry":{"type":"LineString","coordinates":[[-79.87223625183104,40.44237466127833],[-79.87285852432251,40.44258695808571]]}},{"type":"Feature","properties":{"a":"RF0326","b":"RF0331"},"geometry":{"type":"LineString","coordinates":[[-79.87375974655151,40.442880906404454],[-79.87384557723998,40.442913567249406]]}},{"type":"Feature","properties":{"a":"RF0326","b":"RF0331"},"geometry":{"type":"LineString","coordinates":[[-79.87384557723998,40.442913567249406],[-79.87412452697754,40.44299521929237]]}},{"type":"Feature","properties":{"a":"RF0326","b":null},"geometry":{"type":"LineString","coordinates":[[-79.87412452697754,40.44299521929237],[-79.87429618835448,40.443060540855335]]}},{"type":"Feature","properties":{"a":"RF0326","b":"RF0327"},"geometry":{"type":"LineString","coordinates":[[-79.87429618835448,40.443060540855335],[-79.87453222274779,40.443142192719776]]}},{"type":"Feature","properties":{"a":"RF0326","b":"RF0327"},"geometry":{"type":"LineString","coordinates":[[-79.87453222274779,40.443142192719776],[-79.87461805343627,40.44315852308076]]}},{"type":"Feature","properties":{"a":"RF0326","b":"RF0340"},"geometry":{"type":"LineString","coordinates":[[-79.87461805343627,40.44315852308076],[-79.87470388412474,40.44301154968907]]}},{"type":"Feature","properties":{"a":"RF0326","b":"RF0340"},"geometry":{"type":"LineString","coordinates":[[-79.87470388412474,40.44301154968907],[-79.87496137619017,40.44253796657429]]}},{"type":"Feature","properties":{"a":"RF0326","b":"RF0340"},"geometry":{"type":"LineString","coordinates":[[-79.87496137619017,40.44253796657429],[-79.87506866455077,40.44237466127833]]}},{"type":"Feature","properties":{"a":"RF0327","b":"RF0340"},"geometry":{"type":"LineString","coordinates":[[-79.87506866455077,40.4433054961511],[-79.87517595291136,40.44335448710314]]}},{"type":"Feature","properties":{"a":"RF0327","b":"RF0340"},"geometry":{"type":"LineString","coordinates":[[-79.87472534179686,40.44319118379083],[-79.87506866455077,40.4433054961511]]}},{"type":"Feature","properties":{"a":"RF0327","b":"RF0340"},"geometry":{"type":"LineString","coordinates":[[-79.87461805343627,40.44315852308076],[-79.87472534179686,40.44319118379083]]}},{"type":"Feature","properties":{"a":"RF0327","b":null},"geometry":{"type":"LineString","coordinates":[[-79.87421035766602,40.443027880081786],[-79.87429618835448,40.443060540855335]]}},{"type":"Feature","properties":{"a":"RF0327","b":"RF0331"},"geometry":{"type":"LineString","coordinates":[[-79.87416744232176,40.44312586235482],[-79.87421035766602,40.443027880081786]]}},{"type":"Feature","properties":{"a":"RF0327","b":"RF0331"},"geometry":{"type":"LineString","coordinates":[[-79.87401723861693,40.44338714771799],[-79.87416744232176,40.44312586235482]]}},{"type":"Feature","properties":{"a":"RF0327","b":"RF0331"},"geometry":{"type":"LineString","coordinates":[[-79.87397432327269,40.4434687991857],[-79.87401723861693,40.44338714771799]]}},{"type":"Feature","properties":{"a":"RF0327","b":"RF0332"},"geometry":{"type":"LineString","coordinates":[[-79.87397432327269,40.4434687991857],[-79.87416744232176,40.44351779001872]]}},{"type":"Feature","properties":{"a":"RF0327","b":"RF0332"},"geometry":{"type":"LineString","coordinates":[[-79.87416744232176,40.44351779001872],[-79.87418889999388,40.443534120288454]]}},{"type":"Feature","properties":{"a":"RF0327","b":"RF0332"},"geometry":{"type":"LineString","coordinates":[[-79.87418889999388,40.443534120288454],[-79.87493991851807,40.443779073858444]]}},{"type":"Feature","properties":{"a":"RF0327","b":"RF0328"},"geometry":{"type":"LineString","coordinates":[[-79.87493991851807,40.443779073858444],[-79.87498283386229,40.44369742276763]]}},{"type":"Feature","properties":{"a":"RF0327","b":"RF0328"},"geometry":{"type":"LineString","coordinates":[[-79.87498283386229,40.44369742276763],[-79.87513303756714,40.443436138610515]]}},{"type":"Feature","properties":{"a":"RF0327","b":"RF0328"},"geometry":{"type":"LineString","coordinates":[[-79.87513303756714,40.443436138610515],[-79.87517595291136,40.44335448710314]]}},{"type":"Feature","properties":{"a":"RF0328","b":"RF0339"},"geometry":{"type":"LineString","coordinates":[[-79.87614154815672,40.443664762303534],[-79.87637758255003,40.443730083215854]]}},{"type":"Feature","properties":{"a":"RF0328","b":"RF0339"},"geometry":{"type":"LineString","coordinates":[[-79.87541198730469,40.44341980831698],[-79.87614154815672,40.443664762303534]]}},{"type":"Feature","properties":{"a":"RF0328","b":"RF0339"},"geometry":{"type":"LineString","coordinates":[[-79.87517595291136,40.44335448710314],[-79.87541198730469,40.44341980831698]]}},{"type":"Feature","properties":{"a":"RF0328","b":"RF0332"},"geometry":{"type":"LineString","coordinates":[[-79.8748755455017,40.44386072485007],[-79.87493991851807,40.443779073858444]]}},{"type":"Feature","properties":{"a":"RF0328","b":"RF0332"},"geometry":{"type":"LineString","coordinates":[[-79.87472534179686,40.44413833747973],[-79.8748755455017,40.44386072485007]]}},{"type":"Feature","properties":{"a":"RF0328","b":"RF0332"},"geometry":{"type":"LineString","coordinates":[[-79.87468242645262,40.44421998803495],[-79.87472534179686,40.44413833747973]]}},{"type":"Feature","properties":{"a":"RF0328","b":"RF0329"},"geometry":{"type":"LineString","coordinates":[[-79.87468242645262,40.44421998803495],[-79.87491846084595,40.444301638491]]}},{"type":"Feature","properties":{"a":"RF0328","b":"RF0329"},"geometry":{"type":"LineString","coordinates":[[-79.87491846084595,40.444301638491],[-79.875648021698,40.44453025924027]]}},{"type":"Feature","properties":{"a":"RF0328","b":"RF0329"},"geometry":{"type":"LineString","coordinates":[[-79.875648021698,40.44453025924027],[-79.8758840560913,40.44461190931941]]}},{"type":"Feature","properties":{"a":"RF0328","b":"RF0457"},"geometry":{"type":"LineString","coordinates":[[-79.8758840560913,40.44461190931941],[-79.87596988677979,40.444432279014364]]}},{"type":"Feature","properties":{"a":"RF0328","b":"RF0457"},"geometry":{"type":"LineString","coordinates":[[-79.87596988677979,40.444432279014364],[-79.87627029418945,40.443909715397446]]}},{"type":"Feature","properties":{"a":"RF0328","b":"RF0457"},"geometry":{"type":"LineString","coordinates":[[-79.87627029418945,40.443909715397446],[-79.87637758255003,40.443730083215854]]}},{"type":"Feature","properties":{"a":"RF0329","b":"RF0330"},"geometry":{"type":"LineString","coordinates":[[-79.8744249343872,40.44469355929937],[-79.87584114074706,40.44469355929937]]}},{"type":"Feature","properties":{"a":"RF0329","b":"RF0453"},"geometry":{"type":"LineString","coordinates":[[-79.87584114074706,40.44469355929937],[-79.8758840560913,40.44461190931941]]}},{"type":"Feature","properties":{"a":"RF0330","b":"RF0453"},"geometry":{"type":"LineString","coordinates":[[-79.87556219100952,40.445216116822465],[-79.8757553100586,40.44485685896175]]}},{"type":"Feature","properties":{"a":"RF0330","b":"RF0453"},"geometry":{"type":"LineString","coordinates":[[-79.8757553100586,40.44485685896175],[-79.87577676773071,40.444791539144404]]}},{"type":"Feature","properties":{"a":"RF0330","b":"RF0453"},"geometry":{"type":"LineString","coordinates":[[-79.87577676773071,40.444791539144404],[-79.87584114074706,40.44469355929937]]}},{"type":"Feature","properties":{"a":"RF0331","b":null},"geometry":{"type":"LineString","coordinates":[[-79.87412452697754,40.44299521929237],[-79.87421035766602,40.443027880081786]]}},{"type":"Feature","properties":{"a":"RF0331","b":"RF0332"},"geometry":{"type":"LineString","coordinates":[[-79.87371683120728,40.443893385218956],[-79.87378120422363,40.443811734267]]}},{"type":"Feature","properties":{"a":"RF0331","b":"RF0332"},"geometry":{"type":"LineString","coordinates":[[-79.87378120422363,40.443811734267],[-79.87390995025633,40.44355045055423]]}},{"type":"Feature","properties":{"a":"RF0331","b":"RF0332"},"geometry":{"type":"LineString","coordinates":[[-79.87390995025633,40.44355045055423],[-79.87397432327269,40.4434687991857]]}},{"type":"Feature","properties":{"a":"RF0333","b":"RF0342"},"geometry":{"type":"LineString","coordinates":[[-79.87418889999388,40.43948409188366],[-79.87421035766602,40.44043129780565]]}},{"type":"Feature","properties":{"a":"RF0333","b":null},"geometry":{"type":"LineString","coordinates":[[-79.87174272537231,40.44065993171837],[-79.87174272537231,40.44068441744687]]}},{"type":"Feature","properties":{"a":"RF0333","b":null},"geometry":{"type":"LineString","coordinates":[[-79.87174272537231,40.44068441744687],[-79.87421035766602,40.44068441744687]]}},{"type":"Feature","properties":{"a":"RF0333","b":null},"geometry":{"type":"LineString","coordinates":[[-79.87421035766602,40.44043129780565],[-79.87421035766602,40.44068441744687]]}},{"type":"Feature","properties":{"a":"RF0334","b":null},"geometry":{"type":"LineString","coordinates":[[-79.87292289733887,40.44068441744687],[-79.87421035766602,40.44068441744687]]}},{"type":"Feature","properties":{"a":"RF0334","b":"RF0335"},"geometry":{"type":"LineString","coordinates":[[-79.87292289733887,40.44068441744687],[-79.87292289733887,40.44173880911124]]}},{"type":"Feature","properties":{"a":"RF0334","b":null},"geometry":{"type":"LineString","coordinates":[[-79.87292289733887,40.44173880911124],[-79.8735237121582,40.44188474301009]]}},{"type":"Feature","properties":{"a":"RF0334","b":"RF0344"},"geometry":{"type":"LineString","coordinates":[[-79.8735237121582,40.44188474301009],[-79.87382411956787,40.44139482117131]]}},{"type":"Feature","properties":{"a":"RF0334","b":"RF0344"},"geometry":{"type":"LineString","coordinates":[[-79.87382411956787,40.44139482117131],[-79.87421035766602,40.44137849038186]]}},{"type":"Feature","properties":{"a":"RF0334","b":null},"geometry":{"type":"LineString","coordinates":[[-79.87421035766602,40.44068441744687],[-79.87421035766602,40.44137849038186]]}},{"type":"Feature","properties":{"a":"RF0335","b":null},"geometry":{"type":"LineString","coordinates":[[-79.87174272537231,40.44068441744687],[-79.87292289733887,40.44068441744687]]}},{"type":"Feature","properties":{"a":"RF0335","b":null},"geometry":{"type":"LineString","coordinates":[[-79.87174272537231,40.44068441744687],[-79.87174272537231,40.440774248383136]]}},{"type":"Feature","properties":{"a":"RF0335","b":"RF0336"},"geometry":{"type":"LineString","coordinates":[[-79.8716354370117,40.44141115195679],[-79.87178564071655,40.44144381351586]]}},{"type":"Feature","properties":{"a":"RF0335","b":"RF0336"},"geometry":{"type":"LineString","coordinates":[[-79.87178564071655,40.44144381351586],[-79.8721933364868,40.44155812884763]]}},{"type":"Feature","properties":{"a":"RF0335","b":"RF0336"},"geometry":{"type":"LineString","coordinates":[[-79.8721933364868,40.44155812884763],[-79.87234354019164,40.44159079033529]]}},{"type":"Feature","properties":{"a":"RF0335","b":null},"geometry":{"type":"LineString","coordinates":[[-79.87251520156859,40.44163978253702],[-79.87292289733887,40.44173880911124]]}},{"type":"Feature","properties":{"a":"RF0336","b":"RF0337"},"geometry":{"type":"LineString","coordinates":[[-79.87131357192992,40.44208071074586],[-79.87146377563477,40.4421133719796]]}},{"type":"Feature","properties":{"a":"RF0336","b":"RF0337"},"geometry":{"type":"LineString","coordinates":[[-79.87146377563477,40.4421133719796],[-79.8718500137329,40.44224401675592]]}},{"type":"Feature","properties":{"a":"RF0336","b":"RF0337"},"geometry":{"type":"LineString","coordinates":[[-79.8718500137329,40.44224401675592],[-79.87197875976561,40.44229300848158]]}},{"type":"Feature","properties":{"a":"RF0337","b":null},"geometry":{"type":"LineString","coordinates":[[-79.87200021743773,40.44229300848158],[-79.87204313278198,40.44230933904887]]}},{"type":"Feature","properties":{"a":"RF0337","b":"RF0338"},"geometry":{"type":"LineString","coordinates":[[-79.87154960632323,40.44319118379083],[-79.87165689468382,40.44301154968907]]}},{"type":"Feature","properties":{"a":"RF0337","b":"RF0338"},"geometry":{"type":"LineString","coordinates":[[-79.87165689468382,40.44301154968907],[-79.87195730209349,40.44248897502716]]}},{"type":"Feature","properties":{"a":"RF0337","b":"RF0338"},"geometry":{"type":"LineString","coordinates":[[-79.87195730209349,40.44248897502716],[-79.87204313278198,40.44230933904887]]}},{"type":"Feature","properties":{"a":"RF0338","b":null},"geometry":{"type":"LineString","coordinates":[[-79.87204313278198,40.44230933904887],[-79.87221479415892,40.44237466127833]]}},{"type":"Feature","properties":{"a":"RF0339","b":"RF0345"},"geometry":{"type":"LineString","coordinates":[[-79.87663507461548,40.442897236828905],[-79.87680673599242,40.44294622807849]]}},{"type":"Feature","properties":{"a":"RF0339","b":"RF0345"},"geometry":{"type":"LineString","coordinates":[[-79.8765707015991,40.44286457597602],[-79.87663507461548,40.442897236828905]]}},{"type":"Feature","properties":{"a":"RF0339","b":"RF0345"},"geometry":{"type":"LineString","coordinates":[[-79.87562656402588,40.44255429708206],[-79.8765707015991,40.44286457597602]]}},{"type":"Feature","properties":{"a":"RF0339","b":"RF0340"},"geometry":{"type":"LineString","coordinates":[[-79.87554073333739,40.44271760194162],[-79.87562656402588,40.44255429708206]]}},{"type":"Feature","properties":{"a":"RF0339","b":"RF0340"},"geometry":{"type":"LineString","coordinates":[[-79.87539052963255,40.44299521929237],[-79.87554073333739,40.44271760194162]]}},{"type":"Feature","properties":{"a":"RF0339","b":"RF0340"},"geometry":{"type":"LineString","coordinates":[[-79.87517595291136,40.44335448710314],[-79.87539052963255,40.44299521929237]]}},{"type":"Feature","properties":{"a":"RF0339","b":"RF0458"},"geometry":{"type":"LineString","coordinates":[[-79.87637758255003,40.443730083215854],[-79.87646341323851,40.44358311107387]]}},{"type":"Feature","properties":{"a":"RF0339","b":"RF0458"},"geometry":{"type":"LineString","coordinates":[[-79.87646341323851,40.44358311107387],[-79.87672090530394,40.443109531985904]]}},{"type":"Feature","properties":{"a":"RF0339","b":"RF0458"},"geometry":{"type":"LineString","coordinates":[[-79.87672090530394,40.443109531985904],[-79.87680673599242,40.44294622807849]]}},{"type":"Feature","properties":{"a":"RF0340","b":"RF0343"},"geometry":{"type":"LineString","coordinates":[[-79.87551927566527,40.442521636062544],[-79.87562656402588,40.44255429708206]]}},{"type":"Feature","properties":{"a":"RF0340","b":"RF0343"},"geometry":{"type":"LineString","coordinates":[[-79.87517595291136,40.44240732236926],[-79.87551927566527,40.442521636062544]]}},{"type":"Feature","properties":{"a":"RF0340","b":null},"geometry":{"type":"LineString","coordinates":[[-79.87506866455077,40.44237466127833],[-79.87517595291136,40.44240732236926]]}},{"type":"Feature","properties":{"a":"RF0341","b":"RF0348"},"geometry":{"type":"LineString","coordinates":[[-79.87637758255003,40.440006689904784],[-79.87663507461548,40.4408395721043]]}},{"type":"Feature","properties":{"a":"RF0341","b":null},"geometry":{"type":"LineString","coordinates":[[-79.87541198730469,40.43951675437901],[-79.87554073333739,40.43951675437901]]}},{"type":"Feature","properties":{"a":"RF0341","b":"RF0342"},"geometry":{"type":"LineString","coordinates":[[-79.87541198730469,40.43951675437901],[-79.87541198730469,40.441019194482855]]}},{"type":"Feature","properties":{"a":"RF0341","b":null},"geometry":{"type":"LineString","coordinates":[[-79.87541198730469,40.441019194482855],[-79.87651706863267,40.441019194482855]]}},{"type":"Feature","properties":{"a":"RF0341","b":null},"geometry":{"type":"LineString","coordinates":[[-79.87651706863267,40.441019194482855],[-79.87663507461548,40.4408395721043]]}},{"type":"Feature","properties":{"a":"RF0342","b":null},"geometry":{"type":"LineString","coordinates":[[-79.874746799469,40.43951675437901],[-79.87541198730469,40.43951675437901]]}},{"type":"Feature","properties":{"a":"RF0342","b":null},"geometry":{"type":"LineString","coordinates":[[-79.87421035766602,40.44043129780565],[-79.87421035766602,40.441019194482855]]}},{"type":"Feature","properties":{"a":"RF0342","b":null},"geometry":{"type":"LineString","coordinates":[[-79.87421035766602,40.441019194482855],[-79.87541198730469,40.441019194482855]]}},{"type":"Feature","properties":{"a":"RF0343","b":null},"geometry":{"type":"LineString","coordinates":[[-79.87502039039545,40.441019194482855],[-79.87651706863267,40.441019194482855]]}},{"type":"Feature","properties":{"a":"RF0343","b":"RF0344"},"geometry":{"type":"LineString","coordinates":[[-79.87502039039545,40.441019194482855],[-79.87502039039545,40.44235996545979]]}},{"type":"Feature","properties":{"a":"RF0343","b":null},"geometry":{"type":"LineString","coordinates":[[-79.87502039039545,40.44235996545979],[-79.87517595291136,40.44240732236926]]}},{"type":"Feature","properties":{"a":"RF0343","b":"RF0345"},"geometry":{"type":"LineString","coordinates":[[-79.87562656402588,40.44255429708206],[-79.87571239471434,40.442390991825775]]}},{"type":"Feature","properties":{"a":"RF0343","b":"RF0345"},"geometry":{"type":"LineString","coordinates":[[-79.87571239471434,40.442390991825775],[-79.87596988677979,40.441917404339065]]}},{"type":"Feature","properties":{"a":"RF0343","b":"RF0345"},"geometry":{"type":"LineString","coordinates":[[-79.87596988677979,40.441917404339065],[-79.87605571746825,40.441770428233745]]}},{"type":"Feature","properties":{"a":"RF0343","b":"RF0346"},"geometry":{"type":"LineString","coordinates":[[-79.87605571746825,40.441770428233745],[-79.87612009048462,40.441688774703046]]}},{"type":"Feature","properties":{"a":"RF0343","b":"RF0346"},"geometry":{"type":"LineString","coordinates":[[-79.87612009048462,40.441688774703046],[-79.87629175186157,40.44136215958844]]}},{"type":"Feature","properties":{"a":"RF0343","b":null},"geometry":{"type":"LineString","coordinates":[[-79.87629175186157,40.44136215958844],[-79.87651706863267,40.441019194482855]]}},{"type":"Feature","properties":{"a":"RF0344","b":null},"geometry":{"type":"LineString","coordinates":[[-79.87421035766602,40.441019194482855],[-79.87502039039545,40.441019194482855]]}},{"type":"Feature","properties":{"a":"RF0344","b":null},"geometry":{"type":"LineString","coordinates":[[-79.87421035766602,40.441019194482855],[-79.87421035766602,40.44137849038186]]}},{"type":"Feature","properties":{"a":"RF0344","b":null},"geometry":{"type":"LineString","coordinates":[[-79.874746799469,40.44227667791033],[-79.87502039039545,40.44235996545979]]}},{"type":"Feature","properties":{"a":"RF0345","b":"RF0346"},"geometry":{"type":"LineString","coordinates":[[-79.87710714340209,40.4421133719796],[-79.87725734710693,40.44214603319749]]}},{"type":"Feature","properties":{"a":"RF0345","b":"RF0346"},"geometry":{"type":"LineString","coordinates":[[-79.87702131271362,40.44208071074586],[-79.87710714340209,40.4421133719796]]}},{"type":"Feature","properties":{"a":"RF0345","b":"RF0346"},"geometry":{"type":"LineString","coordinates":[[-79.87605571746825,40.441770428233745],[-79.87702131271362,40.44208071074586]]}},{"type":"Feature","properties":{"a":"RF0345","b":"RF0467"},"geometry":{"type":"LineString","coordinates":[[-79.87680673599242,40.44294622807849],[-79.87684965133666,40.44286457597602]]}},{"type":"Feature","properties":{"a":"RF0345","b":"RF0467"},"geometry":{"type":"LineString","coordinates":[[-79.87684965133666,40.44286457597602],[-79.8769998550415,40.4426196190735]]}},{"type":"Feature","properties":{"a":"RF0345","b":null},"geometry":{"type":"LineString","coordinates":[[-79.8769998550415,40.4426196190735],[-79.87708568572997,40.4424563139759]]}},{"type":"Feature","properties":{"a":"RF0345","b":"RF0466"},"geometry":{"type":"LineString","coordinates":[[-79.87708568572997,40.4424563139759],[-79.87721443176268,40.44222768617277]]}},{"type":"Feature","properties":{"a":"RF0345","b":"RF0466"},"geometry":{"type":"LineString","coordinates":[[-79.87721443176268,40.44222768617277],[-79.87725734710693,40.44214603319749]]}},{"type":"Feature","properties":{"a":"RF0346","b":"RF0347"},"geometry":{"type":"LineString","coordinates":[[-79.87736463546753,40.441705105417114],[-79.87749338150023,40.44175409753554]]}},{"type":"Feature","properties":{"a":"RF0346","b":"RF0347"},"geometry":{"type":"LineString","coordinates":[[-79.87652778625487,40.44142748273831],[-79.87736463546753,40.441705105417114]]}},{"type":"Feature","properties":{"a":"RF0346","b":"RF0347"},"geometry":{"type":"LineString","coordinates":[[-79.87629175186157,40.44136215958844],[-79.87652778625487,40.44142748273831]]}},{"type":"Feature","properties":{"a":"RF0346","b":"RF0465"},"geometry":{"type":"LineString","coordinates":[[-79.87725734710693,40.44214603319749],[-79.87730026245117,40.44208071074586]]}},{"type":"Feature","properties":{"a":"RF0346","b":"RF0465"},"geometry":{"type":"LineString","coordinates":[[-79.87730026245117,40.44208071074586],[-79.87745046615599,40.44183575098688]]}},{"type":"Feature","properties":{"a":"RF0346","b":"RF0465"},"geometry":{"type":"LineString","coordinates":[[-79.87745046615599,40.44183575098688],[-79.87749338150023,40.44175409753554]]}},{"type":"Feature","properties":{"a":"RF0347","b":"RF0348"},"geometry":{"type":"LineString","coordinates":[[-79.87680673599242,40.44100288112949],[-79.87770795822144,40.44134582879104]]}},{"type":"Feature","properties":{"a":"RF0347","b":"RF0348"},"geometry":{"type":"LineString","coordinates":[[-79.87663507461548,40.4408395721043],[-79.87680673599242,40.44100288112949]]}},{"type":"Feature","properties":{"a":"RF0347","b":null},"geometry":{"type":"LineString","coordinates":[[-79.87629175186157,40.44136215958844],[-79.87663507461548,40.4408395721043]]}},{"type":"Feature","properties":{"a":"RF0347","b":"RF0468"},"geometry":{"type":"LineString","coordinates":[[-79.87749338150023,40.44175409753554],[-79.87770795822144,40.44134582879104]]}},{"type":"Feature","properties":{"a":"RF0348","b":"RF0352"},"geometry":{"type":"LineString","coordinates":[[-79.8765707015991,40.440006689904784],[-79.87818002700804,40.44054561485922]]}},{"type":"Feature","properties":{"a":"RF0348","b":"RF0352"},"geometry":{"type":"LineString","coordinates":[[-79.87652778625487,40.43999035877812],[-79.8765707015991,40.440006689904784]]}},{"type":"Feature","properties":{"a":"RF0348","b":"RF0352"},"geometry":{"type":"LineString","coordinates":[[-79.87633466720581,40.43990870308527],[-79.87652778625487,40.43999035877812]]}},{"type":"Feature","properties":{"a":"RF0348","b":"RF0349"},"geometry":{"type":"LineString","coordinates":[[-79.87770795822144,40.44134582879104],[-79.87794399261475,40.440937557567025]]}},{"type":"Feature","properties":{"a":"RF0348","b":"RF0350"},"geometry":{"type":"LineString","coordinates":[[-79.87794399261475,40.440937557567025],[-79.87802982330322,40.44080691025166]]}},{"type":"Feature","properties":{"a":"RF0348","b":"RF0350"},"geometry":{"type":"LineString","coordinates":[[-79.87802982330322,40.44080691025166],[-79.87818002700804,40.44054561485922]]}},{"type":"Feature","properties":{"a":"RF0349","b":"RF0350"},"geometry":{"type":"LineString","coordinates":[[-79.87865209579468,40.441166189757965],[-79.87957477569579,40.44147647505906]]}},{"type":"Feature","properties":{"a":"RF0349","b":"RF0350"},"geometry":{"type":"LineString","coordinates":[[-79.87802982330322,40.440970219356196],[-79.87865209579468,40.441166189757965]]}},{"type":"Feature","properties":{"a":"RF0349","b":"RF0350"},"geometry":{"type":"LineString","coordinates":[[-79.87794399261475,40.440937557567025],[-79.87802982330322,40.440970219356196]]}},{"type":"Feature","properties":{"a":"RF0349","b":"RF0468"},"geometry":{"type":"LineString","coordinates":[[-79.87770795822144,40.44134582879104],[-79.87936019897461,40.44188474301009]]}},{"type":"Feature","properties":{"a":"RF0349","b":"RF0391"},"geometry":{"type":"LineString","coordinates":[[-79.87936019897461,40.44188474301009],[-79.87957477569579,40.44147647505906]]}},{"type":"Feature","properties":{"a":"RF0350","b":"RF0351"},"geometry":{"type":"LineString","coordinates":[[-79.87818002700804,40.44054561485922],[-79.87981081008911,40.44108453549332]]}},{"type":"Feature","properties":{"a":"RF0350","b":"RF0417"},"geometry":{"type":"LineString","coordinates":[[-79.87957477569579,40.44147647505906],[-79.87981081008911,40.44108453549332]]}},{"type":"Feature","properties":{"a":"RF0351","b":"RF0354"},"geometry":{"type":"LineString","coordinates":[[-79.87993955612181,40.4401863320363],[-79.8802614212036,40.44030064950641]]}},{"type":"Feature","properties":{"a":"RF0351","b":"RF0354"},"geometry":{"type":"LineString","coordinates":[[-79.87895250320433,40.43985970962195],[-79.87993955612181,40.4401863320363]]}},{"type":"Feature","properties":{"a":"RF0351","b":"RF0354"},"geometry":{"type":"LineString","coordinates":[[-79.87863063812256,40.43974539140203],[-79.87895250320433,40.43985970962195]]}},{"type":"Feature","properties":{"a":"RF0351","b":"RF0352"},"geometry":{"type":"LineString","coordinates":[[-79.87818002700804,40.44054561485922],[-79.87863063812256,40.43974539140203]]}},{"type":"Feature","properties":{"a":"RF0351","b":"RF0416"},"geometry":{"type":"LineString","coordinates":[[-79.87981081008911,40.44108453549332],[-79.87989664077757,40.44092122666648]]}},{"type":"Feature","properties":{"a":"RF0351","b":"RF0416"},"geometry":{"type":"LineString","coordinates":[[-79.87989664077757,40.44092122666648],[-79.88017559051514,40.44044762882521]]}},{"type":"Feature","properties":{"a":"RF0351","b":"RF0416"},"geometry":{"type":"LineString","coordinates":[[-79.88017559051514,40.44044762882521],[-79.8802614212036,40.44030064950641]]}},{"type":"Feature","properties":{"a":"RF0352","b":"RF0353"},"geometry":{"type":"LineString","coordinates":[[-79.87637758255003,40.43901048391802],[-79.87863063812256,40.43974539140203]]}},{"type":"Feature","properties":{"a":"RF0352","b":"RF0353"},"geometry":{"type":"LineString","coordinates":[[-79.87607717514037,40.43889616425403],[-79.87637758255003,40.43901048391802]]}},{"type":"Feature","properties":{"a":"RF0352","b":"RF0359"},"geometry":{"type":"LineString","coordinates":[[-79.87562656402588,40.438765512971436],[-79.87607717514037,40.43889616425403]]}},{"type":"Feature","properties":{"a":"RF0352","b":"RF0359"},"geometry":{"type":"LineString","coordinates":[[-79.87521886825562,40.438749181543265],[-79.87562656402588,40.438765512971436]]}},{"type":"Feature","properties":{"a":"RF0352","b":"RF0359"},"geometry":{"type":"LineString","coordinates":[[-79.87502574920653,40.43881450723216],[-79.87521886825562,40.438749181543265]]}},{"type":"Feature","properties":{"a":"RF0353","b":"RF0356"},"geometry":{"type":"LineString","coordinates":[[-79.87734317779541,40.43838988911967],[-79.87905979156494,40.43896148980011]]}},{"type":"Feature","properties":{"a":"RF0353","b":"RF0357"},"geometry":{"type":"LineString","coordinates":[[-79.87659215927124,40.43812858433285],[-79.87734317779541,40.43838988911967]]}},{"type":"Feature","properties":{"a":"RF0353","b":"RF0357"},"geometry":{"type":"LineString","coordinates":[[-79.87639904022215,40.43807958957226],[-79.87659215927124,40.43812858433285]]}},{"type":"Feature","properties":{"a":"RF0353","b":"RF0358"},"geometry":{"type":"LineString","coordinates":[[-79.87637758255003,40.43812858433285],[-79.87639904022215,40.43807958957226]]}},{"type":"Feature","properties":{"a":"RF0353","b":"RF0359"},"geometry":{"type":"LineString","coordinates":[[-79.87633466720581,40.43840622063512],[-79.87637758255003,40.43812858433285]]}},{"type":"Feature","properties":{"a":"RF0353","b":"RF0359"},"geometry":{"type":"LineString","coordinates":[[-79.87631320953369,40.4384878781529],[-79.87633466720581,40.43840622063512]]}},{"type":"Feature","properties":{"a":"RF0353","b":"RF0359"},"geometry":{"type":"LineString","coordinates":[[-79.87607717514037,40.43889616425403],[-79.87631320953369,40.4384878781529]]}},{"type":"Feature","properties":{"a":"RF0353","b":"RF0354"},"geometry":{"type":"LineString","coordinates":[[-79.87863063812256,40.43974539140203],[-79.87871646881104,40.439582079322065]]}},{"type":"Feature","properties":{"a":"RF0353","b":"RF0354"},"geometry":{"type":"LineString","coordinates":[[-79.87871646881104,40.439582079322065],[-79.87897396087646,40.43910847204671]]}},{"type":"Feature","properties":{"a":"RF0353","b":"RF0354"},"geometry":{"type":"LineString","coordinates":[[-79.87897396087646,40.43910847204671],[-79.87905979156494,40.43896148980011]]}},{"type":"Feature","properties":{"a":"RF0354","b":"RF0355"},"geometry":{"type":"LineString","coordinates":[[-79.88039016723633,40.4394024355759],[-79.88071203231812,40.43950042313332]]}},{"type":"Feature","properties":{"a":"RF0354","b":"RF0355"},"geometry":{"type":"LineString","coordinates":[[-79.87940311431885,40.43907580935302],[-79.88039016723633,40.4394024355759]]}},{"type":"Feature","properties":{"a":"RF0354","b":"RF0355"},"geometry":{"type":"LineString","coordinates":[[-79.87905979156494,40.43896148980011],[-79.87940311431885,40.43907580935302]]}},{"type":"Feature","properties":{"a":"RF0354","b":"RF0415"},"geometry":{"type":"LineString","coordinates":[[-79.8802614212036,40.44030064950641],[-79.88034725189209,40.44013733877531]]}},{"type":"Feature","properties":{"a":"RF0354","b":"RF0415"},"geometry":{"type":"LineString","coordinates":[[-79.88034725189209,40.44013733877531],[-79.88062620162962,40.43966373541164]]}},{"type":"Feature","properties":{"a":"RF0354","b":"RF0415"},"geometry":{"type":"LineString","coordinates":[[-79.88062620162962,40.43966373541164],[-79.88071203231812,40.43950042313332]]}},{"type":"Feature","properties":{"a":"RF0355","b":"RF0380"},"geometry":{"type":"LineString","coordinates":[[-79.88084077835083,40.43860219851115],[-79.88116264343262,40.438716518675]]}},{"type":"Feature","properties":{"a":"RF0355","b":null},"geometry":{"type":"LineString","coordinates":[[-79.87989664077757,40.43829189994363],[-79.88084077835083,40.43860219851115]]}},{"type":"Feature","properties":{"a":"RF0355","b":"RF0379"},"geometry":{"type":"LineString","coordinates":[[-79.87957477569579,40.43819391062477],[-79.87989664077757,40.43829189994363]]}},{"type":"Feature","properties":{"a":"RF0355","b":"RF0356"},"geometry":{"type":"LineString","coordinates":[[-79.87916707992552,40.43879817581588],[-79.87957477569579,40.43819391062477]]}},{"type":"Feature","properties":{"a":"RF0355","b":"RF0356"},"geometry":{"type":"LineString","coordinates":[[-79.8791241645813,40.43884717005281],[-79.87916707992552,40.43879817581588]]}},{"type":"Feature","properties":{"a":"RF0355","b":"RF0356"},"geometry":{"type":"LineString","coordinates":[[-79.87905979156494,40.43896148980011],[-79.8791241645813,40.43884717005281]]}},{"type":"Feature","properties":{"a":"RF0355","b":"RF0429"},"geometry":{"type":"LineString","coordinates":[[-79.88071203231812,40.43950042313332],[-79.88077640533446,40.43941876684539]]}},{"type":"Feature","properties":{"a":"RF0355","b":"RF0429"},"geometry":{"type":"LineString","coordinates":[[-79.88077640533446,40.43941876684539],[-79.88079786300658,40.43935344174363]]}},{"type":"Feature","properties":{"a":"RF0355","b":"RF0429"},"geometry":{"type":"LineString","coordinates":[[-79.88079786300658,40.43935344174363],[-79.88116264343262,40.438716518675]]}},{"type":"Feature","properties":{"a":"RF0356","b":"RF0377"},"geometry":{"type":"LineString","coordinates":[[-79.87942457199095,40.43814491591178],[-79.87957477569579,40.43819391062477]]}},{"type":"Feature","properties":{"a":"RF0356","b":"RF0377"},"geometry":{"type":"LineString","coordinates":[[-79.87897396087646,40.43798159994396],[-79.87942457199095,40.43814491591178]]}},{"type":"Feature","properties":{"a":"RF0356","b":"RF0377"},"geometry":{"type":"LineString","coordinates":[[-79.87882375717162,40.43793260507625],[-79.87897396087646,40.43798159994396]]}},{"type":"Feature","properties":{"a":"RF0356","b":"RF0376"},"geometry":{"type":"LineString","coordinates":[[-79.87860918045043,40.43786727853043],[-79.87882375717162,40.43793260507625]]}},{"type":"Feature","properties":{"a":"RF0356","b":"RF0376"},"geometry":{"type":"LineString","coordinates":[[-79.87798690795898,40.43765496681816],[-79.87860918045043,40.43786727853043]]}},{"type":"Feature","properties":{"a":"RF0356","b":"RF0376"},"geometry":{"type":"LineString","coordinates":[[-79.87777233123778,40.437589640002564],[-79.87798690795898,40.43765496681816]]}},{"type":"Feature","properties":{"a":"RF0356","b":"RF0357"},"geometry":{"type":"LineString","coordinates":[[-79.87775087356566,40.43763863512021],[-79.87777233123778,40.437589640002564]]}},{"type":"Feature","properties":{"a":"RF0356","b":"RF0357"},"geometry":{"type":"LineString","coordinates":[[-79.87742900848387,40.43822657374693],[-79.87775087356566,40.43763863512021]]}},{"type":"Feature","properties":{"a":"RF0356","b":"RF0357"},"geometry":{"type":"LineString","coordinates":[[-79.87734317779541,40.43838988911967],[-79.87742900848387,40.43822657374693]]}},{"type":"Feature","properties":{"a":"RF0357","b":"RF0373"},"geometry":{"type":"LineString","coordinates":[[-79.87648487091063,40.43716501415407],[-79.87777233123778,40.437589640002564]]}},{"type":"Feature","properties":{"a":"RF0357","b":"RF0373"},"geometry":{"type":"LineString","coordinates":[[-79.87637758255003,40.43714868233711],[-79.87648487091063,40.43716501415407]]}},{"type":"Feature","properties":{"a":"RF0357","b":null},"geometry":{"type":"LineString","coordinates":[[-79.87590551376343,40.43709968686242],[-79.87637758255003,40.43714868233711]]}},{"type":"Feature","properties":{"a":"RF0357","b":"RF0367"},"geometry":{"type":"LineString","coordinates":[[-79.87586259841918,40.43709968686242],[-79.87590551376343,40.43709968686242]]}},{"type":"Feature","properties":{"a":"RF0357","b":"RF0367"},"geometry":{"type":"LineString","coordinates":[[-79.8757553100586,40.4370833550296],[-79.87586259841918,40.43709968686242]]}},{"type":"Feature","properties":{"a":"RF0357","b":"RF0367"},"geometry":{"type":"LineString","coordinates":[[-79.87571239471434,40.4370833550296],[-79.8757553100586,40.4370833550296]]}},{"type":"Feature","properties":{"a":"RF0357","b":"RF0360"},"geometry":{"type":"LineString","coordinates":[[-79.87562656402588,40.437491649660174],[-79.87571239471434,40.4370833550296]]}},{"type":"Feature","properties":{"a":"RF0357","b":"RF0358"},"geometry":{"type":"LineString","coordinates":[[-79.87562656402588,40.437491649660174],[-79.87646341323851,40.43765496681816]]}},{"type":"Feature","properties":{"a":"RF0357","b":"RF0358"},"geometry":{"type":"LineString","coordinates":[[-79.87639904022215,40.43807958957226],[-79.87646341323851,40.43765496681816]]}},{"type":"Feature","properties":{"a":"RF0358","b":"RF0360"},"geometry":{"type":"LineString","coordinates":[[-79.87551927566527,40.43798159994396],[-79.87562656402588,40.437491649660174]]}},{"type":"Feature","properties":{"a":"RF0358","b":"RF0359"},"geometry":{"type":"LineString","coordinates":[[-79.87551927566527,40.43798159994396],[-79.87637758255003,40.43812858433285]]}},{"type":"Feature","properties":{"a":"RF0359","b":"RF0360"},"geometry":{"type":"LineString","coordinates":[[-79.87399578094481,40.43781828357942],[-79.87551927566527,40.43798159994396]]}},{"type":"Feature","properties":{"a":"RF0359","b":"RF0360"},"geometry":{"type":"LineString","coordinates":[[-79.87393140792845,40.43785094688406],[-79.87399578094481,40.43781828357942]]}},{"type":"Feature","properties":{"a":"RF0360","b":"RF0367"},"geometry":{"type":"LineString","coordinates":[[-79.87539052963255,40.43703435950731],[-79.87571239471434,40.4370833550296]]}},{"type":"Feature","properties":{"a":"RF0360","b":"RF0367"},"geometry":{"type":"LineString","coordinates":[[-79.87438201904295,40.436920036483116],[-79.87539052963255,40.43703435950731]]}},{"type":"Feature","properties":{"a":"RF0360","b":"RF0367"},"geometry":{"type":"LineString","coordinates":[[-79.87406015396118,40.436887372726204],[-79.87438201904295,40.436920036483116]]}},{"type":"Feature","properties":{"a":"RF0360","b":"RF0362"},"geometry":{"type":"LineString","coordinates":[[-79.87388849258423,40.43687104084181],[-79.87406015396118,40.436887372726204]]}},{"type":"Feature","properties":{"a":"RF0360","b":"RF0362"},"geometry":{"type":"LineString","coordinates":[[-79.87339496612549,40.43682204516479],[-79.87388849258423,40.43687104084181]]}},{"type":"Feature","properties":{"a":"RF0360","b":"RF0361"},"geometry":{"type":"LineString","coordinates":[[-79.87324476242064,40.43680571326452],[-79.87339496612549,40.43682204516479]]}},{"type":"Feature","properties":{"a":"RF0361","b":"RF0362"},"geometry":{"type":"LineString","coordinates":[[-79.87335205078124,40.43667505791954],[-79.87339496612549,40.43682204516479]]}},{"type":"Feature","properties":{"a":"RF0361","b":"RF0362"},"geometry":{"type":"LineString","coordinates":[[-79.87303018569946,40.43626675832999],[-79.87335205078124,40.43667505791954]]}},{"type":"Feature","properties":{"a":"RF0361","b":"RF0362"},"geometry":{"type":"LineString","coordinates":[[-79.87266540527342,40.43598911319284],[-79.87303018569946,40.43626675832999]]}},{"type":"Feature","properties":{"a":"RF0361","b":"RF0362"},"geometry":{"type":"LineString","coordinates":[[-79.87245082855225,40.43587478839136],[-79.87266540527342,40.43598911319284]]}},{"type":"Feature","properties":{"a":"RF0361","b":"RF0362"},"geometry":{"type":"LineString","coordinates":[[-79.87221479415892,40.43579312769986],[-79.87245082855225,40.43587478839136]]}},{"type":"Feature","properties":{"a":"RF0361","b":"RF0362"},"geometry":{"type":"LineString","coordinates":[[-79.87178564071655,40.435776795549664],[-79.87221479415892,40.43579312769986]]}},{"type":"Feature","properties":{"a":"RF0362","b":null},"geometry":{"type":"LineString","coordinates":[[-79.87177603400832,40.43522954126112],[-79.87408449098085,40.43538324488743]]}},{"type":"Feature","properties":{"a":"RF0362","b":null},"geometry":{"type":"LineString","coordinates":[[-79.8717212677002,40.4353684905053],[-79.87177603400832,40.43522954126112]]}},{"type":"Feature","properties":{"a":"RF0362","b":"RF0384"},"geometry":{"type":"LineString","coordinates":[[-79.87150669097899,40.43564613820523],[-79.8717212677002,40.4353684905053]]}},{"type":"Feature","properties":{"a":"RF0362","b":"RF0367"},"geometry":{"type":"LineString","coordinates":[[-79.87399578094481,40.436740385623764],[-79.87406015396118,40.436887372726204]]}},{"type":"Feature","properties":{"a":"RF0362","b":"RF0367"},"geometry":{"type":"LineString","coordinates":[[-79.87386703491211,40.436511738381256],[-79.87399578094481,40.436740385623764]]}},{"type":"Feature","properties":{"a":"RF0362","b":"RF0367"},"geometry":{"type":"LineString","coordinates":[[-79.87380266189575,40.43641374646786],[-79.87386703491211,40.436511738381256]]}},{"type":"Feature","properties":{"a":"RF0362","b":"RF0366"},"geometry":{"type":"LineString","coordinates":[[-79.8736524581909,40.43616876605956],[-79.87380266189575,40.43641374646786]]}},{"type":"Feature","properties":{"a":"RF0362","b":"RF0366"},"geometry":{"type":"LineString","coordinates":[[-79.8736524581909,40.436152434000604],[-79.8736524581909,40.43616876605956]]}},{"type":"Feature","properties":{"a":"RF0362","b":"RF0366"},"geometry":{"type":"LineString","coordinates":[[-79.87358808517455,40.43608710572511],[-79.8736524581909,40.436152434000604]]}},{"type":"Feature","properties":{"a":"RF0362","b":"RF0370"},"geometry":{"type":"LineString","coordinates":[[-79.87309455871582,40.435597141635604],[-79.87358808517455,40.43608710572511]]}},{"type":"Feature","properties":{"a":"RF0362","b":"RF0370"},"geometry":{"type":"LineString","coordinates":[[-79.87309455871582,40.435597141635604],[-79.8731803894043,40.435597141635604]]}},{"type":"Feature","properties":{"a":"RF0362","b":"RF0370"},"geometry":{"type":"LineString","coordinates":[[-79.8731803894043,40.435597141635604],[-79.87345933914185,40.4355154806069]]}},{"type":"Feature","properties":{"a":"RF0362","b":"RF0370"},"geometry":{"type":"LineString","coordinates":[[-79.87345933914185,40.4355154806069],[-79.87401723861693,40.435433819479016]]}},{"type":"Feature","properties":{"a":"RF0362","b":null},"geometry":{"type":"LineString","coordinates":[[-79.87401723861693,40.435433819479016],[-79.87408449098085,40.43543566410102]]}},{"type":"Feature","properties":{"a":"RF0362","b":null},"geometry":{"type":"LineString","coordinates":[[-79.87408449098085,40.43538324488743],[-79.87408449098085,40.43543566410102]]}},{"type":"Feature","properties":{"a":"RF0363","b":null},"geometry":{"type":"LineString","coordinates":[[-79.87272519655345,40.4338786751405],[-79.87309030894198,40.433914182899215]]}},{"type":"Feature","properties":{"a":"RF0363","b":null},"geometry":{"type":"LineString","coordinates":[[-79.872709,40.4338771],[-79.87272519655345,40.4338786751405]]}},{"type":"Feature","properties":{"a":"RF0363","b":null},"geometry":{"type":"LineString","coordinates":[[-79.8722429,40.4338193],[-79.872709,40.4338771]]}},{"type":"Feature","properties":{"a":"RF0363","b":null},"geometry":{"type":"LineString","coordinates":[[-79.8722429,40.4338193],[-79.87226927817179,40.43376972572989]]}},{"type":"Feature","properties":{"a":"RF0363","b":"RF0384"},"geometry":{"type":"LineString","coordinates":[[-79.87191438674925,40.43437221579131],[-79.8721933364868,40.43375157817947]]}},{"type":"Feature","properties":{"a":"RF0363","b":"RF0384"},"geometry":{"type":"LineString","coordinates":[[-79.87178564071655,40.43520516779331],[-79.87191438674925,40.43437221579131]]}},{"type":"Feature","properties":{"a":"RF0363","b":null},"geometry":{"type":"LineString","coordinates":[[-79.87177603400832,40.43522954126112],[-79.87178564071655,40.43520516779331]]}},{"type":"Feature","properties":{"a":"RF0363","b":null},"geometry":{"type":"LineString","coordinates":[[-79.87177603400832,40.43522954126112],[-79.87293026249459,40.43530639307428]]}},{"type":"Feature","properties":{"a":"RF0363","b":"RF0364"},"geometry":{"type":"LineString","coordinates":[[-79.87293026249459,40.43530639307428],[-79.87309030894198,40.433914182899215]]}},{"type":"Feature","properties":{"a":"RF0364","b":null},"geometry":{"type":"LineString","coordinates":[[-79.87404291581666,40.434060084102406],[-79.87408449098085,40.43411336806909]]}},{"type":"Feature","properties":{"a":"RF0364","b":null},"geometry":{"type":"LineString","coordinates":[[-79.8739571,40.4339501],[-79.87404291581666,40.434060084102406]]}},{"type":"Feature","properties":{"a":"RF0364","b":null},"geometry":{"type":"LineString","coordinates":[[-79.8734185,40.4339461],[-79.8739571,40.4339501]]}},{"type":"Feature","properties":{"a":"RF0364","b":null},"geometry":{"type":"LineString","coordinates":[[-79.87309030894198,40.433914182899215],[-79.8734185,40.4339461]]}},{"type":"Feature","properties":{"a":"RF0364","b":null},"geometry":{"type":"LineString","coordinates":[[-79.87293026249459,40.43530639307428],[-79.87408449098085,40.43538324488743]]}},{"type":"Feature","properties":{"a":"RF0364","b":null},"geometry":{"type":"LineString","coordinates":[[-79.87408449098085,40.43411336806909],[-79.87408449098085,40.43538324488743]]}},{"type":"Feature","properties":{"a":"RF0365","b":null},"geometry":{"type":"LineString","coordinates":[[-79.875758,40.435265],[-79.87666229098272,40.43554367498744]]}},{"type":"Feature","properties":{"a":"RF0365","b":null},"geometry":{"type":"LineString","coordinates":[[-79.875739,40.435261],[-79.875758,40.435265]]}},{"type":"Feature","properties":{"a":"RF0365","b":null},"geometry":{"type":"LineString","coordinates":[[-79.87503273450908,40.43511415271971],[-79.875739,40.435261]]}},{"type":"Feature","properties":{"a":"RF0365","b":null},"geometry":{"type":"LineString","coordinates":[[-79.874931,40.435093],[-79.87503273450908,40.43511415271971]]}},{"type":"Feature","properties":{"a":"RF0365","b":null},"geometry":{"type":"LineString","coordinates":[[-79.87457087274693,40.43471935952917],[-79.874931,40.435093]]}},{"type":"Feature","properties":{"a":"RF0365","b":null},"geometry":{"type":"LineString","coordinates":[[-79.874398,40.43454],[-79.87457087274693,40.43471935952917]]}},{"type":"Feature","properties":{"a":"RF0365","b":null},"geometry":{"type":"LineString","coordinates":[[-79.874097,40.4341294],[-79.874398,40.43454]]}},{"type":"Feature","properties":{"a":"RF0365","b":null},"geometry":{"type":"LineString","coordinates":[[-79.87408449098085,40.43411336806909],[-79.874097,40.4341294]]}},{"type":"Feature","properties":{"a":"RF0365","b":null},"geometry":{"type":"LineString","coordinates":[[-79.87408449098085,40.43411336806909],[-79.87408449098085,40.43543566410102]]}},{"type":"Feature","properties":{"a":"RF0365","b":null},"geometry":{"type":"LineString","coordinates":[[-79.87408449098085,40.43543566410102],[-79.87639904022215,40.43549914838926]]}},{"type":"Feature","properties":{"a":"RF0365","b":"RF0371"},"geometry":{"type":"LineString","coordinates":[[-79.87639904022215,40.43549914838926],[-79.87666229098272,40.43554367498744]]}},{"type":"Feature","properties":{"a":"RF0366","b":null},"geometry":{"type":"LineString","coordinates":[[-79.87403869628905,40.43597278109025],[-79.8760986328125,40.436217762212635]]}},{"type":"Feature","properties":{"a":"RF0366","b":"RF0370"},"geometry":{"type":"LineString","coordinates":[[-79.87388849258423,40.43598911319284],[-79.87403869628905,40.43597278109025]]}},{"type":"Feature","properties":{"a":"RF0366","b":"RF0370"},"geometry":{"type":"LineString","coordinates":[[-79.87358808517455,40.43608710572511],[-79.87388849258423,40.43598911319284]]}},{"type":"Feature","properties":{"a":"RF0366","b":"RF0367"},"geometry":{"type":"LineString","coordinates":[[-79.87380266189575,40.43641374646786],[-79.87425327301025,40.43644641045486]]}},{"type":"Feature","properties":{"a":"RF0366","b":"RF0367"},"geometry":{"type":"LineString","coordinates":[[-79.87425327301025,40.43644641045486],[-79.87592697143555,40.436642394043616]]}},{"type":"Feature","properties":{"a":"RF0366","b":"RF0367"},"geometry":{"type":"LineString","coordinates":[[-79.87592697143555,40.436642394043616],[-79.8759913444519,40.43667505791954]]}},{"type":"Feature","properties":{"a":"RF0366","b":"RF0371"},"geometry":{"type":"LineString","coordinates":[[-79.8759913444519,40.43667505791954],[-79.8760986328125,40.436217762212635]]}},{"type":"Feature","properties":{"a":"RF0367","b":"RF0371"},"geometry":{"type":"LineString","coordinates":[[-79.87590551376343,40.43709968686242],[-79.87592697143555,40.4370180276586]]}},{"type":"Feature","properties":{"a":"RF0367","b":"RF0371"},"geometry":{"type":"LineString","coordinates":[[-79.87592697143555,40.4370180276586],[-79.8759913444519,40.43675671753991]]}},{"type":"Feature","properties":{"a":"RF0367","b":"RF0371"},"geometry":{"type":"LineString","coordinates":[[-79.8759913444519,40.43667505791954],[-79.8759913444519,40.43675671753991]]}},{"type":"Feature","properties":{"a":"RF0368","b":null},"geometry":{"type":"LineString","coordinates":[[-79.880559,40.434811],[-79.8806568777891,40.434869726673455]]}},{"type":"Feature","properties":{"a":"RF0368","b":null},"geometry":{"type":"LineString","coordinates":[[-79.88044,40.434739],[-79.880559,40.434811]]}},{"type":"Feature","properties":{"a":"RF0368","b":null},"geometry":{"type":"LineString","coordinates":[[-79.880369,40.434696],[-79.88044,40.434739]]}},{"type":"Feature","properties":{"a":"RF0368","b":null},"geometry":{"type":"LineString","coordinates":[[-79.880272,40.434637],[-79.880369,40.434696]]}},{"type":"Feature","properties":{"a":"RF0368","b":null},"geometry":{"type":"LineString","coordinates":[[-79.87977,40.434334],[-79.880272,40.434637]]}},{"type":"Feature","properties":{"a":"RF0368","b":null},"geometry":{"type":"LineString","coordinates":[[-79.879603,40.434234],[-79.87977,40.434334]]}},{"type":"Feature","properties":{"a":"RF0368","b":null},"geometry":{"type":"LineString","coordinates":[[-79.879514,40.43418],[-79.879603,40.434234]]}},{"type":"Feature","properties":{"a":"RF0368","b":null},"geometry":{"type":"LineString","coordinates":[[-79.879331,40.43407],[-79.879514,40.43418]]}},{"type":"Feature","properties":{"a":"RF0368","b":null},"geometry":{"type":"LineString","coordinates":[[-79.879244,40.434023],[-79.879331,40.43407]]}},{"type":"Feature","properties":{"a":"RF0368","b":null},"geometry":{"type":"LineString","coordinates":[[-79.879153,40.433975],[-79.879244,40.434023]]}},{"type":"Feature","properties":{"a":"RF0368","b":null},"geometry":{"type":"LineString","coordinates":[[-79.87915004207011,40.43397747202765],[-79.879153,40.433975]]}},{"type":"Feature","properties":{"a":"RF0368","b":null},"geometry":{"type":"LineString","coordinates":[[-79.87914638767623,40.43398052611042],[-79.87915004207011,40.43397747202765]]}},{"type":"Feature","properties":{"a":"RF0368","b":null},"geometry":{"type":"LineString","coordinates":[[-79.87914210044008,40.43398410907779],[-79.87914638767623,40.43398052611042]]}},{"type":"Feature","properties":{"a":"RF0368","b":null},"geometry":{"type":"LineString","coordinates":[[-79.87914210043996,40.4339841090779],[-79.87914210044008,40.43398410907779]]}},{"type":"Feature","properties":{"a":"RF0368","b":null},"geometry":{"type":"LineString","coordinates":[[-79.87904327613617,40.434066699409804],[-79.87914210043996,40.4339841090779]]}},{"type":"Feature","properties":{"a":"RF0368","b":null},"geometry":{"type":"LineString","coordinates":[[-79.878666,40.434382],[-79.87904327613617,40.434066699409804]]}},{"type":"Feature","properties":{"a":"RF0368","b":null},"geometry":{"type":"LineString","coordinates":[[-79.87822587851434,40.434750172761255],[-79.878666,40.434382]]}},{"type":"Feature","properties":{"a":"RF0368","b":"RF0369"},"geometry":{"type":"LineString","coordinates":[[-79.87822587851434,40.434750172761255],[-79.87947930982187,40.43555060508008]]}},{"type":"Feature","properties":{"a":"RF0368","b":null},"geometry":{"type":"LineString","coordinates":[[-79.87947930982187,40.43555060508008],[-79.87983226776123,40.43525416464856]]}},{"type":"Feature","properties":{"a":"RF0368","b":"RF0374"},"geometry":{"type":"LineString","coordinates":[[-79.87983226776123,40.43525416464856],[-79.88041636459661,40.434746072274024]]}},{"type":"Feature","properties":{"a":"RF0368","b":"RF0374"},"geometry":{"type":"LineString","coordinates":[[-79.88041636459661,40.434746072274024],[-79.88043066522283,40.434754813386675]]}},{"type":"Feature","properties":{"a":"RF0368","b":"RF0374"},"geometry":{"type":"LineString","coordinates":[[-79.88043066522283,40.434754813386675],[-79.88063132356436,40.43487580690637]]}},{"type":"Feature","properties":{"a":"RF0368","b":"RF0374"},"geometry":{"type":"LineString","coordinates":[[-79.88063132356436,40.43487580690637],[-79.8806568777891,40.434869726673455]]}},{"type":"Feature","properties":{"a":"RF0369","b":null},"geometry":{"type":"LineString","coordinates":[[-79.87785469765005,40.43506067494802],[-79.87822587851434,40.434750172761255]]}},{"type":"Feature","properties":{"a":"RF0369","b":null},"geometry":{"type":"LineString","coordinates":[[-79.87753916694543,40.43532462436782],[-79.87785469765005,40.43506067494802]]}},{"type":"Feature","properties":{"a":"RF0369","b":null},"geometry":{"type":"LineString","coordinates":[[-79.87741580645245,40.43542781854218],[-79.87753916694543,40.43532462436782]]}},{"type":"Feature","properties":{"a":"RF0369","b":null},"geometry":{"type":"LineString","coordinates":[[-79.8772545224971,40.43556273665257],[-79.87741580645245,40.43542781854218]]}},{"type":"Feature","properties":{"a":"RF0369","b":null},"geometry":{"type":"LineString","coordinates":[[-79.8772545224971,40.43556273665257],[-79.87883597232802,40.43657263926764]]}},{"type":"Feature","properties":{"a":"RF0369","b":null},"geometry":{"type":"LineString","coordinates":[[-79.87883597232802,40.43657263926764],[-79.87905979156494,40.43636475045762]]}},{"type":"Feature","properties":{"a":"RF0369","b":null},"geometry":{"type":"LineString","coordinates":[[-79.87905979156494,40.43636475045762],[-79.87914562225339,40.43594011687315]]}},{"type":"Feature","properties":{"a":"RF0369","b":"RF0375"},"geometry":{"type":"LineString","coordinates":[[-79.87914562225339,40.43594011687315],[-79.87920999526976,40.435776795549664]]}},{"type":"Feature","properties":{"a":"RF0369","b":null},"geometry":{"type":"LineString","coordinates":[[-79.87920999526976,40.435776795549664],[-79.87947930982187,40.43555060508008]]}},{"type":"Feature","properties":{"a":"RF0370","b":null},"geometry":{"type":"LineString","coordinates":[[-79.87401723861693,40.435433819479016],[-79.87610285859395,40.43549102461314]]}},{"type":"Feature","properties":{"a":"RF0370","b":null},"geometry":{"type":"LineString","coordinates":[[-79.87403869628905,40.43597278109025],[-79.87593888218989,40.4361987636239]]}},{"type":"Feature","properties":{"a":"RF0370","b":"RF0371"},"geometry":{"type":"LineString","coordinates":[[-79.87593888218989,40.4361987636239],[-79.87610285859395,40.43549102461314]]}},{"type":"Feature","properties":{"a":"RF0371","b":null},"geometry":{"type":"LineString","coordinates":[[-79.8772545224971,40.43556273665257],[-79.87770105581055,40.43584788965088]]}},{"type":"Feature","properties":{"a":"RF0371","b":null},"geometry":{"type":"LineString","coordinates":[[-79.877204,40.435605],[-79.8772545224971,40.43556273665257]]}},{"type":"Feature","properties":{"a":"RF0371","b":null},"geometry":{"type":"LineString","coordinates":[[-79.876982,40.435792],[-79.877204,40.435605]]}},{"type":"Feature","properties":{"a":"RF0371","b":null},"geometry":{"type":"LineString","coordinates":[[-79.876725,40.435563],[-79.876982,40.435792]]}},{"type":"Feature","properties":{"a":"RF0371","b":null},"geometry":{"type":"LineString","coordinates":[[-79.87666229098272,40.43554367498744],[-79.876725,40.435563]]}},{"type":"Feature","properties":{"a":"RF0371","b":null},"geometry":{"type":"LineString","coordinates":[[-79.87610285859395,40.43549102461314],[-79.87639904022215,40.43549914838926]]}},{"type":"Feature","properties":{"a":"RF0371","b":null},"geometry":{"type":"LineString","coordinates":[[-79.87593888218989,40.4361987636239],[-79.8760986328125,40.436217762212635]]}},{"type":"Feature","properties":{"a":"RF0371","b":null},"geometry":{"type":"LineString","coordinates":[[-79.87590551376343,40.43709968686242],[-79.87627822158473,40.437138369777166]]}},{"type":"Feature","properties":{"a":"RF0371","b":null},"geometry":{"type":"LineString","coordinates":[[-79.87627822158473,40.437138369777166],[-79.87770105581055,40.43584788965088]]}},{"type":"Feature","properties":{"a":"RF0372","b":null},"geometry":{"type":"LineString","coordinates":[[-79.87770105581055,40.43584788965088],[-79.87883597232802,40.43657263926764]]}},{"type":"Feature","properties":{"a":"RF0372","b":null},"geometry":{"type":"LineString","coordinates":[[-79.87698963869764,40.43649312971402],[-79.87770105581055,40.43584788965088]]}},{"type":"Feature","properties":{"a":"RF0372","b":"RF0373"},"geometry":{"type":"LineString","coordinates":[[-79.87698963869764,40.43649312971402],[-79.87813447066029,40.437224211263555]]}},{"type":"Feature","properties":{"a":"RF0372","b":null},"geometry":{"type":"LineString","coordinates":[[-79.87813447066029,40.437224211263555],[-79.87883597232802,40.43657263926764]]}},{"type":"Feature","properties":{"a":"RF0373","b":null},"geometry":{"type":"LineString","coordinates":[[-79.87627822158473,40.437138369777166],[-79.87698963869764,40.43649312971402]]}},{"type":"Feature","properties":{"a":"RF0373","b":null},"geometry":{"type":"LineString","coordinates":[[-79.87627822158473,40.437138369777166],[-79.87637758255003,40.43714868233711]]}},{"type":"Feature","properties":{"a":"RF0373","b":"RF0376"},"geometry":{"type":"LineString","coordinates":[[-79.87777233123778,40.437589640002564],[-79.8777937889099,40.43754064484923]]}},{"type":"Feature","properties":{"a":"RF0373","b":null},"geometry":{"type":"LineString","coordinates":[[-79.8777937889099,40.43754064484923],[-79.87813447066029,40.437224211263555]]}},{"type":"Feature","properties":{"a":"RF0374","b":"RF0381"},"geometry":{"type":"LineString","coordinates":[[-79.8818686739566,40.43562034895019],[-79.88187677267672,40.43562521936254]]}},{"type":"Feature","properties":{"a":"RF0374","b":"RF0381"},"geometry":{"type":"LineString","coordinates":[[-79.88112130708124,40.43517125851754],[-79.8818686739566,40.43562034895019]]}},{"type":"Feature","properties":{"a":"RF0374","b":"RF0381"},"geometry":{"type":"LineString","coordinates":[[-79.88102439077088,40.43511281965366],[-79.88112130708124,40.43517125851754]]}},{"type":"Feature","properties":{"a":"RF0374","b":"RF0381"},"geometry":{"type":"LineString","coordinates":[[-79.8810222630597,40.43508981836132],[-79.88102439077088,40.43511281965366]]}},{"type":"Feature","properties":{"a":"RF0374","b":null},"geometry":{"type":"LineString","coordinates":[[-79.880919,40.435027],[-79.8810222630597,40.43508981836132]]}},{"type":"Feature","properties":{"a":"RF0374","b":null},"geometry":{"type":"LineString","coordinates":[[-79.8806568777891,40.434869726673455],[-79.880919,40.435027]]}},{"type":"Feature","properties":{"a":"RF0374","b":null},"geometry":{"type":"LineString","coordinates":[[-79.87968899755373,40.435374493666274],[-79.87983226776123,40.43525416464856]]}},{"type":"Feature","properties":{"a":"RF0374","b":"RF0375"},"geometry":{"type":"LineString","coordinates":[[-79.87968899755373,40.435374493666274],[-79.88110771333312,40.43628047547335]]}},{"type":"Feature","properties":{"a":"RF0374","b":null},"geometry":{"type":"LineString","coordinates":[[-79.88110771333312,40.43628047547335],[-79.88111972808836,40.43626675832999]]}},{"type":"Feature","properties":{"a":"RF0374","b":"RF0378"},"geometry":{"type":"LineString","coordinates":[[-79.88111972808836,40.43626675832999],[-79.8812699317932,40.43613610193768]]}},{"type":"Feature","properties":{"a":"RF0374","b":null},"geometry":{"type":"LineString","coordinates":[[-79.8812699317932,40.43613610193768],[-79.88144159317015,40.436005445291464]]}},{"type":"Feature","properties":{"a":"RF0374","b":"RF0381"},"geometry":{"type":"LineString","coordinates":[[-79.88144159317015,40.436005445291464],[-79.88176345825194,40.43571146690918]]}},{"type":"Feature","properties":{"a":"RF0374","b":"RF0381"},"geometry":{"type":"LineString","coordinates":[[-79.88176345825194,40.43571146690918],[-79.88187677267672,40.43562521936254]]}},{"type":"Feature","properties":{"a":"RF0375","b":null},"geometry":{"type":"LineString","coordinates":[[-79.87920999526976,40.435776795549664],[-79.87968899755373,40.435374493666274]]}},{"type":"Feature","properties":{"a":"RF0375","b":null},"geometry":{"type":"LineString","coordinates":[[-79.87910377550365,40.43614714696531],[-79.87914562225339,40.43594011687315]]}},{"type":"Feature","properties":{"a":"RF0375","b":"RF0376"},"geometry":{"type":"LineString","coordinates":[[-79.87910377550365,40.43614714696531],[-79.87972043581863,40.43654094185688]]}},{"type":"Feature","properties":{"a":"RF0375","b":null},"geometry":{"type":"LineString","coordinates":[[-79.87972043581863,40.43654094185688],[-79.87991809844969,40.43625042629484]]}},{"type":"Feature","properties":{"a":"RF0375","b":"RF0377"},"geometry":{"type":"LineString","coordinates":[[-79.87991809844969,40.43625042629484],[-79.88034725189209,40.43587478839136]]}},{"type":"Feature","properties":{"a":"RF0375","b":"RF0377"},"geometry":{"type":"LineString","coordinates":[[-79.88034725189209,40.43587478839136],[-79.88041162490843,40.43592378475865]]}},{"type":"Feature","properties":{"a":"RF0375","b":"RF0377"},"geometry":{"type":"LineString","coordinates":[[-79.88041162490843,40.43592378475865],[-79.88107681274413,40.43631575441165]]}},{"type":"Feature","properties":{"a":"RF0375","b":null},"geometry":{"type":"LineString","coordinates":[[-79.88107681274413,40.43631575441165],[-79.88110771333312,40.43628047547335]]}},{"type":"Feature","properties":{"a":"RF0376","b":null},"geometry":{"type":"LineString","coordinates":[[-79.87905979156494,40.43636475045762],[-79.87910377550365,40.43614714696531]]}},{"type":"Feature","properties":{"a":"RF0376","b":null},"geometry":{"type":"LineString","coordinates":[[-79.8777937889099,40.43754064484923],[-79.87905979156494,40.43636475045762]]}},{"type":"Feature","properties":{"a":"RF0376","b":"RF0377"},"geometry":{"type":"LineString","coordinates":[[-79.87882375717162,40.43793260507625],[-79.87929582595825,40.43716501415407]]}},{"type":"Feature","properties":{"a":"RF0376","b":null},"geometry":{"type":"LineString","coordinates":[[-79.87929582595825,40.43716501415407],[-79.87972043581863,40.43654094185688]]}},{"type":"Feature","properties":{"a":"RF0377","b":null},"geometry":{"type":"LineString","coordinates":[[-79.87929582595825,40.43716501415407],[-79.87991809844969,40.43625042629484]]}},{"type":"Feature","properties":{"a":"RF0377","b":"RF0379"},"geometry":{"type":"LineString","coordinates":[[-79.87957477569579,40.43819391062477],[-79.88019704818724,40.437116018691285]]}},{"type":"Feature","properties":{"a":"RF0377","b":null},"geometry":{"type":"LineString","coordinates":[[-79.88019704818724,40.437116018691285],[-79.88051891326904,40.43677304945208]]}},{"type":"Feature","properties":{"a":"RF0377","b":"RF0378"},"geometry":{"type":"LineString","coordinates":[[-79.88051891326904,40.43677304945208],[-79.88107681274413,40.43631575441165]]}},{"type":"Feature","properties":{"a":"RF0378","b":"RF0381"},"geometry":{"type":"LineString","coordinates":[[-79.88221406936646,40.436381082465005],[-79.88245010375975,40.43644641045486]]}},{"type":"Feature","properties":{"a":"RF0378","b":"RF0381"},"geometry":{"type":"LineString","coordinates":[[-79.88154888153076,40.43616876605956],[-79.88221406936646,40.436381082465005]]}},{"type":"Feature","properties":{"a":"RF0378","b":"RF0381"},"geometry":{"type":"LineString","coordinates":[[-79.88131284713744,40.43610343779993],[-79.88154888153076,40.43616876605956]]}},{"type":"Feature","properties":{"a":"RF0378","b":null},"geometry":{"type":"LineString","coordinates":[[-79.8812699317932,40.43613610193768],[-79.88131284713744,40.43610343779993]]}},{"type":"Feature","properties":{"a":"RF0378","b":null},"geometry":{"type":"LineString","coordinates":[[-79.88107681274413,40.43631575441165],[-79.88111972808836,40.43626675832999]]}},{"type":"Feature","properties":{"a":"RF0378","b":null},"geometry":{"type":"LineString","coordinates":[[-79.88025704704037,40.437052085813264],[-79.88051891326904,40.43677304945208]]}},{"type":"Feature","properties":{"a":"RF0378","b":null},"geometry":{"type":"LineString","coordinates":[[-79.88025704704037,40.437052085813264],[-79.88179805902317,40.43759896212382]]}},{"type":"Feature","properties":{"a":"RF0378","b":null},"geometry":{"type":"LineString","coordinates":[[-79.88179805902317,40.43759896212382],[-79.8820424079895,40.43716501415407]]}},{"type":"Feature","properties":{"a":"RF0378","b":"RF0427"},"geometry":{"type":"LineString","coordinates":[[-79.8820424079895,40.43716501415407],[-79.88210678100585,40.43703435950731]]}},{"type":"Feature","properties":{"a":"RF0378","b":"RF0428"},"geometry":{"type":"LineString","coordinates":[[-79.88210678100585,40.43703435950731],[-79.88217115402222,40.436920036483116]]}},{"type":"Feature","properties":{"a":"RF0378","b":"RF0428"},"geometry":{"type":"LineString","coordinates":[[-79.88217115402222,40.436920036483116],[-79.8823857307434,40.43656073428439]]}},{"type":"Feature","properties":{"a":"RF0378","b":"RF0428"},"geometry":{"type":"LineString","coordinates":[[-79.8823857307434,40.43656073428439],[-79.88245010375975,40.43644641045486]]}},{"type":"Feature","properties":{"a":"RF0379","b":null},"geometry":{"type":"LineString","coordinates":[[-79.88025704704037,40.437052085813264],[-79.88103926104189,40.437329678922204]]}},{"type":"Feature","properties":{"a":"RF0379","b":null},"geometry":{"type":"LineString","coordinates":[[-79.88019704818724,40.437116018691285],[-79.88025704704037,40.437052085813264]]}},{"type":"Feature","properties":{"a":"RF0379","b":null},"geometry":{"type":"LineString","coordinates":[[-79.87989664077757,40.43829189994363],[-79.88035698669475,40.43844319641006]]}},{"type":"Feature","properties":{"a":"RF0379","b":"RF0380"},"geometry":{"type":"LineString","coordinates":[[-79.88035698669475,40.43844319641006],[-79.88103926104189,40.437329678922204]]}},{"type":"Feature","properties":{"a":"RF0380","b":null},"geometry":{"type":"LineString","coordinates":[[-79.88103926104189,40.437329678922204],[-79.88179805902317,40.43759896212382]]}},{"type":"Feature","properties":{"a":"RF0380","b":null},"geometry":{"type":"LineString","coordinates":[[-79.88035698669475,40.43844319641006],[-79.88084077835083,40.43860219851115]]}},{"type":"Feature","properties":{"a":"RF0380","b":"RF0418"},"geometry":{"type":"LineString","coordinates":[[-79.88116264343262,40.438716518675],[-79.88133430480956,40.43838988911967]]}},{"type":"Feature","properties":{"a":"RF0380","b":"RF0418"},"geometry":{"type":"LineString","coordinates":[[-79.88133430480956,40.43838988911967],[-79.88137722015381,40.43832456301818]]}},{"type":"Feature","properties":{"a":"RF0380","b":"RF0422"},"geometry":{"type":"LineString","coordinates":[[-79.88137722015381,40.43832456301818],[-79.88142013549803,40.438242905302054]]}},{"type":"Feature","properties":{"a":"RF0380","b":"RF0422"},"geometry":{"type":"LineString","coordinates":[[-79.88142013549803,40.438242905302054],[-79.88157033920288,40.43801426316926]]}},{"type":"Feature","properties":{"a":"RF0380","b":"RF0422"},"geometry":{"type":"LineString","coordinates":[[-79.88157033920288,40.43801426316926],[-79.8816132545471,40.43793260507625]]}},{"type":"Feature","properties":{"a":"RF0380","b":"RF0426"},"geometry":{"type":"LineString","coordinates":[[-79.8816132545471,40.43793260507625],[-79.88163471221922,40.43786727853043]]}},{"type":"Feature","properties":{"a":"RF0380","b":"RF0426"},"geometry":{"type":"LineString","coordinates":[[-79.88163471221922,40.43786727853043],[-79.88174200057982,40.43768763020215]]}},{"type":"Feature","properties":{"a":"RF0380","b":"RF0426"},"geometry":{"type":"LineString","coordinates":[[-79.88174200057982,40.43768763020215],[-79.88178491592406,40.437622303418294]]}},{"type":"Feature","properties":{"a":"RF0380","b":null},"geometry":{"type":"LineString","coordinates":[[-79.88178491592406,40.437622303418294],[-79.88179805902317,40.43759896212382]]}},{"type":"Feature","properties":{"a":"RF0381","b":null},"geometry":{"type":"LineString","coordinates":[[-79.882728,40.435958],[-79.88298520014165,40.43602301713617]]}},{"type":"Feature","properties":{"a":"RF0381","b":null},"geometry":{"type":"LineString","coordinates":[[-79.882669,40.435957],[-79.882728,40.435958]]}},{"type":"Feature","properties":{"a":"RF0381","b":null},"geometry":{"type":"LineString","coordinates":[[-79.882494,40.435954],[-79.882669,40.435957]]}},{"type":"Feature","properties":{"a":"RF0381","b":null},"geometry":{"type":"LineString","coordinates":[[-79.882436,40.435954],[-79.882494,40.435954]]}},{"type":"Feature","properties":{"a":"RF0381","b":null},"geometry":{"type":"LineString","coordinates":[[-79.882325,40.435887],[-79.882436,40.435954]]}},{"type":"Feature","properties":{"a":"RF0381","b":null},"geometry":{"type":"LineString","coordinates":[[-79.881994,40.435687],[-79.882325,40.435887]]}},{"type":"Feature","properties":{"a":"RF0381","b":null},"geometry":{"type":"LineString","coordinates":[[-79.881977,40.435677],[-79.881994,40.435687]]}},{"type":"Feature","properties":{"a":"RF0381","b":null},"geometry":{"type":"LineString","coordinates":[[-79.881887,40.435617],[-79.881977,40.435677]]}},{"type":"Feature","properties":{"a":"RF0381","b":null},"geometry":{"type":"LineString","coordinates":[[-79.881762,40.435535],[-79.881887,40.435617]]}},{"type":"Feature","properties":{"a":"RF0381","b":null},"geometry":{"type":"LineString","coordinates":[[-79.881719,40.435509],[-79.881762,40.435535]]}},{"type":"Feature","properties":{"a":"RF0381","b":null},"geometry":{"type":"LineString","coordinates":[[-79.881209,40.435202],[-79.881719,40.435509]]}},{"type":"Feature","properties":{"a":"RF0381","b":null},"geometry":{"type":"LineString","coordinates":[[-79.881039,40.4351],[-79.881209,40.435202]]}},{"type":"Feature","properties":{"a":"RF0381","b":null},"geometry":{"type":"LineString","coordinates":[[-79.8810222630597,40.43508981836132],[-79.881039,40.4351]]}},{"type":"Feature","properties":{"a":"RF0381","b":null},"geometry":{"type":"LineString","coordinates":[[-79.88131284713744,40.43610343779993],[-79.88144159317015,40.436005445291464]]}},{"type":"Feature","properties":{"a":"RF0381","b":"RF0428"},"geometry":{"type":"LineString","coordinates":[[-79.88245010375975,40.43644641045486],[-79.88249301910399,40.436381082465005]]}},{"type":"Feature","properties":{"a":"RF0381","b":"RF0428"},"geometry":{"type":"LineString","coordinates":[[-79.88249301910399,40.436381082465005],[-79.88262176513672,40.436152434000604]]}},{"type":"Feature","properties":{"a":"RF0381","b":"RF0428"},"geometry":{"type":"LineString","coordinates":[[-79.88262176513672,40.436152434000604],[-79.88265875367937,40.43609612785305]]}},{"type":"Feature","properties":{"a":"RF0381","b":"RF0428"},"geometry":{"type":"LineString","coordinates":[[-79.88265875367937,40.43609612785305],[-79.88275096958427,40.4361538440804]]}},{"type":"Feature","properties":{"a":"RF0381","b":"RF0428"},"geometry":{"type":"LineString","coordinates":[[-79.88275096958427,40.4361538440804],[-79.88282193727723,40.43616939281235]]}},{"type":"Feature","properties":{"a":"RF0381","b":"RF0428"},"geometry":{"type":"LineString","coordinates":[[-79.88282193727723,40.43616939281235],[-79.88298520014165,40.43602301713617]]}},{"type":"Feature","properties":{"a":"RF0382","b":null},"geometry":{"type":"LineString","coordinates":[[-79.87054109573363,40.43291860817081],[-79.87144215336826,40.433310523561765]]}},{"type":"Feature","properties":{"a":"RF0382","b":null},"geometry":{"type":"LineString","coordinates":[[-79.86978650121992,40.433536596492736],[-79.87054109573363,40.43291860817081]]}},{"type":"Feature","properties":{"a":"RF0382","b":"RF0383"},"geometry":{"type":"LineString","coordinates":[[-79.86978650121992,40.433536596492736],[-79.87072741265774,40.43425267278485]]}},{"type":"Feature","properties":{"a":"RF0382","b":null},"geometry":{"type":"LineString","coordinates":[[-79.87072741265774,40.43425267278485],[-79.87144215336826,40.433310523561765]]}},{"type":"Feature","properties":{"a":"RF0383","b":null},"geometry":{"type":"LineString","coordinates":[[-79.86884593963623,40.43430688578614],[-79.86978650121992,40.433536596492736]]}},{"type":"Feature","properties":{"a":"RF0383","b":null},"geometry":{"type":"LineString","coordinates":[[-79.8691463470459,40.4344538782085],[-79.8701986307528,40.43494969682952]]}},{"type":"Feature","properties":{"a":"RF0383","b":null},"geometry":{"type":"LineString","coordinates":[[-79.8701986307528,40.43494969682952],[-79.87072741265774,40.43425267278485]]}},{"type":"Feature","properties":{"a":"RF0384","b":null},"geometry":{"type":"LineString","coordinates":[[-79.87144215336826,40.433310523561765],[-79.87159252166747,40.43337592631571]]}},{"type":"Feature","properties":{"a":"RF0384","b":null},"geometry":{"type":"LineString","coordinates":[[-79.8701986307528,40.43494969682952],[-79.87144215336826,40.433310523561765]]}},{"type":"Feature","properties":{"a":"RF0384","b":null},"geometry":{"type":"LineString","coordinates":[[-79.8701986307528,40.43494969682952],[-79.87139940261841,40.4355154806069]]}},{"type":"Feature","properties":{"a":"RF0384","b":null},"geometry":{"type":"LineString","coordinates":[[-79.8717212677002,40.4353684905053],[-79.87178564071655,40.43520516779331]]}},{"type":"Feature","properties":{"a":"RF0385","b":null},"geometry":{"type":"LineString","coordinates":[[-79.86656041494423,40.43155862688016],[-79.86720005060282,40.431634711515514]]}},{"type":"Feature","properties":{"a":"RF0385","b":null},"geometry":{"type":"LineString","coordinates":[[-79.86578008046541,40.432586654603675],[-79.86656041494423,40.43155862688016]]}},{"type":"Feature","properties":{"a":"RF0385","b":null},"geometry":{"type":"LineString","coordinates":[[-79.86578008046541,40.432586654603675],[-79.86694332767784,40.43274275404148]]}},{"type":"Feature","properties":{"a":"RF0385","b":"RF0386"},"geometry":{"type":"LineString","coordinates":[[-79.86694332767784,40.43274275404148],[-79.86720005060282,40.431634711515514]]}},{"type":"Feature","properties":{"a":"RF0386","b":null},"geometry":{"type":"LineString","coordinates":[[-79.86777010240891,40.43170251915446],[-79.86836729579015,40.43177355528267]]}},{"type":"Feature","properties":{"a":"RF0386","b":null},"geometry":{"type":"LineString","coordinates":[[-79.86760640375321,40.431683047206086],[-79.86777010240891,40.43170251915446]]}},{"type":"Feature","properties":{"a":"RF0386","b":null},"geometry":{"type":"LineString","coordinates":[[-79.86720005060282,40.431634711515514],[-79.86760640375321,40.431683047206086]]}},{"type":"Feature","properties":{"a":"RF0386","b":null},"geometry":{"type":"LineString","coordinates":[[-79.86694332767784,40.43274275404148],[-79.86810657489023,40.43289885347928]]}},{"type":"Feature","properties":{"a":"RF0386","b":null},"geometry":{"type":"LineString","coordinates":[[-79.86810657489023,40.43289885347928],[-79.86836729579015,40.43177355528267]]}},{"type":"Feature","properties":{"a":"RF0387","b":null},"geometry":{"type":"LineString","coordinates":[[-79.86578008046541,40.432586654603675],[-79.86810657489023,40.43289885347928]]}},{"type":"Feature","properties":{"a":"RF0387","b":null},"geometry":{"type":"LineString","coordinates":[[-79.86562728881835,40.43278794527244],[-79.86578008046541,40.432586654603675]]}},{"type":"Feature","properties":{"a":"RF0387","b":null},"geometry":{"type":"LineString","coordinates":[[-79.86616373062134,40.43324526430596],[-79.86779451370239,40.433996567394786]]}},{"type":"Feature","properties":{"a":"RF0387","b":null},"geometry":{"type":"LineString","coordinates":[[-79.86779451370239,40.433996567394786],[-79.86784585399032,40.434024151675914]]}},{"type":"Feature","properties":{"a":"RF0387","b":null},"geometry":{"type":"LineString","coordinates":[[-79.86784585399032,40.434024151675914],[-79.86810657489023,40.43289885347928]]}},{"type":"Feature","properties":{"a":"RF0388","b":null},"geometry":{"type":"LineString","coordinates":[[-79.869548,40.431914],[-79.86961690561785,40.43192222012575]]}},{"type":"Feature","properties":{"a":"RF0388","b":null},"geometry":{"type":"LineString","coordinates":[[-79.86845167185112,40.43178359181166],[-79.869548,40.431914]]}},{"type":"Feature","properties":{"a":"RF0388","b":null},"geometry":{"type":"LineString","coordinates":[[-79.86836729579015,40.43177355528267],[-79.86845167185112,40.43178359181166]]}},{"type":"Feature","properties":{"a":"RF0388","b":null},"geometry":{"type":"LineString","coordinates":[[-79.86807969020128,40.43301489055959],[-79.86836729579015,40.43177355528267]]}},{"type":"Feature","properties":{"a":"RF0388","b":null},"geometry":{"type":"LineString","coordinates":[[-79.86807969020128,40.43301489055959],[-79.86932502529301,40.433182005602404]]}},{"type":"Feature","properties":{"a":"RF0388","b":"RF0389"},"geometry":{"type":"LineString","coordinates":[[-79.86932502529301,40.433182005602404],[-79.86961690561785,40.43192222012575]]}},{"type":"Feature","properties":{"a":"RF0389","b":null},"geometry":{"type":"LineString","coordinates":[[-79.87020967167345,40.43199293441101],[-79.87062854580334,40.432042904183106]]}},{"type":"Feature","properties":{"a":"RF0389","b":null},"geometry":{"type":"LineString","coordinates":[[-79.86961690561785,40.43192222012575],[-79.87020967167345,40.43199293441101]]}},{"type":"Feature","properties":{"a":"RF0389","b":null},"geometry":{"type":"LineString","coordinates":[[-79.86932502529301,40.433182005602404],[-79.87009354731022,40.433285135748385]]}},{"type":"Feature","properties":{"a":"RF0389","b":null},"geometry":{"type":"LineString","coordinates":[[-79.87009354731022,40.433285135748385],[-79.87054109573363,40.43291860817081]]}},{"type":"Feature","properties":{"a":"RF0390","b":null},"geometry":{"type":"LineString","coordinates":[[-79.86807969020128,40.43301489055959],[-79.87009354731022,40.433285135748385]]}},{"type":"Feature","properties":{"a":"RF0390","b":null},"geometry":{"type":"LineString","coordinates":[[-79.86784585399032,40.434024151675914],[-79.86807969020128,40.43301489055959]]}},{"type":"Feature","properties":{"a":"RF0390","b":null},"geometry":{"type":"LineString","coordinates":[[-79.86784585399032,40.434024151675914],[-79.86852407455444,40.43438854828268]]}},{"type":"Feature","properties":{"a":"RF0390","b":null},"geometry":{"type":"LineString","coordinates":[[-79.86884593963623,40.43430688578614],[-79.87009354731022,40.433285135748385]]}},{"type":"Feature","properties":{"a":"RF0391","b":"RF0417"},"geometry":{"type":"LineString","coordinates":[[-79.88075494766234,40.44186841233966],[-79.88094806671141,40.44193373499759]]}},{"type":"Feature","properties":{"a":"RF0391","b":"RF0417"},"geometry":{"type":"LineString","coordinates":[[-79.87957477569579,40.44147647505906],[-79.88075494766234,40.44186841233966]]}},{"type":"Feature","properties":{"a":"RF0391","b":"RF0464"},"geometry":{"type":"LineString","coordinates":[[-79.87936019897461,40.44188474301009],[-79.87961769104002,40.441982726949384]]}},{"type":"Feature","properties":{"a":"RF0391","b":"RF0464"},"geometry":{"type":"LineString","coordinates":[[-79.87961769104002,40.441982726949384],[-79.88045454025267,40.44224401675592]]}},{"type":"Feature","properties":{"a":"RF0391","b":"RF0464"},"geometry":{"type":"LineString","coordinates":[[-79.88045454025267,40.44224401675592],[-79.88071203231812,40.442342000171536]]}},{"type":"Feature","properties":{"a":"RF0391","b":"RF0392"},"geometry":{"type":"LineString","coordinates":[[-79.88071203231812,40.442342000171536],[-79.88077640533446,40.44226034733511]]}},{"type":"Feature","properties":{"a":"RF0391","b":"RF0392"},"geometry":{"type":"LineString","coordinates":[[-79.88077640533446,40.44226034733511],[-79.88094806671141,40.44193373499759]]}},{"type":"Feature","properties":{"a":"RF0392","b":"RF0403"},"geometry":{"type":"LineString","coordinates":[[-79.8817205429077,40.44222768617277],[-79.88214969635008,40.44235833072692]]}},{"type":"Feature","properties":{"a":"RF0392","b":"RF0403"},"geometry":{"type":"LineString","coordinates":[[-79.88157033920288,40.44214603319749],[-79.8817205429077,40.44222768617277]]}},{"type":"Feature","properties":{"a":"RF0392","b":"RF0403"},"geometry":{"type":"LineString","coordinates":[[-79.88094806671141,40.44193373499759],[-79.88157033920288,40.44214603319749]]}},{"type":"Feature","properties":{"a":"RF0392","b":"RF0507"},"geometry":{"type":"LineString","coordinates":[[-79.88071203231812,40.442342000171536],[-79.88096952438353,40.44242365290878]]}},{"type":"Feature","properties":{"a":"RF0392","b":"RF0507"},"geometry":{"type":"LineString","coordinates":[[-79.88096952438353,40.44242365290878],[-79.88167762756348,40.4426522800454]]}},{"type":"Feature","properties":{"a":"RF0392","b":"RF0507"},"geometry":{"type":"LineString","coordinates":[[-79.88167762756348,40.4426522800454],[-79.88191366195679,40.44273393240576]]}},{"type":"Feature","properties":{"a":"RF0392","b":"RF0393"},"geometry":{"type":"LineString","coordinates":[[-79.88191366195679,40.44273393240576],[-79.88195657730101,40.442668610525416]]}},{"type":"Feature","properties":{"a":"RF0392","b":"RF0393"},"geometry":{"type":"LineString","coordinates":[[-79.88195657730101,40.442668610525416],[-79.88210678100585,40.44242365290878]]}},{"type":"Feature","properties":{"a":"RF0392","b":"RF0393"},"geometry":{"type":"LineString","coordinates":[[-79.88210678100585,40.44242365290878],[-79.88214969635008,40.44235833072692]]}},{"type":"Feature","properties":{"a":"RF0393","b":"RF0401"},"geometry":{"type":"LineString","coordinates":[[-79.88270759582518,40.442521636062544],[-79.88498210906982,40.44324017482617]]}},{"type":"Feature","properties":{"a":"RF0393","b":"RF0401"},"geometry":{"type":"LineString","coordinates":[[-79.88247156143187,40.442439983444324],[-79.88270759582518,40.442521636062544]]}},{"type":"Feature","properties":{"a":"RF0393","b":"RF0401"},"geometry":{"type":"LineString","coordinates":[[-79.88214969635008,40.44235833072692],[-79.88247156143187,40.442439983444324]]}},{"type":"Feature","properties":{"a":"RF0393","b":"RF0506"},"geometry":{"type":"LineString","coordinates":[[-79.88191366195679,40.44273393240576],[-79.88249301910399,40.442929897665934]]}},{"type":"Feature","properties":{"a":"RF0393","b":"RF0506"},"geometry":{"type":"LineString","coordinates":[[-79.88249301910399,40.442929897665934],[-79.88416671752928,40.44348512946734]]}},{"type":"Feature","properties":{"a":"RF0393","b":"RF0506"},"geometry":{"type":"LineString","coordinates":[[-79.88416671752928,40.44348512946734],[-79.8847246170044,40.443664762303534]]}},{"type":"Feature","properties":{"a":"RF0393","b":"RF0394"},"geometry":{"type":"LineString","coordinates":[[-79.8847246170044,40.443664762303534],[-79.88478899002074,40.44358311107387]]}},{"type":"Feature","properties":{"a":"RF0393","b":"RF0394"},"geometry":{"type":"LineString","coordinates":[[-79.88478899002074,40.44358311107387],[-79.88491773605347,40.44333815678976]]}},{"type":"Feature","properties":{"a":"RF0393","b":"RF0394"},"geometry":{"type":"LineString","coordinates":[[-79.88491773605347,40.44333815678976],[-79.88498210906982,40.44324017482617]]}},{"type":"Feature","properties":{"a":"RF0394","b":"RF0399"},"geometry":{"type":"LineString","coordinates":[[-79.88566875457762,40.443027880081786],[-79.88631248474121,40.44325650516336]]}},{"type":"Feature","properties":{"a":"RF0394","b":"RF0399"},"geometry":{"type":"LineString","coordinates":[[-79.88530397415161,40.442913567249406],[-79.88566875457762,40.443027880081786]]}},{"type":"Feature","properties":{"a":"RF0394","b":"RF0399"},"geometry":{"type":"LineString","coordinates":[[-79.885196685791,40.442880906404454],[-79.88530397415161,40.442913567249406]]}},{"type":"Feature","properties":{"a":"RF0394","b":"RF0401"},"geometry":{"type":"LineString","coordinates":[[-79.88502502441405,40.443174853437775],[-79.885196685791,40.442880906404454]]}},{"type":"Feature","properties":{"a":"RF0394","b":"RF0401"},"geometry":{"type":"LineString","coordinates":[[-79.88500356674194,40.44319118379083],[-79.88502502441405,40.443174853437775]]}},{"type":"Feature","properties":{"a":"RF0394","b":"RF0401"},"geometry":{"type":"LineString","coordinates":[[-79.88498210906982,40.44324017482617],[-79.88500356674194,40.44319118379083]]}},{"type":"Feature","properties":{"a":"RF0394","b":"RF0500"},"geometry":{"type":"LineString","coordinates":[[-79.8847246170044,40.443664762303534],[-79.8849606513977,40.44374641343402]]}},{"type":"Feature","properties":{"a":"RF0394","b":"RF0500"},"geometry":{"type":"LineString","coordinates":[[-79.8849606513977,40.44374641343402],[-79.88564729690552,40.44397503607173]]}},{"type":"Feature","properties":{"a":"RF0394","b":"RF0500"},"geometry":{"type":"LineString","coordinates":[[-79.88564729690552,40.44397503607173],[-79.8858618736267,40.44405668682533]]}},{"type":"Feature","properties":{"a":"RF0394","b":"RF0395"},"geometry":{"type":"LineString","coordinates":[[-79.8858618736267,40.44405668682533],[-79.88611936569214,40.443599441327734]]}},{"type":"Feature","properties":{"a":"RF0394","b":"RF0395"},"geometry":{"type":"LineString","coordinates":[[-79.88611936569214,40.443599441327734],[-79.88618373870848,40.443501459745015]]}},{"type":"Feature","properties":{"a":"RF0394","b":"RF0396"},"geometry":{"type":"LineString","coordinates":[[-79.88618373870848,40.443501459745015],[-79.88622665405272,40.4434524689001]]}},{"type":"Feature","properties":{"a":"RF0394","b":"RF0396"},"geometry":{"type":"LineString","coordinates":[[-79.88622665405272,40.4434524689001],[-79.88631248474121,40.44325650516336]]}},{"type":"Feature","properties":{"a":"RF0395","b":"RF0396"},"geometry":{"type":"LineString","coordinates":[[-79.88684892654418,40.443730083215854],[-79.88712787628174,40.444464939105536]]}},{"type":"Feature","properties":{"a":"RF0395","b":"RF0396"},"geometry":{"type":"LineString","coordinates":[[-79.88672018051146,40.443664762303534],[-79.88684892654418,40.443730083215854]]}},{"type":"Feature","properties":{"a":"RF0395","b":"RF0396"},"geometry":{"type":"LineString","coordinates":[[-79.88618373870848,40.443501459745015],[-79.88672018051146,40.443664762303534]]}},{"type":"Feature","properties":{"a":"RF0395","b":"RF0501"},"geometry":{"type":"LineString","coordinates":[[-79.8858618736267,40.44405668682533],[-79.88611936569214,40.44413833747973]]}},{"type":"Feature","properties":{"a":"RF0395","b":"RF0501"},"geometry":{"type":"LineString","coordinates":[[-79.88611936569214,40.44413833747973],[-79.88661289215088,40.444301638491]]}},{"type":"Feature","properties":{"a":"RF0395","b":"RF0501"},"geometry":{"type":"LineString","coordinates":[[-79.88661289215088,40.444301638491],[-79.88712787628174,40.444464939105536]]}},{"type":"Feature","properties":{"a":"RF0396","b":"RF0397"},"geometry":{"type":"LineString","coordinates":[[-79.8874282836914,40.44444860906193],[-79.88747119903564,40.44457924929965]]}},{"type":"Feature","properties":{"a":"RF0396","b":"RF0397"},"geometry":{"type":"LineString","coordinates":[[-79.88736391067503,40.44436695878442],[-79.8874282836914,40.44444860906193]]}},{"type":"Feature","properties":{"a":"RF0396","b":"RF0397"},"geometry":{"type":"LineString","coordinates":[[-79.88727807998657,40.444301638491],[-79.88736391067503,40.44436695878442]]}},{"type":"Feature","properties":{"a":"RF0396","b":"RF0397"},"geometry":{"type":"LineString","coordinates":[[-79.88699913024901,40.44361577157763],[-79.88727807998657,40.444301638491]]}},{"type":"Feature","properties":{"a":"RF0396","b":"RF0397"},"geometry":{"type":"LineString","coordinates":[[-79.88689184188841,40.44312586235482],[-79.88699913024901,40.44361577157763]]}},{"type":"Feature","properties":{"a":"RF0396","b":"RF0397"},"geometry":{"type":"LineString","coordinates":[[-79.88680601119995,40.442978888891716],[-79.88689184188841,40.44312586235482]]}},{"type":"Feature","properties":{"a":"RF0396","b":"RF0397"},"geometry":{"type":"LineString","coordinates":[[-79.88669872283934,40.44294622807849],[-79.88680601119995,40.442978888891716]]}},{"type":"Feature","properties":{"a":"RF0396","b":"RF0399"},"geometry":{"type":"LineString","coordinates":[[-79.88652706146239,40.442978888891716],[-79.88669872283934,40.44294622807849]]}},{"type":"Feature","properties":{"a":"RF0396","b":"RF0399"},"geometry":{"type":"LineString","coordinates":[[-79.88646268844604,40.44301154968907],[-79.88652706146239,40.442978888891716]]}},{"type":"Feature","properties":{"a":"RF0396","b":"RF0399"},"geometry":{"type":"LineString","coordinates":[[-79.88631248474121,40.44325650516336],[-79.88646268844604,40.44301154968907]]}},{"type":"Feature","properties":{"a":"RF0397","b":"RF0399"},"geometry":{"type":"LineString","coordinates":[[-79.88672018051146,40.44257062758587],[-79.88680601119995,40.44247264450352]]}},{"type":"Feature","properties":{"a":"RF0397","b":"RF0399"},"geometry":{"type":"LineString","coordinates":[[-79.8866558074951,40.442684941001446],[-79.88672018051146,40.44257062758587]]}},{"type":"Feature","properties":{"a":"RF0397","b":"RF0399"},"geometry":{"type":"LineString","coordinates":[[-79.8866558074951,40.442684941001446],[-79.88676309585571,40.44279925422263]]}},{"type":"Feature","properties":{"a":"RF0397","b":"RF0399"},"geometry":{"type":"LineString","coordinates":[[-79.88669872283934,40.44294622807849],[-79.88676309585571,40.44279925422263]]}},{"type":"Feature","properties":{"a":"RF0398","b":"RF0421"},"geometry":{"type":"LineString","coordinates":[[-79.88631248474121,40.44043129780565],[-79.88644123077393,40.4404639598408]]}},{"type":"Feature","properties":{"a":"RF0398","b":"RF0421"},"geometry":{"type":"LineString","coordinates":[[-79.88624811172485,40.44039863575465],[-79.88631248474121,40.44043129780565]]}},{"type":"Feature","properties":{"a":"RF0398","b":"RF0410"},"geometry":{"type":"LineString","coordinates":[[-79.88624811172485,40.44039863575465],[-79.88624811172485,40.44049662186007]]}},{"type":"Feature","properties":{"a":"RF0398","b":"RF0410"},"geometry":{"type":"LineString","coordinates":[[-79.88624811172485,40.44049662186007],[-79.88633394241332,40.440888564853516]]}},{"type":"Feature","properties":{"a":"RF0398","b":"RF0410"},"geometry":{"type":"LineString","coordinates":[[-79.88609790802002,40.44129683637509],[-79.88633394241332,40.440888564853516]]}},{"type":"Feature","properties":{"a":"RF0398","b":"RF0409"},"geometry":{"type":"LineString","coordinates":[[-79.88601207733153,40.44144381351586],[-79.88609790802002,40.44129683637509]]}},{"type":"Feature","properties":{"a":"RF0398","b":"RF0409"},"geometry":{"type":"LineString","coordinates":[[-79.885733127594,40.441917404339065],[-79.88601207733153,40.44144381351586]]}},{"type":"Feature","properties":{"a":"RF0398","b":"RF0409"},"geometry":{"type":"LineString","coordinates":[[-79.88564729690552,40.44208071074586],[-79.885733127594,40.441917404339065]]}},{"type":"Feature","properties":{"a":"RF0398","b":"RF0399"},"geometry":{"type":"LineString","coordinates":[[-79.88564729690552,40.44208071074586],[-79.8858618736267,40.44216236380048]]}},{"type":"Feature","properties":{"a":"RF0398","b":"RF0399"},"geometry":{"type":"LineString","coordinates":[[-79.8858618736267,40.44216236380048],[-79.88656997680663,40.442390991825775]]}},{"type":"Feature","properties":{"a":"RF0398","b":"RF0399"},"geometry":{"type":"LineString","coordinates":[[-79.88656997680663,40.442390991825775],[-79.88680601119995,40.44247264450352]]}},{"type":"Feature","properties":{"a":"RF0399","b":"RF0400"},"geometry":{"type":"LineString","coordinates":[[-79.88554000854491,40.44224401675592],[-79.88564729690552,40.44208071074586]]}},{"type":"Feature","properties":{"a":"RF0399","b":"RF0400"},"geometry":{"type":"LineString","coordinates":[[-79.88528251647949,40.44271760194162],[-79.88554000854491,40.44224401675592]]}},{"type":"Feature","properties":{"a":"RF0399","b":"RF0400"},"geometry":{"type":"LineString","coordinates":[[-79.885196685791,40.442880906404454],[-79.88528251647949,40.44271760194162]]}},{"type":"Feature","properties":{"a":"RF0400","b":"RF0409"},"geometry":{"type":"LineString","coordinates":[[-79.88554000854491,40.442048049496236],[-79.88564729690552,40.44208071074586]]}},{"type":"Feature","properties":{"a":"RF0400","b":"RF0409"},"geometry":{"type":"LineString","coordinates":[[-79.88523960113525,40.441950065652165],[-79.88554000854491,40.442048049496236]]}},{"type":"Feature","properties":{"a":"RF0400","b":"RF0409"},"geometry":{"type":"LineString","coordinates":[[-79.88513231277464,40.441917404339065],[-79.88523960113525,40.441950065652165]]}},{"type":"Feature","properties":{"a":"RF0400","b":"RF0402"},"geometry":{"type":"LineString","coordinates":[[-79.88504648208618,40.44206438012302],[-79.88513231277464,40.441917404339065]]}},{"type":"Feature","properties":{"a":"RF0400","b":"RF0402"},"geometry":{"type":"LineString","coordinates":[[-79.88476753234862,40.44253796657429],[-79.88504648208618,40.44206438012302]]}},{"type":"Feature","properties":{"a":"RF0400","b":"RF0402"},"geometry":{"type":"LineString","coordinates":[[-79.88468170166014,40.44270127147352],[-79.88476753234862,40.44253796657429]]}},{"type":"Feature","properties":{"a":"RF0400","b":"RF0401"},"geometry":{"type":"LineString","coordinates":[[-79.88468170166014,40.44270127147352],[-79.88476753234862,40.44273393240576]]}},{"type":"Feature","properties":{"a":"RF0400","b":"RF0401"},"geometry":{"type":"LineString","coordinates":[[-79.88476753234862,40.44273393240576],[-79.8850893974304,40.442831915107256]]}},{"type":"Feature","properties":{"a":"RF0400","b":"RF0401"},"geometry":{"type":"LineString","coordinates":[[-79.8850893974304,40.442831915107256],[-79.885196685791,40.442880906404454]]}},{"type":"Feature","properties":{"a":"RF0401","b":"RF0402"},"geometry":{"type":"LineString","coordinates":[[-79.8828363418579,40.44209704136472],[-79.88468170166014,40.44270127147352]]}},{"type":"Feature","properties":{"a":"RF0401","b":"RF0402"},"geometry":{"type":"LineString","coordinates":[[-79.88262176513672,40.44201538823074],[-79.8828363418579,40.44209704136472]]}},{"type":"Feature","properties":{"a":"RF0401","b":"RF0402"},"geometry":{"type":"LineString","coordinates":[[-79.8823857307434,40.44193373499759],[-79.88262176513672,40.44201538823074]]}},{"type":"Feature","properties":{"a":"RF0401","b":"RF0403"},"geometry":{"type":"LineString","coordinates":[[-79.88232135772704,40.44201538823074],[-79.8823857307434,40.44193373499759]]}},{"type":"Feature","properties":{"a":"RF0401","b":"RF0403"},"geometry":{"type":"LineString","coordinates":[[-79.88219261169434,40.44227667791033],[-79.88232135772704,40.44201538823074]]}},{"type":"Feature","properties":{"a":"RF0401","b":"RF0403"},"geometry":{"type":"LineString","coordinates":[[-79.88214969635008,40.44235833072692],[-79.88219261169434,40.44227667791033]]}},{"type":"Feature","properties":{"a":"RF0402","b":"RF0408"},"geometry":{"type":"LineString","coordinates":[[-79.8849606513977,40.44185208166525],[-79.88513231277464,40.441917404339065]]}},{"type":"Feature","properties":{"a":"RF0402","b":"RF0408"},"geometry":{"type":"LineString","coordinates":[[-79.88442420959471,40.441672443985],[-79.8849606513977,40.44185208166525]]}},{"type":"Feature","properties":{"a":"RF0402","b":"RF0408"},"geometry":{"type":"LineString","coordinates":[[-79.88425254821777,40.44162345180707],[-79.88442420959471,40.441672443985]]}},{"type":"Feature","properties":{"a":"RF0402","b":"RF0407"},"geometry":{"type":"LineString","coordinates":[[-79.88397359848022,40.4415254673441],[-79.88425254821777,40.44162345180707]]}},{"type":"Feature","properties":{"a":"RF0402","b":"RF0407"},"geometry":{"type":"LineString","coordinates":[[-79.88311529159544,40.44124784392342],[-79.88397359848022,40.4415254673441]]}},{"type":"Feature","properties":{"a":"RF0402","b":"RF0407"},"geometry":{"type":"LineString","coordinates":[[-79.8828363418579,40.441149858912965],[-79.88311529159544,40.44124784392342]]}},{"type":"Feature","properties":{"a":"RF0402","b":"RF0405"},"geometry":{"type":"LineString","coordinates":[[-79.8827290534973,40.44129683637509],[-79.8828363418579,40.441149858912965]]}},{"type":"Feature","properties":{"a":"RF0402","b":"RF0405"},"geometry":{"type":"LineString","coordinates":[[-79.88247156143187,40.44178675892798],[-79.8827290534973,40.44129683637509]]}},{"type":"Feature","properties":{"a":"RF0402","b":"RF0405"},"geometry":{"type":"LineString","coordinates":[[-79.8823857307434,40.44193373499759],[-79.88247156143187,40.44178675892798]]}},{"type":"Feature","properties":{"a":"RF0403","b":"RF0405"},"geometry":{"type":"LineString","coordinates":[[-79.88223552703857,40.44188474301009],[-79.8823857307434,40.44193373499759]]}},{"type":"Feature","properties":{"a":"RF0403","b":"RF0405"},"geometry":{"type":"LineString","coordinates":[[-79.88180637359618,40.44175409753554],[-79.88223552703857,40.44188474301009]]}},{"type":"Feature","properties":{"a":"RF0403","b":"RF0405"},"geometry":{"type":"LineString","coordinates":[[-79.88165616989134,40.441705105417114],[-79.88180637359618,40.44175409753554]]}},{"type":"Feature","properties":{"a":"RF0403","b":"RF0404"},"geometry":{"type":"LineString","coordinates":[[-79.88157033920288,40.441672443985],[-79.88165616989134,40.441705105417114]]}},{"type":"Feature","properties":{"a":"RF0403","b":"RF0404"},"geometry":{"type":"LineString","coordinates":[[-79.8812699317932,40.44157445959344],[-79.88157033920288,40.441672443985]]}},{"type":"Feature","properties":{"a":"RF0403","b":"RF0404"},"geometry":{"type":"LineString","coordinates":[[-79.88118410110474,40.44154179809785],[-79.8812699317932,40.44157445959344]]}},{"type":"Feature","properties":{"a":"RF0403","b":"RF0417"},"geometry":{"type":"LineString","coordinates":[[-79.88114118576048,40.44162345180707],[-79.88118410110474,40.44154179809785]]}},{"type":"Feature","properties":{"a":"RF0403","b":"RF0417"},"geometry":{"type":"LineString","coordinates":[[-79.88099098205565,40.44185208166525],[-79.88114118576048,40.44162345180707]]}},{"type":"Feature","properties":{"a":"RF0403","b":"RF0417"},"geometry":{"type":"LineString","coordinates":[[-79.88094806671141,40.44193373499759],[-79.88099098205565,40.44185208166525]]}},{"type":"Feature","properties":{"a":"RF0404","b":"RF0406"},"geometry":{"type":"LineString","coordinates":[[-79.8820424079895,40.440888564853516],[-79.88214969635008,40.44092122666648]]}},{"type":"Feature","properties":{"a":"RF0404","b":"RF0406"},"geometry":{"type":"LineString","coordinates":[[-79.88174200057982,40.440774248383136],[-79.8820424079895,40.440888564853516]]}},{"type":"Feature","properties":{"a":"RF0404","b":"RF0406"},"geometry":{"type":"LineString","coordinates":[[-79.88163471221922,40.44074158649876],[-79.88174200057982,40.440774248383136]]}},{"type":"Feature","properties":{"a":"RF0404","b":"RF0416"},"geometry":{"type":"LineString","coordinates":[[-79.88152742385864,40.44090489576199],[-79.88163471221922,40.44074158649876]]}},{"type":"Feature","properties":{"a":"RF0404","b":"RF0416"},"geometry":{"type":"LineString","coordinates":[[-79.8812699317932,40.44137849038186],[-79.88152742385864,40.44090489576199]]}},{"type":"Feature","properties":{"a":"RF0404","b":"RF0416"},"geometry":{"type":"LineString","coordinates":[[-79.88118410110474,40.44154179809785],[-79.8812699317932,40.44137849038186]]}},{"type":"Feature","properties":{"a":"RF0404","b":"RF0405"},"geometry":{"type":"LineString","coordinates":[[-79.88165616989134,40.441705105417114],[-79.8820638656616,40.44108453549332]]}},{"type":"Feature","properties":{"a":"RF0404","b":"RF0405"},"geometry":{"type":"LineString","coordinates":[[-79.8820638656616,40.44108453549332],[-79.88214969635008,40.44092122666648]]}},{"type":"Feature","properties":{"a":"RF0405","b":"RF0406"},"geometry":{"type":"LineString","coordinates":[[-79.88268613815306,40.441100866354176],[-79.8828363418579,40.441149858912965]]}},{"type":"Feature","properties":{"a":"RF0405","b":"RF0406"},"geometry":{"type":"LineString","coordinates":[[-79.88229990005492,40.440970219356196],[-79.88268613815306,40.441100866354176]]}},{"type":"Feature","properties":{"a":"RF0405","b":"RF0406"},"geometry":{"type":"LineString","coordinates":[[-79.88214969635008,40.44092122666648],[-79.88229990005492,40.440970219356196]]}},{"type":"Feature","properties":{"a":"RF0406","b":"RF0414"},"geometry":{"type":"LineString","coordinates":[[-79.88298654556273,40.44072525555062],[-79.88305091857909,40.44075791744294]]}},{"type":"Feature","properties":{"a":"RF0406","b":"RF0414"},"geometry":{"type":"LineString","coordinates":[[-79.88281488418578,40.44067626268239],[-79.88298654556273,40.44072525555062]]}},{"type":"Feature","properties":{"a":"RF0406","b":"RF0414"},"geometry":{"type":"LineString","coordinates":[[-79.88184928894043,40.440349642648385],[-79.88281488418578,40.44067626268239]]}},{"type":"Feature","properties":{"a":"RF0406","b":null},"geometry":{"type":"LineString","coordinates":[[-79.88180637359618,40.44043129780565],[-79.88184928894043,40.440349642648385]]}},{"type":"Feature","properties":{"a":"RF0406","b":"RF0415"},"geometry":{"type":"LineString","coordinates":[[-79.88167762756348,40.44065993171837],[-79.88180637359618,40.44043129780565]]}},{"type":"Feature","properties":{"a":"RF0406","b":"RF0415"},"geometry":{"type":"LineString","coordinates":[[-79.88163471221922,40.44074158649876],[-79.88167762756348,40.44065993171837]]}},{"type":"Feature","properties":{"a":"RF0406","b":"RF0407"},"geometry":{"type":"LineString","coordinates":[[-79.8828363418579,40.441149858912965],[-79.88287925720215,40.44106820462848]]}},{"type":"Feature","properties":{"a":"RF0406","b":"RF0407"},"geometry":{"type":"LineString","coordinates":[[-79.88287925720215,40.44106820462848],[-79.88300800323485,40.4408395721043]]}},{"type":"Feature","properties":{"a":"RF0406","b":null},"geometry":{"type":"LineString","coordinates":[[-79.88300800323485,40.4408395721043],[-79.88305091857909,40.44075791744294]]}},{"type":"Feature","properties":{"a":"RF0407","b":"RF0412"},"geometry":{"type":"LineString","coordinates":[[-79.8844027519226,40.44072525555062],[-79.88470315933228,40.44082324117996]]}},{"type":"Feature","properties":{"a":"RF0407","b":"RF0412"},"geometry":{"type":"LineString","coordinates":[[-79.88356590270996,40.44044762882521],[-79.8844027519226,40.44072525555062]]}},{"type":"Feature","properties":{"a":"RF0407","b":"RF0412"},"geometry":{"type":"LineString","coordinates":[[-79.88328695297241,40.440365973687776],[-79.88356590270996,40.44044762882521]]}},{"type":"Feature","properties":{"a":"RF0407","b":"RF0414"},"geometry":{"type":"LineString","coordinates":[[-79.88324403762817,40.44043129780565],[-79.88328695297241,40.440365973687776]]}},{"type":"Feature","properties":{"a":"RF0407","b":"RF0414"},"geometry":{"type":"LineString","coordinates":[[-79.88309383392333,40.44067626268239],[-79.88324403762817,40.44043129780565]]}},{"type":"Feature","properties":{"a":"RF0407","b":null},"geometry":{"type":"LineString","coordinates":[[-79.88300800323485,40.4408395721043],[-79.88309383392333,40.44067626268239]]}},{"type":"Feature","properties":{"a":"RF0407","b":"RF0408"},"geometry":{"type":"LineString","coordinates":[[-79.88425254821777,40.44162345180707],[-79.88433837890625,40.44146014428944]]}},{"type":"Feature","properties":{"a":"RF0407","b":"RF0408"},"geometry":{"type":"LineString","coordinates":[[-79.88433837890625,40.44146014428944],[-79.8846173286438,40.44098655024483]]}},{"type":"Feature","properties":{"a":"RF0407","b":"RF0408"},"geometry":{"type":"LineString","coordinates":[[-79.8846173286438,40.44098655024483],[-79.88470315933228,40.44082324117996]]}},{"type":"Feature","properties":{"a":"RF0408","b":"RF0411"},"geometry":{"type":"LineString","coordinates":[[-79.8854112625122,40.44106820462848],[-79.88558292388916,40.44111719721108]]}},{"type":"Feature","properties":{"a":"RF0408","b":"RF0411"},"geometry":{"type":"LineString","coordinates":[[-79.88487482070921,40.440888564853516],[-79.8854112625122,40.44106820462848]]}},{"type":"Feature","properties":{"a":"RF0408","b":"RF0411"},"geometry":{"type":"LineString","coordinates":[[-79.88470315933228,40.44082324117996],[-79.88487482070921,40.440888564853516]]}},{"type":"Feature","properties":{"a":"RF0408","b":"RF0409"},"geometry":{"type":"LineString","coordinates":[[-79.88513231277464,40.441917404339065],[-79.88521814346312,40.44175409753554]]}},{"type":"Feature","properties":{"a":"RF0408","b":"RF0409"},"geometry":{"type":"LineString","coordinates":[[-79.88521814346312,40.44175409753554],[-79.88549709320067,40.441280505561835]]}},{"type":"Feature","properties":{"a":"RF0408","b":"RF0409"},"geometry":{"type":"LineString","coordinates":[[-79.88549709320067,40.441280505561835],[-79.88558292388916,40.44111719721108]]}},{"type":"Feature","properties":{"a":"RF0409","b":"RF0410"},"geometry":{"type":"LineString","coordinates":[[-79.88599061965942,40.44124784392342],[-79.88609790802002,40.44129683637509]]}},{"type":"Feature","properties":{"a":"RF0409","b":"RF0410"},"geometry":{"type":"LineString","coordinates":[[-79.88569021224974,40.441149858912965],[-79.88599061965942,40.44124784392342]]}},{"type":"Feature","properties":{"a":"RF0409","b":"RF0410"},"geometry":{"type":"LineString","coordinates":[[-79.88558292388916,40.44111719721108],[-79.88569021224974,40.441149858912965]]}},{"type":"Feature","properties":{"a":"RF0410","b":"RF0421"},"geometry":{"type":"LineString","coordinates":[[-79.8862051963806,40.440382304723194],[-79.88624811172485,40.44039863575465]]}},{"type":"Feature","properties":{"a":"RF0410","b":"RF0421"},"geometry":{"type":"LineString","coordinates":[[-79.8860764503479,40.440349642648385],[-79.8862051963806,40.440382304723194]]}},{"type":"Feature","properties":{"a":"RF0410","b":null},"geometry":{"type":"LineString","coordinates":[[-79.88603353500365,40.44033331160502],[-79.8860764503479,40.440349642648385]]}},{"type":"Feature","properties":{"a":"RF0410","b":"RF0411"},"geometry":{"type":"LineString","coordinates":[[-79.88594770431519,40.44049662186007],[-79.88603353500365,40.44033331160502]]}},{"type":"Feature","properties":{"a":"RF0410","b":"RF0411"},"geometry":{"type":"LineString","coordinates":[[-79.88566875457762,40.440970219356196],[-79.88594770431519,40.44049662186007]]}},{"type":"Feature","properties":{"a":"RF0410","b":"RF0411"},"geometry":{"type":"LineString","coordinates":[[-79.88558292388916,40.44111719721108],[-79.88566875457762,40.440970219356196]]}},{"type":"Feature","properties":{"a":"RF0411","b":null},"geometry":{"type":"LineString","coordinates":[[-79.8858618736267,40.440267987391934],[-79.88603353500365,40.44033331160502]]}},{"type":"Feature","properties":{"a":"RF0411","b":"RF0421"},"geometry":{"type":"LineString","coordinates":[[-79.88532543182373,40.440104676581484],[-79.8858618736267,40.440267987391934]]}},{"type":"Feature","properties":{"a":"RF0411","b":"RF0421"},"geometry":{"type":"LineString","coordinates":[[-79.88515377044676,40.44003935214622],[-79.88532543182373,40.440104676581484]]}},{"type":"Feature","properties":{"a":"RF0411","b":"RF0412"},"geometry":{"type":"LineString","coordinates":[[-79.88511085510252,40.440104676581484],[-79.88515377044676,40.44003935214622]]}},{"type":"Feature","properties":{"a":"RF0411","b":"RF0412"},"geometry":{"type":"LineString","coordinates":[[-79.88504648208618,40.4401863320363],[-79.88511085510252,40.440104676581484]]}},{"type":"Feature","properties":{"a":"RF0411","b":"RF0412"},"geometry":{"type":"LineString","coordinates":[[-79.88470315933228,40.44082324117996],[-79.88504648208618,40.4401863320363]]}},{"type":"Feature","properties":{"a":"RF0412","b":"RF0420"},"geometry":{"type":"LineString","coordinates":[[-79.8850893974304,40.440023021027486],[-79.88515377044676,40.44003935214622]]}},{"type":"Feature","properties":{"a":"RF0412","b":"RF0420"},"geometry":{"type":"LineString","coordinates":[[-79.88487482070921,40.439957696512884],[-79.8850893974304,40.440023021027486]]}},{"type":"Feature","properties":{"a":"RF0412","b":"RF0420"},"geometry":{"type":"LineString","coordinates":[[-79.88481044769286,40.43992503423178],[-79.88487482070921,40.439957696512884]]}},{"type":"Feature","properties":{"a":"RF0412","b":"RF0419"},"geometry":{"type":"LineString","coordinates":[[-79.88459587097168,40.43985970962195],[-79.88481044769286,40.43992503423178]]}},{"type":"Feature","properties":{"a":"RF0412","b":"RF0419"},"geometry":{"type":"LineString","coordinates":[[-79.8839521408081,40.439647404201665],[-79.88459587097168,40.43985970962195]]}},{"type":"Feature","properties":{"a":"RF0412","b":"RF0419"},"geometry":{"type":"LineString","coordinates":[[-79.8837375640869,40.43956574809226],[-79.8839521408081,40.439647404201665]]}},{"type":"Feature","properties":{"a":"RF0412","b":"RF0413"},"geometry":{"type":"LineString","coordinates":[[-79.88365173339844,40.43972906021188],[-79.8837375640869,40.43956574809226]]}},{"type":"Feature","properties":{"a":"RF0412","b":"RF0413"},"geometry":{"type":"LineString","coordinates":[[-79.88337278366087,40.44020266311536],[-79.88365173339844,40.43972906021188]]}},{"type":"Feature","properties":{"a":"RF0412","b":"RF0413"},"geometry":{"type":"LineString","coordinates":[[-79.88328695297241,40.440365973687776],[-79.88337278366087,40.44020266311536]]}},{"type":"Feature","properties":{"a":"RF0413","b":"RF0418"},"geometry":{"type":"LineString","coordinates":[[-79.88350152969359,40.43948409188366],[-79.8837375640869,40.43956574809226]]}},{"type":"Feature","properties":{"a":"RF0413","b":"RF0418"},"geometry":{"type":"LineString","coordinates":[[-79.88277196884154,40.43925545397198],[-79.88350152969359,40.43948409188366]]}},{"type":"Feature","properties":{"a":"RF0413","b":"RF0418"},"geometry":{"type":"LineString","coordinates":[[-79.88251447677612,40.43917379738651],[-79.88277196884154,40.43925545397198]]}},{"type":"Feature","properties":{"a":"RF0413","b":"RF0429"},"geometry":{"type":"LineString","coordinates":[[-79.88242864608763,40.439320779168945],[-79.88251447677612,40.43917379738651]]}},{"type":"Feature","properties":{"a":"RF0413","b":"RF0429"},"geometry":{"type":"LineString","coordinates":[[-79.88217115402222,40.43979438494866],[-79.88242864608763,40.439320779168945]]}},{"type":"Feature","properties":{"a":"RF0413","b":"RF0429"},"geometry":{"type":"LineString","coordinates":[[-79.88208532333373,40.439957696512884],[-79.88217115402222,40.43979438494866]]}},{"type":"Feature","properties":{"a":"RF0413","b":"RF0414"},"geometry":{"type":"LineString","coordinates":[[-79.88208532333373,40.439957696512884],[-79.88232135772704,40.44003935214622]]}},{"type":"Feature","properties":{"a":"RF0413","b":"RF0414"},"geometry":{"type":"LineString","coordinates":[[-79.88232135772704,40.44003935214622],[-79.88305091857909,40.440284318451155]]}},{"type":"Feature","properties":{"a":"RF0413","b":"RF0414"},"geometry":{"type":"LineString","coordinates":[[-79.88305091857909,40.440284318451155],[-79.88328695297241,40.440365973687776]]}},{"type":"Feature","properties":{"a":"RF0414","b":"RF0415"},"geometry":{"type":"LineString","coordinates":[[-79.8820424079895,40.44003935214622],[-79.88208532333373,40.439957696512884]]}},{"type":"Feature","properties":{"a":"RF0414","b":"RF0415"},"geometry":{"type":"LineString","coordinates":[[-79.88189220428467,40.440267987391934],[-79.8820424079895,40.44003935214622]]}},{"type":"Feature","properties":{"a":"RF0414","b":null},"geometry":{"type":"LineString","coordinates":[[-79.88184928894043,40.440349642648385],[-79.88189220428467,40.440267987391934]]}},{"type":"Feature","properties":{"a":"RF0414","b":null},"geometry":{"type":"LineString","coordinates":[[-79.88305091857909,40.44075791744294],[-79.88309383392333,40.44067626268239]]}},{"type":"Feature","properties":{"a":"RF0415","b":"RF0429"},"geometry":{"type":"LineString","coordinates":[[-79.88180637359618,40.43985970962195],[-79.88208532333373,40.439957696512884]]}},{"type":"Feature","properties":{"a":"RF0415","b":"RF0429"},"geometry":{"type":"LineString","coordinates":[[-79.88099098205565,40.439598410547916],[-79.88180637359618,40.43985970962195]]}},{"type":"Feature","properties":{"a":"RF0415","b":"RF0429"},"geometry":{"type":"LineString","coordinates":[[-79.88071203231812,40.43950042313332],[-79.88099098205565,40.439598410547916]]}},{"type":"Feature","properties":{"a":"RF0415","b":"RF0416"},"geometry":{"type":"LineString","coordinates":[[-79.8802614212036,40.44030064950641],[-79.88054037094115,40.440382304723194]]}},{"type":"Feature","properties":{"a":"RF0415","b":"RF0416"},"geometry":{"type":"LineString","coordinates":[[-79.88054037094115,40.440382304723194],[-79.88135576248169,40.44065993171837]]}},{"type":"Feature","properties":{"a":"RF0415","b":"RF0416"},"geometry":{"type":"LineString","coordinates":[[-79.88135576248169,40.44065993171837],[-79.88163471221922,40.44074158649876]]}},{"type":"Feature","properties":{"a":"RF0415","b":null},"geometry":{"type":"LineString","coordinates":[[-79.88180637359618,40.44043129780565],[-79.88189220428467,40.440267987391934]]}},{"type":"Feature","properties":{"a":"RF0416","b":"RF0417"},"geometry":{"type":"LineString","coordinates":[[-79.87981081008911,40.44108453549332],[-79.88008975982665,40.44118252059898]]}},{"type":"Feature","properties":{"a":"RF0416","b":"RF0417"},"geometry":{"type":"LineString","coordinates":[[-79.88008975982665,40.44118252059898],[-79.88090515136717,40.44144381351586]]}},{"type":"Feature","properties":{"a":"RF0416","b":"RF0417"},"geometry":{"type":"LineString","coordinates":[[-79.88090515136717,40.44144381351586],[-79.88118410110474,40.44154179809785]]}},{"type":"Feature","properties":{"a":"RF0418","b":"RF0422"},"geometry":{"type":"LineString","coordinates":[[-79.88369464874266,40.43909214070185],[-79.88386631011963,40.439124803387614]]}},{"type":"Feature","properties":{"a":"RF0418","b":"RF0422"},"geometry":{"type":"LineString","coordinates":[[-79.88337278366087,40.438977821176714],[-79.88369464874266,40.43909214070185]]}},{"type":"Feature","properties":{"a":"RF0418","b":"RF0422"},"geometry":{"type":"LineString","coordinates":[[-79.88137722015381,40.43832456301818],[-79.88337278366087,40.438977821176714]]}},{"type":"Feature","properties":{"a":"RF0418","b":"RF0429"},"geometry":{"type":"LineString","coordinates":[[-79.88116264343262,40.438716518675],[-79.88144159317015,40.43879817581588]]}},{"type":"Feature","properties":{"a":"RF0418","b":"RF0429"},"geometry":{"type":"LineString","coordinates":[[-79.88144159317015,40.43879817581588],[-79.8822569847107,40.43907580935302]]}},{"type":"Feature","properties":{"a":"RF0418","b":"RF0429"},"geometry":{"type":"LineString","coordinates":[[-79.8822569847107,40.43907580935302],[-79.88251447677612,40.43917379738651]]}},{"type":"Feature","properties":{"a":"RF0418","b":"RF0419"},"geometry":{"type":"LineString","coordinates":[[-79.8837375640869,40.43956574809226],[-79.8838448524475,40.43923912266281]]}},{"type":"Feature","properties":{"a":"RF0418","b":"RF0419"},"geometry":{"type":"LineString","coordinates":[[-79.8838448524475,40.43923912266281],[-79.88386631011963,40.439222791349685]]}},{"type":"Feature","properties":{"a":"RF0418","b":"RF0419"},"geometry":{"type":"LineString","coordinates":[[-79.88386631011963,40.439124803387614],[-79.88386631011963,40.439222791349685]]}},{"type":"Feature","properties":{"a":"RF0419","b":"RF0424"},"geometry":{"type":"LineString","coordinates":[[-79.88502502441405,40.43838988911967],[-79.88515377044676,40.43838988911967]]}},{"type":"Feature","properties":{"a":"RF0419","b":"RF0424"},"geometry":{"type":"LineString","coordinates":[[-79.88455295562744,40.43845521515769],[-79.88502502441405,40.43838988911967]]}},{"type":"Feature","properties":{"a":"RF0419","b":"RF0423"},"geometry":{"type":"LineString","coordinates":[[-79.88444566726683,40.439141134724544],[-79.88455295562744,40.43845521515769]]}},{"type":"Feature","properties":{"a":"RF0419","b":"RF0423"},"geometry":{"type":"LineString","coordinates":[[-79.8844027519226,40.439320779168945],[-79.88444566726683,40.439141134724544]]}},{"type":"Feature","properties":{"a":"RF0419","b":"RF0423"},"geometry":{"type":"LineString","coordinates":[[-79.88386631011963,40.439124803387614],[-79.8844027519226,40.439320779168945]]}},{"type":"Feature","properties":{"a":"RF0419","b":"RF0420"},"geometry":{"type":"LineString","coordinates":[[-79.88481044769286,40.43992503423178],[-79.88489627838135,40.439467760630045]]}},{"type":"Feature","properties":{"a":"RF0419","b":"RF0420"},"geometry":{"type":"LineString","coordinates":[[-79.88489627838135,40.439467760630045],[-79.88500356674194,40.43902681528272]]}},{"type":"Feature","properties":{"a":"RF0419","b":null},"geometry":{"type":"LineString","coordinates":[[-79.88500356674194,40.43902681528272],[-79.88511085510252,40.43845521515769]]}},{"type":"Feature","properties":{"a":"RF0419","b":"RF0424"},"geometry":{"type":"LineString","coordinates":[[-79.88511085510252,40.43845521515769],[-79.88515377044676,40.43838988911967]]}},{"type":"Feature","properties":{"a":"RF0420","b":"RF0424"},"geometry":{"type":"LineString","coordinates":[[-79.88551855087279,40.438765512971436],[-79.88554000854491,40.439124803387614]]}},{"type":"Feature","properties":{"a":"RF0420","b":"RF0424"},"geometry":{"type":"LineString","coordinates":[[-79.88513231277464,40.43879817581588],[-79.88551855087279,40.438765512971436]]}},{"type":"Feature","properties":{"a":"RF0420","b":"RF0424"},"geometry":{"type":"LineString","coordinates":[[-79.88504648208618,40.43879817581588],[-79.88513231277464,40.43879817581588]]}},{"type":"Feature","properties":{"a":"RF0420","b":null},"geometry":{"type":"LineString","coordinates":[[-79.88500356674194,40.43902681528272],[-79.88504648208618,40.43879817581588]]}},{"type":"Feature","properties":{"a":"RF0420","b":"RF0421"},"geometry":{"type":"LineString","coordinates":[[-79.88515377044676,40.44003935214622],[-79.88521814346312,40.43997402764749]]}},{"type":"Feature","properties":{"a":"RF0420","b":"RF0421"},"geometry":{"type":"LineString","coordinates":[[-79.88521814346312,40.43997402764749],[-79.88532543182373,40.43976172258821]]}},{"type":"Feature","properties":{"a":"RF0420","b":"RF0421"},"geometry":{"type":"LineString","coordinates":[[-79.88532543182373,40.43976172258821],[-79.88543272018431,40.43969639781971]]}},{"type":"Feature","properties":{"a":"RF0420","b":"RF0421"},"geometry":{"type":"LineString","coordinates":[[-79.88543272018431,40.43969639781971],[-79.88547563552855,40.43969639781971]]}},{"type":"Feature","properties":{"a":"RF0420","b":"RF0424"},"geometry":{"type":"LineString","coordinates":[[-79.88547563552855,40.43938610430244],[-79.88547563552855,40.43969639781971]]}},{"type":"Feature","properties":{"a":"RF0420","b":"RF0424"},"geometry":{"type":"LineString","coordinates":[[-79.88547563552855,40.43938610430244],[-79.88554000854491,40.439124803387614]]}},{"type":"Feature","properties":{"a":"RF0421","b":"RF0424"},"geometry":{"type":"LineString","coordinates":[[-79.88588333129881,40.43968006661765],[-79.88639831542969,40.43968006661765]]}},{"type":"Feature","properties":{"a":"RF0421","b":"RF0424"},"geometry":{"type":"LineString","coordinates":[[-79.88547563552855,40.43969639781971],[-79.88588333129881,40.43968006661765]]}},{"type":"Feature","properties":{"a":"RF0421","b":null},"geometry":{"type":"LineString","coordinates":[[-79.8858618736267,40.440267987391934],[-79.8860764503479,40.440349642648385]]}},{"type":"Feature","properties":{"a":"RF0422","b":"RF0426"},"geometry":{"type":"LineString","coordinates":[[-79.88388776779175,40.43868385579088],[-79.8839521408081,40.43870018723493]]}},{"type":"Feature","properties":{"a":"RF0422","b":"RF0426"},"geometry":{"type":"LineString","coordinates":[[-79.8820638656616,40.4380959211631],[-79.88388776779175,40.43868385579088]]}},{"type":"Feature","properties":{"a":"RF0422","b":"RF0426"},"geometry":{"type":"LineString","coordinates":[[-79.8816132545471,40.43793260507625],[-79.8820638656616,40.4380959211631]]}},{"type":"Feature","properties":{"a":"RF0422","b":"RF0423"},"geometry":{"type":"LineString","coordinates":[[-79.88386631011963,40.439124803387614],[-79.88388776779175,40.43904314664346]]}},{"type":"Feature","properties":{"a":"RF0422","b":"RF0423"},"geometry":{"type":"LineString","coordinates":[[-79.88388776779175,40.43904314664346],[-79.88393068313599,40.43878184439564]]}},{"type":"Feature","properties":{"a":"RF0422","b":"RF0423"},"geometry":{"type":"LineString","coordinates":[[-79.88393068313599,40.43878184439564],[-79.8839521408081,40.43870018723493]]}},{"type":"Feature","properties":{"a":"RF0423","b":"RF0424"},"geometry":{"type":"LineString","coordinates":[[-79.88453149795531,40.43801426316926],[-79.88455295562744,40.4380959211631]]}},{"type":"Feature","properties":{"a":"RF0423","b":"RF0425"},"geometry":{"type":"LineString","coordinates":[[-79.88444566726683,40.43801426316926],[-79.88453149795531,40.43801426316926]]}},{"type":"Feature","properties":{"a":"RF0423","b":"RF0425"},"geometry":{"type":"LineString","coordinates":[[-79.8841881752014,40.438046926378696],[-79.88444566726683,40.43801426316926]]}},{"type":"Feature","properties":{"a":"RF0423","b":"RF0425"},"geometry":{"type":"LineString","coordinates":[[-79.8840808868408,40.438046926378696],[-79.8841881752014,40.438046926378696]]}},{"type":"Feature","properties":{"a":"RF0423","b":"RF0426"},"geometry":{"type":"LineString","coordinates":[[-79.88405942916869,40.438177579057744],[-79.8840808868408,40.438046926378696]]}},{"type":"Feature","properties":{"a":"RF0423","b":"RF0426"},"geometry":{"type":"LineString","coordinates":[[-79.88397359848022,40.43856953557148],[-79.88405942916869,40.438177579057744]]}},{"type":"Feature","properties":{"a":"RF0423","b":"RF0426"},"geometry":{"type":"LineString","coordinates":[[-79.8839521408081,40.43870018723493],[-79.88397359848022,40.43856953557148]]}},{"type":"Feature","properties":{"a":"RF0423","b":"RF0424"},"geometry":{"type":"LineString","coordinates":[[-79.88455295562744,40.4380959211631],[-79.88455295562744,40.43845521515769]]}},{"type":"Feature","properties":{"a":"RF0424","b":"RF0425"},"geometry":{"type":"LineString","coordinates":[[-79.8858618736267,40.43793260507625],[-79.88599061965942,40.43791627344575]]}},{"type":"Feature","properties":{"a":"RF0424","b":"RF0425"},"geometry":{"type":"LineString","coordinates":[[-79.88569021224974,40.43793260507625],[-79.8858618736267,40.43793260507625]]}},{"type":"Feature","properties":{"a":"RF0424","b":"RF0425"},"geometry":{"type":"LineString","coordinates":[[-79.88453149795531,40.43801426316926],[-79.88569021224974,40.43793260507625]]}},{"type":"Feature","properties":{"a":"RF0424","b":null},"geometry":{"type":"LineString","coordinates":[[-79.88504648208618,40.43879817581588],[-79.88511085510252,40.43845521515769]]}},{"type":"Feature","properties":{"a":"RF0425","b":null},"geometry":{"type":"LineString","coordinates":[[-79.8840808868408,40.436445223524686],[-79.88497677859417,40.43664150975223]]}},{"type":"Feature","properties":{"a":"RF0425","b":"RF0428"},"geometry":{"type":"LineString","coordinates":[[-79.8840808868408,40.436445223524686],[-79.8840808868408,40.43646274244241]]}},{"type":"Feature","properties":{"a":"RF0425","b":"RF0428"},"geometry":{"type":"LineString","coordinates":[[-79.8840808868408,40.43646274244241],[-79.88414525985716,40.436920036483116]]}},{"type":"Feature","properties":{"a":"RF0425","b":"RF0428"},"geometry":{"type":"LineString","coordinates":[[-79.88414525985716,40.436920036483116],[-79.88416671752928,40.4370833550296]]}},{"type":"Feature","properties":{"a":"RF0425","b":"RF0427"},"geometry":{"type":"LineString","coordinates":[[-79.88416671752928,40.4370833550296],[-79.88416671752928,40.43757330828876]]}},{"type":"Feature","properties":{"a":"RF0425","b":"RF0426"},"geometry":{"type":"LineString","coordinates":[[-79.88414525985716,40.437671298512136],[-79.88416671752928,40.43757330828876]]}},{"type":"Feature","properties":{"a":"RF0425","b":"RF0426"},"geometry":{"type":"LineString","coordinates":[[-79.88410234451293,40.43794893670279],[-79.88414525985716,40.437671298512136]]}},{"type":"Feature","properties":{"a":"RF0425","b":"RF0426"},"geometry":{"type":"LineString","coordinates":[[-79.8840808868408,40.438046926378696],[-79.88410234451293,40.43794893670279]]}},{"type":"Feature","properties":{"a":"RF0426","b":"RF0427"},"geometry":{"type":"LineString","coordinates":[[-79.8840808868408,40.43757330828876],[-79.88416671752928,40.43757330828876]]}},{"type":"Feature","properties":{"a":"RF0426","b":"RF0427"},"geometry":{"type":"LineString","coordinates":[[-79.88345861434935,40.43765496681816],[-79.8840808868408,40.43757330828876]]}},{"type":"Feature","properties":{"a":"RF0426","b":"RF0427"},"geometry":{"type":"LineString","coordinates":[[-79.88178491592406,40.437622303418294],[-79.88345861434935,40.43765496681816]]}},{"type":"Feature","properties":{"a":"RF0427","b":"RF0428"},"geometry":{"type":"LineString","coordinates":[[-79.88255739212036,40.43718134596707],[-79.88416671752928,40.4370833550296]]}},{"type":"Feature","properties":{"a":"RF0427","b":"RF0428"},"geometry":{"type":"LineString","coordinates":[[-79.88242864608763,40.43714868233711],[-79.88255739212036,40.43718134596707]]}},{"type":"Feature","properties":{"a":"RF0427","b":"RF0428"},"geometry":{"type":"LineString","coordinates":[[-79.88210678100585,40.43703435950731],[-79.88242864608763,40.43714868233711]]}},{"type":"Feature","properties":{"a":"RF0427","b":null},"geometry":{"type":"LineString","coordinates":[[-79.88178491592406,40.437622303418294],[-79.8820424079895,40.43716501415407]]}},{"type":"Feature","properties":{"a":"RF0428","b":null},"geometry":{"type":"LineString","coordinates":[[-79.884073,40.436301],[-79.88425611471895,40.43631835949935]]}},{"type":"Feature","properties":{"a":"RF0428","b":null},"geometry":{"type":"LineString","coordinates":[[-79.883804,40.436232],[-79.884073,40.436301]]}},{"type":"Feature","properties":{"a":"RF0428","b":null},"geometry":{"type":"LineString","coordinates":[[-79.882997,40.436026],[-79.883804,40.436232]]}},{"type":"Feature","properties":{"a":"RF0428","b":null},"geometry":{"type":"LineString","coordinates":[[-79.88298520014165,40.43602301713617],[-79.882997,40.436026]]}},{"type":"Feature","properties":{"a":"RF0428","b":null},"geometry":{"type":"LineString","coordinates":[[-79.8840808868408,40.436445223524686],[-79.88424610526219,40.436481422206654]]}},{"type":"Feature","properties":{"a":"RF0430","b":null},"geometry":{"type":"LineString","coordinates":[[-79.86903905868529,40.44938010190853],[-79.86915183787887,40.44938010190853]]}},{"type":"Feature","properties":{"a":"RF0430","b":"RF0435"},"geometry":{"type":"LineString","coordinates":[[-79.86899614334106,40.44913516875068],[-79.86903905868529,40.44938010190853]]}},{"type":"Feature","properties":{"a":"RF0430","b":null},"geometry":{"type":"LineString","coordinates":[[-79.86899614334106,40.44905352416636],[-79.86899614334106,40.44913516875068]]}},{"type":"Feature","properties":{"a":"RF0430","b":null},"geometry":{"type":"LineString","coordinates":[[-79.86951041862585,40.45024656349974],[-79.869704,40.450187]]}},{"type":"Feature","properties":{"a":"RF0430","b":null},"geometry":{"type":"LineString","coordinates":[[-79.869704,40.450187],[-79.86989207241396,40.45012885547507]]}},{"type":"Feature","properties":{"a":"RF0431","b":null},"geometry":{"type":"LineString","coordinates":[[-79.8733052365718,40.44631757574161],[-79.87380266189575,40.446130582712335]]}},{"type":"Feature","properties":{"a":"RF0431","b":"RF0432"},"geometry":{"type":"LineString","coordinates":[[-79.8733052365718,40.44631757574161],[-79.8739707087998,40.4474036710443]]}},{"type":"Feature","properties":{"a":"RF0431","b":null},"geometry":{"type":"LineString","coordinates":[[-79.8739707087998,40.4474036710443],[-79.87416744232176,40.44743694097252]]}},{"type":"Feature","properties":{"a":"RF0431","b":"RF0436"},"geometry":{"type":"LineString","coordinates":[[-79.87416744232176,40.44743694097252],[-79.87461805343627,40.44751858752071]]}},{"type":"Feature","properties":{"a":"RF0431","b":"RF0438"},"geometry":{"type":"LineString","coordinates":[[-79.87461805343627,40.44751858752071],[-79.87472534179686,40.44719200073284]]}},{"type":"Feature","properties":{"a":"RF0431","b":"RF0438"},"geometry":{"type":"LineString","coordinates":[[-79.87472534179686,40.44719200073284],[-79.87476825714111,40.44701237732306]]}},{"type":"Feature","properties":{"a":"RF0431","b":"RF0438"},"geometry":{"type":"LineString","coordinates":[[-79.87476825714111,40.44701237732306],[-79.87478971481323,40.44694705960049]]}},{"type":"Feature","properties":{"a":"RF0431","b":"RF0438"},"geometry":{"type":"LineString","coordinates":[[-79.87478971481323,40.44694705960049],[-79.87498283386229,40.446359197240795]]}},{"type":"Feature","properties":{"a":"RF0431","b":"RF0452"},"geometry":{"type":"LineString","coordinates":[[-79.87498283386229,40.446359197240795],[-79.87515449523924,40.44593462678332]]}},{"type":"Feature","properties":{"a":"RF0431","b":"RF0452"},"geometry":{"type":"LineString","coordinates":[[-79.87515449523924,40.44593462678332],[-79.87519741058348,40.44586930801336]]}},{"type":"Feature","properties":{"a":"RF0431","b":"RF0452"},"geometry":{"type":"LineString","coordinates":[[-79.87519741058348,40.44586930801336],[-79.87526178359985,40.44573867028299]]}},{"type":"Feature","properties":{"a":"RF0432","b":null},"geometry":{"type":"LineString","coordinates":[[-79.87202167510986,40.4468000944926],[-79.8733052365718,40.44631757574161]]}},{"type":"Feature","properties":{"a":"RF0432","b":null},"geometry":{"type":"LineString","coordinates":[[-79.87150060572087,40.44714441858881],[-79.87180709838867,40.44694705960049]]}},{"type":"Feature","properties":{"a":"RF0432","b":"RF0434"},"geometry":{"type":"LineString","coordinates":[[-79.87150060572087,40.44714441858881],[-79.87258307267541,40.447835674287695]]}},{"type":"Feature","properties":{"a":"RF0432","b":null},"geometry":{"type":"LineString","coordinates":[[-79.87258307267541,40.447835674287695],[-79.87320184707642,40.44727364757858]]}},{"type":"Feature","properties":{"a":"RF0432","b":null},"geometry":{"type":"LineString","coordinates":[[-79.87320184707642,40.44727364757858],[-79.8739707087998,40.4474036710443]]}},{"type":"Feature","properties":{"a":"RF0433","b":"RF0434"},"geometry":{"type":"LineString","coordinates":[[-79.87077078513752,40.44763026279227],[-79.87196899139781,40.448395428788686]]}},{"type":"Feature","properties":{"a":"RF0433","b":null},"geometry":{"type":"LineString","coordinates":[[-79.87064838409422,40.4477145388317],[-79.87077078513752,40.44763026279227]]}},{"type":"Feature","properties":{"a":"RF0433","b":null},"geometry":{"type":"LineString","coordinates":[[-79.87008172726566,40.448142137773395],[-79.87024068832396,40.44797580635764]]}},{"type":"Feature","properties":{"a":"RF0433","b":"RF0435"},"geometry":{"type":"LineString","coordinates":[[-79.87008172726566,40.448142137773395],[-79.87134537011609,40.4489490911109]]}},{"type":"Feature","properties":{"a":"RF0433","b":null},"geometry":{"type":"LineString","coordinates":[[-79.87134537011609,40.4489490911109],[-79.87196899139781,40.448395428788686]]}},{"type":"Feature","properties":{"a":"RF0434","b":null},"geometry":{"type":"LineString","coordinates":[[-79.87124919891356,40.44730630628911],[-79.87150060572087,40.44714441858881]]}},{"type":"Feature","properties":{"a":"RF0434","b":null},"geometry":{"type":"LineString","coordinates":[[-79.87077078513752,40.44763026279227],[-79.87109899520874,40.44740428232547]]}},{"type":"Feature","properties":{"a":"RF0434","b":null},"geometry":{"type":"LineString","coordinates":[[-79.87196899139781,40.448395428788686],[-79.87200021743773,40.44836770574221]]}},{"type":"Feature","properties":{"a":"RF0434","b":"RF0442"},"geometry":{"type":"LineString","coordinates":[[-79.87200021743773,40.44836770574221],[-79.87253665924071,40.447877831154436]]}},{"type":"Feature","properties":{"a":"RF0434","b":null},"geometry":{"type":"LineString","coordinates":[[-79.87253665924071,40.447877831154436],[-79.87258307267541,40.447835674287695]]}},{"type":"Feature","properties":{"a":"RF0435","b":null},"geometry":{"type":"LineString","coordinates":[[-79.86989736557005,40.448335047547445],[-79.87008172726566,40.448142137773395]]}},{"type":"Feature","properties":{"a":"RF0435","b":null},"geometry":{"type":"LineString","coordinates":[[-79.86899614334106,40.44898820842749],[-79.86899614334106,40.44913516875068]]}},{"type":"Feature","properties":{"a":"RF0435","b":null},"geometry":{"type":"LineString","coordinates":[[-79.86903905868529,40.44938010190853],[-79.87092733383177,40.44938010190853]]}},{"type":"Feature","properties":{"a":"RF0435","b":"RF0442"},"geometry":{"type":"LineString","coordinates":[[-79.87092733383177,40.44938010190853],[-79.87122774124144,40.44905352416636]]}},{"type":"Feature","properties":{"a":"RF0435","b":null},"geometry":{"type":"LineString","coordinates":[[-79.87122774124144,40.44905352416636],[-79.87134537011609,40.4489490911109]]}},{"type":"Feature","properties":{"a":"RF0436","b":null},"geometry":{"type":"LineString","coordinates":[[-79.87320184707642,40.44727364757858],[-79.87416744232176,40.44743694097252]]}},{"type":"Feature","properties":{"a":"RF0436","b":null},"geometry":{"type":"LineString","coordinates":[[-79.87253665924071,40.447877831154436],[-79.87320184707642,40.44727364757858]]}},{"type":"Feature","properties":{"a":"RF0436","b":"RF0442"},"geometry":{"type":"LineString","coordinates":[[-79.87253665924071,40.447877831154436],[-79.87285852432251,40.44809011058087]]}},{"type":"Feature","properties":{"a":"RF0436","b":null},"geometry":{"type":"LineString","coordinates":[[-79.87285852432251,40.44809011058087],[-79.87436056137084,40.44836770574221]]}},{"type":"Feature","properties":{"a":"RF0436","b":"RF0439"},"geometry":{"type":"LineString","coordinates":[[-79.87436056137084,40.44836770574221],[-79.87438201904295,40.44828606022555]]}},{"type":"Feature","properties":{"a":"RF0436","b":null},"geometry":{"type":"LineString","coordinates":[[-79.87438201904295,40.44828606022555],[-79.87461805343627,40.44751858752071]]}},{"type":"Feature","properties":{"a":"RF0437","b":"RF0450"},"geometry":{"type":"LineString","coordinates":[[-79.87667798995972,40.44704503616055],[-79.8771286010742,40.44719200073284]]}},{"type":"Feature","properties":{"a":"RF0437","b":"RF0450"},"geometry":{"type":"LineString","coordinates":[[-79.87654924392699,40.44699604789837],[-79.87667798995972,40.44704503616055]]}},{"type":"Feature","properties":{"a":"RF0437","b":null},"geometry":{"type":"LineString","coordinates":[[-79.87654924392699,40.44688174181443],[-79.87654924392699,40.44699604789837]]}},{"type":"Feature","properties":{"a":"RF0437","b":"RF0451"},"geometry":{"type":"LineString","coordinates":[[-79.87637758255003,40.4468164239649],[-79.87654924392699,40.44688174181443]]}},{"type":"Feature","properties":{"a":"RF0437","b":"RF0451"},"geometry":{"type":"LineString","coordinates":[[-79.8758840560913,40.44665312906335],[-79.87637758255003,40.4468164239649]]}},{"type":"Feature","properties":{"a":"RF0437","b":null},"geometry":{"type":"LineString","coordinates":[[-79.87579355330236,40.44661377272615],[-79.8758840560913,40.44665312906335]]}},{"type":"Feature","properties":{"a":"RF0437","b":"RF0438"},"geometry":{"type":"LineString","coordinates":[[-79.87579355330236,40.44661377272615],[-79.87579355330236,40.448037362183335]]}},{"type":"Feature","properties":{"a":"RF0437","b":null},"geometry":{"type":"LineString","coordinates":[[-79.87579355330236,40.448037362183335],[-79.8771157949275,40.448037362183335]]}},{"type":"Feature","properties":{"a":"RF0437","b":null},"geometry":{"type":"LineString","coordinates":[[-79.87710714340209,40.44727364757858],[-79.8771157949275,40.448037362183335]]}},{"type":"Feature","properties":{"a":"RF0437","b":"RF0447"},"geometry":{"type":"LineString","coordinates":[[-79.87710714340209,40.44727364757858],[-79.8771286010742,40.44719200073284]]}},{"type":"Feature","properties":{"a":"RF0438","b":null},"geometry":{"type":"LineString","coordinates":[[-79.87573385238646,40.44658781099166],[-79.87579355330236,40.44661377272615]]}},{"type":"Feature","properties":{"a":"RF0438","b":"RF0452"},"geometry":{"type":"LineString","coordinates":[[-79.87513303756714,40.44639185639567],[-79.87573385238646,40.44658781099166]]}},{"type":"Feature","properties":{"a":"RF0438","b":"RF0452"},"geometry":{"type":"LineString","coordinates":[[-79.87506866455077,40.446359197240795],[-79.87513303756714,40.44639185639567]]}},{"type":"Feature","properties":{"a":"RF0438","b":"RF0452"},"geometry":{"type":"LineString","coordinates":[[-79.87498283386229,40.446359197240795],[-79.87506866455077,40.446359197240795]]}},{"type":"Feature","properties":{"a":"RF0438","b":null},"geometry":{"type":"LineString","coordinates":[[-79.87445850553054,40.448037362183335],[-79.87461805343627,40.44751858752071]]}},{"type":"Feature","properties":{"a":"RF0438","b":null},"geometry":{"type":"LineString","coordinates":[[-79.87445850553054,40.448037362183335],[-79.87579355330236,40.448037362183335]]}},{"type":"Feature","properties":{"a":"RF0439","b":null},"geometry":{"type":"LineString","coordinates":[[-79.87445850553054,40.448037362183335],[-79.87557828426361,40.448037362183335]]}},{"type":"Feature","properties":{"a":"RF0439","b":null},"geometry":{"type":"LineString","coordinates":[[-79.87438201904295,40.44828606022555],[-79.87445850553054,40.448037362183335]]}},{"type":"Feature","properties":{"a":"RF0439","b":null},"geometry":{"type":"LineString","coordinates":[[-79.87402796745299,40.448306238242196],[-79.87436056137084,40.44836770574221]]}},{"type":"Feature","properties":{"a":"RF0439","b":"RF0442"},"geometry":{"type":"LineString","coordinates":[[-79.87402796745299,40.448306238242196],[-79.87402796745299,40.449470683296816]]}},{"type":"Feature","properties":{"a":"RF0439","b":null},"geometry":{"type":"LineString","coordinates":[[-79.87402796745299,40.449470683296816],[-79.87435388145855,40.449480685912974]]}},{"type":"Feature","properties":{"a":"RF0439","b":"RF0443"},"geometry":{"type":"LineString","coordinates":[[-79.8746276533064,40.449715527125875],[-79.87485702752728,40.449502473618594]]}},{"type":"Feature","properties":{"a":"RF0439","b":null},"geometry":{"type":"LineString","coordinates":[[-79.87485702752728,40.449502473618594],[-79.87557828426361,40.44958000026805]]}},{"type":"Feature","properties":{"a":"RF0439","b":null},"geometry":{"type":"LineString","coordinates":[[-79.87557828426361,40.448037362183335],[-79.87557828426361,40.44958000026805]]}},{"type":"Feature","properties":{"a":"RF0440","b":null},"geometry":{"type":"LineString","coordinates":[[-79.8771157949275,40.448037362183335],[-79.87712513680648,40.44886201784428]]}},{"type":"Feature","properties":{"a":"RF0440","b":null},"geometry":{"type":"LineString","coordinates":[[-79.87557828426361,40.448037362183335],[-79.8771157949275,40.448037362183335]]}},{"type":"Feature","properties":{"a":"RF0440","b":null},"geometry":{"type":"LineString","coordinates":[[-79.87557828426361,40.448037362183335],[-79.87557828426361,40.44886201784428]]}},{"type":"Feature","properties":{"a":"RF0440","b":"RF0441"},"geometry":{"type":"LineString","coordinates":[[-79.87557828426361,40.44886201784428],[-79.87712513680648,40.44886201784428]]}},{"type":"Feature","properties":{"a":"RF0441","b":null},"geometry":{"type":"LineString","coordinates":[[-79.87712513680648,40.44886201784428],[-79.8771286010742,40.44916782655663]]}},{"type":"Feature","properties":{"a":"RF0441","b":null},"geometry":{"type":"LineString","coordinates":[[-79.87557828426361,40.44886201784428],[-79.87557828426361,40.44958000026805]]}},{"type":"Feature","properties":{"a":"RF0441","b":null},"geometry":{"type":"LineString","coordinates":[[-79.87557828426361,40.44958000026805],[-79.8765707015991,40.4496866735052]]}},{"type":"Feature","properties":{"a":"RF0441","b":"RF0443"},"geometry":{"type":"LineString","coordinates":[[-79.8765707015991,40.44931478648705],[-79.8765707015991,40.4496866735052]]}},{"type":"Feature","properties":{"a":"RF0441","b":"RF0443"},"geometry":{"type":"LineString","coordinates":[[-79.8765707015991,40.44931478648705],[-79.8771286010742,40.44929845762176]]}},{"type":"Feature","properties":{"a":"RF0441","b":"RF0448"},"geometry":{"type":"LineString","coordinates":[[-79.8771286010742,40.44916782655663],[-79.8771286010742,40.44929845762176]]}},{"type":"Feature","properties":{"a":"RF0442","b":null},"geometry":{"type":"LineString","coordinates":[[-79.87285852432251,40.44809011058087],[-79.87402796745299,40.448306238242196]]}},{"type":"Feature","properties":{"a":"RF0442","b":null},"geometry":{"type":"LineString","coordinates":[[-79.87122774124144,40.44905352416636],[-79.87200021743773,40.44836770574221]]}},{"type":"Feature","properties":{"a":"RF0442","b":null},"geometry":{"type":"LineString","coordinates":[[-79.87368296358194,40.44946009479422],[-79.87402796745299,40.449470683296816]]}},{"type":"Feature","properties":{"a":"RF0443","b":"RF0444"},"geometry":{"type":"LineString","coordinates":[[-79.8771286010742,40.44974664116284],[-79.87716698683519,40.449750767182444]]}},{"type":"Feature","properties":{"a":"RF0443","b":"RF0444"},"geometry":{"type":"LineString","coordinates":[[-79.8771286010742,40.44929845762176],[-79.8771286010742,40.44974664116284]]}},{"type":"Feature","properties":{"a":"RF0443","b":null},"geometry":{"type":"LineString","coordinates":[[-79.87485702752728,40.449502473618594],[-79.8765707015991,40.4496866735052]]}},{"type":"Feature","properties":{"a":"RF0443","b":null},"geometry":{"type":"LineString","coordinates":[[-79.87462397119464,40.449876529382664],[-79.874635,40.449876]]}},{"type":"Feature","properties":{"a":"RF0443","b":null},"geometry":{"type":"LineString","coordinates":[[-79.874635,40.449876],[-79.875714,40.449829]]}},{"type":"Feature","properties":{"a":"RF0443","b":null},"geometry":{"type":"LineString","coordinates":[[-79.875714,40.449829],[-79.876095,40.44989]]}},{"type":"Feature","properties":{"a":"RF0443","b":null},"geometry":{"type":"LineString","coordinates":[[-79.876095,40.44989],[-79.876578,40.449969]]}},{"type":"Feature","properties":{"a":"RF0443","b":null},"geometry":{"type":"LineString","coordinates":[[-79.876578,40.449969],[-79.876688,40.449968]]}},{"type":"Feature","properties":{"a":"RF0443","b":null},"geometry":{"type":"LineString","coordinates":[[-79.876688,40.449968],[-79.87713,40.449968]]}},{"type":"Feature","properties":{"a":"RF0443","b":null},"geometry":{"type":"LineString","coordinates":[[-79.87713,40.449968],[-79.8771530828511,40.44996758780623]]}},{"type":"Feature","properties":{"a":"RF0443","b":"RF0444"},"geometry":{"type":"LineString","coordinates":[[-79.8771530828511,40.44996758780623],[-79.87716698683519,40.449750767182444]]}},{"type":"Feature","properties":{"a":"RF0444","b":"RF0445"},"geometry":{"type":"LineString","coordinates":[[-79.87768650054932,40.44980660882048],[-79.87768737561598,40.4498067028799]]}},{"type":"Feature","properties":{"a":"RF0444","b":"RF0445"},"geometry":{"type":"LineString","coordinates":[[-79.87768650054932,40.44929845762176],[-79.87768650054932,40.44980660882048]]}},{"type":"Feature","properties":{"a":"RF0444","b":null},"geometry":{"type":"LineString","coordinates":[[-79.8771286010742,40.44929845762176],[-79.87768650054932,40.44929845762176]]}},{"type":"Feature","properties":{"a":"RF0444","b":null},"geometry":{"type":"LineString","coordinates":[[-79.8771530828511,40.44996758780623],[-79.877242,40.449966]]}},{"type":"Feature","properties":{"a":"RF0444","b":null},"geometry":{"type":"LineString","coordinates":[[-79.877242,40.449966],[-79.87758,40.449964]]}},{"type":"Feature","properties":{"a":"RF0444","b":null},"geometry":{"type":"LineString","coordinates":[[-79.87758,40.449964],[-79.87764101502516,40.449964]]}},{"type":"Feature","properties":{"a":"RF0444","b":"RF0445"},"geometry":{"type":"LineString","coordinates":[[-79.87764101502516,40.449964],[-79.87768737561598,40.4498067028799]]}},{"type":"Feature","properties":{"a":"RF0445","b":null},"geometry":{"type":"LineString","coordinates":[[-79.87768650054932,40.44929845762176],[-79.87828731536865,40.44929845762176]]}},{"type":"Feature","properties":{"a":"RF0445","b":null},"geometry":{"type":"LineString","coordinates":[[-79.87764101502516,40.449964],[-79.877693,40.449964]]}},{"type":"Feature","properties":{"a":"RF0445","b":null},"geometry":{"type":"LineString","coordinates":[[-79.877693,40.449964],[-79.877812,40.449927]]}},{"type":"Feature","properties":{"a":"RF0445","b":null},"geometry":{"type":"LineString","coordinates":[[-79.877812,40.449927],[-79.878169,40.449818]]}},{"type":"Feature","properties":{"a":"RF0445","b":null},"geometry":{"type":"LineString","coordinates":[[-79.878169,40.449818],[-79.87828731536865,40.4497825053894]]}},{"type":"Feature","properties":{"a":"RF0445","b":"RF0446"},"geometry":{"type":"LineString","coordinates":[[-79.87828731536865,40.44929845762176],[-79.87828731536865,40.4497825053894]]}},{"type":"Feature","properties":{"a":"RF0446","b":"RF0469"},"geometry":{"type":"LineString","coordinates":[[-79.8797851171791,40.44963435982217],[-79.87981969939649,40.449650311086]]}},{"type":"Feature","properties":{"a":"RF0446","b":"RF0469"},"geometry":{"type":"LineString","coordinates":[[-79.87924312823797,40.44973333190553],[-79.8797851171791,40.44963435982217]]}},{"type":"Feature","properties":{"a":"RF0446","b":"RF0469"},"geometry":{"type":"LineString","coordinates":[[-79.87923145294188,40.44970667806372],[-79.87924312823797,40.44973333190553]]}},{"type":"Feature","properties":{"a":"RF0446","b":"RF0469"},"geometry":{"type":"LineString","coordinates":[[-79.87914562225339,40.44934744420573],[-79.87923145294188,40.44970667806372]]}},{"type":"Feature","properties":{"a":"RF0446","b":"RF0469"},"geometry":{"type":"LineString","coordinates":[[-79.8791241645813,40.44928212875251],[-79.87914562225339,40.44934744420573]]}},{"type":"Feature","properties":{"a":"RF0446","b":"RF0448"},"geometry":{"type":"LineString","coordinates":[[-79.87903833389282,40.44929845762176],[-79.8791241645813,40.44928212875251]]}},{"type":"Feature","properties":{"a":"RF0446","b":null},"geometry":{"type":"LineString","coordinates":[[-79.87828731536865,40.44929845762176],[-79.87903833389282,40.44929845762176]]}},{"type":"Feature","properties":{"a":"RF0446","b":null},"geometry":{"type":"LineString","coordinates":[[-79.87828731536865,40.4497825053894],[-79.878289,40.449782]]}},{"type":"Feature","properties":{"a":"RF0446","b":null},"geometry":{"type":"LineString","coordinates":[[-79.878289,40.449782],[-79.878437,40.449785]]}},{"type":"Feature","properties":{"a":"RF0446","b":null},"geometry":{"type":"LineString","coordinates":[[-79.878437,40.449785],[-79.878881,40.449794]]}},{"type":"Feature","properties":{"a":"RF0446","b":null},"geometry":{"type":"LineString","coordinates":[[-79.878881,40.449794],[-79.87889297127629,40.449804905770016]]}},{"type":"Feature","properties":{"a":"RF0446","b":null},"geometry":{"type":"LineString","coordinates":[[-79.87889297127629,40.449804905770016],[-79.879072,40.449968]]}},{"type":"Feature","properties":{"a":"RF0446","b":null},"geometry":{"type":"LineString","coordinates":[[-79.879029,40.449797],[-79.879072,40.449968]]}},{"type":"Feature","properties":{"a":"RF0446","b":null},"geometry":{"type":"LineString","coordinates":[[-79.879029,40.449797],[-79.879255,40.449756]]}},{"type":"Feature","properties":{"a":"RF0446","b":null},"geometry":{"type":"LineString","coordinates":[[-79.879255,40.449756],[-79.8793,40.449747]]}},{"type":"Feature","properties":{"a":"RF0446","b":null},"geometry":{"type":"LineString","coordinates":[[-79.8793,40.449747],[-79.879435,40.449721]]}},{"type":"Feature","properties":{"a":"RF0446","b":null},"geometry":{"type":"LineString","coordinates":[[-79.879435,40.449721],[-79.879481,40.449713]]}},{"type":"Feature","properties":{"a":"RF0446","b":null},"geometry":{"type":"LineString","coordinates":[[-79.879481,40.449713],[-79.879562,40.449697]]}},{"type":"Feature","properties":{"a":"RF0446","b":null},"geometry":{"type":"LineString","coordinates":[[-79.879562,40.449697],[-79.879805,40.449653]]}},{"type":"Feature","properties":{"a":"RF0446","b":null},"geometry":{"type":"LineString","coordinates":[[-79.879805,40.449653],[-79.87981969939649,40.449650311086]]}},{"type":"Feature","properties":{"a":"RF0447","b":null},"geometry":{"type":"LineString","coordinates":[[-79.87880229949948,40.447877831154436],[-79.87889514315013,40.4482452291773]]}},{"type":"Feature","properties":{"a":"RF0447","b":"RF0489"},"geometry":{"type":"LineString","coordinates":[[-79.87878084182739,40.44773086808182],[-79.87880229949948,40.447877831154436]]}},{"type":"Feature","properties":{"a":"RF0447","b":"RF0449"},"geometry":{"type":"LineString","coordinates":[[-79.8786735534668,40.4476982095776],[-79.87878084182739,40.44773086808182]]}},{"type":"Feature","properties":{"a":"RF0447","b":"RF0449"},"geometry":{"type":"LineString","coordinates":[[-79.87833023071289,40.447600233969716],[-79.8786735534668,40.4476982095776]]}},{"type":"Feature","properties":{"a":"RF0447","b":null},"geometry":{"type":"LineString","coordinates":[[-79.87822294235228,40.44756757540202],[-79.87833023071289,40.447600233969716]]}},{"type":"Feature","properties":{"a":"RF0447","b":null},"geometry":{"type":"LineString","coordinates":[[-79.87811565399169,40.44753491681845],[-79.87822294235228,40.44756757540202]]}},{"type":"Feature","properties":{"a":"RF0447","b":"RF0449"},"geometry":{"type":"LineString","coordinates":[[-79.8777937889099,40.447420611650976],[-79.87811565399169,40.44753491681845]]}},{"type":"Feature","properties":{"a":"RF0447","b":null},"geometry":{"type":"LineString","coordinates":[[-79.8776650428772,40.44737162366256],[-79.8777937889099,40.447420611650976]]}},{"type":"Feature","properties":{"a":"RF0447","b":null},"geometry":{"type":"LineString","coordinates":[[-79.8775792121887,40.447338964983764],[-79.8776650428772,40.44737162366256]]}},{"type":"Feature","properties":{"a":"RF0447","b":"RF0449"},"geometry":{"type":"LineString","coordinates":[[-79.87730026245117,40.44725731821737],[-79.8775792121887,40.447338964983764]]}},{"type":"Feature","properties":{"a":"RF0447","b":"RF0449"},"geometry":{"type":"LineString","coordinates":[[-79.87719297409056,40.447224659483034],[-79.87730026245117,40.44725731821737]]}},{"type":"Feature","properties":{"a":"RF0447","b":"RF0450"},"geometry":{"type":"LineString","coordinates":[[-79.8771286010742,40.44719200073284],[-79.87719297409056,40.447224659483034]]}},{"type":"Feature","properties":{"a":"RF0447","b":null},"geometry":{"type":"LineString","coordinates":[[-79.87710714340209,40.44727364757858],[-79.8771181496901,40.4482452291773]]}},{"type":"Feature","properties":{"a":"RF0447","b":"RF0448"},"geometry":{"type":"LineString","coordinates":[[-79.8771181496901,40.4482452291773],[-79.87889514315013,40.4482452291773]]}},{"type":"Feature","properties":{"a":"RF0448","b":"RF0469"},"geometry":{"type":"LineString","coordinates":[[-79.87903833389282,40.44895555053425],[-79.8791241645813,40.44928212875251]]}},{"type":"Feature","properties":{"a":"RF0448","b":"RF0469"},"geometry":{"type":"LineString","coordinates":[[-79.87895250320433,40.44857998362135],[-79.87903833389282,40.44895555053425]]}},{"type":"Feature","properties":{"a":"RF0448","b":"RF0469"},"geometry":{"type":"LineString","coordinates":[[-79.87893104553221,40.44844935115969],[-79.87895250320433,40.44857998362135]]}},{"type":"Feature","properties":{"a":"RF0448","b":"RF0489"},"geometry":{"type":"LineString","coordinates":[[-79.8789095878601,40.44830238933681],[-79.87893104553221,40.44844935115969]]}},{"type":"Feature","properties":{"a":"RF0448","b":null},"geometry":{"type":"LineString","coordinates":[[-79.87889514315013,40.4482452291773],[-79.8789095878601,40.44830238933681]]}},{"type":"Feature","properties":{"a":"RF0448","b":null},"geometry":{"type":"LineString","coordinates":[[-79.8771181496901,40.4482452291773],[-79.8771286010742,40.44916782655663]]}},{"type":"Feature","properties":{"a":"RF0448","b":null},"geometry":{"type":"LineString","coordinates":[[-79.8771286010742,40.44929845762176],[-79.87903833389282,40.44929845762176]]}},{"type":"Feature","properties":{"a":"RF0449","b":"RF0450"},"geometry":{"type":"LineString","coordinates":[[-79.87869501113892,40.44555904298917],[-79.87884521484374,40.445624362060656]]}},{"type":"Feature","properties":{"a":"RF0449","b":"RF0450"},"geometry":{"type":"LineString","coordinates":[[-79.87822294235228,40.44541207484625],[-79.87869501113892,40.44555904298917]]}},{"type":"Feature","properties":{"a":"RF0449","b":"RF0450"},"geometry":{"type":"LineString","coordinates":[[-79.87736463546753,40.44694705960049],[-79.87822294235228,40.44541207484625]]}},{"type":"Feature","properties":{"a":"RF0449","b":"RF0450"},"geometry":{"type":"LineString","coordinates":[[-79.87730026245117,40.44704503616055],[-79.87736463546753,40.44694705960049]]}},{"type":"Feature","properties":{"a":"RF0449","b":"RF0450"},"geometry":{"type":"LineString","coordinates":[[-79.8772358894348,40.44715934196676],[-79.87730026245117,40.44704503616055]]}},{"type":"Feature","properties":{"a":"RF0449","b":"RF0450"},"geometry":{"type":"LineString","coordinates":[[-79.87721443176268,40.447175671351786],[-79.8772358894348,40.44715934196676]]}},{"type":"Feature","properties":{"a":"RF0449","b":"RF0450"},"geometry":{"type":"LineString","coordinates":[[-79.87719297409056,40.447224659483034],[-79.87721443176268,40.447175671351786]]}},{"type":"Feature","properties":{"a":"RF0449","b":null},"geometry":{"type":"LineString","coordinates":[[-79.8775792121887,40.447338964983764],[-79.8777937889099,40.447420611650976]]}},{"type":"Feature","properties":{"a":"RF0449","b":null},"geometry":{"type":"LineString","coordinates":[[-79.87811565399169,40.44753491681845],[-79.87833023071289,40.447600233969716]]}},{"type":"Feature","properties":{"a":"RF0449","b":"RF0489"},"geometry":{"type":"LineString","coordinates":[[-79.8786735534668,40.44730630628911],[-79.87878084182739,40.44773086808182]]}},{"type":"Feature","properties":{"a":"RF0449","b":"RF0489"},"geometry":{"type":"LineString","coordinates":[[-79.87865209579468,40.44694705960049],[-79.8786735534668,40.44730630628911]]}},{"type":"Feature","properties":{"a":"RF0449","b":"RF0489"},"geometry":{"type":"LineString","coordinates":[[-79.87865209579468,40.4469144007154],[-79.87865209579468,40.44694705960049]]}},{"type":"Feature","properties":{"a":"RF0449","b":"RF0489"},"geometry":{"type":"LineString","coordinates":[[-79.87865209579468,40.4469144007154],[-79.87880229949948,40.445673351322604]]}},{"type":"Feature","properties":{"a":"RF0449","b":"RF0489"},"geometry":{"type":"LineString","coordinates":[[-79.87880229949948,40.445673351322604],[-79.87884521484374,40.445624362060656]]}},{"type":"Feature","properties":{"a":"RF0450","b":"RF0460"},"geometry":{"type":"LineString","coordinates":[[-79.87908124923706,40.44464456932329],[-79.87936019897461,40.444726219263586]]}},{"type":"Feature","properties":{"a":"RF0450","b":"RF0460"},"geometry":{"type":"LineString","coordinates":[[-79.87826585769652,40.44436695878442],[-79.87908124923706,40.44464456932329]]}},{"type":"Feature","properties":{"a":"RF0450","b":"RF0460"},"geometry":{"type":"LineString","coordinates":[[-79.87798690795898,40.44426897832048],[-79.87826585769652,40.44436695878442]]}},{"type":"Feature","properties":{"a":"RF0450","b":"RF0455"},"geometry":{"type":"LineString","coordinates":[[-79.8779010772705,40.44444860906193],[-79.87798690795898,40.44426897832048]]}},{"type":"Feature","properties":{"a":"RF0450","b":"RF0455"},"geometry":{"type":"LineString","coordinates":[[-79.87760066986084,40.44497116848935],[-79.8779010772705,40.44444860906193]]}},{"type":"Feature","properties":{"a":"RF0450","b":"RF0455"},"geometry":{"type":"LineString","coordinates":[[-79.87749338150023,40.44515079735425],[-79.87760066986084,40.44497116848935]]}},{"type":"Feature","properties":{"a":"RF0450","b":"RF0454"},"geometry":{"type":"LineString","coordinates":[[-79.87736463546753,40.44537941521529],[-79.87749338150023,40.44515079735425]]}},{"type":"Feature","properties":{"a":"RF0450","b":"RF0454"},"geometry":{"type":"LineString","coordinates":[[-79.87697839736938,40.44604893447801],[-79.87736463546753,40.44537941521529]]}},{"type":"Feature","properties":{"a":"RF0450","b":"RF0454"},"geometry":{"type":"LineString","coordinates":[[-79.87684965133666,40.44627754928419],[-79.87697839736938,40.44604893447801]]}},{"type":"Feature","properties":{"a":"RF0450","b":"RF0451"},"geometry":{"type":"LineString","coordinates":[[-79.87661361694336,40.44671844707159],[-79.87684965133666,40.44627754928419]]}},{"type":"Feature","properties":{"a":"RF0450","b":"RF0451"},"geometry":{"type":"LineString","coordinates":[[-79.87654924392699,40.4468000944926],[-79.87661361694336,40.44671844707159]]}},{"type":"Feature","properties":{"a":"RF0450","b":null},"geometry":{"type":"LineString","coordinates":[[-79.87654924392699,40.4468000944926],[-79.87654924392699,40.44699604789837]]}},{"type":"Feature","properties":{"a":"RF0450","b":"RF0490"},"geometry":{"type":"LineString","coordinates":[[-79.87884521484374,40.445624362060656],[-79.8789095878601,40.44549372385421]]}},{"type":"Feature","properties":{"a":"RF0450","b":"RF0490"},"geometry":{"type":"LineString","coordinates":[[-79.8789095878601,40.44549372385421],[-79.87895250320433,40.44544473446133]]}},{"type":"Feature","properties":{"a":"RF0450","b":"RF0490"},"geometry":{"type":"LineString","coordinates":[[-79.87895250320433,40.44544473446133],[-79.87936019897461,40.444726219263586]]}},{"type":"Feature","properties":{"a":"RF0451","b":"RF0454"},"geometry":{"type":"LineString","coordinates":[[-79.87667798995972,40.446228560462615],[-79.87684965133666,40.44627754928419]]}},{"type":"Feature","properties":{"a":"RF0451","b":"RF0454"},"geometry":{"type":"LineString","coordinates":[[-79.87620592117308,40.44606526413282],[-79.87667798995972,40.446228560462615]]}},{"type":"Feature","properties":{"a":"RF0451","b":"RF0454"},"geometry":{"type":"LineString","coordinates":[[-79.87603425979613,40.44601627515651],[-79.87620592117308,40.44606526413282]]}},{"type":"Feature","properties":{"a":"RF0451","b":"RF0452"},"geometry":{"type":"LineString","coordinates":[[-79.87577676773071,40.44647350421343],[-79.87603425979613,40.44601627515651]]}},{"type":"Feature","properties":{"a":"RF0451","b":"RF0452"},"geometry":{"type":"LineString","coordinates":[[-79.87573385238646,40.44658781099166],[-79.87577676773071,40.44647350421343]]}},{"type":"Feature","properties":{"a":"RF0451","b":null},"geometry":{"type":"LineString","coordinates":[[-79.87573385238646,40.44658781099166],[-79.8758840560913,40.44665312906335]]}},{"type":"Feature","properties":{"a":"RF0451","b":null},"geometry":{"type":"LineString","coordinates":[[-79.87654924392699,40.4468000944926],[-79.87654924392699,40.44688174181443]]}},{"type":"Feature","properties":{"a":"RF0452","b":"RF0453"},"geometry":{"type":"LineString","coordinates":[[-79.87541198730469,40.44580398917992],[-79.87603425979613,40.44601627515651]]}},{"type":"Feature","properties":{"a":"RF0452","b":"RF0453"},"geometry":{"type":"LineString","coordinates":[[-79.87539052963255,40.445787659461644],[-79.87541198730469,40.44580398917992]]}},{"type":"Feature","properties":{"a":"RF0452","b":"RF0453"},"geometry":{"type":"LineString","coordinates":[[-79.87526178359985,40.44573867028299],[-79.87539052963255,40.445787659461644]]}},{"type":"Feature","properties":{"a":"RF0453","b":"RF0456"},"geometry":{"type":"LineString","coordinates":[[-79.87659215927124,40.44485685896175],[-79.87667798995972,40.44488951884661]]}},{"type":"Feature","properties":{"a":"RF0453","b":"RF0456"},"geometry":{"type":"LineString","coordinates":[[-79.87635612487792,40.44477520918015],[-79.87659215927124,40.44485685896175]]}},{"type":"Feature","properties":{"a":"RF0453","b":"RF0456"},"geometry":{"type":"LineString","coordinates":[[-79.87629175186157,40.444758879211925],[-79.87635612487792,40.44477520918015]]}},{"type":"Feature","properties":{"a":"RF0453","b":"RF0457"},"geometry":{"type":"LineString","coordinates":[[-79.87620592117308,40.444726219263586],[-79.87629175186157,40.444758879211925]]}},{"type":"Feature","properties":{"a":"RF0453","b":"RF0457"},"geometry":{"type":"LineString","coordinates":[[-79.87594842910767,40.44464456932329],[-79.87620592117308,40.444726219263586]]}},{"type":"Feature","properties":{"a":"RF0453","b":"RF0457"},"geometry":{"type":"LineString","coordinates":[[-79.8758840560913,40.44461190931941],[-79.87594842910767,40.44464456932329]]}},{"type":"Feature","properties":{"a":"RF0453","b":"RF0454"},"geometry":{"type":"LineString","coordinates":[[-79.87603425979613,40.44601627515651],[-79.87654924392699,40.44510180771143]]}},{"type":"Feature","properties":{"a":"RF0453","b":"RF0454"},"geometry":{"type":"LineString","coordinates":[[-79.87654924392699,40.44510180771143],[-79.87667798995972,40.44488951884661]]}},{"type":"Feature","properties":{"a":"RF0454","b":"RF0455"},"geometry":{"type":"LineString","coordinates":[[-79.87732172012329,40.44510180771143],[-79.87749338150023,40.44515079735425]]}},{"type":"Feature","properties":{"a":"RF0454","b":"RF0455"},"geometry":{"type":"LineString","coordinates":[[-79.87684965133666,40.44493850864416],[-79.87732172012329,40.44510180771143]]}},{"type":"Feature","properties":{"a":"RF0454","b":"RF0455"},"geometry":{"type":"LineString","coordinates":[[-79.87667798995972,40.44488951884661],[-79.87684965133666,40.44493850864416]]}},{"type":"Feature","properties":{"a":"RF0455","b":"RF0459"},"geometry":{"type":"LineString","coordinates":[[-79.87762212753296,40.44415466759871],[-79.87798690795898,40.44426897832048]]}},{"type":"Feature","properties":{"a":"RF0455","b":"RF0459"},"geometry":{"type":"LineString","coordinates":[[-79.87734317779541,40.44405668682533],[-79.87762212753296,40.44415466759871]]}},{"type":"Feature","properties":{"a":"RF0455","b":"RF0459"},"geometry":{"type":"LineString","coordinates":[[-79.87719297409056,40.444007696385064],[-79.87734317779541,40.44405668682533]]}},{"type":"Feature","properties":{"a":"RF0455","b":"RF0456"},"geometry":{"type":"LineString","coordinates":[[-79.87708568572997,40.44417099771373],[-79.87719297409056,40.444007696385064]]}},{"type":"Feature","properties":{"a":"RF0455","b":"RF0456"},"geometry":{"type":"LineString","coordinates":[[-79.87678527832031,40.44470988928346],[-79.87708568572997,40.44417099771373]]}},{"type":"Feature","properties":{"a":"RF0455","b":"RF0456"},"geometry":{"type":"LineString","coordinates":[[-79.87667798995972,40.44488951884661],[-79.87678527832031,40.44470988928346]]}},{"type":"Feature","properties":{"a":"RF0456","b":null},"geometry":{"type":"LineString","coordinates":[[-79.87697839736938,40.44392604557196],[-79.87719297409056,40.444007696385064]]}},{"type":"Feature","properties":{"a":"RF0456","b":"RF0458"},"geometry":{"type":"LineString","coordinates":[[-79.87682819366454,40.443877055036495],[-79.87697839736938,40.44392604557196]]}},{"type":"Feature","properties":{"a":"RF0456","b":"RF0458"},"geometry":{"type":"LineString","coordinates":[[-79.87678527832031,40.443877055036495],[-79.87682819366454,40.443877055036495]]}},{"type":"Feature","properties":{"a":"RF0456","b":"RF0457"},"geometry":{"type":"LineString","coordinates":[[-79.87667798995972,40.44404035668254],[-79.87678527832031,40.443877055036495]]}},{"type":"Feature","properties":{"a":"RF0456","b":"RF0457"},"geometry":{"type":"LineString","coordinates":[[-79.87637758255003,40.44457924929965],[-79.87667798995972,40.44404035668254]]}},{"type":"Feature","properties":{"a":"RF0456","b":"RF0457"},"geometry":{"type":"LineString","coordinates":[[-79.87629175186157,40.444758879211925],[-79.87637758255003,40.44457924929965]]}},{"type":"Feature","properties":{"a":"RF0457","b":"RF0458"},"geometry":{"type":"LineString","coordinates":[[-79.87669944763184,40.44384439465968],[-79.87678527832031,40.443877055036495]]}},{"type":"Feature","properties":{"a":"RF0457","b":"RF0458"},"geometry":{"type":"LineString","coordinates":[[-79.87646341323851,40.443762743648215],[-79.87669944763184,40.44384439465968]]}},{"type":"Feature","properties":{"a":"RF0457","b":"RF0458"},"geometry":{"type":"LineString","coordinates":[[-79.87637758255003,40.443730083215854],[-79.87646341323851,40.443762743648215]]}},{"type":"Feature","properties":{"a":"RF0458","b":"RF0467"},"geometry":{"type":"LineString","coordinates":[[-79.87734317779541,40.443109531985904],[-79.87747192382811,40.44315852308076]]}},{"type":"Feature","properties":{"a":"RF0458","b":"RF0467"},"geometry":{"type":"LineString","coordinates":[[-79.87693548202515,40.442978888891716],[-79.87734317779541,40.443109531985904]]}},{"type":"Feature","properties":{"a":"RF0458","b":"RF0467"},"geometry":{"type":"LineString","coordinates":[[-79.87680673599242,40.44294622807849],[-79.87693548202515,40.442978888891716]]}},{"type":"Feature","properties":{"a":"RF0458","b":null},"geometry":{"type":"LineString","coordinates":[[-79.87697839736938,40.44392604557196],[-79.87702131271362,40.44394237574252]]}},{"type":"Feature","properties":{"a":"RF0458","b":"RF0459"},"geometry":{"type":"LineString","coordinates":[[-79.87702131271362,40.44394237574252],[-79.87727880477905,40.4434687991857]]}},{"type":"Feature","properties":{"a":"RF0458","b":"RF0459"},"geometry":{"type":"LineString","coordinates":[[-79.87727880477905,40.4434687991857],[-79.87742900848387,40.44320751413991]]}},{"type":"Feature","properties":{"a":"RF0458","b":"RF0459"},"geometry":{"type":"LineString","coordinates":[[-79.87742900848387,40.44320751413991],[-79.87747192382811,40.44315852308076]]}},{"type":"Feature","properties":{"a":"RF0459","b":"RF0467"},"geometry":{"type":"LineString","coordinates":[[-79.87807273864746,40.44335448710314],[-79.87843751907349,40.44348512946734]]}},{"type":"Feature","properties":{"a":"RF0459","b":"RF0467"},"geometry":{"type":"LineString","coordinates":[[-79.8776650428772,40.443223844485026],[-79.87807273864746,40.44335448710314]]}},{"type":"Feature","properties":{"a":"RF0459","b":"RF0467"},"geometry":{"type":"LineString","coordinates":[[-79.87747192382811,40.44315852308076],[-79.8776650428772,40.443223844485026]]}},{"type":"Feature","properties":{"a":"RF0459","b":null},"geometry":{"type":"LineString","coordinates":[[-79.87702131271362,40.44394237574252],[-79.87719297409056,40.444007696385064]]}},{"type":"Feature","properties":{"a":"RF0459","b":"RF0460"},"geometry":{"type":"LineString","coordinates":[[-79.87798690795898,40.44426897832048],[-79.8780083656311,40.44425264822927]]}},{"type":"Feature","properties":{"a":"RF0459","b":"RF0460"},"geometry":{"type":"LineString","coordinates":[[-79.8780083656311,40.44425264822927],[-79.87802982330322,40.444187327824764]]}},{"type":"Feature","properties":{"a":"RF0459","b":"RF0460"},"geometry":{"type":"LineString","coordinates":[[-79.87802982330322,40.444187327824764],[-79.87843751907349,40.44348512946734]]}},{"type":"Feature","properties":{"a":"RF0460","b":"RF0461"},"geometry":{"type":"LineString","coordinates":[[-79.87953186035155,40.44384439465968],[-79.87981081008911,40.44394237574252]]}},{"type":"Feature","properties":{"a":"RF0460","b":"RF0461"},"geometry":{"type":"LineString","coordinates":[[-79.87871646881104,40.44356678081602],[-79.87953186035155,40.44384439465968]]}},{"type":"Feature","properties":{"a":"RF0460","b":"RF0461"},"geometry":{"type":"LineString","coordinates":[[-79.87843751907349,40.44348512946734],[-79.87871646881104,40.44356678081602]]}},{"type":"Feature","properties":{"a":"RF0460","b":"RF0504"},"geometry":{"type":"LineString","coordinates":[[-79.87936019897461,40.444726219263586],[-79.87957477569579,40.44433429864565]]}},{"type":"Feature","properties":{"a":"RF0460","b":"RF0504"},"geometry":{"type":"LineString","coordinates":[[-79.87957477569579,40.44433429864565],[-79.87972497940063,40.44408934709899]]}},{"type":"Feature","properties":{"a":"RF0460","b":"RF0504"},"geometry":{"type":"LineString","coordinates":[[-79.87972497940063,40.44408934709899],[-79.87981081008911,40.44394237574252]]}},{"type":"Feature","properties":{"a":"RF0461","b":"RF0462"},"geometry":{"type":"LineString","coordinates":[[-79.87974643707274,40.44348512946734],[-79.8800253868103,40.44358311107387]]}},{"type":"Feature","properties":{"a":"RF0461","b":"RF0462"},"geometry":{"type":"LineString","coordinates":[[-79.87893104553221,40.44319118379083],[-79.87974643707274,40.44348512946734]]}},{"type":"Feature","properties":{"a":"RF0461","b":"RF0462"},"geometry":{"type":"LineString","coordinates":[[-79.8786735534668,40.44307687123616],[-79.87893104553221,40.44319118379083]]}},{"type":"Feature","properties":{"a":"RF0461","b":"RF0467"},"geometry":{"type":"LineString","coordinates":[[-79.87865209579468,40.44312586235482],[-79.8786735534668,40.44307687123616]]}},{"type":"Feature","properties":{"a":"RF0461","b":"RF0467"},"geometry":{"type":"LineString","coordinates":[[-79.87848043441771,40.44340347801947],[-79.87865209579468,40.44312586235482]]}},{"type":"Feature","properties":{"a":"RF0461","b":"RF0467"},"geometry":{"type":"LineString","coordinates":[[-79.87843751907349,40.44348512946734],[-79.87848043441771,40.44340347801947]]}},{"type":"Feature","properties":{"a":"RF0461","b":"RF0503"},"geometry":{"type":"LineString","coordinates":[[-79.87981081008911,40.44394237574252],[-79.87985372543334,40.44386072485007]]}},{"type":"Feature","properties":{"a":"RF0461","b":"RF0503"},"geometry":{"type":"LineString","coordinates":[[-79.87985372543334,40.44386072485007],[-79.87998247146606,40.44364843206553]]}},{"type":"Feature","properties":{"a":"RF0461","b":"RF0503"},"geometry":{"type":"LineString","coordinates":[[-79.87998247146606,40.44364843206553],[-79.8800253868103,40.44358311107387]]}},{"type":"Feature","properties":{"a":"RF0462","b":"RF0463"},"geometry":{"type":"LineString","coordinates":[[-79.88004684448242,40.44307687123616],[-79.8802614212036,40.443142192719776]]}},{"type":"Feature","properties":{"a":"RF0462","b":"RF0463"},"geometry":{"type":"LineString","coordinates":[[-79.87940311431885,40.44286457597602],[-79.88004684448242,40.44307687123616]]}},{"type":"Feature","properties":{"a":"RF0462","b":"RF0463"},"geometry":{"type":"LineString","coordinates":[[-79.87918853759764,40.44278292377435],[-79.87940311431885,40.44286457597602]]}},{"type":"Feature","properties":{"a":"RF0462","b":"RF0463"},"geometry":{"type":"LineString","coordinates":[[-79.8791241645813,40.442766593322126],[-79.87918853759764,40.44278292377435]]}},{"type":"Feature","properties":{"a":"RF0462","b":"RF0463"},"geometry":{"type":"LineString","coordinates":[[-79.87895250320433,40.44271760194162],[-79.8791241645813,40.442766593322126]]}},{"type":"Feature","properties":{"a":"RF0462","b":"RF0463"},"geometry":{"type":"LineString","coordinates":[[-79.87888813018797,40.442684941001446],[-79.87895250320433,40.44271760194162]]}},{"type":"Feature","properties":{"a":"RF0462","b":"RF0466"},"geometry":{"type":"LineString","coordinates":[[-79.87871646881104,40.44301154968907],[-79.87888813018797,40.442684941001446]]}},{"type":"Feature","properties":{"a":"RF0462","b":"RF0466"},"geometry":{"type":"LineString","coordinates":[[-79.8786735534668,40.443060540855335],[-79.87871646881104,40.44301154968907]]}},{"type":"Feature","properties":{"a":"RF0462","b":"RF0466"},"geometry":{"type":"LineString","coordinates":[[-79.8786735534668,40.443060540855335],[-79.8786735534668,40.44307687123616]]}},{"type":"Feature","properties":{"a":"RF0462","b":"RF0503"},"geometry":{"type":"LineString","coordinates":[[-79.8800253868103,40.44358311107387],[-79.88006830215454,40.443501459745015]]}},{"type":"Feature","properties":{"a":"RF0462","b":"RF0503"},"geometry":{"type":"LineString","coordinates":[[-79.88006830215454,40.443501459745015],[-79.88023996353148,40.44320751413991]]}},{"type":"Feature","properties":{"a":"RF0462","b":"RF0503"},"geometry":{"type":"LineString","coordinates":[[-79.88023996353148,40.44320751413991],[-79.8802614212036,40.443142192719776]]}},{"type":"Feature","properties":{"a":"RF0463","b":"RF0464"},"geometry":{"type":"LineString","coordinates":[[-79.8802614212036,40.442668610525416],[-79.88049745559692,40.44273393240576]]}},{"type":"Feature","properties":{"a":"RF0463","b":"RF0464"},"geometry":{"type":"LineString","coordinates":[[-79.8795962333679,40.44242365290878],[-79.8802614212036,40.442668610525416]]}},{"type":"Feature","properties":{"a":"RF0463","b":"RF0464"},"geometry":{"type":"LineString","coordinates":[[-79.87936019897461,40.442342000171536],[-79.8795962333679,40.44242365290878]]}},{"type":"Feature","properties":{"a":"RF0463","b":"RF0464"},"geometry":{"type":"LineString","coordinates":[[-79.87920999526976,40.44229300848158],[-79.87936019897461,40.442342000171536]]}},{"type":"Feature","properties":{"a":"RF0463","b":"RF0464"},"geometry":{"type":"LineString","coordinates":[[-79.87916707992552,40.44229300848158],[-79.87920999526976,40.44229300848158]]}},{"type":"Feature","properties":{"a":"RF0463","b":"RF0464"},"geometry":{"type":"LineString","coordinates":[[-79.8791241645813,40.44227667791033],[-79.87916707992552,40.44229300848158]]}},{"type":"Feature","properties":{"a":"RF0463","b":"RF0465"},"geometry":{"type":"LineString","coordinates":[[-79.87908124923706,40.44235833072692],[-79.8791241645813,40.44227667791033]]}},{"type":"Feature","properties":{"a":"RF0463","b":"RF0465"},"geometry":{"type":"LineString","coordinates":[[-79.87893104553221,40.442603288581594],[-79.87908124923706,40.44235833072692]]}},{"type":"Feature","properties":{"a":"RF0463","b":"RF0465"},"geometry":{"type":"LineString","coordinates":[[-79.87888813018797,40.442684941001446],[-79.87893104553221,40.442603288581594]]}},{"type":"Feature","properties":{"a":"RF0463","b":"RF0508"},"geometry":{"type":"LineString","coordinates":[[-79.8802614212036,40.443142192719776],[-79.88030433654784,40.443060540855335]]}},{"type":"Feature","properties":{"a":"RF0463","b":"RF0508"},"geometry":{"type":"LineString","coordinates":[[-79.88030433654784,40.443060540855335],[-79.88045454025267,40.442815584666924]]}},{"type":"Feature","properties":{"a":"RF0463","b":"RF0508"},"geometry":{"type":"LineString","coordinates":[[-79.88045454025267,40.442815584666924],[-79.88049745559692,40.44273393240576]]}},{"type":"Feature","properties":{"a":"RF0464","b":"RF0468"},"geometry":{"type":"LineString","coordinates":[[-79.87929582595825,40.44196639630276],[-79.87936019897461,40.44188474301009]]}},{"type":"Feature","properties":{"a":"RF0464","b":"RF0468"},"geometry":{"type":"LineString","coordinates":[[-79.87916707992552,40.442195024994554],[-79.87929582595825,40.44196639630276]]}},{"type":"Feature","properties":{"a":"RF0464","b":"RF0468"},"geometry":{"type":"LineString","coordinates":[[-79.8791241645813,40.44227667791033],[-79.87916707992552,40.442195024994554]]}},{"type":"Feature","properties":{"a":"RF0464","b":"RF0507"},"geometry":{"type":"LineString","coordinates":[[-79.88049745559692,40.44273393240576],[-79.88054037094115,40.442668610525416]]}},{"type":"Feature","properties":{"a":"RF0464","b":"RF0507"},"geometry":{"type":"LineString","coordinates":[[-79.88054037094115,40.442668610525416],[-79.88071203231812,40.442342000171536]]}},{"type":"Feature","properties":{"a":"RF0465","b":"RF0468"},"geometry":{"type":"LineString","coordinates":[[-79.87903833389282,40.44226034733511],[-79.8791241645813,40.44227667791033]]}},{"type":"Feature","properties":{"a":"RF0465","b":"RF0468"},"geometry":{"type":"LineString","coordinates":[[-79.87781524658202,40.44186841233966],[-79.87903833389282,40.44226034733511]]}},{"type":"Feature","properties":{"a":"RF0465","b":"RF0468"},"geometry":{"type":"LineString","coordinates":[[-79.87749338150023,40.44175409753554],[-79.87781524658202,40.44186841233966]]}},{"type":"Feature","properties":{"a":"RF0465","b":"RF0466"},"geometry":{"type":"LineString","coordinates":[[-79.87725734710693,40.44214603319749],[-79.8775792121887,40.44226034733511]]}},{"type":"Feature","properties":{"a":"RF0465","b":"RF0466"},"geometry":{"type":"LineString","coordinates":[[-79.8775792121887,40.44226034733511],[-79.87856626510619,40.44258695808571]]}},{"type":"Feature","properties":{"a":"RF0465","b":"RF0466"},"geometry":{"type":"LineString","coordinates":[[-79.87856626510619,40.44258695808571],[-79.87888813018797,40.442684941001446]]}},{"type":"Feature","properties":{"a":"RF0466","b":null},"geometry":{"type":"LineString","coordinates":[[-79.87704277038574,40.44253796657429],[-79.87708568572997,40.4424563139759]]}},{"type":"Feature","properties":{"a":"RF0466","b":"RF0467"},"geometry":{"type":"LineString","coordinates":[[-79.87704277038574,40.44253796657429],[-79.87736463546753,40.4426522800454]]}},{"type":"Feature","properties":{"a":"RF0466","b":"RF0467"},"geometry":{"type":"LineString","coordinates":[[-79.87736463546753,40.4426522800454],[-79.87833023071289,40.442978888891716]]}},{"type":"Feature","properties":{"a":"RF0466","b":"RF0467"},"geometry":{"type":"LineString","coordinates":[[-79.87833023071289,40.442978888891716],[-79.8786735534668,40.44307687123616]]}},{"type":"Feature","properties":{"a":"RF0467","b":null},"geometry":{"type":"LineString","coordinates":[[-79.8769998550415,40.4426196190735],[-79.87704277038574,40.44253796657429]]}},{"type":"Feature","properties":{"a":"RF0469","b":"RF0470"},"geometry":{"type":"LineString","coordinates":[[-79.87995369096392,40.44960357672418],[-79.8799629901184,40.44962366224181]]}},{"type":"Feature","properties":{"a":"RF0469","b":"RF0470"},"geometry":{"type":"LineString","coordinates":[[-79.8798696539577,40.4496189226417],[-79.87995369096392,40.44960357672418]]}},{"type":"Feature","properties":{"a":"RF0469","b":"RF0470"},"geometry":{"type":"LineString","coordinates":[[-79.87981081008911,40.44938010190853],[-79.8798696539577,40.4496189226417]]}},{"type":"Feature","properties":{"a":"RF0469","b":"RF0470"},"geometry":{"type":"LineString","coordinates":[[-79.87961769104002,40.44857998362135],[-79.87981081008911,40.44938010190853]]}},{"type":"Feature","properties":{"a":"RF0469","b":"RF0470"},"geometry":{"type":"LineString","coordinates":[[-79.87955331802367,40.44831871844411],[-79.87961769104002,40.44857998362135]]}},{"type":"Feature","properties":{"a":"RF0469","b":null},"geometry":{"type":"LineString","coordinates":[[-79.87942457199095,40.44835137664681],[-79.87955331802367,40.44831871844411]]}},{"type":"Feature","properties":{"a":"RF0469","b":"RF0489"},"geometry":{"type":"LineString","coordinates":[[-79.87905979156494,40.4484166930046],[-79.87942457199095,40.44835137664681]]}},{"type":"Feature","properties":{"a":"RF0469","b":"RF0489"},"geometry":{"type":"LineString","coordinates":[[-79.87893104553221,40.44844935115969],[-79.87905979156494,40.4484166930046]]}},{"type":"Feature","properties":{"a":"RF0469","b":null},"geometry":{"type":"LineString","coordinates":[[-79.87981969939649,40.449650311086],[-79.879887,40.449638]]}},{"type":"Feature","properties":{"a":"RF0469","b":null},"geometry":{"type":"LineString","coordinates":[[-79.879887,40.449638],[-79.8799629901184,40.44962366224181]]}},{"type":"Feature","properties":{"a":"RF0470","b":"RF0471"},"geometry":{"type":"LineString","coordinates":[[-79.88032579421997,40.449265799879285],[-79.88040942206518,40.449520356102646]]}},{"type":"Feature","properties":{"a":"RF0470","b":"RF0471"},"geometry":{"type":"LineString","coordinates":[[-79.8800253868103,40.44849833836257],[-79.88032579421997,40.449265799879285]]}},{"type":"Feature","properties":{"a":"RF0470","b":"RF0471"},"geometry":{"type":"LineString","coordinates":[[-79.87993955612181,40.44823707286794],[-79.8800253868103,40.44849833836257]]}},{"type":"Feature","properties":{"a":"RF0470","b":"RF0489"},"geometry":{"type":"LineString","coordinates":[[-79.87985372543334,40.4482534019911],[-79.87993955612181,40.44823707286794]]}},{"type":"Feature","properties":{"a":"RF0470","b":"RF0489"},"geometry":{"type":"LineString","coordinates":[[-79.87961769104002,40.44830238933681],[-79.87985372543334,40.4482534019911]]}},{"type":"Feature","properties":{"a":"RF0470","b":null},"geometry":{"type":"LineString","coordinates":[[-79.87955331802367,40.44831871844411],[-79.87961769104002,40.44830238933681]]}},{"type":"Feature","properties":{"a":"RF0470","b":null},"geometry":{"type":"LineString","coordinates":[[-79.8799629901184,40.44962366224181],[-79.879993,40.449618]]}},{"type":"Feature","properties":{"a":"RF0470","b":null},"geometry":{"type":"LineString","coordinates":[[-79.879993,40.449618],[-79.880132,40.449592]]}},{"type":"Feature","properties":{"a":"RF0470","b":null},"geometry":{"type":"LineString","coordinates":[[-79.880132,40.449592],[-79.88027699441754,40.44955595618999]]}},{"type":"Feature","properties":{"a":"RF0470","b":"RF0471"},"geometry":{"type":"LineString","coordinates":[[-79.88027699441754,40.44955595618999],[-79.88027727211121,40.44954448787964]]}},{"type":"Feature","properties":{"a":"RF0470","b":"RF0471"},"geometry":{"type":"LineString","coordinates":[[-79.88027727211121,40.44954448787964],[-79.88040942206518,40.449520356102646]]}},{"type":"Feature","properties":{"a":"RF0471","b":"RF0473"},"geometry":{"type":"LineString","coordinates":[[-79.88118924357362,40.44930116787031],[-79.88132173815775,40.44928776140354]]}},{"type":"Feature","properties":{"a":"RF0471","b":"RF0473"},"geometry":{"type":"LineString","coordinates":[[-79.88096952438353,40.448677957800975],[-79.88118924357362,40.44930116787031]]}},{"type":"Feature","properties":{"a":"RF0471","b":"RF0473"},"geometry":{"type":"LineString","coordinates":[[-79.88081932067871,40.44831871844411],[-79.88096952438353,40.448677957800975]]}},{"type":"Feature","properties":{"a":"RF0471","b":"RF0473"},"geometry":{"type":"LineString","coordinates":[[-79.88071203231812,40.44805745225121],[-79.88081932067871,40.44831871844411]]}},{"type":"Feature","properties":{"a":"RF0471","b":"RF0474"},"geometry":{"type":"LineString","coordinates":[[-79.88056182861327,40.44809011058087],[-79.88071203231812,40.44805745225121]]}},{"type":"Feature","properties":{"a":"RF0471","b":"RF0474"},"geometry":{"type":"LineString","coordinates":[[-79.88008975982665,40.44820441460969],[-79.88056182861327,40.44809011058087]]}},{"type":"Feature","properties":{"a":"RF0471","b":"RF0474"},"geometry":{"type":"LineString","coordinates":[[-79.87993955612181,40.44823707286794],[-79.88008975982665,40.44820441460969]]}},{"type":"Feature","properties":{"a":"RF0471","b":null},"geometry":{"type":"LineString","coordinates":[[-79.88027699441754,40.44955595618999],[-79.880309,40.449548]]}},{"type":"Feature","properties":{"a":"RF0471","b":null},"geometry":{"type":"LineString","coordinates":[[-79.880309,40.449548],[-79.880414,40.449523]]}},{"type":"Feature","properties":{"a":"RF0471","b":null},"geometry":{"type":"LineString","coordinates":[[-79.880414,40.449523],[-79.880477,40.449508]]}},{"type":"Feature","properties":{"a":"RF0471","b":null},"geometry":{"type":"LineString","coordinates":[[-79.880372,40.449768],[-79.880477,40.449508]]}},{"type":"Feature","properties":{"a":"RF0471","b":null},"geometry":{"type":"LineString","coordinates":[[-79.880372,40.449768],[-79.880589,40.44948]]}},{"type":"Feature","properties":{"a":"RF0471","b":null},"geometry":{"type":"LineString","coordinates":[[-79.880589,40.44948],[-79.880681,40.449458]]}},{"type":"Feature","properties":{"a":"RF0471","b":null},"geometry":{"type":"LineString","coordinates":[[-79.880681,40.449458],[-79.880927,40.449407]]}},{"type":"Feature","properties":{"a":"RF0471","b":null},"geometry":{"type":"LineString","coordinates":[[-79.880927,40.449407],[-79.881041,40.449385]]}},{"type":"Feature","properties":{"a":"RF0471","b":null},"geometry":{"type":"LineString","coordinates":[[-79.881041,40.449385],[-79.881075,40.449378]]}},{"type":"Feature","properties":{"a":"RF0471","b":null},"geometry":{"type":"LineString","coordinates":[[-79.881075,40.449378],[-79.881181,40.449358]]}},{"type":"Feature","properties":{"a":"RF0471","b":null},"geometry":{"type":"LineString","coordinates":[[-79.881181,40.449358],[-79.881216,40.449352]]}},{"type":"Feature","properties":{"a":"RF0471","b":null},"geometry":{"type":"LineString","coordinates":[[-79.881216,40.449352],[-79.881299,40.449338]]}},{"type":"Feature","properties":{"a":"RF0471","b":null},"geometry":{"type":"LineString","coordinates":[[-79.881299,40.449338],[-79.88130405387471,40.44933718203183]]}},{"type":"Feature","properties":{"a":"RF0471","b":"RF0473"},"geometry":{"type":"LineString","coordinates":[[-79.88130405387471,40.44933718203183],[-79.88132173815775,40.44928776140354]]}},{"type":"Feature","properties":{"a":"RF0472","b":"RF0491"},"geometry":{"type":"LineString","coordinates":[[-79.88118410110474,40.44639185639567],[-79.88146305084227,40.44648983376508]]}},{"type":"Feature","properties":{"a":"RF0472","b":"RF0491"},"geometry":{"type":"LineString","coordinates":[[-79.88034725189209,40.446114253073404],[-79.88118410110474,40.44639185639567]]}},{"type":"Feature","properties":{"a":"RF0472","b":"RF0491"},"geometry":{"type":"LineString","coordinates":[[-79.88006830215454,40.44601627515651],[-79.88034725189209,40.446114253073404]]}},{"type":"Feature","properties":{"a":"RF0472","b":"RF0489"},"geometry":{"type":"LineString","coordinates":[[-79.87993955612181,40.446228560462615],[-79.88006830215454,40.44601627515651]]}},{"type":"Feature","properties":{"a":"RF0472","b":"RF0489"},"geometry":{"type":"LineString","coordinates":[[-79.87957477569579,40.44684908289761],[-79.87993955612181,40.446228560462615]]}},{"type":"Feature","properties":{"a":"RF0472","b":"RF0489"},"geometry":{"type":"LineString","coordinates":[[-79.87953186035155,40.44694705960049],[-79.87957477569579,40.44684908289761]]}},{"type":"Feature","properties":{"a":"RF0472","b":"RF0489"},"geometry":{"type":"LineString","coordinates":[[-79.87948894500732,40.44707769498216],[-79.87953186035155,40.44694705960049]]}},{"type":"Feature","properties":{"a":"RF0472","b":"RF0474"},"geometry":{"type":"LineString","coordinates":[[-79.87948894500732,40.44707769498216],[-79.8796820640564,40.44704503616055]]}},{"type":"Feature","properties":{"a":"RF0472","b":"RF0474"},"geometry":{"type":"LineString","coordinates":[[-79.8796820640564,40.44704503616055],[-79.88011121749877,40.44694705960049]]}},{"type":"Feature","properties":{"a":"RF0472","b":"RF0474"},"geometry":{"type":"LineString","coordinates":[[-79.88011121749877,40.44694705960049],[-79.88028287887572,40.4469144007154]]}},{"type":"Feature","properties":{"a":"RF0472","b":"RF0474"},"geometry":{"type":"LineString","coordinates":[[-79.88028287887572,40.4469144007154],[-79.88030433654784,40.44694705960049]]}},{"type":"Feature","properties":{"a":"RF0472","b":null},"geometry":{"type":"LineString","coordinates":[[-79.88030433654784,40.44694705960049],[-79.88059811797343,40.44774719725138]]}},{"type":"Feature","properties":{"a":"RF0472","b":"RF0473"},"geometry":{"type":"LineString","coordinates":[[-79.88059811797343,40.44774719725138],[-79.88142060760694,40.447579473938205]]}},{"type":"Feature","properties":{"a":"RF0472","b":null},"geometry":{"type":"LineString","coordinates":[[-79.88133430480956,40.44724098885218],[-79.88142060760694,40.447579473938205]]}},{"type":"Feature","properties":{"a":"RF0472","b":"RF0476"},"geometry":{"type":"LineString","coordinates":[[-79.88129138946532,40.44694705960049],[-79.88133430480956,40.44724098885218]]}},{"type":"Feature","properties":{"a":"RF0472","b":"RF0476"},"geometry":{"type":"LineString","coordinates":[[-79.88129138946532,40.44694705960049],[-79.88131284713744,40.44678376501633]]}},{"type":"Feature","properties":{"a":"RF0472","b":null},"geometry":{"type":"LineString","coordinates":[[-79.88131284713744,40.44678376501633],[-79.88146305084227,40.44648983376508]]}},{"type":"Feature","properties":{"a":"RF0473","b":"RF0477"},"geometry":{"type":"LineString","coordinates":[[-79.88219261169434,40.449184155453665],[-79.88226816471204,40.449184155453665]]}},{"type":"Feature","properties":{"a":"RF0473","b":"RF0477"},"geometry":{"type":"LineString","coordinates":[[-79.88208532333373,40.44893922158168],[-79.88219261169434,40.449184155453665]]}},{"type":"Feature","properties":{"a":"RF0473","b":"RF0477"},"geometry":{"type":"LineString","coordinates":[[-79.88176345825194,40.44857998362135],[-79.88208532333373,40.44893922158168]]}},{"type":"Feature","properties":{"a":"RF0473","b":"RF0477"},"geometry":{"type":"LineString","coordinates":[[-79.8816132545471,40.448335047547445],[-79.88176345825194,40.44857998362135]]}},{"type":"Feature","properties":{"a":"RF0473","b":null},"geometry":{"type":"LineString","coordinates":[[-79.88142060760694,40.447579473938205],[-79.8816132545471,40.448335047547445]]}},{"type":"Feature","properties":{"a":"RF0473","b":null},"geometry":{"type":"LineString","coordinates":[[-79.88059811797343,40.44774719725138],[-79.88071203231812,40.44805745225121]]}},{"type":"Feature","properties":{"a":"RF0473","b":null},"geometry":{"type":"LineString","coordinates":[[-79.88130405387471,40.44933718203183],[-79.881472,40.44931]]}},{"type":"Feature","properties":{"a":"RF0473","b":null},"geometry":{"type":"LineString","coordinates":[[-79.881472,40.44931],[-79.881534,40.449319]]}},{"type":"Feature","properties":{"a":"RF0473","b":null},"geometry":{"type":"LineString","coordinates":[[-79.881534,40.449319],[-79.881548,40.449327]]}},{"type":"Feature","properties":{"a":"RF0473","b":null},"geometry":{"type":"LineString","coordinates":[[-79.881548,40.449327],[-79.881592,40.449352]]}},{"type":"Feature","properties":{"a":"RF0473","b":null},"geometry":{"type":"LineString","coordinates":[[-79.881592,40.449352],[-79.881614,40.449379]]}},{"type":"Feature","properties":{"a":"RF0473","b":null},"geometry":{"type":"LineString","coordinates":[[-79.881614,40.449379],[-79.881728,40.44934]]}},{"type":"Feature","properties":{"a":"RF0473","b":null},"geometry":{"type":"LineString","coordinates":[[-79.881728,40.44934],[-79.88207,40.449226]]}},{"type":"Feature","properties":{"a":"RF0473","b":null},"geometry":{"type":"LineString","coordinates":[[-79.88207,40.449226],[-79.88212556723546,40.449208121845984]]}},{"type":"Feature","properties":{"a":"RF0473","b":null},"geometry":{"type":"LineString","coordinates":[[-79.88212556723546,40.449208121845984],[-79.882185,40.449189]]}},{"type":"Feature","properties":{"a":"RF0473","b":null},"geometry":{"type":"LineString","coordinates":[[-79.882185,40.449189],[-79.88226816471204,40.449184155453665]]}},{"type":"Feature","properties":{"a":"RF0474","b":null},"geometry":{"type":"LineString","coordinates":[[-79.88030433654784,40.44694705960049],[-79.88071203231812,40.44805745225121]]}},{"type":"Feature","properties":{"a":"RF0474","b":"RF0489"},"geometry":{"type":"LineString","coordinates":[[-79.87948894500732,40.44707769498216],[-79.87957477569579,40.44730630628911]]}},{"type":"Feature","properties":{"a":"RF0474","b":"RF0489"},"geometry":{"type":"LineString","coordinates":[[-79.87957477569579,40.44730630628911],[-79.87985372543334,40.448008464726975]]}},{"type":"Feature","properties":{"a":"RF0474","b":"RF0489"},"geometry":{"type":"LineString","coordinates":[[-79.87985372543334,40.448008464726975],[-79.87993955612181,40.44823707286794]]}},{"type":"Feature","properties":{"a":"RF0475","b":"RF0483"},"geometry":{"type":"LineString","coordinates":[[-79.88309383392333,40.445967286144494],[-79.883394241333,40.44606526413282]]}},{"type":"Feature","properties":{"a":"RF0475","b":"RF0483"},"geometry":{"type":"LineString","coordinates":[[-79.8822569847107,40.44568968106866],[-79.88309383392333,40.445967286144494]]}},{"type":"Feature","properties":{"a":"RF0475","b":"RF0483"},"geometry":{"type":"LineString","coordinates":[[-79.88195657730101,40.445591702532845],[-79.8822569847107,40.44568968106866]]}},{"type":"Feature","properties":{"a":"RF0475","b":"RF0491"},"geometry":{"type":"LineString","coordinates":[[-79.88187074661255,40.4457713297394],[-79.88195657730101,40.445591702532845]]}},{"type":"Feature","properties":{"a":"RF0475","b":"RF0491"},"geometry":{"type":"LineString","coordinates":[[-79.88157033920288,40.44631020847873],[-79.88187074661255,40.4457713297394]]}},{"type":"Feature","properties":{"a":"RF0475","b":"RF0491"},"geometry":{"type":"LineString","coordinates":[[-79.88146305084227,40.44648983376508],[-79.88157033920288,40.44631020847873]]}},{"type":"Feature","properties":{"a":"RF0475","b":null},"geometry":{"type":"LineString","coordinates":[[-79.88141696118181,40.44658002589173],[-79.88146305084227,40.44648983376508]]}},{"type":"Feature","properties":{"a":"RF0475","b":"RF0476"},"geometry":{"type":"LineString","coordinates":[[-79.88141696118181,40.44658002589173],[-79.88337637758079,40.44631708625599]]}},{"type":"Feature","properties":{"a":"RF0475","b":null},"geometry":{"type":"LineString","coordinates":[[-79.88335132598876,40.446212230847486],[-79.88337637758079,40.44631708625599]]}},{"type":"Feature","properties":{"a":"RF0475","b":"RF0488"},"geometry":{"type":"LineString","coordinates":[[-79.88335132598876,40.446130582712335],[-79.88335132598876,40.446212230847486]]}},{"type":"Feature","properties":{"a":"RF0475","b":"RF0488"},"geometry":{"type":"LineString","coordinates":[[-79.88335132598876,40.446130582712335],[-79.883394241333,40.44606526413282]]}},{"type":"Feature","properties":{"a":"RF0476","b":null},"geometry":{"type":"LineString","coordinates":[[-79.88337637758079,40.44631708625599],[-79.883394241333,40.44639185639567]]}},{"type":"Feature","properties":{"a":"RF0476","b":null},"geometry":{"type":"LineString","coordinates":[[-79.88131284713744,40.44678376501633],[-79.88141696118181,40.44658002589173]]}},{"type":"Feature","properties":{"a":"RF0476","b":null},"geometry":{"type":"LineString","coordinates":[[-79.88133430480956,40.44724098885218],[-79.88139989229416,40.44749822715772]]}},{"type":"Feature","properties":{"a":"RF0476","b":"RF0477"},"geometry":{"type":"LineString","coordinates":[[-79.88139989229416,40.44749822715772],[-79.88252670068547,40.447347017548516]]}},{"type":"Feature","properties":{"a":"RF0476","b":null},"geometry":{"type":"LineString","coordinates":[[-79.88242864608763,40.44694705960049],[-79.88252670068547,40.447347017548516]]}},{"type":"Feature","properties":{"a":"RF0476","b":"RF0478"},"geometry":{"type":"LineString","coordinates":[[-79.88232135772704,40.446555151931996],[-79.88242864608763,40.44694705960049]]}},{"type":"Feature","properties":{"a":"RF0476","b":"RF0478"},"geometry":{"type":"LineString","coordinates":[[-79.88232135772704,40.446555151931996],[-79.88266468048094,40.446506163312755]]}},{"type":"Feature","properties":{"a":"RF0476","b":"RF0478"},"geometry":{"type":"LineString","coordinates":[[-79.88266468048094,40.446506163312755],[-79.883394241333,40.44639185639567]]}},{"type":"Feature","properties":{"a":"RF0477","b":null},"geometry":{"type":"LineString","coordinates":[[-79.88252670068547,40.447347017548516],[-79.88295884193474,40.449109691927]]}},{"type":"Feature","properties":{"a":"RF0477","b":null},"geometry":{"type":"LineString","coordinates":[[-79.88139989229416,40.44749822715772],[-79.8816132545471,40.448335047547445]]}},{"type":"Feature","properties":{"a":"RF0477","b":null},"geometry":{"type":"LineString","coordinates":[[-79.88226816471204,40.449184155453665],[-79.882288,40.449183]]}},{"type":"Feature","properties":{"a":"RF0477","b":null},"geometry":{"type":"LineString","coordinates":[[-79.882288,40.449183],[-79.88248057009649,40.44917306089825]]}},{"type":"Feature","properties":{"a":"RF0477","b":null},"geometry":{"type":"LineString","coordinates":[[-79.88248057009649,40.44917306089825],[-79.882598,40.449167]]}},{"type":"Feature","properties":{"a":"RF0477","b":null},"geometry":{"type":"LineString","coordinates":[[-79.882598,40.449167],[-79.8826791,40.4491548]]}},{"type":"Feature","properties":{"a":"RF0477","b":null},"geometry":{"type":"LineString","coordinates":[[-79.8826791,40.4491548],[-79.8827371,40.4491505]]}},{"type":"Feature","properties":{"a":"RF0477","b":null},"geometry":{"type":"LineString","coordinates":[[-79.8827371,40.4491505],[-79.8828176502779,40.44913977003803]]}},{"type":"Feature","properties":{"a":"RF0477","b":null},"geometry":{"type":"LineString","coordinates":[[-79.8828176502779,40.44913977003803],[-79.8828437,40.4491363]]}},{"type":"Feature","properties":{"a":"RF0477","b":null},"geometry":{"type":"LineString","coordinates":[[-79.8828437,40.4491363],[-79.8829401,40.4491133]]}},{"type":"Feature","properties":{"a":"RF0477","b":null},"geometry":{"type":"LineString","coordinates":[[-79.8829401,40.4491133],[-79.88295884193474,40.449109691927]]}},{"type":"Feature","properties":{"a":"RF0478","b":"RF0479"},"geometry":{"type":"LineString","coordinates":[[-79.88399505615234,40.44875960284155],[-79.88401616087421,40.44892020672474]]}},{"type":"Feature","properties":{"a":"RF0478","b":"RF0479"},"geometry":{"type":"LineString","coordinates":[[-79.88382339477538,40.448106439739746],[-79.88399505615234,40.44875960284155]]}},{"type":"Feature","properties":{"a":"RF0478","b":"RF0480"},"geometry":{"type":"LineString","coordinates":[[-79.88380193710326,40.448008464726975],[-79.88382339477538,40.448106439739746]]}},{"type":"Feature","properties":{"a":"RF0478","b":"RF0480"},"geometry":{"type":"LineString","coordinates":[[-79.88371610641478,40.4476982095776],[-79.88380193710326,40.448008464726975]]}},{"type":"Feature","properties":{"a":"RF0478","b":"RF0480"},"geometry":{"type":"LineString","coordinates":[[-79.88369464874266,40.447600233969716],[-79.88371610641478,40.4476982095776]]}},{"type":"Feature","properties":{"a":"RF0478","b":"RF0481"},"geometry":{"type":"LineString","coordinates":[[-79.88367319107056,40.44748592891334],[-79.88369464874266,40.447600233969716]]}},{"type":"Feature","properties":{"a":"RF0478","b":"RF0481"},"geometry":{"type":"LineString","coordinates":[[-79.88358736038208,40.447175671351786],[-79.88367319107056,40.44748592891334]]}},{"type":"Feature","properties":{"a":"RF0478","b":"RF0481"},"geometry":{"type":"LineString","coordinates":[[-79.88356590270996,40.44707769498216],[-79.88358736038208,40.447175671351786]]}},{"type":"Feature","properties":{"a":"RF0478","b":"RF0488"},"geometry":{"type":"LineString","coordinates":[[-79.88352298736572,40.44694705960049],[-79.88356590270996,40.44707769498216]]}},{"type":"Feature","properties":{"a":"RF0478","b":"RF0488"},"geometry":{"type":"LineString","coordinates":[[-79.88352298736572,40.44693073015993],[-79.88352298736572,40.44694705960049]]}},{"type":"Feature","properties":{"a":"RF0478","b":"RF0488"},"geometry":{"type":"LineString","coordinates":[[-79.88343715667723,40.44652249285647],[-79.88352298736572,40.44693073015993]]}},{"type":"Feature","properties":{"a":"RF0478","b":"RF0488"},"geometry":{"type":"LineString","coordinates":[[-79.883394241333,40.44639185639567],[-79.88343715667723,40.44652249285647]]}},{"type":"Feature","properties":{"a":"RF0478","b":null},"geometry":{"type":"LineString","coordinates":[[-79.88242864608763,40.44694705960049],[-79.88295884193474,40.449109691927]]}},{"type":"Feature","properties":{"a":"RF0478","b":null},"geometry":{"type":"LineString","coordinates":[[-79.88295884193474,40.449109691927],[-79.8831084,40.4490809]]}},{"type":"Feature","properties":{"a":"RF0478","b":null},"geometry":{"type":"LineString","coordinates":[[-79.8831084,40.4490809],[-79.88314796742355,40.44907331624382]]}},{"type":"Feature","properties":{"a":"RF0478","b":null},"geometry":{"type":"LineString","coordinates":[[-79.88314796742355,40.44907331624382],[-79.8831564,40.4490717]]}},{"type":"Feature","properties":{"a":"RF0478","b":null},"geometry":{"type":"LineString","coordinates":[[-79.8831564,40.4490717],[-79.88317599192904,40.4490679196518]]}},{"type":"Feature","properties":{"a":"RF0478","b":null},"geometry":{"type":"LineString","coordinates":[[-79.88317599192904,40.4490679196518],[-79.8832813,40.4490476]]}},{"type":"Feature","properties":{"a":"RF0478","b":null},"geometry":{"type":"LineString","coordinates":[[-79.8832813,40.4490476],[-79.8834049,40.4490238]]}},{"type":"Feature","properties":{"a":"RF0478","b":null},"geometry":{"type":"LineString","coordinates":[[-79.8834049,40.4490238],[-79.88349196222246,40.44901240724233]]}},{"type":"Feature","properties":{"a":"RF0478","b":null},"geometry":{"type":"LineString","coordinates":[[-79.88349196222246,40.44901240724233],[-79.883518,40.449009]]}},{"type":"Feature","properties":{"a":"RF0478","b":null},"geometry":{"type":"LineString","coordinates":[[-79.883518,40.449009],[-79.88354031315922,40.449004537368154]]}},{"type":"Feature","properties":{"a":"RF0478","b":null},"geometry":{"type":"LineString","coordinates":[[-79.88354031315922,40.449004537368154],[-79.883568,40.448999]]}},{"type":"Feature","properties":{"a":"RF0478","b":null},"geometry":{"type":"LineString","coordinates":[[-79.883568,40.448999],[-79.883901,40.44894]]}},{"type":"Feature","properties":{"a":"RF0478","b":null},"geometry":{"type":"LineString","coordinates":[[-79.883901,40.44894],[-79.88401616087421,40.44892020672474]]}},{"type":"Feature","properties":{"a":"RF0479","b":"RF0480"},"geometry":{"type":"LineString","coordinates":[[-79.88502502441405,40.448482009298914],[-79.88503333097135,40.44848501939233]]}},{"type":"Feature","properties":{"a":"RF0479","b":"RF0480"},"geometry":{"type":"LineString","coordinates":[[-79.88478899002074,40.4484166930046],[-79.88502502441405,40.448482009298914]]}},{"type":"Feature","properties":{"a":"RF0479","b":"RF0480"},"geometry":{"type":"LineString","coordinates":[[-79.88399505615234,40.4481390980456],[-79.88478899002074,40.4484166930046]]}},{"type":"Feature","properties":{"a":"RF0479","b":"RF0480"},"geometry":{"type":"LineString","coordinates":[[-79.88382339477538,40.448106439739746],[-79.88399505615234,40.4481390980456]]}},{"type":"Feature","properties":{"a":"RF0479","b":null},"geometry":{"type":"LineString","coordinates":[[-79.88401616087421,40.44892020672474],[-79.884029,40.448918]]}},{"type":"Feature","properties":{"a":"RF0479","b":null},"geometry":{"type":"LineString","coordinates":[[-79.884029,40.448918],[-79.88403924528222,40.44895991251822]]}},{"type":"Feature","properties":{"a":"RF0479","b":null},"geometry":{"type":"LineString","coordinates":[[-79.88403924528222,40.44895991251822],[-79.88403974638108,40.448961962468054]]}},{"type":"Feature","properties":{"a":"RF0479","b":null},"geometry":{"type":"LineString","coordinates":[[-79.88403974638108,40.448961962468054],[-79.88404,40.448963]]}},{"type":"Feature","properties":{"a":"RF0479","b":null},"geometry":{"type":"LineString","coordinates":[[-79.88404,40.448963],[-79.884075,40.449098]]}},{"type":"Feature","properties":{"a":"RF0479","b":null},"geometry":{"type":"LineString","coordinates":[[-79.884075,40.449098],[-79.884087,40.449144]]}},{"type":"Feature","properties":{"a":"RF0479","b":null},"geometry":{"type":"LineString","coordinates":[[-79.884087,40.449144],[-79.8841748,40.4491692]]}},{"type":"Feature","properties":{"a":"RF0479","b":null},"geometry":{"type":"LineString","coordinates":[[-79.8841748,40.4491692],[-79.8841966,40.4491755]]}},{"type":"Feature","properties":{"a":"RF0479","b":null},"geometry":{"type":"LineString","coordinates":[[-79.8841966,40.4491755],[-79.88419886369218,40.44917614940246]]}},{"type":"Feature","properties":{"a":"RF0479","b":null},"geometry":{"type":"LineString","coordinates":[[-79.88419886369218,40.44917614940246],[-79.88423258188531,40.44918582239492]]}},{"type":"Feature","properties":{"a":"RF0479","b":null},"geometry":{"type":"LineString","coordinates":[[-79.88423258188531,40.44918582239492],[-79.88450159840811,40.44926299719444]]}},{"type":"Feature","properties":{"a":"RF0479","b":null},"geometry":{"type":"LineString","coordinates":[[-79.88450159840811,40.44926299719444],[-79.8845159,40.4492671]]}},{"type":"Feature","properties":{"a":"RF0479","b":null},"geometry":{"type":"LineString","coordinates":[[-79.8845159,40.4492671],[-79.88458105706354,40.44928581817147]]}},{"type":"Feature","properties":{"a":"RF0479","b":null},"geometry":{"type":"LineString","coordinates":[[-79.88458105706354,40.44928581817147],[-79.884589,40.4492881]]}},{"type":"Feature","properties":{"a":"RF0479","b":null},"geometry":{"type":"LineString","coordinates":[[-79.884589,40.4492881],[-79.884666,40.44914]]}},{"type":"Feature","properties":{"a":"RF0479","b":null},"geometry":{"type":"LineString","coordinates":[[-79.884666,40.44914],[-79.88483317434304,40.44884178056753]]}},{"type":"Feature","properties":{"a":"RF0479","b":null},"geometry":{"type":"LineString","coordinates":[[-79.88483317434304,40.44884178056753],[-79.884939,40.448653]]}},{"type":"Feature","properties":{"a":"RF0479","b":null},"geometry":{"type":"LineString","coordinates":[[-79.884939,40.448653],[-79.88503,40.448491]]}},{"type":"Feature","properties":{"a":"RF0479","b":null},"geometry":{"type":"LineString","coordinates":[[-79.88503,40.448491],[-79.88503333097135,40.44848501939233]]}},{"type":"Feature","properties":{"a":"RF0480","b":"RF0481"},"geometry":{"type":"LineString","coordinates":[[-79.88523960113525,40.448106439739746],[-79.88527022743257,40.44806759567541]]}},{"type":"Feature","properties":{"a":"RF0480","b":"RF0481"},"geometry":{"type":"LineString","coordinates":[[-79.88523960113525,40.44809011058087],[-79.88523960113525,40.448106439739746]]}},{"type":"Feature","properties":{"a":"RF0480","b":"RF0481"},"geometry":{"type":"LineString","coordinates":[[-79.88382339477538,40.447616563247614],[-79.88523960113525,40.44809011058087]]}},{"type":"Feature","properties":{"a":"RF0480","b":"RF0481"},"geometry":{"type":"LineString","coordinates":[[-79.88369464874266,40.447600233969716],[-79.88382339477538,40.447616563247614]]}},{"type":"Feature","properties":{"a":"RF0480","b":null},"geometry":{"type":"LineString","coordinates":[[-79.88503333097135,40.44848501939233],[-79.885074,40.448412]]}},{"type":"Feature","properties":{"a":"RF0480","b":null},"geometry":{"type":"LineString","coordinates":[[-79.885074,40.448412],[-79.885207,40.448178]]}},{"type":"Feature","properties":{"a":"RF0480","b":null},"geometry":{"type":"LineString","coordinates":[[-79.885207,40.448178],[-79.885252,40.4481]]}},{"type":"Feature","properties":{"a":"RF0480","b":null},"geometry":{"type":"LineString","coordinates":[[-79.885252,40.4481],[-79.88527022743257,40.44806759567541]]}},{"type":"Feature","properties":{"a":"RF0481","b":"RF0482"},"geometry":{"type":"LineString","coordinates":[[-79.88545417785643,40.4476982095776],[-79.88546115574049,40.44770048535764]]}},{"type":"Feature","properties":{"a":"RF0481","b":"RF0482"},"geometry":{"type":"LineString","coordinates":[[-79.885196685791,40.447600233969716],[-79.88545417785643,40.4476982095776]]}},{"type":"Feature","properties":{"a":"RF0481","b":"RF0482"},"geometry":{"type":"LineString","coordinates":[[-79.88438129425047,40.44732263563842],[-79.885196685791,40.447600233969716]]}},{"type":"Feature","properties":{"a":"RF0481","b":"RF0482"},"geometry":{"type":"LineString","coordinates":[[-79.88410234451293,40.44724098885218],[-79.88438129425047,40.44732263563842]]}},{"type":"Feature","properties":{"a":"RF0481","b":"RF0488"},"geometry":{"type":"LineString","coordinates":[[-79.88399505615234,40.447208330109916],[-79.88410234451293,40.44724098885218]]}},{"type":"Feature","properties":{"a":"RF0481","b":"RF0488"},"geometry":{"type":"LineString","coordinates":[[-79.88367319107056,40.44709402438701],[-79.88399505615234,40.447208330109916]]}},{"type":"Feature","properties":{"a":"RF0481","b":"RF0488"},"geometry":{"type":"LineString","coordinates":[[-79.88356590270996,40.44707769498216],[-79.88367319107056,40.44709402438701]]}},{"type":"Feature","properties":{"a":"RF0481","b":null},"geometry":{"type":"LineString","coordinates":[[-79.88527022743257,40.44806759567541],[-79.885297,40.44802]]}},{"type":"Feature","properties":{"a":"RF0481","b":null},"geometry":{"type":"LineString","coordinates":[[-79.885297,40.44802],[-79.885322,40.447977]]}},{"type":"Feature","properties":{"a":"RF0481","b":null},"geometry":{"type":"LineString","coordinates":[[-79.885322,40.447977],[-79.88534379355929,40.44793388665447]]}},{"type":"Feature","properties":{"a":"RF0481","b":null},"geometry":{"type":"LineString","coordinates":[[-79.88534379355929,40.44793388665447],[-79.885368,40.447886]]}},{"type":"Feature","properties":{"a":"RF0481","b":null},"geometry":{"type":"LineString","coordinates":[[-79.885368,40.447886],[-79.885422,40.447776]]}},{"type":"Feature","properties":{"a":"RF0481","b":null},"geometry":{"type":"LineString","coordinates":[[-79.885422,40.447776],[-79.88546115574049,40.44770048535764]]}},{"type":"Feature","properties":{"a":"RF0482","b":"RF0487"},"geometry":{"type":"LineString","coordinates":[[-79.88543272018431,40.447208330109916],[-79.88569021224974,40.44730630628911]]}},{"type":"Feature","properties":{"a":"RF0482","b":"RF0487"},"geometry":{"type":"LineString","coordinates":[[-79.88463878631592,40.44694705960049],[-79.88543272018431,40.447208330109916]]}},{"type":"Feature","properties":{"a":"RF0482","b":"RF0487"},"geometry":{"type":"LineString","coordinates":[[-79.88459587097168,40.44693073015993],[-79.88463878631592,40.44694705960049]]}},{"type":"Feature","properties":{"a":"RF0482","b":"RF0487"},"geometry":{"type":"LineString","coordinates":[[-79.88431692123413,40.44684908289761],[-79.88459587097168,40.44693073015993]]}},{"type":"Feature","properties":{"a":"RF0482","b":"RF0488"},"geometry":{"type":"LineString","coordinates":[[-79.88425254821777,40.44694705960049],[-79.88431692123413,40.44684908289761]]}},{"type":"Feature","properties":{"a":"RF0482","b":"RF0488"},"geometry":{"type":"LineString","coordinates":[[-79.88414525985716,40.44715934196676],[-79.88425254821777,40.44694705960049]]}},{"type":"Feature","properties":{"a":"RF0482","b":"RF0488"},"geometry":{"type":"LineString","coordinates":[[-79.88410234451293,40.44724098885218],[-79.88414525985716,40.44715934196676]]}},{"type":"Feature","properties":{"a":"RF0482","b":null},"geometry":{"type":"LineString","coordinates":[[-79.88546115574049,40.44770048535764],[-79.885464,40.447695]]}},{"type":"Feature","properties":{"a":"RF0482","b":null},"geometry":{"type":"LineString","coordinates":[[-79.885464,40.447695],[-79.885513,40.447619]]}},{"type":"Feature","properties":{"a":"RF0482","b":null},"geometry":{"type":"LineString","coordinates":[[-79.885513,40.447619],[-79.88554234186773,40.44757520616758]]}},{"type":"Feature","properties":{"a":"RF0482","b":null},"geometry":{"type":"LineString","coordinates":[[-79.88554234186773,40.44757520616758],[-79.88558,40.447519]]}},{"type":"Feature","properties":{"a":"RF0482","b":null},"geometry":{"type":"LineString","coordinates":[[-79.88558,40.447519],[-79.88560049878924,40.44748292213093]]}},{"type":"Feature","properties":{"a":"RF0482","b":null},"geometry":{"type":"LineString","coordinates":[[-79.88564729690552,40.447387952995996],[-79.88569021224974,40.44730630628911]]}},{"type":"Feature","properties":{"a":"RF0483","b":"RF0494"},"geometry":{"type":"LineString","coordinates":[[-79.8837375640869,40.445232446679604],[-79.88382339477538,40.445265106381974]]}},{"type":"Feature","properties":{"a":"RF0483","b":"RF0494"},"geometry":{"type":"LineString","coordinates":[[-79.88343715667723,40.44513446747728],[-79.8837375640869,40.445232446679604]]}},{"type":"Feature","properties":{"a":"RF0483","b":"RF0494"},"geometry":{"type":"LineString","coordinates":[[-79.88332986831665,40.44510180771143],[-79.88343715667723,40.44513446747728]]}},{"type":"Feature","properties":{"a":"RF0483","b":"RF0484"},"geometry":{"type":"LineString","coordinates":[[-79.88313674926756,40.44503648813213],[-79.88332986831665,40.44510180771143]]}},{"type":"Feature","properties":{"a":"RF0483","b":"RF0484"},"geometry":{"type":"LineString","coordinates":[[-79.88257884979248,40.44485685896175],[-79.88313674926756,40.44503648813213]]}},{"type":"Feature","properties":{"a":"RF0483","b":"RF0484"},"geometry":{"type":"LineString","coordinates":[[-79.88240718841551,40.44480786910469],[-79.88257884979248,40.44485685896175]]}},{"type":"Feature","properties":{"a":"RF0483","b":"RF0492"},"geometry":{"type":"LineString","coordinates":[[-79.8820638656616,40.44467722931131],[-79.88240718841551,40.44480786910469]]}},{"type":"Feature","properties":{"a":"RF0483","b":"RF0492"},"geometry":{"type":"LineString","coordinates":[[-79.88129138946532,40.444432279014364],[-79.8820638656616,40.44467722931131]]}},{"type":"Feature","properties":{"a":"RF0483","b":"RF0492"},"geometry":{"type":"LineString","coordinates":[[-79.88101243972778,40.44433429864565],[-79.88129138946532,40.444432279014364]]}},{"type":"Feature","properties":{"a":"RF0483","b":"RF0504"},"geometry":{"type":"LineString","coordinates":[[-79.88092660903929,40.44449759918083],[-79.88101243972778,40.44433429864565]]}},{"type":"Feature","properties":{"a":"RF0483","b":"RF0504"},"geometry":{"type":"LineString","coordinates":[[-79.88064765930174,40.44497116848935],[-79.88092660903929,40.44449759918083]]}},{"type":"Feature","properties":{"a":"RF0483","b":"RF0504"},"geometry":{"type":"LineString","coordinates":[[-79.88056182861327,40.44513446747728],[-79.88064765930174,40.44497116848935]]}},{"type":"Feature","properties":{"a":"RF0483","b":"RF0491"},"geometry":{"type":"LineString","coordinates":[[-79.88056182861327,40.44513446747728],[-79.88084077835083,40.445216116822465]]}},{"type":"Feature","properties":{"a":"RF0483","b":"RF0491"},"geometry":{"type":"LineString","coordinates":[[-79.88084077835083,40.445216116822465],[-79.88167762756348,40.44549372385421]]}},{"type":"Feature","properties":{"a":"RF0483","b":"RF0491"},"geometry":{"type":"LineString","coordinates":[[-79.88167762756348,40.44549372385421],[-79.88195657730101,40.445591702532845]]}},{"type":"Feature","properties":{"a":"RF0483","b":"RF0485"},"geometry":{"type":"LineString","coordinates":[[-79.883394241333,40.44606526413282],[-79.88345861434935,40.44590196740628]]}},{"type":"Feature","properties":{"a":"RF0483","b":"RF0485"},"geometry":{"type":"LineString","coordinates":[[-79.88345861434935,40.44590196740628],[-79.8837375640869,40.44542840465577]]}},{"type":"Feature","properties":{"a":"RF0483","b":"RF0485"},"geometry":{"type":"LineString","coordinates":[[-79.8837375640869,40.44542840465577],[-79.88382339477538,40.445265106381974]]}},{"type":"Feature","properties":{"a":"RF0484","b":"RF0493"},"geometry":{"type":"LineString","coordinates":[[-79.88335132598876,40.44464456932329],[-79.88354444503784,40.44470988928346]]}},{"type":"Feature","properties":{"a":"RF0484","b":"RF0493"},"geometry":{"type":"LineString","coordinates":[[-79.88281488418578,40.44444860906193],[-79.88335132598876,40.44464456932329]]}},{"type":"Feature","properties":{"a":"RF0484","b":"RF0493"},"geometry":{"type":"LineString","coordinates":[[-79.88264322280882,40.44438328884785],[-79.88281488418578,40.44444860906193]]}},{"type":"Feature","properties":{"a":"RF0484","b":"RF0492"},"geometry":{"type":"LineString","coordinates":[[-79.8826003074646,40.444464939105536],[-79.88264322280882,40.44438328884785]]}},{"type":"Feature","properties":{"a":"RF0484","b":"RF0492"},"geometry":{"type":"LineString","coordinates":[[-79.88245010375975,40.44470988928346],[-79.8826003074646,40.444464939105536]]}},{"type":"Feature","properties":{"a":"RF0484","b":"RF0492"},"geometry":{"type":"LineString","coordinates":[[-79.88240718841551,40.44480786910469],[-79.88245010375975,40.44470988928346]]}},{"type":"Feature","properties":{"a":"RF0484","b":"RF0494"},"geometry":{"type":"LineString","coordinates":[[-79.88332986831665,40.44510180771143],[-79.88341569900511,40.44493850864416]]}},{"type":"Feature","properties":{"a":"RF0484","b":"RF0494"},"geometry":{"type":"LineString","coordinates":[[-79.88341569900511,40.44493850864416],[-79.88350152969359,40.444791539144404]]}},{"type":"Feature","properties":{"a":"RF0484","b":null},"geometry":{"type":"LineString","coordinates":[[-79.88350152969359,40.444791539144404],[-79.88354444503784,40.44470988928346]]}},{"type":"Feature","properties":{"a":"RF0485","b":"RF0496"},"geometry":{"type":"LineString","coordinates":[[-79.88487482070921,40.445624362060656],[-79.88500356674194,40.445657021572586]]}},{"type":"Feature","properties":{"a":"RF0485","b":"RF0496"},"geometry":{"type":"LineString","coordinates":[[-79.88446712493895,40.44547739406055],[-79.88487482070921,40.445624362060656]]}},{"type":"Feature","properties":{"a":"RF0485","b":"RF0496"},"geometry":{"type":"LineString","coordinates":[[-79.88433837890625,40.44544473446133],[-79.88446712493895,40.44547739406055]]}},{"type":"Feature","properties":{"a":"RF0485","b":"RF0495"},"geometry":{"type":"LineString","coordinates":[[-79.88423109054565,40.44541207484625],[-79.88433837890625,40.44544473446133]]}},{"type":"Feature","properties":{"a":"RF0485","b":"RF0495"},"geometry":{"type":"LineString","coordinates":[[-79.88393068313599,40.445297766068464],[-79.88423109054565,40.44541207484625]]}},{"type":"Feature","properties":{"a":"RF0485","b":"RF0495"},"geometry":{"type":"LineString","coordinates":[[-79.88382339477538,40.445265106381974],[-79.88393068313599,40.445297766068464]]}},{"type":"Feature","properties":{"a":"RF0485","b":"RF0488"},"geometry":{"type":"LineString","coordinates":[[-79.883394241333,40.44606526413282],[-79.8836088180542,40.4461469123473]]}},{"type":"Feature","properties":{"a":"RF0485","b":"RF0488"},"geometry":{"type":"LineString","coordinates":[[-79.8836088180542,40.4461469123473],[-79.88431692123413,40.44637552682021]]}},{"type":"Feature","properties":{"a":"RF0485","b":"RF0488"},"geometry":{"type":"LineString","coordinates":[[-79.88431692123413,40.44637552682021],[-79.88455295562744,40.44644084509823]]}},{"type":"Feature","properties":{"a":"RF0485","b":"RF0486"},"geometry":{"type":"LineString","coordinates":[[-79.88455295562744,40.44644084509823],[-79.88459587097168,40.44637552682021]]}},{"type":"Feature","properties":{"a":"RF0485","b":null},"geometry":{"type":"LineString","coordinates":[[-79.88459587097168,40.44637552682021],[-79.88481044769286,40.445967286144494]]}},{"type":"Feature","properties":{"a":"RF0485","b":"RF0499"},"geometry":{"type":"LineString","coordinates":[[-79.88481044769286,40.445967286144494],[-79.8849606513977,40.44573867028299]]}},{"type":"Feature","properties":{"a":"RF0485","b":"RF0499"},"geometry":{"type":"LineString","coordinates":[[-79.8849606513977,40.44573867028299],[-79.88500356674194,40.445657021572586]]}},{"type":"Feature","properties":{"a":"RF0486","b":"RF0499"},"geometry":{"type":"LineString","coordinates":[[-79.88588333129881,40.44642451553468],[-79.88616228103636,40.44652249285647]]}},{"type":"Feature","properties":{"a":"RF0486","b":"RF0499"},"geometry":{"type":"LineString","coordinates":[[-79.88504648208618,40.4461469123473],[-79.88588333129881,40.44642451553468]]}},{"type":"Feature","properties":{"a":"RF0486","b":"RF0499"},"geometry":{"type":"LineString","coordinates":[[-79.88476753234862,40.44604893447801],[-79.88504648208618,40.4461469123473]]}},{"type":"Feature","properties":{"a":"RF0486","b":null},"geometry":{"type":"LineString","coordinates":[[-79.88459587097168,40.44637552682021],[-79.88476753234862,40.44604893447801]]}},{"type":"Feature","properties":{"a":"RF0486","b":"RF0487"},"geometry":{"type":"LineString","coordinates":[[-79.88455295562744,40.44644084509823],[-79.88483190536498,40.44653882239622]]}},{"type":"Feature","properties":{"a":"RF0486","b":"RF0487"},"geometry":{"type":"LineString","coordinates":[[-79.88483190536498,40.44653882239622],[-79.88564729690552,40.4468164239649]]}},{"type":"Feature","properties":{"a":"RF0486","b":"RF0487"},"geometry":{"type":"LineString","coordinates":[[-79.88564729690552,40.4468164239649],[-79.88592624664307,40.446898071266894]]}},{"type":"Feature","properties":{"a":"RF0487","b":"RF0488"},"geometry":{"type":"LineString","coordinates":[[-79.88438129425047,40.446767435536096],[-79.88455295562744,40.44644084509823]]}},{"type":"Feature","properties":{"a":"RF0487","b":"RF0488"},"geometry":{"type":"LineString","coordinates":[[-79.88431692123413,40.44684908289761],[-79.88438129425047,40.446767435536096]]}},{"type":"Feature","properties":{"a":"RF0487","b":null},"geometry":{"type":"LineString","coordinates":[[-79.88569021224974,40.44730630628911],[-79.885733127594,40.447224659483034]]}},{"type":"Feature","properties":{"a":"RF0488","b":null},"geometry":{"type":"LineString","coordinates":[[-79.88335132598876,40.446212230847486],[-79.883394241333,40.44639185639567]]}},{"type":"Feature","properties":{"a":"RF0489","b":"RF0490"},"geometry":{"type":"LineString","coordinates":[[-79.87908124923706,40.44570601081074],[-79.88006830215454,40.44601627515651]]}},{"type":"Feature","properties":{"a":"RF0489","b":"RF0490"},"geometry":{"type":"LineString","coordinates":[[-79.87895250320433,40.445657021572586],[-79.87908124923706,40.44570601081074]]}},{"type":"Feature","properties":{"a":"RF0489","b":"RF0490"},"geometry":{"type":"LineString","coordinates":[[-79.87884521484374,40.445624362060656],[-79.87895250320433,40.445657021572586]]}},{"type":"Feature","properties":{"a":"RF0489","b":null},"geometry":{"type":"LineString","coordinates":[[-79.87880229949948,40.447877831154436],[-79.8789095878601,40.44830238933681]]}},{"type":"Feature","properties":{"a":"RF0489","b":null},"geometry":{"type":"LineString","coordinates":[[-79.87942457199095,40.44835137664681],[-79.87961769104002,40.44830238933681]]}},{"type":"Feature","properties":{"a":"RF0490","b":"RF0504"},"geometry":{"type":"LineString","coordinates":[[-79.88032579421997,40.445052818032906],[-79.88056182861327,40.44513446747728]]}},{"type":"Feature","properties":{"a":"RF0490","b":"RF0504"},"geometry":{"type":"LineString","coordinates":[[-79.8795962333679,40.44480786910469],[-79.88032579421997,40.445052818032906]]}},{"type":"Feature","properties":{"a":"RF0490","b":"RF0504"},"geometry":{"type":"LineString","coordinates":[[-79.87936019897461,40.444726219263586],[-79.8795962333679,40.44480786910469]]}},{"type":"Feature","properties":{"a":"RF0490","b":"RF0491"},"geometry":{"type":"LineString","coordinates":[[-79.88006830215454,40.44601627515651],[-79.88015413284302,40.44583664860457]]}},{"type":"Feature","properties":{"a":"RF0490","b":"RF0491"},"geometry":{"type":"LineString","coordinates":[[-79.88015413284302,40.44583664860457],[-79.88045454025267,40.44531409590577]]}},{"type":"Feature","properties":{"a":"RF0490","b":"RF0491"},"geometry":{"type":"LineString","coordinates":[[-79.88045454025267,40.44531409590577],[-79.88056182861327,40.44513446747728]]}},{"type":"Feature","properties":{"a":"RF0492","b":"RF0505"},"geometry":{"type":"LineString","coordinates":[[-79.88249301910399,40.443893385218956],[-79.88285779953003,40.444007696385064]]}},{"type":"Feature","properties":{"a":"RF0492","b":"RF0505"},"geometry":{"type":"LineString","coordinates":[[-79.88174200057982,40.44363210182357],[-79.88249301910399,40.443893385218956]]}},{"type":"Feature","properties":{"a":"RF0492","b":"RF0505"},"geometry":{"type":"LineString","coordinates":[[-79.88146305084227,40.44355045055423],[-79.88174200057982,40.44363210182357]]}},{"type":"Feature","properties":{"a":"RF0492","b":"RF0503"},"geometry":{"type":"LineString","coordinates":[[-79.88137722015381,40.44369742276763],[-79.88146305084227,40.44355045055423]]}},{"type":"Feature","properties":{"a":"RF0492","b":"RF0503"},"geometry":{"type":"LineString","coordinates":[[-79.88109827041625,40.44417099771373],[-79.88137722015381,40.44369742276763]]}},{"type":"Feature","properties":{"a":"RF0492","b":"RF0503"},"geometry":{"type":"LineString","coordinates":[[-79.88101243972778,40.44433429864565],[-79.88109827041625,40.44417099771373]]}},{"type":"Feature","properties":{"a":"RF0492","b":"RF0493"},"geometry":{"type":"LineString","coordinates":[[-79.88264322280882,40.44438328884785],[-79.88281488418578,40.44408934709899]]}},{"type":"Feature","properties":{"a":"RF0492","b":"RF0493"},"geometry":{"type":"LineString","coordinates":[[-79.88281488418578,40.44405668682533],[-79.88281488418578,40.44408934709899]]}},{"type":"Feature","properties":{"a":"RF0492","b":"RF0493"},"geometry":{"type":"LineString","coordinates":[[-79.88281488418578,40.44405668682533],[-79.88285779953003,40.444007696385064]]}},{"type":"Feature","properties":{"a":"RF0493","b":"RF0505"},"geometry":{"type":"LineString","coordinates":[[-79.88358736038208,40.44425264822927],[-79.88378047943114,40.4443179685703]]}},{"type":"Feature","properties":{"a":"RF0493","b":"RF0505"},"geometry":{"type":"LineString","coordinates":[[-79.88302946090697,40.44407301696414],[-79.88358736038208,40.44425264822927]]}},{"type":"Feature","properties":{"a":"RF0493","b":"RF0505"},"geometry":{"type":"LineString","coordinates":[[-79.88285779953003,40.444007696385064],[-79.88302946090697,40.44407301696414]]}},{"type":"Feature","properties":{"a":"RF0493","b":null},"geometry":{"type":"LineString","coordinates":[[-79.88354444503784,40.44470988928346],[-79.88358736038208,40.44462823932333]]}},{"type":"Feature","properties":{"a":"RF0493","b":"RF0494"},"geometry":{"type":"LineString","coordinates":[[-79.88358736038208,40.44462823932333],[-79.88371610641478,40.44439961890732]]}},{"type":"Feature","properties":{"a":"RF0493","b":"RF0494"},"geometry":{"type":"LineString","coordinates":[[-79.88371610641478,40.44439961890732],[-79.88378047943114,40.4443179685703]]}},{"type":"Feature","properties":{"a":"RF0494","b":"RF0505"},"geometry":{"type":"LineString","coordinates":[[-79.88416671752928,40.44444860906193],[-79.88427400588989,40.444481269145165]]}},{"type":"Feature","properties":{"a":"RF0494","b":"RF0505"},"geometry":{"type":"LineString","coordinates":[[-79.88386631011963,40.44435062871702],[-79.88416671752928,40.44444860906193]]}},{"type":"Feature","properties":{"a":"RF0494","b":"RF0505"},"geometry":{"type":"LineString","coordinates":[[-79.88378047943114,40.4443179685703],[-79.88386631011963,40.44435062871702]]}},{"type":"Feature","properties":{"a":"RF0494","b":null},"geometry":{"type":"LineString","coordinates":[[-79.88350152969359,40.444791539144404],[-79.88358736038208,40.44462823932333]]}},{"type":"Feature","properties":{"a":"RF0494","b":"RF0495"},"geometry":{"type":"LineString","coordinates":[[-79.88382339477538,40.445265106381974],[-79.88390922546387,40.445118137596346]]}},{"type":"Feature","properties":{"a":"RF0494","b":"RF0495"},"geometry":{"type":"LineString","coordinates":[[-79.88390922546387,40.445118137596346],[-79.8841881752014,40.44464456932329]]}},{"type":"Feature","properties":{"a":"RF0494","b":"RF0495"},"geometry":{"type":"LineString","coordinates":[[-79.8841881752014,40.44464456932329],[-79.88427400588989,40.444481269145165]]}},{"type":"Feature","properties":{"a":"RF0495","b":"RF0500"},"geometry":{"type":"LineString","coordinates":[[-79.88530397415161,40.44482419906101],[-79.88543272018431,40.44485685896175]]}},{"type":"Feature","properties":{"a":"RF0495","b":"RF0500"},"geometry":{"type":"LineString","coordinates":[[-79.88478899002074,40.44464456932329],[-79.88530397415161,40.44482419906101]]}},{"type":"Feature","properties":{"a":"RF0495","b":"RF0500"},"geometry":{"type":"LineString","coordinates":[[-79.88427400588989,40.444481269145165],[-79.88478899002074,40.44464456932329]]}},{"type":"Feature","properties":{"a":"RF0495","b":"RF0496"},"geometry":{"type":"LineString","coordinates":[[-79.88433837890625,40.44544473446133],[-79.88451004028319,40.445118137596346]]}},{"type":"Feature","properties":{"a":"RF0495","b":"RF0496"},"geometry":{"type":"LineString","coordinates":[[-79.88451004028319,40.445118137596346],[-79.88457441329956,40.445052818032906]]}},{"type":"Feature","properties":{"a":"RF0495","b":"RF0496"},"geometry":{"type":"LineString","coordinates":[[-79.88457441329956,40.445052818032906],[-79.88470315933228,40.44508547782256]]}},{"type":"Feature","properties":{"a":"RF0495","b":"RF0496"},"geometry":{"type":"LineString","coordinates":[[-79.88470315933228,40.44508547782256],[-79.88521814346312,40.445265106381974]]}},{"type":"Feature","properties":{"a":"RF0495","b":"RF0502"},"geometry":{"type":"LineString","coordinates":[[-79.88521814346312,40.445265106381974],[-79.88538980484009,40.44497116848935]]}},{"type":"Feature","properties":{"a":"RF0495","b":"RF0502"},"geometry":{"type":"LineString","coordinates":[[-79.88538980484009,40.444954838568734],[-79.88538980484009,40.44497116848935]]}},{"type":"Feature","properties":{"a":"RF0495","b":"RF0502"},"geometry":{"type":"LineString","coordinates":[[-79.88538980484009,40.444954838568734],[-79.88543272018431,40.44485685896175]]}},{"type":"Feature","properties":{"a":"RF0496","b":"RF0497"},"geometry":{"type":"LineString","coordinates":[[-79.88500356674194,40.445657021572586],[-79.88504648208618,40.445575372762995]]}},{"type":"Feature","properties":{"a":"RF0496","b":"RF0497"},"geometry":{"type":"LineString","coordinates":[[-79.88504648208618,40.445575372762995],[-79.88517522811888,40.445346755568465]]}},{"type":"Feature","properties":{"a":"RF0496","b":"RF0497"},"geometry":{"type":"LineString","coordinates":[[-79.88517522811888,40.445346755568465],[-79.88521814346312,40.445265106381974]]}},{"type":"Feature","properties":{"a":"RF0497","b":"RF0502"},"geometry":{"type":"LineString","coordinates":[[-79.8854112625122,40.44533042573911],[-79.88616228103636,40.445591702532845]]}},{"type":"Feature","properties":{"a":"RF0497","b":"RF0502"},"geometry":{"type":"LineString","coordinates":[[-79.88530397415161,40.445297766068464],[-79.8854112625122,40.44533042573911]]}},{"type":"Feature","properties":{"a":"RF0497","b":"RF0502"},"geometry":{"type":"LineString","coordinates":[[-79.88521814346312,40.445265106381974],[-79.88530397415161,40.445297766068464]]}},{"type":"Feature","properties":{"a":"RF0497","b":"RF0499"},"geometry":{"type":"LineString","coordinates":[[-79.88500356674194,40.445657021572586],[-79.88517522811888,40.445722340548855]]}},{"type":"Feature","properties":{"a":"RF0497","b":"RF0499"},"geometry":{"type":"LineString","coordinates":[[-79.88517522811888,40.445722340548855],[-79.88575458526611,40.44590196740628]]}},{"type":"Feature","properties":{"a":"RF0497","b":"RF0499"},"geometry":{"type":"LineString","coordinates":[[-79.88575458526611,40.44590196740628],[-79.88592624664307,40.445967286144494]]}},{"type":"Feature","properties":{"a":"RF0497","b":"RF0498"},"geometry":{"type":"LineString","coordinates":[[-79.88592624664307,40.445967286144494],[-79.8859691619873,40.44590196740628]]}},{"type":"Feature","properties":{"a":"RF0497","b":"RF0498"},"geometry":{"type":"LineString","coordinates":[[-79.8859691619873,40.44590196740628],[-79.88611936569214,40.445657021572586]]}},{"type":"Feature","properties":{"a":"RF0497","b":"RF0498"},"geometry":{"type":"LineString","coordinates":[[-79.88611936569214,40.445657021572586],[-79.88616228103636,40.445591702532845]]}},{"type":"Feature","properties":{"a":"RF0498","b":"RF0501"},"geometry":{"type":"LineString","coordinates":[[-79.8867416381836,40.445297766068464],[-79.88682746887206,40.44533042573911]]}},{"type":"Feature","properties":{"a":"RF0498","b":"RF0501"},"geometry":{"type":"LineString","coordinates":[[-79.88646268844604,40.44519978696136],[-79.8867416381836,40.445297766068464]]}},{"type":"Feature","properties":{"a":"RF0498","b":"RF0501"},"geometry":{"type":"LineString","coordinates":[[-79.88637685775755,40.44518345709629],[-79.88646268844604,40.44519978696136]]}},{"type":"Feature","properties":{"a":"RF0498","b":"RF0502"},"geometry":{"type":"LineString","coordinates":[[-79.88635540008544,40.445216116822465],[-79.88637685775755,40.44518345709629]]}},{"type":"Feature","properties":{"a":"RF0498","b":"RF0502"},"geometry":{"type":"LineString","coordinates":[[-79.88633394241332,40.445265106381974],[-79.88635540008544,40.445216116822465]]}},{"type":"Feature","properties":{"a":"RF0498","b":"RF0502"},"geometry":{"type":"LineString","coordinates":[[-79.88616228103636,40.445591702532845],[-79.88633394241332,40.445265106381974]]}},{"type":"Feature","properties":{"a":"RF0498","b":"RF0499"},"geometry":{"type":"LineString","coordinates":[[-79.88592624664307,40.445967286144494],[-79.88603353500365,40.4459999454898]]}},{"type":"Feature","properties":{"a":"RF0498","b":"RF0499"},"geometry":{"type":"LineString","coordinates":[[-79.88603353500365,40.4459999454898],[-79.88629102706909,40.44609792343051]]}},{"type":"Feature","properties":{"a":"RF0498","b":"RF0499"},"geometry":{"type":"LineString","coordinates":[[-79.88629102706909,40.44609792343051],[-79.88637685775755,40.446114253073404]]}},{"type":"Feature","properties":{"a":"RF0499","b":null},"geometry":{"type":"LineString","coordinates":[[-79.88476753234862,40.44604893447801],[-79.88481044769286,40.445967286144494]]}},{"type":"Feature","properties":{"a":"RF0500","b":"RF0506"},"geometry":{"type":"LineString","coordinates":[[-79.88451004028319,40.44407301696414],[-79.8847246170044,40.443664762303534]]}},{"type":"Feature","properties":{"a":"RF0500","b":"RF0505"},"geometry":{"type":"LineString","coordinates":[[-79.88444566726683,40.44415466759871],[-79.88451004028319,40.44407301696414]]}},{"type":"Feature","properties":{"a":"RF0500","b":"RF0505"},"geometry":{"type":"LineString","coordinates":[[-79.88427400588989,40.444481269145165],[-79.88444566726683,40.44415466759871]]}},{"type":"Feature","properties":{"a":"RF0500","b":"RF0501"},"geometry":{"type":"LineString","coordinates":[[-79.88543272018431,40.44485685896175],[-79.88554000854491,40.44462823932333]]}},{"type":"Feature","properties":{"a":"RF0500","b":"RF0501"},"geometry":{"type":"LineString","coordinates":[[-79.88554000854491,40.44462823932333],[-79.88577604293822,40.44421998803495]]}},{"type":"Feature","properties":{"a":"RF0500","b":"RF0501"},"geometry":{"type":"LineString","coordinates":[[-79.88577604293822,40.44421998803495],[-79.8858618736267,40.44405668682533]]}},{"type":"Feature","properties":{"a":"RF0501","b":"RF0502"},"geometry":{"type":"LineString","coordinates":[[-79.88543272018431,40.44485685896175],[-79.8856258392334,40.44492217871561]]}},{"type":"Feature","properties":{"a":"RF0501","b":"RF0502"},"geometry":{"type":"LineString","coordinates":[[-79.8856258392334,40.44492217871561],[-79.88618373870848,40.445118137596346]]}},{"type":"Feature","properties":{"a":"RF0501","b":"RF0502"},"geometry":{"type":"LineString","coordinates":[[-79.88618373870848,40.445118137596346],[-79.88637685775755,40.44518345709629]]}},{"type":"Feature","properties":{"a":"RF0503","b":"RF0508"},"geometry":{"type":"LineString","coordinates":[[-79.88049745559692,40.443223844485026],[-79.88146305084227,40.44355045055423]]}},{"type":"Feature","properties":{"a":"RF0503","b":"RF0508"},"geometry":{"type":"LineString","coordinates":[[-79.88032579421997,40.443174853437775],[-79.88049745559692,40.443223844485026]]}},{"type":"Feature","properties":{"a":"RF0503","b":"RF0508"},"geometry":{"type":"LineString","coordinates":[[-79.8802614212036,40.443142192719776],[-79.88032579421997,40.443174853437775]]}},{"type":"Feature","properties":{"a":"RF0503","b":"RF0504"},"geometry":{"type":"LineString","coordinates":[[-79.87981081008911,40.44394237574252],[-79.88004684448242,40.444007696385064]]}},{"type":"Feature","properties":{"a":"RF0503","b":"RF0504"},"geometry":{"type":"LineString","coordinates":[[-79.88004684448242,40.444007696385064],[-79.88077640533446,40.44425264822927]]}},{"type":"Feature","properties":{"a":"RF0503","b":"RF0504"},"geometry":{"type":"LineString","coordinates":[[-79.88077640533446,40.44425264822927],[-79.88101243972778,40.44433429864565]]}},{"type":"Feature","properties":{"a":"RF0505","b":"RF0506"},"geometry":{"type":"LineString","coordinates":[[-79.88397359848022,40.443909715397446],[-79.88451004028319,40.44407301696414]]}},{"type":"Feature","properties":{"a":"RF0505","b":"RF0506"},"geometry":{"type":"LineString","coordinates":[[-79.8822569847107,40.44333815678976],[-79.88397359848022,40.443909715397446]]}},{"type":"Feature","properties":{"a":"RF0505","b":"RF0506"},"geometry":{"type":"LineString","coordinates":[[-79.88167762756348,40.44315852308076],[-79.8822569847107,40.44333815678976]]}},{"type":"Feature","properties":{"a":"RF0505","b":"RF0508"},"geometry":{"type":"LineString","coordinates":[[-79.88163471221922,40.443223844485026],[-79.88167762756348,40.44315852308076]]}},{"type":"Feature","properties":{"a":"RF0505","b":"RF0508"},"geometry":{"type":"LineString","coordinates":[[-79.88146305084227,40.44355045055423],[-79.88163471221922,40.443223844485026]]}},{"type":"Feature","properties":{"a":"RF0506","b":"RF0507"},"geometry":{"type":"LineString","coordinates":[[-79.88187074661255,40.442815584666924],[-79.88191366195679,40.44273393240576]]}},{"type":"Feature","properties":{"a":"RF0506","b":"RF0507"},"geometry":{"type":"LineString","coordinates":[[-79.88174200057982,40.44307687123616],[-79.88187074661255,40.442815584666924]]}},{"type":"Feature","properties":{"a":"RF0506","b":"RF0507"},"geometry":{"type":"LineString","coordinates":[[-79.88167762756348,40.44315852308076],[-79.88174200057982,40.44307687123616]]}},{"type":"Feature","properties":{"a":"RF0507","b":"RF0508"},"geometry":{"type":"LineString","coordinates":[[-79.88049745559692,40.44273393240576],[-79.88073348999022,40.442831915107256]]}},{"type":"Feature","properties":{"a":"RF0507","b":"RF0508"},"geometry":{"type":"LineString","coordinates":[[-79.88073348999022,40.442831915107256],[-79.88159179687499,40.44312586235482]]}},{"type":"Feature","properties":{"a":"RF0507","b":"RF0508"},"geometry":{"type":"LineString","coordinates":[[-79.88159179687499,40.44312586235482],[-79.88167762756348,40.44315852308076]]}}]}