{
"type": "FeatureCollection",
"name": "SELECT",
"crs": { "type": "name", "properties": { "name": "urn:ogc:def:crs:OGC:1.3:CRS84" } },
"features": [
{"type":"Feature","properties":{"GEOID":"420031306001036","NAME":"Block 1036, Block Group 1, Census Tract 1306, Allegheny County, Pennsylvania","housing_units":14,"pop":38},"geometry":{"type":"MultiPolygon","coordinates":[[[[-79.883400734164965,40.449056958956305],[-79.883394241332994,40.449037195237594],[-79.883522987365723,40.449004537368154],[-79.883565902709961,40.449004537368154],[-79.884016513824463,40.448922892625134],[-79.884037971496568,40.448955550534251],[-79.884039839850459,40.448961948572759],[-79.883400734164965,40.449056958956305]]]]}},
{"type":"Feature","properties":{"GEOID":"420031306001037","NAME":"Block 1037, Block Group 1, Census Tract 1306, Allegheny County, Pennsylvania","housing_units":5,"pop":12},"geometry":{"type":"MultiPolygon","coordinates":[[[[-79.883036023100914,40.449111177435135],[-79.883158206939683,40.449069853091153],[-79.883308410644531,40.449053524166359],[-79.883394241332994,40.449037195237594],[-79.883400734164965,40.449056958956305],[-79.883036023100914,40.449111177435135]]]]}},
{"type":"Feature","properties":{"GEOID":"420031306001038","NAME":"Block 1038, Block Group 1, Census Tract 1306, Allegheny County, Pennsylvania","housing_units":6,"pop":17},"geometry":{"type":"MultiPolygon","coordinates":[[[[-79.882080635349283,40.449212559428567],[-79.882192611694336,40.449184155453665],[-79.882278442382812,40.449184155453665],[-79.882463077217608,40.449174788537597],[-79.882080635349283,40.449212559428567]]]]}},
{"type":"Feature","properties":{"GEOID":"420031306002000","NAME":"Block 2000, Block Group 2, Census Tract 1306, Allegheny County, Pennsylvania","housing_units":143,"pop":297},"geometry":{"type":"MultiPolygon","coordinates":[[[[-79.868471662723636,40.456402427515563],[-79.868266582488999,40.45635215806859],[-79.865841865539551,40.455748050680498],[-79.865915936335782,40.455372308773335],[-79.867631462766482,40.455835490237],[-79.867778722206424,40.455877031892967],[-79.867773056030259,40.455894996220771],[-79.867794513702393,40.456025614208976],[-79.86785888671875,40.456123577533504],[-79.868550108041163,40.456263115714137],[-79.868471662723636,40.456402427515563]]]]}},
{"type":"Feature","properties":{"GEOID":"420031306002005","NAME":"Block 2005, Block Group 2, Census Tract 1306, Allegheny County, Pennsylvania","housing_units":65,"pop":155},"geometry":{"type":"MultiPolygon","coordinates":[[[[-79.871180060565351,40.449383278279065],[-79.870930449405947,40.449386029113896],[-79.870927333831773,40.449380101908531],[-79.872601032257066,40.449380101908531],[-79.872686862945542,40.449363773059119],[-79.873682963581942,40.449460094794219],[-79.871180060565351,40.449383278279065]]]]}},
{"type":"Feature","properties":{"GEOID":"420031306002013","NAME":"Block 2013, Block Group 2, Census Tract 1306, Allegheny County, Pennsylvania","housing_units":0,"pop":0},"geometry":{"type":"MultiPolygon","coordinates":[[[[-79.867397601653607,40.44942496279247],[-79.866774836979502,40.451085947605733],[-79.867129325866699,40.449396430753978],[-79.867558479309082,40.449380101908531],[-79.867581412245798,40.449422937111486],[-79.867397601653607,40.44942496279247]]]]}},
{"type":"Feature","properties":{"GEOID":"420031306002014","NAME":"Block 2014, Block Group 2, Census Tract 1306, Allegheny County, Pennsylvania","housing_units":13,"pop":27},"geometry":{"type":"MultiPolygon","coordinates":[[[[-79.867581412245798,40.449422937111486],[-79.867558479309082,40.449380101908531],[-79.868288040161133,40.449396430753978],[-79.868294992318695,40.449415073116448],[-79.867581412245798,40.449422937111486]]]]}},
{"type":"Feature","properties":{"GEOID":"420031308001034","NAME":"Block 1034, Block Group 1, Census Tract 1308, Allegheny County, Pennsylvania","housing_units":9,"pop":19},"geometry":{"type":"MultiPolygon","coordinates":[[[[-79.884847701237774,40.448906171348526],[-79.884630837148393,40.449311595320502],[-79.884577959324588,40.449291711474977],[-79.884660243988037,40.449135168750679],[-79.884831905364976,40.448841247782923],[-79.884875029816826,40.448859353725432],[-79.884847701237774,40.448906171348526]]]]}},
{"type":"Feature","properties":{"GEOID":"420031308001035","NAME":"Block 1035, Block Group 1, Census Tract 1308, Allegheny County, Pennsylvania","housing_units":15,"pop":24},"geometry":{"type":"MultiPolygon","coordinates":[[[[-79.884875029816826,40.448859353725432],[-79.884831905364976,40.448841247782923],[-79.884939193725586,40.448645299756969],[-79.885025024414048,40.448482009298914],[-79.885083025968882,40.448503027645224],[-79.884875029816826,40.448859353725432]]]]}},
{"type":"Feature","properties":{"GEOID":"420031308001036","NAME":"Block 1036, Block Group 1, Census Tract 1308, Allegheny County, Pennsylvania","housing_units":29,"pop":40},"geometry":{"type":"MultiPolygon","coordinates":[[[[-79.885511172652116,40.447717301882108],[-79.885303591752887,40.448125168052776],[-79.885083025968882,40.448503027645224],[-79.885025024414048,40.448482009298914],[-79.885067939758301,40.448416693004603],[-79.885196685791001,40.448171756335576],[-79.885239601135254,40.448106439739746],[-79.885303974151611,40.448024793905688],[-79.885411262512207,40.447779855808399],[-79.885454177856431,40.447698209577602],[-79.885511397708214,40.447716871366111],[-79.885511172652116,40.447717301882108]]]]}},
{"type":"Feature","properties":{"GEOID":"420031308001037","NAME":"Block 1037, Block Group 1, Census Tract 1308, Allegheny County, Pennsylvania","housing_units":30,"pop":76},"geometry":{"type":"MultiPolygon","coordinates":[[[[-79.885934943005935,40.446916629201333],[-79.885717741150017,40.447322151311347],[-79.885511397708214,40.447716871366111],[-79.885454177856431,40.447698209577602],[-79.88558292388916,40.447518587520712],[-79.885647296905518,40.447387952995996],[-79.885733127593994,40.447224659483034],[-79.885883331298814,40.446979718469699],[-79.885904788970947,40.44694705960049],[-79.885926246643066,40.446898071266894],[-79.886054992675781,40.44694705960049],[-79.886218740626532,40.447005212441141],[-79.885934943005935,40.446916629201333]]]]}},
{"type":"Feature","properties":{"GEOID":"420031308003040","NAME":"Block 3040, Block Group 3, Census Tract 1308, Allegheny County, Pennsylvania","housing_units":0,"pop":0},"geometry":{"type":"MultiPolygon","coordinates":[[[[-79.888412251122261,40.447787845055053],[-79.888544082641602,40.447845172721621],[-79.888994693756089,40.448335047547445],[-79.889810085296631,40.449053524166359],[-79.890432357788072,40.449461746096105],[-79.891076087951646,40.449771993104321],[-79.891076087951646,40.449819779240876],[-79.890962679802158,40.449784230026587],[-79.890193642867217,40.449543100218854],[-79.88917711378329,40.44869630997335],[-79.88858745251062,40.447995940342047],[-79.888586997985826,40.44799213554429],[-79.888501167297363,40.447845172721621],[-79.888417770927745,40.447794401198912],[-79.888412251122261,40.447787845055053]]]]}},
{"type":"Feature","properties":{"GEOID":"420031308003048","NAME":"Block 3048, Block Group 3, Census Tract 1308, Allegheny County, Pennsylvania","housing_units":0,"pop":0},"geometry":{"type":"MultiPolygon","coordinates":[[[[-79.891076087951646,40.449819779240876],[-79.891076087951646,40.449771993104321],[-79.891161918640137,40.449820979343116],[-79.891334947653704,40.449900922078143],[-79.891076087951646,40.449819779240876]]]]}},
{"type":"Feature","properties":{"GEOID":"420031308003050","NAME":"Block 3050, Block Group 3, Census Tract 1308, Allegheny County, Pennsylvania","housing_units":1,"pop":5},"geometry":{"type":"MultiPolygon","coordinates":[[[[-79.888372100219527,40.44774015585746],[-79.888336758581303,40.447721821669063],[-79.888372421264634,40.44773086808182],[-79.888381249519043,40.447751022929495],[-79.888372100219527,40.44774015585746]]],[[[-79.888417770927745,40.447794401198912],[-79.888501167297363,40.447845172721621],[-79.888586997985826,40.44799213554429],[-79.88858745251062,40.447995940342047],[-79.888417770927745,40.447794401198912]]]]}},
{"type":"Feature","properties":{"GEOID":"420031412002050","NAME":"Block 2050, Block Group 2, Census Tract 1412, Allegheny County, Pennsylvania","housing_units":7,"pop":2},"geometry":{"type":"MultiPolygon","coordinates":[[[[-79.895276348187934,40.436478928442476],[-79.895367622375502,40.43597278109025],[-79.895383611215607,40.43597278109025],[-79.895276348187934,40.436478928442476]]]]}},
{"type":"Feature","properties":{"GEOID":"420031412002052","NAME":"Block 2052, Block Group 2, Census Tract 1412, Allegheny County, Pennsylvania","housing_units":10,"pop":16},"geometry":{"type":"MultiPolygon","coordinates":[[[[-79.895383611215607,40.43597278109025],[-79.895367622375502,40.43597278109025],[-79.895389080047622,40.435891120517752],[-79.895560741424561,40.434960182981492],[-79.895590903724653,40.434994619678299],[-79.895383611215607,40.43597278109025]]]]}},
{"type":"Feature","properties":{"GEOID":"420031412002053","NAME":"Block 2053, Block Group 2, Census Tract 1412, Allegheny County, Pennsylvania","housing_units":15,"pop":35},"geometry":{"type":"MultiPolygon","coordinates":[[[[-79.895594993481708,40.434975321139468],[-79.895590903724653,40.434994619678299],[-79.895560741424561,40.434960182981492],[-79.895567238418948,40.434932366417712],[-79.895594993481708,40.434975321139468]]]]}},
{"type":"Feature","properties":{"GEOID":"420035154013000","NAME":"Block 3000, Block Group 3, Census Tract 5154.01, Allegheny County, Pennsylvania","housing_units":11,"pop":21},"geometry":{"type":"MultiPolygon","coordinates":[[[[-79.895501843576639,40.434836718167517],[-79.895546874325177,40.434900850222292],[-79.895567238418948,40.434932366417712],[-79.895560741424561,40.434960182981492],[-79.895480821530143,40.43480810668575],[-79.895501843576639,40.434836718167517]]],[[[-79.895296221903024,40.434560705194293],[-79.895423011918865,40.434729426494513],[-79.895440267234804,40.434752911370616],[-79.895346164703383,40.434633535177241],[-79.895259349661387,40.434510187371991],[-79.895296221903024,40.434560705194293]]]]}},
{"type":"Feature","properties":{"GEOID":"420035161001000","NAME":"Block 1000, Block Group 1, Census Tract 5161, Allegheny County, Pennsylvania","housing_units":0,"pop":0},"geometry":{"type":"MultiPolygon","coordinates":[[[[-79.885910546323899,40.436685017789536],[-79.885947704315186,40.436854708953433],[-79.885904788970947,40.436871040841808],[-79.885776042938218,40.436838377061093],[-79.885757173278819,40.436743586805655],[-79.885910546323899,40.436685017789536]]]]}},
{"type":"Feature","properties":{"GEOID":"420035161001001","NAME":"Block 1001, Block Group 1, Census Tract 5161, Allegheny County, Pennsylvania","housing_units":84,"pop":120},"geometry":{"type":"MultiPolygon","coordinates":[[[[-79.890481266110768,40.43493958357238],[-79.89058256149292,40.435074509338079],[-79.890646934509277,40.435172503203304],[-79.890561103820801,40.435205167793313],[-79.889960289001465,40.435466483942072],[-79.88957405090332,40.435613473829449],[-79.889552593231201,40.435597141635604],[-79.888672828674302,40.435891120517752],[-79.888608455657945,40.43592378475865],[-79.88772869110106,40.436217762212635],[-79.887170791625962,40.436430078463353],[-79.885969161987305,40.436854708953433],[-79.885947704315186,40.436854708953433],[-79.885910546323899,40.436685017789536],[-79.890481266110768,40.43493958357238]]]]}},
{"type":"Feature","properties":{"GEOID":"420035161001006","NAME":"Block 1006, Block Group 1, Census Tract 5161, Allegheny County, Pennsylvania","housing_units":6,"pop":11},"geometry":{"type":"MultiPolygon","coordinates":[[[[-79.891468937041523,40.434562418767221],[-79.891612529754624,40.434764194489361],[-79.891526699066162,40.434796859277718],[-79.891161918640137,40.434960182981492],[-79.891119003295884,40.434976515330042],[-79.891054630279527,40.434862188806832],[-79.890970159698512,40.434752888339155],[-79.891468937041523,40.434562418767221]]]]}},
{"type":"Feature","properties":{"GEOID":"420035161001007","NAME":"Block 1007, Block Group 1, Census Tract 5161, Allegheny County, Pennsylvania","housing_units":6,"pop":9},"geometry":{"type":"MultiPolygon","coordinates":[[[[-79.890970159698512,40.434752888339155],[-79.891054630279527,40.434862188806832],[-79.891119003295884,40.434976515330042],[-79.891097545623765,40.434992847674643],[-79.890711307525621,40.435139838597436],[-79.890646934509277,40.435172503203304],[-79.89058256149292,40.435074509338079],[-79.890481266110768,40.43493958357238],[-79.890970159698512,40.434752888339155]]]]}},
{"type":"Feature","properties":{"GEOID":"420035161001009","NAME":"Block 1009, Block Group 1, Census Tract 5161, Allegheny County, Pennsylvania","housing_units":32,"pop":104},"geometry":{"type":"MultiPolygon","coordinates":[[[[-79.89246718114758,40.434181216352492],[-79.892578124999986,40.434339550796651],[-79.892578124999986,40.434372215791313],[-79.892106056213365,40.434568205425968],[-79.892063140869126,40.434584537869725],[-79.891698360443115,40.434731529685124],[-79.891612529754624,40.434764194489361],[-79.891468937041523,40.434562418767221],[-79.89246718114758,40.434181216352492]]],[[[-79.892578125,40.434339550796651],[-79.892599582672119,40.434355883295964],[-79.892578125,40.434372215791313],[-79.892578125,40.434339550796651]]]]}},
{"type":"Feature","properties":{"GEOID":"420035161001010","NAME":"Block 1010, Block Group 1, Census Tract 5161, Allegheny County, Pennsylvania","housing_units":40,"pop":80},"geometry":{"type":"MultiPolygon","coordinates":[[[[-79.893467682871758,40.433799151814497],[-79.89356517791748,40.433947569623136],[-79.893500804901137,40.433980234808203],[-79.893264770507812,40.434078230268199],[-79.89307165145874,40.434159893042441],[-79.893050193786635,40.434159893042441],[-79.892663955688491,40.434323218293379],[-79.892599582672119,40.434355883295964],[-79.892578125,40.434339550796651],[-79.892578125,40.434138849897053],[-79.893467682871758,40.433799151814497]]],[[[-79.892578124999986,40.43413884989706],[-79.892578124999986,40.434339550796651],[-79.89246718114758,40.434181216352492],[-79.892578124999986,40.43413884989706]]]]}},
{"type":"Feature","properties":{"GEOID":"420035161001029","NAME":"Block 1029, Block Group 1, Census Tract 5161, Allegheny County, Pennsylvania","housing_units":3,"pop":9},"geometry":{"type":"MultiPolygon","coordinates":[[[[-79.894463361463778,40.433418929100164],[-79.894542715888349,40.433527749030013],[-79.894487857818604,40.433555586164559],[-79.894101619720459,40.433718912883322],[-79.894058704376235,40.433735245533384],[-79.893960678474301,40.433610890132805],[-79.894463361463778,40.433418929100164]]]]}},
{"type":"Feature","properties":{"GEOID":"420035161001030","NAME":"Block 1030, Block Group 1, Census Tract 5161, Allegheny County, Pennsylvania","housing_units":10,"pop":23},"geometry":{"type":"MultiPolygon","coordinates":[[[[-79.893960678474301,40.433610890132805],[-79.894058704376235,40.433735245533384],[-79.893651008605971,40.433914904422188],[-79.89356517791748,40.433947569623136],[-79.893467682871758,40.433799151814497],[-79.893960678474301,40.433610890132805]]]]}},
{"type":"Feature","properties":{"GEOID":"420035162001000","NAME":"Block 1000, Block Group 1, Census Tract 5162, Allegheny County, Pennsylvania","housing_units":80,"pop":154},"geometry":{"type":"MultiPolygon","coordinates":[[[[-79.876495469356598,40.434686625877951],[-79.877269479749899,40.435159768162997],[-79.877150058746324,40.43527049692571],[-79.876356124877915,40.434780526885525],[-79.875578891263899,40.434954522508612],[-79.876495469356598,40.434686625877951]]],[[[-79.872403376437788,40.433384924249957],[-79.873970174837225,40.433806923141496],[-79.874377211792506,40.435223536823742],[-79.874167442321763,40.43527049692571],[-79.874231815338135,40.435009180015264],[-79.874038696289048,40.434192558124359],[-79.872193336486802,40.433751578179468],[-79.872379288683788,40.433376498205583],[-79.872403376437788,40.433384924249957]]]]}},
{"type":"Feature","properties":{"GEOID":"420035162001003","NAME":"Block 1003, Block Group 1, Census Tract 5162, Allegheny County, Pennsylvania","housing_units":17,"pop":42},"geometry":{"type":"MultiPolygon","coordinates":[[[[-79.879185220893888,40.433998250408401],[-79.879124164581299,40.43402923255605],[-79.877536296844468,40.435499148389262],[-79.877150058746324,40.43527049692571],[-79.877269479749899,40.435159768162997],[-79.877593434314306,40.435357797290486],[-79.879146214221009,40.433980460097374],[-79.879171200677973,40.43398996936449],[-79.879185220893888,40.433998250408401]]]]}},
{"type":"Feature","properties":{"GEOID":"420035162001007","NAME":"Block 1007, Block Group 1, Census Tract 5162, Allegheny County, Pennsylvania","housing_units":16,"pop":39},"geometry":{"type":"MultiPolygon","coordinates":[[[[-79.879244294725098,40.434033142381061],[-79.87923145294188,40.43402923255605],[-79.879209898052068,40.434012825977831],[-79.879244294725098,40.434033142381061]]],[[[-79.879149766442353,40.433977309228048],[-79.879171200677973,40.43398996936449],[-79.879146214221009,40.433980460097374],[-79.879149766442353,40.433977309228048]]]]}},
{"type":"Feature","properties":{"GEOID":"420035162001011","NAME":"Block 1011, Block Group 1, Census Tract 5162, Allegheny County, Pennsylvania","housing_units":2,"pop":12},"geometry":{"type":"MultiPolygon","coordinates":[[[[-79.885598240700205,40.436777669563831],[-79.885604381561279,40.436805713264519],[-79.884976778594165,40.436641509752228],[-79.885598240700205,40.436777669563831]]]]}},
{"type":"Feature","properties":{"GEOID":"420035162001012","NAME":"Block 1012, Block Group 1, Census Tract 5162, Allegheny County, Pennsylvania","housing_units":0,"pop":0},"geometry":{"type":"MultiPolygon","coordinates":[[[[-79.885642518024753,40.43678737054497],[-79.885757173278819,40.436743586805655],[-79.885776042938218,40.436838377061093],[-79.885604381561279,40.436805713264519],[-79.885598240700205,40.436777669563831],[-79.885642518024753,40.43678737054497]]]]}},
{"type":"Feature","properties":{"GEOID":"420035170001000","NAME":"Block 1000, Block Group 1, Census Tract 5170, Allegheny County, Pennsylvania","housing_units":0,"pop":0},"geometry":{"type":"MultiPolygon","coordinates":[[[[-79.872379288683788,40.433376498205583],[-79.872193336486802,40.433751578179468],[-79.871914386749253,40.433686247571302],[-79.87200021743773,40.433539253470862],[-79.871592521667466,40.433375926315712],[-79.870541095733628,40.432918608170809],[-79.87071142962094,40.432793070856164],[-79.872379288683788,40.433376498205583]]]]}},
{"type":"Feature","properties":{"GEOID":"420035180011000","NAME":"Block 1000, Block Group 1, Census Tract 5180.01, Allegheny County, Pennsylvania","housing_units":0,"pop":0},"geometry":{"type":"MultiPolygon","coordinates":[[[[-79.865411233321254,40.432623490595354],[-79.865627288818345,40.432787945272437],[-79.865541458129869,40.432885942470023],[-79.865325240303576,40.432746051138466],[-79.865411233321254,40.432623490595354]]]]}},
{"type":"Feature","properties":{"GEOID":"420035180011001","NAME":"Block 1001, Block Group 1, Census Tract 5180.01, Allegheny County, Pennsylvania","housing_units":88,"pop":164},"geometry":{"type":"MultiPolygon","coordinates":[[[[-79.866430510453029,40.431170777779535],[-79.868959540898558,40.432174658192849],[-79.86884593963623,40.43221629210683],[-79.868481159210205,40.43205296173835],[-79.86674308776854,40.431317970170994],[-79.865627288818345,40.432787945272437],[-79.865411233321254,40.432623490595354],[-79.866430510453029,40.431170777779535]]]]}},
{"type":"Feature","properties":{"GEOID":"420035180012002","NAME":"Block 2002, Block Group 2, Census Tract 5180.01, Allegheny County, Pennsylvania","housing_units":65,"pop":117},"geometry":{"type":"MultiPolygon","coordinates":[[[[-79.86378428342104,40.434942281920151],[-79.863867759704576,40.435074509338079],[-79.863824844360337,40.435139838597436],[-79.863116741180406,40.436087105725107],[-79.861485958099351,40.438226573746931],[-79.861414328023372,40.438320033143789],[-79.86378428342104,40.434942281920151]]]]}},
{"type":"Feature","properties":{"GEOID":"420035180012014","NAME":"Block 2014, Block Group 2, Census Tract 5180.01, Allegheny County, Pennsylvania","housing_units":0,"pop":0},"geometry":{"type":"MultiPolygon","coordinates":[[[[-79.865325240303576,40.432746051138466],[-79.865541458129869,40.432885942470023],[-79.865477085113525,40.432983939524782],[-79.865412712097168,40.433065603628002],[-79.865326881408677,40.433147267632037],[-79.865176677703857,40.432983939524782],[-79.865163821713764,40.432976111096465],[-79.865325240303576,40.432746051138466]]]]}},
{"type":"Feature","properties":{"GEOID":"420035190002003","NAME":"Block 2003, Block Group 2, Census Tract 5190, Allegheny County, Pennsylvania","housing_units":96,"pop":179},"geometry":{"type":"MultiPolygon","coordinates":[[[[-79.861352938718099,40.438407527533442],[-79.861414328023372,40.438320033143789],[-79.861485958099351,40.438226573746931],[-79.862129688262925,40.438095921163097],[-79.863116741180406,40.43788361017284],[-79.863438606262207,40.437818283579418],[-79.863276726288078,40.437926359918855],[-79.861352938718099,40.438407527533442]]]]}},
{"type":"Feature","properties":{"GEOID":"420035190003020","NAME":"Block 3020, Block Group 3, Census Tract 5190, Allegheny County, Pennsylvania","housing_units":0,"pop":0},"geometry":{"type":"MultiPolygon","coordinates":[[[[-79.857932765868881,40.442673782032657],[-79.858185321761553,40.442607190430152],[-79.858310222625732,40.442733932405758],[-79.857976477954765,40.442835531486793],[-79.857932765868881,40.442673782032657]]]]}},
{"type":"Feature","properties":{"GEOID":"420035190003025","NAME":"Block 3025, Block Group 3, Census Tract 5190, Allegheny County, Pennsylvania","housing_units":0,"pop":0},"geometry":{"type":"MultiPolygon","coordinates":[[[[-79.863276726288078,40.437926359918855],[-79.863438606262207,40.437818283579418],[-79.863803386688218,40.43773662524837],[-79.863663892179247,40.437829524025325],[-79.863276726288078,40.437926359918855]]]]}},
{"type":"Feature","properties":{"GEOID":"420035190003026","NAME":"Block 3026, Block Group 3, Census Tract 5190, Allegheny County, Pennsylvania","housing_units":53,"pop":108},"geometry":{"type":"MultiPolygon","coordinates":[[[[-79.864829062236467,40.437538097827456],[-79.863663892179247,40.437829524025325],[-79.863803386688218,40.43773662524837],[-79.864597320556641,40.437556976570974],[-79.8651123046875,40.437458986180971],[-79.864111795006536,40.437983412388554],[-79.864829062236467,40.437538097827456]]],[[[-79.862410535183542,40.438880579402337],[-79.862664934212418,40.438753266140914],[-79.86217996173869,40.439039645347883],[-79.862410535183542,40.438880579402337]]],[[[-79.861649985487261,40.439632059460223],[-79.862086772918687,40.4415254673441],[-79.861852903243857,40.441605563122955],[-79.861649985487261,40.439632059460223]]],[[[-79.861350369356927,40.441772659946061],[-79.86060619354248,40.442015388230743],[-79.859318733215318,40.442423652908779],[-79.858374595642076,40.442701271473517],[-79.858310222625732,40.442733932405758],[-79.858185321761553,40.442607190430152],[-79.861350369356927,40.441772659946061]]]]}},
{"type":"Feature","properties":{"GEOID":"420035231003016","NAME":"Block 3016, Block Group 3, Census Tract 5231, Allegheny County, Pennsylvania","housing_units":0,"pop":0},"geometry":{"type":"MultiPolygon","coordinates":[[[[-79.867341539593383,40.458409424160678],[-79.867095619288563,40.458417008371043],[-79.868116378784165,40.456711354481136],[-79.868073463439927,40.456695027413133],[-79.868266582488999,40.45635215806859],[-79.868471662723636,40.456402427515563],[-79.867341539593383,40.458409424160678]]]]}},
{"type":"Feature","properties":{"GEOID":"420035232003006","NAME":"Block 3006, Block Group 3, Census Tract 5232, Allegheny County, Pennsylvania","housing_units":68,"pop":126},"geometry":{"type":"MultiPolygon","coordinates":[[[[-79.856936050026846,40.457420011581128],[-79.855542222235385,40.457445402891082],[-79.855544006159747,40.457380718167499],[-79.856936931610093,40.457348107038442],[-79.85713005065918,40.457282799361579],[-79.857022762298584,40.457380760853077],[-79.856942607304887,40.457441749849139],[-79.856936050026846,40.457420011581128]]]]}},
{"type":"Feature","properties":{"GEOID":"420035232004000","NAME":"Block 4000, Block Group 4, Census Tract 5232, Allegheny County, Pennsylvania","housing_units":141,"pop":305},"geometry":{"type":"MultiPolygon","coordinates":[[[[-79.859873793432513,40.459060008163242],[-79.859802761846368,40.459510988807686],[-79.857577291731161,40.459545814991017],[-79.857402585483072,40.458966640031839],[-79.857430458068833,40.458980778328382],[-79.857881069183335,40.458980778328382],[-79.858009815216064,40.459405266364769],[-79.859619140624986,40.45935628711284],[-79.859619140624986,40.458882819169865],[-79.859962463378892,40.458866492629554],[-79.860112667083726,40.458866492629554],[-79.860117347433047,40.45905167109499],[-79.859873793432513,40.459060008163242]]]]}},
{"type":"Feature","properties":{"GEOID":"420035232004002","NAME":"Block 4002, Block Group 4, Census Tract 5232, Allegheny County, Pennsylvania","housing_units":46,"pop":89},"geometry":{"type":"MultiPolygon","coordinates":[[[[-79.860900976535717,40.458608051863017],[-79.860865713169247,40.459026053875789],[-79.860117347433047,40.45905167109499],[-79.860112667083726,40.458866492629554],[-79.860649108886705,40.458833839537029],[-79.8606276512146,40.458588940837281],[-79.861292839050293,40.458588940837281],[-79.861293159786101,40.458595956886661],[-79.860900976535717,40.458608051863017]]]]}},
{"type":"Feature","properties":{"GEOID":"420035232004003","NAME":"Block 4003, Block Group 4, Census Tract 5232, Allegheny County, Pennsylvania","housing_units":42,"pop":75},"geometry":{"type":"MultiPolygon","coordinates":[[[[-79.861293159786101,40.458595956886661],[-79.861292839050293,40.458588940837281],[-79.861845017645763,40.458578937527065],[-79.861293159786101,40.458595956886661]]]]}},
{"type":"Feature","properties":{"GEOID":"420035232004006","NAME":"Block 4006, Block Group 4, Census Tract 5232, Allegheny County, Pennsylvania","housing_units":9,"pop":23},"geometry":{"type":"MultiPolygon","coordinates":[[[[-79.856942607304887,40.457441749849139],[-79.857022762298584,40.457380760853077],[-79.85713005065918,40.457282799361579],[-79.857280254363999,40.45723381856228],[-79.85751628875731,40.457919546503099],[-79.857881069183335,40.458980778328382],[-79.857430458068833,40.458980778328382],[-79.857402585483072,40.458966640031839],[-79.856942607304887,40.457441749849139]]]]}},
{"type":"Feature","properties":{"GEOID":"420035604001000","NAME":"Block 1000, Block Group 1, Census Tract 5604, Allegheny County, Pennsylvania","housing_units":0,"pop":0},"geometry":{"type":"MultiPolygon","coordinates":[[[[-79.888250747602214,40.447677201737065],[-79.888479709625244,40.447714538831697],[-79.888436794281006,40.447616563247614],[-79.887943267822266,40.44694705960049],[-79.887642860412583,40.446473504213429],[-79.887363910675035,40.445885637711804],[-79.887256622314439,40.445624362060656],[-79.887256622314439,40.445477394060553],[-79.887621402740479,40.445608032298736],[-79.887814521789551,40.445689681068657],[-79.888072013854966,40.445787659461644],[-79.888136386871338,40.44593462678332],[-79.888265132904039,40.446114253073404],[-79.88882303237915,40.44694705960049],[-79.889938831329346,40.448188085474612],[-79.890432357788072,40.448661628780954],[-79.891376495361314,40.449412759595461],[-79.892393983830004,40.45007864331069],[-79.892363323111709,40.450223279331027],[-79.891334947653704,40.449900922078143],[-79.891161918640137,40.449820979343116],[-79.891076087951646,40.449771993104321],[-79.890432357788072,40.449461746096105],[-79.889810085296631,40.449053524166359],[-79.888994693756089,40.448335047547445],[-79.888544082641602,40.447845172721621],[-79.888412251122261,40.447787845055053],[-79.888381249519043,40.447751022929495],[-79.888372421264634,40.44773086808182],[-79.888336758581303,40.447721821669063],[-79.888250747602214,40.447677201737065]]]]}},
{"type":"Feature","properties":{"GEOID":"420035604001001","NAME":"Block 1001, Block Group 1, Census Tract 5604, Allegheny County, Pennsylvania","housing_units":0,"pop":0},"geometry":{"type":"MultiPolygon","coordinates":[[[[-79.892393983830004,40.45007864331069],[-79.891376495361314,40.449412759595461],[-79.890432357788072,40.448661628780954],[-79.889938831329346,40.448188085474612],[-79.88882303237915,40.44694705960049],[-79.888265132904039,40.446114253073404],[-79.888136386871338,40.44593462678332],[-79.888072013854966,40.445787659461644],[-79.88798618316649,40.44564069181861],[-79.887557029724107,40.444791539144404],[-79.887685775756822,40.444660899319288],[-79.887707233428941,40.444660899319288],[-79.887793064117432,40.444693559299367],[-79.887814521789551,40.444693559299367],[-79.888072013854966,40.445330425739108],[-79.888479709625244,40.446032604819244],[-79.88884449005127,40.446571481463813],[-79.889144897460938,40.44694705960049],[-79.889917373657227,40.44781251427294],[-79.890754222869859,40.44857998362135],[-79.891612529754624,40.449249471002091],[-79.892447840425646,40.449824585216234],[-79.892393983830004,40.45007864331069]]]]}},
{"type":"Feature","properties":{"GEOID":"420035604001002","NAME":"Block 1002, Block Group 1, Census Tract 5604, Allegheny County, Pennsylvania","housing_units":0,"pop":0},"geometry":{"type":"MultiPolygon","coordinates":[[[[-79.888068073496441,40.447582435856425],[-79.886436901823757,40.447073308239872],[-79.886218740626532,40.447005212441141],[-79.886054992675781,40.44694705960049],[-79.885926246643066,40.446898071266894],[-79.885969161987305,40.446832753433235],[-79.88609790802002,40.446587810991659],[-79.886162281036363,40.446522492856467],[-79.886376857757554,40.446114253073404],[-79.886462688446045,40.445967286144494],[-79.886741638183594,40.445493723854213],[-79.886827468872056,40.445330425739108],[-79.887192249298081,40.445461064262929],[-79.887256622314439,40.445477394060553],[-79.887256622314439,40.445624362060656],[-79.887363910675035,40.445885637711804],[-79.887642860412583,40.446473504213429],[-79.887943267822266,40.44694705960049],[-79.888436794281006,40.447616563247614],[-79.888479709625244,40.447714538831697],[-79.888250747602214,40.447677201737065],[-79.888068073496441,40.447582435856425]]]]}},
{"type":"Feature","properties":{"GEOID":"420035604001003","NAME":"Block 1003, Block Group 1, Census Tract 5604, Allegheny County, Pennsylvania","housing_units":0,"pop":0},"geometry":{"type":"MultiPolygon","coordinates":[[[[-79.887192249298081,40.445461064262929],[-79.886827468872056,40.445330425739108],[-79.887149333953857,40.444758879211925],[-79.887170791625962,40.444611909319413],[-79.887127876281738,40.444464939105536],[-79.887342453002915,40.444530259240267],[-79.887471199035645,40.44457924929965],[-79.887578487396226,40.444611909319413],[-79.887642860412583,40.444644569323287],[-79.887685775756822,40.444660899319288],[-79.887557029724107,40.444791539144404],[-79.887471199035645,40.444971168489353],[-79.887471199035645,40.445036488132132],[-79.887256622314439,40.445477394060553],[-79.887192249298081,40.445461064262929]]]]}},
{"type":"Feature","properties":{"GEOID":"420035604001004","NAME":"Block 1004, Block Group 1, Census Tract 5604, Allegheny County, Pennsylvania","housing_units":0,"pop":0},"geometry":{"type":"MultiPolygon","coordinates":[[[[-79.887814521789551,40.445689681068657],[-79.887621402740479,40.445608032298736],[-79.887256622314439,40.445477394060553],[-79.887471199035645,40.445036488132132],[-79.887471199035645,40.444971168489353],[-79.887557029724107,40.444791539144404],[-79.88798618316649,40.44564069181861],[-79.888072013854966,40.445787659461644],[-79.887814521789551,40.445689681068657]]]]}},
{"type":"Feature","properties":{"GEOID":"420035604001005","NAME":"Block 1005, Block Group 1, Census Tract 5604, Allegheny County, Pennsylvania","housing_units":0,"pop":0},"geometry":{"type":"MultiPolygon","coordinates":[[[[-79.892447840425646,40.449824585216234],[-79.891612529754624,40.449249471002091],[-79.890754222869859,40.44857998362135],[-79.889917373657227,40.44781251427294],[-79.889144897460938,40.44694705960049],[-79.88884449005127,40.446571481463813],[-79.888479709625244,40.446032604819244],[-79.888072013854966,40.445330425739108],[-79.887814521789551,40.444693559299367],[-79.887878894805894,40.444709889283459],[-79.888050556182847,40.44477520918015],[-79.888114929199219,40.444791539144404],[-79.888415336608873,40.444889518846608],[-79.88873720169066,40.445003828318676],[-79.88957405090332,40.445281436227212],[-79.889659881591783,40.445314095905772],[-79.890968799591064,40.445738670282992],[-79.891312122344971,40.445852978310953],[-79.890904426574707,40.446587810991659],[-79.89081859588623,40.446767435536096],[-79.890711307525621,40.44694705960049],[-79.890325069427476,40.447632892521554],[-79.892277717590318,40.448286060225549],[-79.892406463623033,40.448384034833637],[-79.892578124999986,40.448449351159688],[-79.892578124999986,40.449209992884647],[-79.892447840425646,40.449824585216234]]],[[[-79.892578125,40.449209992884583],[-79.892578125,40.448449351159688],[-79.892728328704834,40.448498338362569],[-79.892728951830108,40.448498496426467],[-79.892578125,40.449209992884583]]]]}},
{"type":"Feature","properties":{"GEOID":"420035604001006","NAME":"Block 1006, Block Group 1, Census Tract 5604, Allegheny County, Pennsylvania","housing_units":0,"pop":0},"geometry":{"type":"MultiPolygon","coordinates":[[[[-79.892728951830108,40.448498496426467],[-79.892728328704834,40.448498338362569],[-79.892578125,40.448449351159688],[-79.892578125,40.448024793905688],[-79.892814159393325,40.447747197327985],[-79.892919317102297,40.44760048499969],[-79.892728951830108,40.448498496426467]]],[[[-79.892578124999986,40.448024793905688],[-79.892578124999986,40.448449351159688],[-79.892406463623033,40.448384034833637],[-79.892342090606689,40.448335047547445],[-79.892578124999986,40.448024793905688]]]]}},
{"type":"Feature","properties":{"GEOID":"420035604001007","NAME":"Block 1007, Block Group 1, Census Tract 5604, Allegheny County, Pennsylvania","housing_units":4,"pop":32},"geometry":{"type":"MultiPolygon","coordinates":[[[[-79.892919317102297,40.44760048499969],[-79.892814159393325,40.447747197327985],[-79.892578125,40.448024793905688],[-79.892578125,40.44694705960049],[-79.892578125,40.44627754928419],[-79.892814159393325,40.446359197240795],[-79.893093109130859,40.44644084509823],[-79.893157368830387,40.446477521921722],[-79.892919317102297,40.44760048499969]]],[[[-79.891612529754624,40.445967286144494],[-79.892513751983643,40.446261219680956],[-79.892578124999986,40.44627754928419],[-79.892578124999986,40.44694705960049],[-79.892578124999986,40.448024793905688],[-79.892342090606689,40.448335047547445],[-79.892277717590318,40.448286060225549],[-79.890325069427476,40.447632892521554],[-79.890711307525621,40.44694705960049],[-79.89081859588623,40.446767435536096],[-79.890904426574707,40.446587810991659],[-79.891312122344971,40.445852978310953],[-79.891612529754624,40.445967286144494]]]]}},
{"type":"Feature","properties":{"GEOID":"420035604001008","NAME":"Block 1008, Block Group 1, Census Tract 5604, Allegheny County, Pennsylvania","housing_units":5,"pop":95},"geometry":{"type":"MultiPolygon","coordinates":[[[[-79.890968799591064,40.445738670282992],[-79.889659881591783,40.445314095905772],[-79.88957405090332,40.445281436227212],[-79.889745712280259,40.444954838568734],[-79.889810085296631,40.444873188906165],[-79.889853000640869,40.444791539144404],[-79.889981746673556,40.444562919283818],[-79.890067577362046,40.444399618907319],[-79.890196323394775,40.444170997713726],[-79.890239238739014,40.444089347098988],[-79.89058256149292,40.444203657931851],[-79.891591072082505,40.444530259240267],[-79.891934394836412,40.444644569323287],[-79.891891479492188,40.444726219263586],[-79.891848564147949,40.444889518846608],[-79.891762733459458,40.445052818032906],[-79.891655445098877,40.445216116822465],[-79.891397953033433,40.445706010810738],[-79.891312122344971,40.445852978310953],[-79.890968799591064,40.445738670282992]]]]}},
{"type":"Feature","properties":{"GEOID":"420035604001009","NAME":"Block 1009, Block Group 1, Census Tract 5604, Allegheny County, Pennsylvania","housing_units":32,"pop":62},"geometry":{"type":"MultiPolygon","coordinates":[[[[-79.891312122344971,40.445852978310953],[-79.891397953033433,40.445706010810738],[-79.891655445098877,40.445216116822465],[-79.891762733459458,40.445052818032906],[-79.891891479492188,40.445101807711431],[-79.89232063293457,40.445232446679604],[-79.892449378967271,40.445281436227212],[-79.892578124999986,40.445314095905772],[-79.892578124999986,40.44627754928419],[-79.892513751983643,40.446261219680956],[-79.891612529754624,40.445967286144494],[-79.891312122344971,40.445852978310953]]],[[[-79.892964363098159,40.445444734461333],[-79.89307165145874,40.445477394060553],[-79.893028736114516,40.445657021572586],[-79.892878532409668,40.446195901228393],[-79.892814159393325,40.446359197240795],[-79.892578125,40.44627754928419],[-79.892578125,40.445314095905772],[-79.892964363098159,40.445444734461333]]]]}},
{"type":"Feature","properties":{"GEOID":"420035604001010","NAME":"Block 1010, Block Group 1, Census Tract 5604, Allegheny County, Pennsylvania","housing_units":5,"pop":3},"geometry":{"type":"MultiPolygon","coordinates":[[[[-79.893168189351755,40.446426478200785],[-79.893157368830387,40.446477521921722],[-79.893093109130859,40.44644084509823],[-79.892814159393325,40.446359197240795],[-79.892878532409668,40.446195901228393],[-79.893028736114516,40.445657021572586],[-79.89307165145874,40.445477394060553],[-79.893093109130859,40.445461064262929],[-79.893093109130859,40.445395745032762],[-79.893114566802979,40.445379415215292],[-79.893157482147231,40.445395745032762],[-79.893264770507812,40.445428404655772],[-79.893371150223999,40.445468883404779],[-79.893168189351755,40.446426478200785]]]]}},
{"type":"Feature","properties":{"GEOID":"420035604001011","NAME":"Block 1011, Block Group 1, Census Tract 5604, Allegheny County, Pennsylvania","housing_units":12,"pop":36},"geometry":{"type":"MultiPolygon","coordinates":[[[[-79.892663955688491,40.444611909319413],[-79.892578125,40.444905848783094],[-79.892578125,40.444399618907319],[-79.892599582672119,40.444399618907319],[-79.892706871032715,40.444432279014364],[-79.892663955688491,40.444611909319413]]],[[[-79.891762733459458,40.445052818032906],[-79.891848564147949,40.444889518846608],[-79.891891479492188,40.444726219263586],[-79.891934394836412,40.444644569323287],[-79.891955852508531,40.444562919283818],[-79.892063140869126,40.444301638490998],[-79.892084598541246,40.444219988034952],[-79.892213344573975,40.44426897832048],[-79.892578124999986,40.444399618907319],[-79.892578124999986,40.444905848783094],[-79.892513751983643,40.445118137596346],[-79.892449378967271,40.445281436227212],[-79.89232063293457,40.445232446679604],[-79.891891479492188,40.445101807711431],[-79.891762733459458,40.445052818032906]]]]}},
{"type":"Feature","properties":{"GEOID":"420035604001012","NAME":"Block 1012, Block Group 1, Census Tract 5604, Allegheny County, Pennsylvania","housing_units":12,"pop":24},"geometry":{"type":"MultiPolygon","coordinates":[[[[-79.892578125,40.444905848783094],[-79.892663955688491,40.444611909319413],[-79.892706871032715,40.444432279014364],[-79.893200397491455,40.444546589264029],[-79.893221855163574,40.444562919283818],[-79.893350601196303,40.444562919283818],[-79.893307685852065,40.444726219263586],[-79.893157482147231,40.445216116822465],[-79.893114566802979,40.445379415215292],[-79.893093109130859,40.445395745032762],[-79.893093109130859,40.445461064262929],[-79.89307165145874,40.445477394060553],[-79.892964363098159,40.445444734461333],[-79.892578125,40.445314095905772],[-79.892578125,40.444905848783094]]],[[[-79.892578124999986,40.444905848783094],[-79.892578124999986,40.445314095905772],[-79.892449378967271,40.445281436227212],[-79.892513751983643,40.445118137596346],[-79.892578124999986,40.444905848783094]]]]}},
{"type":"Feature","properties":{"GEOID":"420035604001013","NAME":"Block 1013, Block Group 1, Census Tract 5604, Allegheny County, Pennsylvania","housing_units":17,"pop":42},"geometry":{"type":"MultiPolygon","coordinates":[[[[-79.893371150223999,40.445468883404779],[-79.893264770507812,40.445428404655772],[-79.893157482147231,40.445395745032762],[-79.893114566802979,40.445379415215292],[-79.893157482147231,40.445216116822465],[-79.893307685852065,40.444726219263586],[-79.893350601196303,40.444562919283818],[-79.893500804901137,40.444562919283818],[-79.893558513821404,40.444584878503399],[-79.893371150223999,40.445468883404779]]]]}},
{"type":"Feature","properties":{"GEOID":"420035604001014","NAME":"Block 1014, Block Group 1, Census Tract 5604, Allegheny County, Pennsylvania","housing_units":1,"pop":14},"geometry":{"type":"MultiPolygon","coordinates":[[[[-79.893558513821404,40.444584878503399],[-79.893500804901137,40.444562919283818],[-79.893350601196303,40.444562919283818],[-79.893393516540542,40.444399618907319],[-79.893543720245361,40.443942375742523],[-79.8935866355896,40.443779073858444],[-79.893721165509533,40.443817467482788],[-79.893558513821404,40.444584878503399]]]]}},
{"type":"Feature","properties":{"GEOID":"420035604001015","NAME":"Block 1015, Block Group 1, Census Tract 5604, Allegheny County, Pennsylvania","housing_units":90,"pop":112},"geometry":{"type":"MultiPolygon","coordinates":[[[[-79.892148971557603,40.444056686825327],[-79.89232063293457,40.443550450554227],[-79.892363548278809,40.443370817412557],[-79.892578124999986,40.443452468900098],[-79.892578124999986,40.444399618907319],[-79.892213344573975,40.44426897832048],[-79.892084598541246,40.444219988034952],[-79.892148971557603,40.444056686825327]]],[[[-79.892599582672119,40.444399618907319],[-79.892578125,40.444399618907319],[-79.892578125,40.443452468900098],[-79.893007278442397,40.44358311107387],[-79.8935866355896,40.443779073858444],[-79.893543720245361,40.443942375742523],[-79.893393516540542,40.444399618907319],[-79.893350601196303,40.444562919283818],[-79.893221855163574,40.444562919283818],[-79.893200397491455,40.444546589264029],[-79.892706871032715,40.444432279014364],[-79.892599582672119,40.444399618907319]]]]}},
{"type":"Feature","properties":{"GEOID":"420035604001016","NAME":"Block 1016, Block Group 1, Census Tract 5604, Allegheny County, Pennsylvania","housing_units":29,"pop":45},"geometry":{"type":"MultiPolygon","coordinates":[[[[-79.891977310180664,40.444187327824764],[-79.891676902770996,40.444089347098988],[-79.8915696144104,40.444040356682542],[-79.891591072082505,40.443958705909118],[-79.891676902770996,40.44371375299373],[-79.89171981811522,40.443615771577633],[-79.891827106475816,40.443289165825817],[-79.891827106475816,40.443256505163362],[-79.891848564147949,40.443207514139907],[-79.891955852508531,40.443240174826173],[-79.892256259918199,40.443338156789757],[-79.892363548278809,40.443370817412557],[-79.89232063293457,40.443550450554227],[-79.892148971557603,40.444056686825327],[-79.892084598541246,40.444219988034952],[-79.891977310180664,40.444187327824764]]]]}},
{"type":"Feature","properties":{"GEOID":"420035604001017","NAME":"Block 1017, Block Group 1, Census Tract 5604, Allegheny County, Pennsylvania","housing_units":25,"pop":22},"geometry":{"type":"MultiPolygon","coordinates":[[[[-79.891591072082505,40.444530259240267],[-79.89058256149292,40.444203657931851],[-79.890239238739014,40.444089347098988],[-79.890303611755371,40.444007696385064],[-79.890475273132324,40.443681092537574],[-79.89073276519774,40.443779073858444],[-79.8915696144104,40.444040356682542],[-79.891676902770996,40.444089347098988],[-79.891977310180664,40.444187327824764],[-79.892084598541246,40.444219988034952],[-79.892063140869126,40.444301638490998],[-79.891955852508531,40.444562919283818],[-79.891934394836412,40.444644569323287],[-79.891591072082505,40.444530259240267]]]]}},
{"type":"Feature","properties":{"GEOID":"420035604001018","NAME":"Block 1018, Block Group 1, Census Tract 5604, Allegheny County, Pennsylvania","housing_units":0,"pop":0},"geometry":{"type":"MultiPolygon","coordinates":[[[[-79.88873720169066,40.445003828318676],[-79.888415336608873,40.444889518846608],[-79.888114929199219,40.444791539144404],[-79.887964725494385,40.444285308407721],[-79.8880934715271,40.444317968570303],[-79.889810085296631,40.444873188906165],[-79.889745712280259,40.444954838568734],[-79.88957405090332,40.445281436227212],[-79.88873720169066,40.445003828318676]]]]}},
{"type":"Feature","properties":{"GEOID":"420035604001019","NAME":"Block 1019, Block Group 1, Census Tract 5604, Allegheny County, Pennsylvania","housing_units":2,"pop":10},"geometry":{"type":"MultiPolygon","coordinates":[[[[-79.888050556182847,40.44477520918015],[-79.887878894805894,40.444709889283459],[-79.887814521789551,40.444693559299367],[-79.887793064117432,40.444693559299367],[-79.887707233428941,40.444660899319288],[-79.887685775756822,40.444660899319288],[-79.887578487396226,40.444236318134095],[-79.88723516464232,40.442995219292371],[-79.887127876281738,40.442570627585873],[-79.887149333953857,40.442586958085712],[-79.887213706970201,40.442619619073497],[-79.887471199035645,40.442701271473517],[-79.887664318084703,40.443272835496579],[-79.887750148773193,40.443517790018717],[-79.887964725494385,40.444285308407721],[-79.888114929199219,40.444791539144404],[-79.888050556182847,40.44477520918015]]]]}},
{"type":"Feature","properties":{"GEOID":"420035604001020","NAME":"Block 1020, Block Group 1, Census Tract 5604, Allegheny County, Pennsylvania","housing_units":10,"pop":12},"geometry":{"type":"MultiPolygon","coordinates":[[[[-79.8880934715271,40.444317968570303],[-79.887964725494385,40.444285308407721],[-79.887750148773193,40.443517790018717],[-79.887664318084703,40.443272835496579],[-79.887471199035645,40.442701271473517],[-79.887793064117432,40.442799254222628],[-79.888200759887695,40.442929897665934],[-79.887921810150132,40.443403478019469],[-79.887943267822266,40.443795404064709],[-79.890024662017808,40.444481269145165],[-79.889981746673556,40.444562919283818],[-79.889853000640869,40.444791539144404],[-79.889810085296631,40.444873188906165],[-79.8880934715271,40.444317968570303]]]]}},
{"type":"Feature","properties":{"GEOID":"420035604001021","NAME":"Block 1021, Block Group 1, Census Tract 5604, Allegheny County, Pennsylvania","housing_units":78,"pop":91},"geometry":{"type":"MultiPolygon","coordinates":[[[[-79.887943267822266,40.443795404064709],[-79.887921810150132,40.443403478019469],[-79.888200759887695,40.442929897665934],[-79.888865947723389,40.443142192719776],[-79.889016151428208,40.443207514139907],[-79.890475273132324,40.443681092537574],[-79.890303611755371,40.444007696385064],[-79.890239238739014,40.444089347098988],[-79.890196323394775,40.444170997713726],[-79.890067577362046,40.444399618907319],[-79.890024662017808,40.444481269145165],[-79.887943267822266,40.443795404064709]]]]}},
{"type":"Feature","properties":{"GEOID":"420035604001022","NAME":"Block 1022, Block Group 1, Census Tract 5604, Allegheny County, Pennsylvania","housing_units":45,"pop":58},"geometry":{"type":"MultiPolygon","coordinates":[[[[-79.889016151428208,40.443207514139907],[-79.888865947723389,40.443142192719776],[-79.888200759887695,40.442929897665934],[-79.888243675231919,40.442848245543622],[-79.888372421264634,40.442619619073497],[-79.888415336608873,40.442537966574292],[-79.888887405395508,40.442684941001446],[-79.890239238739014,40.443142192719776],[-79.890689849853501,40.443289165825817],[-79.890646934509277,40.443370817412557],[-79.890518188476562,40.443599441327734],[-79.890475273132324,40.443681092537574],[-79.889016151428208,40.443207514139907]]]]}},
{"type":"Feature","properties":{"GEOID":"420035604001023","NAME":"Block 1023, Block Group 1, Census Tract 5604, Allegheny County, Pennsylvania","housing_units":44,"pop":46},"geometry":{"type":"MultiPolygon","coordinates":[[[[-79.89073276519774,40.443779073858444],[-79.890475273132324,40.443681092537574],[-79.890518188476562,40.443599441327734],[-79.890646934509277,40.443370817412557],[-79.890689849853501,40.443289165825817],[-79.890904426574707,40.443370817412557],[-79.891505241394043,40.44356678081602],[-79.89171981811522,40.443615771577633],[-79.891676902770996,40.44371375299373],[-79.891591072082505,40.443958705909118],[-79.8915696144104,40.444040356682542],[-79.89073276519774,40.443779073858444]]]]}},
{"type":"Feature","properties":{"GEOID":"420035604001024","NAME":"Block 1024, Block Group 1, Census Tract 5604, Allegheny County, Pennsylvania","housing_units":18,"pop":32},"geometry":{"type":"MultiPolygon","coordinates":[[[[-79.891505241394043,40.44356678081602],[-79.890904426574707,40.443370817412557],[-79.890689849853501,40.443289165825817],[-79.890925884246826,40.442897236828905],[-79.891591072082505,40.443125862354819],[-79.891762733459458,40.443174853437775],[-79.891848564147949,40.443207514139907],[-79.891827106475816,40.443256505163362],[-79.891827106475816,40.443289165825817],[-79.89171981811522,40.443615771577633],[-79.891505241394043,40.44356678081602]]]]}},
{"type":"Feature","properties":{"GEOID":"420035604001025","NAME":"Block 1025, Block Group 1, Census Tract 5604, Allegheny County, Pennsylvania","housing_units":49,"pop":68},"geometry":{"type":"MultiPolygon","coordinates":[[[[-79.890239238739014,40.443142192719776],[-79.888887405395508,40.442684941001446],[-79.888415336608873,40.442537966574292],[-79.888479709625244,40.442456313975903],[-79.888608455657945,40.442227686172771],[-79.888651371002183,40.442146033197488],[-79.890925884246826,40.442897236828905],[-79.890689849853501,40.443289165825817],[-79.890239238739014,40.443142192719776]]]]}},
{"type":"Feature","properties":{"GEOID":"420035604001026","NAME":"Block 1026, Block Group 1, Census Tract 5604, Allegheny County, Pennsylvania","housing_units":28,"pop":32},"geometry":{"type":"MultiPolygon","coordinates":[[[[-79.887793064117432,40.442799254222628],[-79.887471199035645,40.442701271473517],[-79.887278079986572,40.442064380123021],[-79.887170791625962,40.441688774703046],[-79.887256622314439,40.441672443984999],[-79.887385368347154,40.441721436127217],[-79.888372421264634,40.442048049496236],[-79.888651371002183,40.442146033197488],[-79.888608455657945,40.442227686172771],[-79.888479709625244,40.442456313975903],[-79.888415336608873,40.442537966574292],[-79.888372421264634,40.442619619073497],[-79.888243675231919,40.442848245543622],[-79.888200759887695,40.442929897665934],[-79.887793064117432,40.442799254222628]]]]}},
{"type":"Feature","properties":{"GEOID":"420035604001027","NAME":"Block 1027, Block Group 1, Census Tract 5604, Allegheny County, Pennsylvania","housing_units":0,"pop":0},"geometry":{"type":"MultiPolygon","coordinates":[[[[-79.887213706970201,40.442619619073497],[-79.887149333953857,40.442586958085712],[-79.887127876281738,40.442570627585873],[-79.886891841888414,40.441786758927982],[-79.886848926544175,40.44159079033529],[-79.886548519134507,40.440496621860071],[-79.88659143447876,40.440512952863742],[-79.886612892150879,40.440512952863742],[-79.886913299560533,40.440643600750398],[-79.886891841888414,40.440725255550618],[-79.886891841888414,40.440806910251659],[-79.887170791625962,40.441688774703046],[-79.887278079986572,40.442064380123021],[-79.887471199035645,40.442701271473517],[-79.887213706970201,40.442619619073497]]]]}},
{"type":"Feature","properties":{"GEOID":"420035604002000","NAME":"Block 2000, Block Group 2, Census Tract 5604, Allegheny County, Pennsylvania","housing_units":18,"pop":31},"geometry":{"type":"MultiPolygon","coordinates":[[[[-79.886891841888414,40.440806910251659],[-79.886891841888414,40.440725255550618],[-79.886913299560533,40.440643600750398],[-79.887685775756822,40.440888564853516],[-79.887428283691406,40.441345828791043],[-79.887299537658691,40.441558128847632],[-79.887256622314439,40.441672443984999],[-79.887170791625962,40.441688774703046],[-79.886891841888414,40.440806910251659]]]]}},
{"type":"Feature","properties":{"GEOID":"420035604002001","NAME":"Block 2001, Block Group 2, Census Tract 5604, Allegheny County, Pennsylvania","housing_units":39,"pop":50},"geometry":{"type":"MultiPolygon","coordinates":[[[[-79.888372421264634,40.442048049496236],[-79.887385368347154,40.441721436127217],[-79.887256622314439,40.441672443984999],[-79.887299537658691,40.441558128847632],[-79.887428283691406,40.441345828791043],[-79.887685775756822,40.440888564853516],[-79.889101982116685,40.441345828791043],[-79.889016151428208,40.441509136586383],[-79.88873720169066,40.441982726949384],[-79.888651371002183,40.442146033197488],[-79.888372421264634,40.442048049496236]]]]}},
{"type":"Feature","properties":{"GEOID":"420035604002002","NAME":"Block 2002, Block Group 2, Census Tract 5604, Allegheny County, Pennsylvania","housing_units":89,"pop":147},"geometry":{"type":"MultiPolygon","coordinates":[[[[-79.888651371002183,40.442146033197488],[-79.88873720169066,40.441982726949384],[-79.889016151428208,40.441509136586383],[-79.889101982116685,40.441345828791043],[-79.889531135559082,40.441492805824701],[-79.890689849853501,40.441884743010093],[-79.891269207000718,40.442048049496236],[-79.891269207000718,40.442211355585648],[-79.891204833984375,40.442407322369263],[-79.890925884246826,40.442897236828905],[-79.888651371002183,40.442146033197488]]]]}},
{"type":"Feature","properties":{"GEOID":"420035604002003","NAME":"Block 2003, Block Group 2, Census Tract 5604, Allegheny County, Pennsylvania","housing_units":46,"pop":72},"geometry":{"type":"MultiPolygon","coordinates":[[[[-79.892256259918199,40.443338156789757],[-79.891955852508531,40.443240174826173],[-79.891848564147949,40.443207514139907],[-79.891762733459458,40.443174853437775],[-79.891591072082505,40.443125862354819],[-79.890925884246826,40.442897236828905],[-79.891204833984375,40.442407322369263],[-79.891269207000718,40.442211355585648],[-79.891269207000718,40.442048049496236],[-79.891419410705552,40.442244016755922],[-79.891548156738281,40.442309339048869],[-79.892385005950928,40.442276677910328],[-79.892406463623033,40.44248897502716],[-79.892406463623033,40.443256505163362],[-79.892363548278809,40.443370817412557],[-79.892256259918199,40.443338156789757]]]]}},
{"type":"Feature","properties":{"GEOID":"420035604002004","NAME":"Block 2004, Block Group 2, Census Tract 5604, Allegheny County, Pennsylvania","housing_units":208,"pop":300},"geometry":{"type":"MultiPolygon","coordinates":[[[[-79.893721165509533,40.443817467482788],[-79.8935866355896,40.443779073858444],[-79.893007278442397,40.44358311107387],[-79.892578125,40.443452468900098],[-79.892578125,40.442276677910328],[-79.89369392395021,40.442293008481577],[-79.894037246704116,40.442293008481577],[-79.894043748098611,40.442295482455911],[-79.893721165509533,40.443817467482788]]],[[[-79.892406463623033,40.44248897502716],[-79.892385005950928,40.442276677910328],[-79.892578124999986,40.442276677910328],[-79.892578124999986,40.443452468900098],[-79.892363548278809,40.443370817412557],[-79.892406463623033,40.443256505163362],[-79.892406463623033,40.44248897502716]]]]}},
{"type":"Feature","properties":{"GEOID":"420035604002005","NAME":"Block 2005, Block Group 2, Census Tract 5604, Allegheny County, Pennsylvania","housing_units":182,"pop":280},"geometry":{"type":"MultiPolygon","coordinates":[[[[-79.894211442417074,40.44150427967427],[-79.894043748098611,40.442295482455911],[-79.894037246704116,40.442293008481577],[-79.89369392395021,40.442293008481577],[-79.892578125,40.442276677910328],[-79.892578125,40.441247843923421],[-79.893157482147231,40.441231513098259],[-79.894269240683869,40.441231513098259],[-79.894211442417074,40.44150427967427]]],[[[-79.892363548278809,40.441313167184376],[-79.892385005950928,40.441247843923421],[-79.892578124999986,40.441247843923421],[-79.892578124999986,40.442276677910328],[-79.892385005950928,40.442276677910328],[-79.892385005950928,40.441460144289437],[-79.892363548278809,40.441313167184376]]]]}},
{"type":"Feature","properties":{"GEOID":"420035604002006","NAME":"Block 2006, Block Group 2, Census Tract 5604, Allegheny County, Pennsylvania","housing_units":18,"pop":27},"geometry":{"type":"MultiPolygon","coordinates":[[[[-79.891419410705552,40.442244016755922],[-79.891269207000718,40.442048049496236],[-79.891269207000718,40.441133528064],[-79.891376495361314,40.441182520598979],[-79.891505241394043,40.441215182269126],[-79.891805648803697,40.441231513098259],[-79.891934394836412,40.441247843923421],[-79.892213344573975,40.441264174744603],[-79.892385005950928,40.441247843923421],[-79.892363548278809,40.441313167184376],[-79.892385005950928,40.441460144289437],[-79.892385005950928,40.442276677910328],[-79.891548156738281,40.442309339048869],[-79.891419410705552,40.442244016755922]]]]}},
{"type":"Feature","properties":{"GEOID":"420035604002007","NAME":"Block 2007, Block Group 2, Census Tract 5604, Allegheny County, Pennsylvania","housing_units":23,"pop":41},"geometry":{"type":"MultiPolygon","coordinates":[[[[-79.890689849853501,40.441884743010093],[-79.889531135559082,40.441492805824701],[-79.889101982116685,40.441345828791043],[-79.889144897460938,40.441264174744603],[-79.889273643493638,40.441035542886922],[-79.889316558837876,40.440953888463589],[-79.890882968902588,40.441460144289437],[-79.891161918640137,40.441558128847632],[-79.891269207000718,40.44157445959344],[-79.891269207000718,40.442048049496236],[-79.890689849853501,40.441884743010093]]]]}},
{"type":"Feature","properties":{"GEOID":"420035604002008","NAME":"Block 2008, Block Group 2, Census Tract 5604, Allegheny County, Pennsylvania","housing_units":25,"pop":19},"geometry":{"type":"MultiPolygon","coordinates":[[[[-79.891161918640137,40.441558128847632],[-79.890882968902588,40.441460144289437],[-79.889316558837876,40.440953888463589],[-79.889359474182115,40.440872233941079],[-79.889509677886963,40.440643600750398],[-79.889552593231201,40.440561945851002],[-79.891269207000718,40.441133528064],[-79.891269207000718,40.44157445959344],[-79.891161918640137,40.441558128847632]]]]}},
{"type":"Feature","properties":{"GEOID":"420035604002009","NAME":"Block 2009, Block Group 2, Census Tract 5604, Allegheny County, Pennsylvania","housing_units":31,"pop":61},"geometry":{"type":"MultiPolygon","coordinates":[[[[-79.887900352478013,40.440512952863742],[-79.887793064117432,40.44048029085242],[-79.887964725494385,40.440398635754647],[-79.888114929199219,40.440153669866277],[-79.888157844543457,40.440104676581484],[-79.888586997985826,40.440235325261575],[-79.889552593231201,40.440561945851002],[-79.889509677886963,40.440643600750398],[-79.889359474182115,40.440872233941079],[-79.889316558837876,40.440953888463589],[-79.887900352478013,40.440512952863742]]]]}},
{"type":"Feature","properties":{"GEOID":"420035604002010","NAME":"Block 2010, Block Group 2, Census Tract 5604, Allegheny County, Pennsylvania","housing_units":30,"pop":65},"geometry":{"type":"MultiPolygon","coordinates":[[[[-79.887685775756822,40.440888564853516],[-79.887900352478013,40.440512952863742],[-79.889316558837876,40.440953888463589],[-79.889273643493638,40.441035542886922],[-79.889144897460938,40.441264174744603],[-79.889101982116685,40.441345828791043],[-79.887685775756822,40.440888564853516]]]]}},
{"type":"Feature","properties":{"GEOID":"420035604002011","NAME":"Block 2011, Block Group 2, Census Tract 5604, Allegheny County, Pennsylvania","housing_units":0,"pop":0},"geometry":{"type":"MultiPolygon","coordinates":[[[[-79.886913299560533,40.440643600750398],[-79.887793064117432,40.44048029085242],[-79.887900352478013,40.440512952863742],[-79.887685775756822,40.440888564853516],[-79.886913299560533,40.440643600750398]]]]}},
{"type":"Feature","properties":{"GEOID":"420035604002012","NAME":"Block 2012, Block Group 2, Census Tract 5604, Allegheny County, Pennsylvania","housing_units":0,"pop":0},"geometry":{"type":"MultiPolygon","coordinates":[[[[-79.886612892150879,40.440512952863742],[-79.88659143447876,40.440512952863742],[-79.886548519134507,40.440496621860071],[-79.886527061462388,40.440398635754647],[-79.88648414611815,40.440088345478628],[-79.886612892150879,40.440104676581484],[-79.887793064117432,40.44048029085242],[-79.886913299560533,40.440643600750398],[-79.886612892150879,40.440512952863742]]]]}},
{"type":"Feature","properties":{"GEOID":"420035604002013","NAME":"Block 2013, Block Group 2, Census Tract 5604, Allegheny County, Pennsylvania","housing_units":46,"pop":55},"geometry":{"type":"MultiPolygon","coordinates":[[[[-79.886612892150879,40.440104676581484],[-79.88648414611815,40.440088345478628],[-79.886462688446045,40.439957696512884],[-79.886398315429688,40.439745391402028],[-79.886398315429688,40.439680066617647],[-79.886634349822998,40.439680066617647],[-79.886934757232666,40.439696397819709],[-79.887020587921128,40.439712729017778],[-79.88723516464232,40.439794384948662],[-79.887921810150132,40.440023021027486],[-79.888157844543457,40.440104676581484],[-79.888114929199219,40.440153669866277],[-79.887964725494385,40.440398635754647],[-79.887793064117432,40.44048029085242],[-79.886612892150879,40.440104676581484]]]]}},
{"type":"Feature","properties":{"GEOID":"420035605001000","NAME":"Block 1000, Block Group 1, Census Tract 5605, Allegheny County, Pennsylvania","housing_units":56,"pop":80},"geometry":{"type":"MultiPolygon","coordinates":[[[[-79.887921810150132,40.440023021027486],[-79.88723516464232,40.439794384948662],[-79.887020587921128,40.439712729017778],[-79.887342453002915,40.438945158419543],[-79.887320995330796,40.438765512971436],[-79.887278079986572,40.43852054113222],[-79.887514114379883,40.438455215157688],[-79.8882222175598,40.438291899943628],[-79.888458251953125,40.438242905302054],[-79.888522624969482,40.43835722607686],[-79.888801574707031,40.438732850111116],[-79.888887405395508,40.43884717005281],[-79.888865947723389,40.438863501457185],[-79.88884449005127,40.438896164254032],[-79.88884449005127,40.438912495646505],[-79.888801574707031,40.438994152549355],[-79.888651371002183,40.439239122662812],[-79.888608455657945,40.439304447875656],[-79.888522624969482,40.439467760630045],[-79.888243675231919,40.43994136537431],[-79.888157844543457,40.440104676581484],[-79.887921810150132,40.440023021027486]]]]}},
{"type":"Feature","properties":{"GEOID":"420035605001001","NAME":"Block 1001, Block Group 1, Census Tract 5605, Allegheny County, Pennsylvania","housing_units":30,"pop":35},"geometry":{"type":"MultiPolygon","coordinates":[[[[-79.888586997985826,40.440235325261575],[-79.888157844543457,40.440104676581484],[-79.888243675231919,40.43994136537431],[-79.888522624969482,40.439467760630045],[-79.888608455657945,40.439304447875656],[-79.888887405395508,40.4394024355759],[-79.889702796936021,40.439663735411642],[-79.890024662017808,40.439696397819709],[-79.889938831329346,40.439876040780355],[-79.889638423919664,40.440382304723194],[-79.889552593231201,40.440561945851002],[-79.888586997985826,40.440235325261575]]]]}},
{"type":"Feature","properties":{"GEOID":"420035605001002","NAME":"Block 1002, Block Group 1, Census Tract 5605, Allegheny County, Pennsylvania","housing_units":2,"pop":3},"geometry":{"type":"MultiPolygon","coordinates":[[[[-79.889552593231201,40.440561945851002],[-79.889638423919664,40.440382304723194],[-79.889938831329346,40.439876040780355],[-79.890024662017808,40.439696397819709],[-79.891247749328613,40.440006689904784],[-79.891247749328613,40.440904895761989],[-79.891269207000718,40.441133528064],[-79.889552593231201,40.440561945851002]]]]}},
{"type":"Feature","properties":{"GEOID":"420035605001003","NAME":"Block 1003, Block Group 1, Census Tract 5605, Allegheny County, Pennsylvania","housing_units":77,"pop":127},"geometry":{"type":"MultiPolygon","coordinates":[[[[-79.891505241394043,40.441215182269126],[-79.891376495361314,40.441182520598979],[-79.891269207000718,40.441133528064],[-79.891247749328613,40.440904895761989],[-79.891247749328613,40.440006689904784],[-79.891226291656494,40.439108472046712],[-79.890990257263184,40.438602198511148],[-79.890861511230469,40.4382755684004],[-79.890904426574707,40.438259236853213],[-79.891054630279527,40.438226573746931],[-79.891097545623765,40.438210242187843],[-79.891397953033433,40.438144915911778],[-79.891612529754624,40.438079589572261],[-79.892170429229736,40.437948936702789],[-79.892256259918199,40.43811225274996],[-79.89232063293457,40.438308231482885],[-79.89232063293457,40.438814507232159],[-79.891762733459458,40.438830838644463],[-79.891784191131578,40.43884717005281],[-79.891805648803697,40.441231513098259],[-79.891505241394043,40.441215182269126]]]]}},
{"type":"Feature","properties":{"GEOID":"420035605001004","NAME":"Block 1004, Block Group 1, Census Tract 5605, Allegheny County, Pennsylvania","housing_units":174,"pop":290},"geometry":{"type":"MultiPolygon","coordinates":[[[[-79.892857074737563,40.439141134724544],[-79.892857074737563,40.439239122662812],[-79.892878532409668,40.439304447875656],[-79.892899990081787,40.440267987391934],[-79.892899990081787,40.440545614859218],[-79.892578125,40.440545614859218],[-79.892578125,40.438798175815883],[-79.892835617065444,40.438798175815883],[-79.892835617065444,40.438879832857587],[-79.892857074737563,40.439141134724544]]],[[[-79.891784191131578,40.43884717005281],[-79.891762733459458,40.438830838644463],[-79.89232063293457,40.438814507232159],[-79.892427921295152,40.438814507232159],[-79.892578124999986,40.438798175815883],[-79.892578124999986,40.440545614859218],[-79.892363548278809,40.440545614859218],[-79.892385005950928,40.441247843923421],[-79.892213344573975,40.441264174744603],[-79.891934394836412,40.441247843923421],[-79.891805648803697,40.441231513098259],[-79.891784191131578,40.43884717005281]]]]}},
{"type":"Feature","properties":{"GEOID":"420035605001005","NAME":"Block 1005, Block Group 1, Census Tract 5605, Allegheny County, Pennsylvania","housing_units":70,"pop":88},"geometry":{"type":"MultiPolygon","coordinates":[[[[-79.893414974212646,40.440529283863455],[-79.893393516540542,40.440676262682388],[-79.893372058868422,40.441100866354176],[-79.893372058868422,40.441231513098259],[-79.893157482147231,40.441231513098259],[-79.892578125,40.441247843923421],[-79.892578125,40.440545614859218],[-79.892899990081787,40.440545614859218],[-79.893007278442397,40.440529283863455],[-79.893414974212646,40.440529283863455]]],[[[-79.892578124999986,40.441247843923421],[-79.892385005950928,40.441247843923421],[-79.892363548278809,40.440545614859218],[-79.892578124999986,40.440545614859218],[-79.892578124999986,40.441247843923421]]]]}},
{"type":"Feature","properties":{"GEOID":"420035605001006","NAME":"Block 1006, Block Group 1, Census Tract 5605, Allegheny County, Pennsylvania","housing_units":80,"pop":142},"geometry":{"type":"MultiPolygon","coordinates":[[[[-79.894269240683869,40.441231513098259],[-79.893372058868422,40.441231513098259],[-79.893372058868422,40.441100866354176],[-79.893393516540542,40.440676262682388],[-79.893414974212646,40.440529283863455],[-79.893522262573242,40.439222791349685],[-79.893522262573242,40.438765512971436],[-79.894616603851318,40.438732850111116],[-79.894802021039865,40.438717169995748],[-79.894269240683869,40.441231513098259]]]]}},
{"type":"Feature","properties":{"GEOID":"420035605001007","NAME":"Block 1007, Block Group 1, Census Tract 5605, Allegheny County, Pennsylvania","housing_units":22,"pop":46},"geometry":{"type":"MultiPolygon","coordinates":[[[[-79.892899990081787,40.440267987391934],[-79.892878532409668,40.439304447875656],[-79.892857074737563,40.439239122662812],[-79.892985820770278,40.439239122662812],[-79.893372058868422,40.439222791349685],[-79.893522262573242,40.439222791349685],[-79.893414974212646,40.440529283863455],[-79.893007278442397,40.440529283863455],[-79.892899990081787,40.440545614859218],[-79.892899990081787,40.440267987391934]]]]}},
{"type":"Feature","properties":{"GEOID":"420035605001008","NAME":"Block 1008, Block Group 1, Census Tract 5605, Allegheny County, Pennsylvania","housing_units":25,"pop":34},"geometry":{"type":"MultiPolygon","coordinates":[[[[-79.892857074737563,40.439141134724544],[-79.892835617065444,40.438879832857587],[-79.892835617065444,40.438798175815883],[-79.892964363098159,40.438798175815883],[-79.893393516540542,40.438781844395642],[-79.893522262573242,40.438765512971436],[-79.893522262573242,40.439222791349685],[-79.893372058868422,40.439222791349685],[-79.892985820770278,40.439239122662812],[-79.892857074737563,40.439239122662812],[-79.892857074737563,40.439141134724544]]]]}},
{"type":"Feature","properties":{"GEOID":"420035605001009","NAME":"Block 1009, Block Group 1, Census Tract 5605, Allegheny County, Pennsylvania","housing_units":78,"pop":116},"geometry":{"type":"MultiPolygon","coordinates":[[[[-79.893264770507812,40.437752956922516],[-79.893522262573242,40.438340894549505],[-79.893522262573242,40.438765512971436],[-79.893393516540542,40.438781844395642],[-79.892964363098159,40.438798175815883],[-79.892578125,40.438798175815883],[-79.892578125,40.437834615233719],[-79.893028736114516,40.437720293570266],[-79.893243312835693,40.437671298512136],[-79.893264770507812,40.437752956922516]]],[[[-79.892170429229736,40.437948936702789],[-79.892385005950928,40.43788361017284],[-79.892578124999986,40.437834615233726],[-79.892578124999986,40.438798175815883],[-79.892427921295152,40.438814507232159],[-79.89232063293457,40.438814507232159],[-79.89232063293457,40.438308231482885],[-79.892256259918199,40.43811225274996],[-79.892170429229736,40.437948936702789]]]]}},
{"type":"Feature","properties":{"GEOID":"420035605001010","NAME":"Block 1010, Block Group 1, Census Tract 5605, Allegheny County, Pennsylvania","housing_units":55,"pop":75},"geometry":{"type":"MultiPolygon","coordinates":[[[[-79.894821736261548,40.438624128217633],[-79.894802021039865,40.438717169995748],[-79.894616603851318,40.438732850111116],[-79.893522262573242,40.438765512971436],[-79.893522262573242,40.438340894549505],[-79.893264770507812,40.437752956922516],[-79.893243312835693,40.437671298512136],[-79.894080162048354,40.437458986180971],[-79.894294738769531,40.437409990932423],[-79.894337654113784,40.437491649660174],[-79.894444942474379,40.437720293570266],[-79.894466400146484,40.437801951921145],[-79.894809722900391,40.438585867043294],[-79.894821953651999,40.438623102406538],[-79.894821736261548,40.438624128217633]]]]}},
{"type":"Feature","properties":{"GEOID":"420035605001011","NAME":"Block 1011, Block Group 1, Census Tract 5605, Allegheny County, Pennsylvania","housing_units":18,"pop":31},"geometry":{"type":"MultiPolygon","coordinates":[[[[-79.894821953651999,40.438623102406538],[-79.894809722900391,40.438585867043294],[-79.894466400146484,40.437801951921145],[-79.89457368850708,40.437785620258907],[-79.895002841949477,40.437671298512136],[-79.89502366046132,40.437671298512136],[-79.894821953651999,40.438623102406538]]]]}},
{"type":"Feature","properties":{"GEOID":"420035605001012","NAME":"Block 1012, Block Group 1, Census Tract 5605, Allegheny County, Pennsylvania","housing_units":3,"pop":5},"geometry":{"type":"MultiPolygon","coordinates":[[[[-79.89502366046132,40.437671298512136],[-79.895002841949477,40.437671298512136],[-79.89457368850708,40.437785620258907],[-79.894466400146484,40.437801951921145],[-79.894444942474379,40.437720293570266],[-79.894337654113784,40.437491649660174],[-79.894294738769531,40.437409990932423],[-79.894444942474379,40.437360995648156],[-79.895024299621596,40.437214009581147],[-79.895041751547154,40.437585931210855],[-79.89502366046132,40.437671298512136]]]]}},
{"type":"Feature","properties":{"GEOID":"420035605001013","NAME":"Block 1013, Block Group 1, Census Tract 5605, Allegheny County, Pennsylvania","housing_units":29,"pop":39},"geometry":{"type":"MultiPolygon","coordinates":[[[[-79.889938831329346,40.439271785277171],[-79.889123439788818,40.439010483918018],[-79.88884449005127,40.438912495646505],[-79.88884449005127,40.438896164254032],[-79.888865947723389,40.438863501457185],[-79.888887405395508,40.43884717005281],[-79.888930320739732,40.438765512971436],[-79.889767169952378,40.438553204095697],[-79.890003204345689,40.438487878152898],[-79.890089035034165,40.438667524342861],[-79.890303611755371,40.43919012871153],[-79.890217781066895,40.439369773025021],[-79.889938831329346,40.439271785277171]]]]}},
{"type":"Feature","properties":{"GEOID":"420035605001014","NAME":"Block 1014, Block Group 1, Census Tract 5605, Allegheny County, Pennsylvania","housing_units":23,"pop":34},"geometry":{"type":"MultiPolygon","coordinates":[[[[-79.889702796936021,40.439663735411642],[-79.888887405395508,40.4394024355759],[-79.888608455657945,40.439304447875656],[-79.888651371002183,40.439239122662812],[-79.888801574707031,40.438994152549355],[-79.88884449005127,40.438912495646505],[-79.889123439788818,40.439010483918018],[-79.889938831329346,40.439271785277171],[-79.890217781066895,40.439369773025021],[-79.890174865722656,40.439435098110913],[-79.890067577362046,40.439631072987716],[-79.890024662017808,40.439696397819709],[-79.889702796936021,40.439663735411642]]]]}},
{"type":"Feature","properties":{"GEOID":"420035605001015","NAME":"Block 1015, Block Group 1, Census Tract 5605, Allegheny County, Pennsylvania","housing_units":57,"pop":77},"geometry":{"type":"MultiPolygon","coordinates":[[[[-79.890024662017808,40.439696397819709],[-79.890067577362046,40.439631072987716],[-79.890174865722656,40.439435098110913],[-79.890217781066895,40.439369773025021],[-79.890303611755371,40.43919012871153],[-79.890089035034165,40.438667524342861],[-79.890003204345689,40.438487878152898],[-79.890174865722656,40.438455215157688],[-79.890689849853501,40.438324563018178],[-79.890861511230469,40.4382755684004],[-79.890990257263184,40.438602198511148],[-79.891226291656494,40.439108472046712],[-79.891247749328613,40.440006689904784],[-79.890024662017808,40.439696397819709]]]]}},
{"type":"Feature","properties":{"GEOID":"420035605002000","NAME":"Block 2000, Block Group 2, Census Tract 5605, Allegheny County, Pennsylvania","housing_units":0,"pop":0},"geometry":{"type":"MultiPolygon","coordinates":[[[[-79.88622665405272,40.438879832857587],[-79.886033535003648,40.438161247486747],[-79.885990619659424,40.437916273445751],[-79.886033535003648,40.437916273445751],[-79.886140823364244,40.437899941811274],[-79.886162281036363,40.437899941811274],[-79.886248111724854,40.438259236853213],[-79.886527061462388,40.439631072987716],[-79.886527061462388,40.439680066617647],[-79.886398315429688,40.439680066617647],[-79.88622665405272,40.438879832857587]]]]}},
{"type":"Feature","properties":{"GEOID":"420035605002001","NAME":"Block 2001, Block Group 2, Census Tract 5605, Allegheny County, Pennsylvania","housing_units":60,"pop":98},"geometry":{"type":"MultiPolygon","coordinates":[[[[-79.886934757232666,40.439696397819709],[-79.886634349822998,40.439680066617647],[-79.886527061462388,40.439680066617647],[-79.886527061462388,40.439631072987716],[-79.886248111724854,40.438259236853213],[-79.886162281036363,40.437899941811274],[-79.886355400085435,40.43788361017284],[-79.886956214904785,40.437801951921145],[-79.887149333953857,40.437785620258907],[-79.887170791625962,40.437932605076249],[-79.887256622314439,40.438373557600251],[-79.887278079986572,40.43852054113222],[-79.887320995330796,40.438765512971436],[-79.887342453002915,40.438945158419543],[-79.887020587921128,40.439712729017778],[-79.886934757232666,40.439696397819709]]]]}},
{"type":"Feature","properties":{"GEOID":"420035605002002","NAME":"Block 2002, Block Group 2, Census Tract 5605, Allegheny County, Pennsylvania","housing_units":21,"pop":45},"geometry":{"type":"MultiPolygon","coordinates":[[[[-79.887256622314439,40.438373557600251],[-79.887170791625962,40.437932605076249],[-79.887149333953857,40.437785620258907],[-79.88798618316649,40.437671298512136],[-79.888072013854966,40.437671298512136],[-79.888200759887695,40.437638635120209],[-79.888308048248277,40.437916273445751],[-79.888372421264634,40.438128584332851],[-79.888458251953125,40.438242905302054],[-79.8882222175598,40.438291899943628],[-79.887514114379883,40.438455215157688],[-79.887278079986572,40.43852054113222],[-79.887256622314439,40.438373557600251]]]]}},
{"type":"Feature","properties":{"GEOID":"420035605002003","NAME":"Block 2003, Block Group 2, Census Tract 5605, Allegheny County, Pennsylvania","housing_units":39,"pop":60},"geometry":{"type":"MultiPolygon","coordinates":[[[[-79.888372421264634,40.438128584332851],[-79.888308048248277,40.437916273445751],[-79.888200759887695,40.437638635120209],[-79.888565540313706,40.437589640002564],[-79.889616966247544,40.437328332105487],[-79.889960289001465,40.437246673179374],[-79.890003204345689,40.437360995648156],[-79.890153408050537,40.437703961888197],[-79.890196323394775,40.437834615233726],[-79.889853000640869,40.437916273445751],[-79.888801574707031,40.438161247486747],[-79.888458251953125,40.438242905302054],[-79.888372421264634,40.438128584332851]]]]}},
{"type":"Feature","properties":{"GEOID":"420035605002004","NAME":"Block 2004, Block Group 2, Census Tract 5605, Allegheny County, Pennsylvania","housing_units":42,"pop":64},"geometry":{"type":"MultiPolygon","coordinates":[[[[-79.888801574707031,40.438732850111116],[-79.888522624969482,40.43835722607686],[-79.888458251953125,40.438242905302054],[-79.888801574707031,40.438161247486747],[-79.889853000640869,40.437916273445751],[-79.890196323394775,40.437834615233726],[-79.890282154083252,40.437801951921145],[-79.89058256149292,40.43773662524837],[-79.890668392181382,40.437720293570266],[-79.890754222869859,40.437687630202149],[-79.890990257263184,40.437638635120209],[-79.891054630279527,40.437622303418294],[-79.891033172607408,40.43773662524837],[-79.891033172607408,40.437785620258907],[-79.891097545623765,40.438210242187843],[-79.891054630279527,40.438226573746931],[-79.890904426574707,40.438259236853213],[-79.890861511230469,40.4382755684004],[-79.890689849853501,40.438324563018178],[-79.890174865722656,40.438455215157688],[-79.890003204345689,40.438487878152898],[-79.889767169952378,40.438553204095697],[-79.888930320739732,40.438765512971436],[-79.888887405395508,40.43884717005281],[-79.888801574707031,40.438732850111116]]]]}},
{"type":"Feature","properties":{"GEOID":"420035605002005","NAME":"Block 2005, Block Group 2, Census Tract 5605, Allegheny County, Pennsylvania","housing_units":27,"pop":42},"geometry":{"type":"MultiPolygon","coordinates":[[[[-79.886140823364244,40.437752956922516],[-79.886033535003648,40.43729566854693],[-79.886012077331529,40.43714868233711],[-79.88648414611815,40.437099686862418],[-79.886784553527832,40.437050691352034],[-79.886999130249009,40.437034359507308],[-79.887020587921128,40.437181345967069],[-79.887106418609619,40.437638635120209],[-79.887149333953857,40.437785620258907],[-79.886956214904785,40.437801951921145],[-79.886355400085435,40.43788361017284],[-79.886162281036363,40.437899941811274],[-79.886140823364244,40.437752956922516]]]]}},
{"type":"Feature","properties":{"GEOID":"420035605002006","NAME":"Block 2006, Block Group 2, Census Tract 5605, Allegheny County, Pennsylvania","housing_units":0,"pop":0},"geometry":{"type":"MultiPolygon","coordinates":[[[[-79.885926246643066,40.437622303418294],[-79.885776042938218,40.436838377061093],[-79.885904788970947,40.436871040841808],[-79.885947704315186,40.436854708953433],[-79.885969161987305,40.43700169580594],[-79.886012077331529,40.43714868233711],[-79.886033535003648,40.43729566854693],[-79.886140823364244,40.437752956922516],[-79.886162281036363,40.437899941811274],[-79.886140823364244,40.437899941811274],[-79.886033535003648,40.437916273445751],[-79.885990619659424,40.437916273445751],[-79.885926246643066,40.437622303418294]]]]}},
{"type":"Feature","properties":{"GEOID":"420035605002007","NAME":"Block 2007, Block Group 2, Census Tract 5605, Allegheny County, Pennsylvania","housing_units":28,"pop":30},"geometry":{"type":"MultiPolygon","coordinates":[[[[-79.885969161987305,40.43700169580594],[-79.885947704315186,40.436854708953433],[-79.885969161987305,40.436854708953433],[-79.887170791625962,40.436430078463353],[-79.887642860412583,40.436250426294841],[-79.88772869110106,40.436430078463353],[-79.887793064117432,40.436577066244169],[-79.887814521789551,40.436642394043616],[-79.887900352478013,40.436854708953433],[-79.887921810150132,40.436920036483116],[-79.88772869110106,40.436952700224147],[-79.887170791625962,40.43700169580594],[-79.886999130249009,40.437034359507308],[-79.886784553527832,40.437050691352034],[-79.88648414611815,40.437099686862418],[-79.886012077331529,40.43714868233711],[-79.885969161987305,40.43700169580594]]]]}},
{"type":"Feature","properties":{"GEOID":"420035605002008","NAME":"Block 2008, Block Group 2, Census Tract 5605, Allegheny County, Pennsylvania","housing_units":19,"pop":22},"geometry":{"type":"MultiPolygon","coordinates":[[[[-79.887106418609619,40.437638635120209],[-79.887020587921128,40.437181345967069],[-79.886999130249009,40.437034359507308],[-79.887170791625962,40.43700169580594],[-79.88772869110106,40.436952700224147],[-79.887921810150132,40.436920036483116],[-79.887964725494385,40.437067023192796],[-79.888136386871338,40.437507981393829],[-79.888200759887695,40.437638635120209],[-79.888072013854966,40.437671298512136],[-79.88798618316649,40.437671298512136],[-79.887149333953857,40.437785620258907],[-79.887106418609619,40.437638635120209]]]]}},
{"type":"Feature","properties":{"GEOID":"420035605002009","NAME":"Block 2009, Block Group 2, Census Tract 5605, Allegheny County, Pennsylvania","housing_units":54,"pop":95},"geometry":{"type":"MultiPolygon","coordinates":[[[[-79.888136386871338,40.437507981393829],[-79.887964725494385,40.437067023192796],[-79.887921810150132,40.436920036483116],[-79.8882222175598,40.436871040841808],[-79.889144897460938,40.436658725983555],[-79.889466762542725,40.436593398199982],[-79.889681339263902,40.436789381360278],[-79.889853000640869,40.436969032088705],[-79.889960289001465,40.437246673179374],[-79.889616966247544,40.437328332105487],[-79.888565540313706,40.437589640002564],[-79.888200759887695,40.437638635120209],[-79.888136386871338,40.437507981393829]]]]}},
{"type":"Feature","properties":{"GEOID":"420035605002010","NAME":"Block 2010, Block Group 2, Census Tract 5605, Allegheny County, Pennsylvania","housing_units":34,"pop":38},"geometry":{"type":"MultiPolygon","coordinates":[[[[-79.889853000640869,40.436969032088705],[-79.889681339263902,40.436789381360278],[-79.889466762542725,40.436593398199982],[-79.889380931854234,40.436528070352928],[-79.889166355133057,40.436332086430944],[-79.889101982116685,40.436266758329992],[-79.888994693756089,40.436185098114557],[-79.888758659362779,40.43597278109025],[-79.888672828674302,40.435891120517752],[-79.889552593231201,40.435597141635604],[-79.88957405090332,40.435613473829449],[-79.889745712280259,40.435548145030289],[-79.890797138214097,40.436511738381256],[-79.890990257263184,40.4370833550296],[-79.890882968902588,40.437099686862418],[-79.890518188476562,40.43713235051618],[-79.890432357788072,40.43714868233711],[-79.890196323394775,40.437197677776091],[-79.890067577362046,40.437230341382239],[-79.889960289001465,40.437246673179374],[-79.889853000640869,40.436969032088705]]]]}},
{"type":"Feature","properties":{"GEOID":"420035605002011","NAME":"Block 2011, Block Group 2, Census Tract 5605, Allegheny County, Pennsylvania","housing_units":10,"pop":17},"geometry":{"type":"MultiPolygon","coordinates":[[[[-79.890153408050537,40.437703961888197],[-79.890003204345689,40.437360995648156],[-79.889960289001465,40.437246673179374],[-79.890067577362046,40.437230341382239],[-79.890196323394775,40.437197677776091],[-79.890432357788072,40.43714868233711],[-79.890496730804443,40.437263004972529],[-79.890668392181382,40.437720293570266],[-79.89058256149292,40.43773662524837],[-79.890282154083252,40.437801951921145],[-79.890196323394775,40.437834615233726],[-79.890153408050537,40.437703961888197]]]]}},
{"type":"Feature","properties":{"GEOID":"420035605002012","NAME":"Block 2012, Block Group 2, Census Tract 5605, Allegheny County, Pennsylvania","housing_units":9,"pop":24},"geometry":{"type":"MultiPolygon","coordinates":[[[[-79.890496730804443,40.437263004972529],[-79.890432357788072,40.43714868233711],[-79.890518188476562,40.43713235051618],[-79.890882968902588,40.437099686862418],[-79.890990257263184,40.4370833550296],[-79.890990257263184,40.437197677776091],[-79.891054630279527,40.437507981393829],[-79.891054630279527,40.437622303418294],[-79.890990257263184,40.437638635120209],[-79.890754222869859,40.437687630202149],[-79.890668392181382,40.437720293570266],[-79.890496730804443,40.437263004972529]]]]}},
{"type":"Feature","properties":{"GEOID":"420035605002013","NAME":"Block 2013, Block Group 2, Census Tract 5605, Allegheny County, Pennsylvania","housing_units":20,"pop":27},"geometry":{"type":"MultiPolygon","coordinates":[[[[-79.891033172607408,40.437785620258907],[-79.891033172607408,40.43773662524837],[-79.891054630279527,40.437622303418294],[-79.891054630279527,40.437507981393829],[-79.890990257263184,40.437197677776091],[-79.890990257263184,40.4370833550296],[-79.891161918640137,40.437050691352034],[-79.891591072082505,40.436952700224147],[-79.891741275787339,40.436903704606642],[-79.891784191131578,40.437034359507308],[-79.891955852508531,40.437409990932423],[-79.891998767852783,40.437540644849228],[-79.892041683197021,40.437622303418294],[-79.892148971557603,40.437867278530433],[-79.892170429229736,40.437948936702789],[-79.891612529754624,40.438079589572261],[-79.891397953033433,40.438144915911778],[-79.891097545623765,40.438210242187843],[-79.891033172607408,40.437785620258907]]]]}},
{"type":"Feature","properties":{"GEOID":"420035605002014","NAME":"Block 2014, Block Group 2, Census Tract 5605, Allegheny County, Pennsylvania","housing_units":32,"pop":44},"geometry":{"type":"MultiPolygon","coordinates":[[[[-79.893093109130859,40.437344663878804],[-79.893200397491455,40.437589640002564],[-79.893243312835693,40.437671298512136],[-79.893028736114516,40.437720293570266],[-79.892578125,40.437834615233719],[-79.892578125,40.437393659174973],[-79.892964363098159,40.43729566854693],[-79.893050193786635,40.437279336761719],[-79.893093109130859,40.437344663878804]]],[[[-79.891998767852783,40.437540644849228],[-79.892106056213365,40.437507981393829],[-79.892427921295152,40.437426322685909],[-79.892535209655762,40.437393659174973],[-79.892578124999986,40.437393659174973],[-79.892578124999986,40.437834615233726],[-79.892385005950928,40.43788361017284],[-79.892170429229736,40.437948936702789],[-79.892148971557603,40.437867278530433],[-79.892041683197021,40.437622303418294],[-79.891998767852783,40.437540644849228]]]]}},
{"type":"Feature","properties":{"GEOID":"420035605002015","NAME":"Block 2015, Block Group 2, Census Tract 5605, Allegheny County, Pennsylvania","housing_units":9,"pop":9},"geometry":{"type":"MultiPolygon","coordinates":[[[[-79.893200397491455,40.437589640002564],[-79.893093109130859,40.437344663878804],[-79.893050193786635,40.437279336761719],[-79.89317893981935,40.437246673179374],[-79.893479347229004,40.437165014154068],[-79.8935866355896,40.43713235051618],[-79.89369392395021,40.437116018691285],[-79.894015789031997,40.437034359507308],[-79.894123077392578,40.43700169580594],[-79.894144535064697,40.4370833550296],[-79.894251823425293,40.437328332105487],[-79.894294738769531,40.437409990932423],[-79.894080162048354,40.437458986180971],[-79.893243312835693,40.437671298512136],[-79.893200397491455,40.437589640002564]]]]}},
{"type":"Feature","properties":{"GEOID":"420035605002016","NAME":"Block 2016, Block Group 2, Census Tract 5605, Allegheny County, Pennsylvania","housing_units":23,"pop":40},"geometry":{"type":"MultiPolygon","coordinates":[[[[-79.895041751547154,40.437585931210855],[-79.895024299621596,40.437214009581147],[-79.894444942474379,40.437360995648156],[-79.894294738769531,40.437409990932423],[-79.894251823425293,40.437328332105487],[-79.894144535064697,40.4370833550296],[-79.894123077392578,40.43700169580594],[-79.894230365753174,40.436969032088705],[-79.894530773162842,40.436887372726204],[-79.894638061523438,40.436871040841808],[-79.895002841949477,40.436773049452079],[-79.895153045654297,40.436756717539907],[-79.895195960998535,40.436740385623764],[-79.895211144073116,40.436786610323082],[-79.895041751547154,40.437585931210855]]]]}},
{"type":"Feature","properties":{"GEOID":"420035605002017","NAME":"Block 2017, Block Group 2, Census Tract 5605, Allegheny County, Pennsylvania","housing_units":13,"pop":31},"geometry":{"type":"MultiPolygon","coordinates":[[[[-79.887900352478013,40.436854708953433],[-79.887814521789551,40.436642394043616],[-79.887793064117432,40.436577066244169],[-79.888050556182847,40.436511738381256],[-79.88884449005127,40.436332086430944],[-79.889101982116685,40.436266758329992],[-79.889166355133057,40.436332086430944],[-79.889380931854234,40.436528070352928],[-79.889466762542725,40.436593398199982],[-79.889144897460938,40.436658725983555],[-79.8882222175598,40.436871040841808],[-79.887921810150132,40.436920036483116],[-79.887900352478013,40.436854708953433]]]]}},
{"type":"Feature","properties":{"GEOID":"420035605002018","NAME":"Block 2018, Block Group 2, Census Tract 5605, Allegheny County, Pennsylvania","housing_units":9,"pop":23},"geometry":{"type":"MultiPolygon","coordinates":[[[[-79.88772869110106,40.436430078463353],[-79.887642860412583,40.436250426294841],[-79.88772869110106,40.436217762212635],[-79.888608455657945,40.43592378475865],[-79.888672828674302,40.435891120517752],[-79.888758659362779,40.43597278109025],[-79.888994693756089,40.436185098114557],[-79.889101982116685,40.436266758329992],[-79.88884449005127,40.436332086430944],[-79.888050556182847,40.436511738381256],[-79.887793064117432,40.436577066244169],[-79.88772869110106,40.436430078463353]]]]}},
{"type":"Feature","properties":{"GEOID":"420035605002019","NAME":"Block 2019, Block Group 2, Census Tract 5605, Allegheny County, Pennsylvania","housing_units":8,"pop":19},"geometry":{"type":"MultiPolygon","coordinates":[[[[-79.893007278442397,40.43714868233711],[-79.892835617065444,40.436756717539907],[-79.892792701721191,40.436642394043616],[-79.892899990081787,40.436609730151829],[-79.893221855163574,40.436528070352928],[-79.893307685852065,40.436511738381256],[-79.893350601196303,40.436560734284392],[-79.893543720245361,40.43700169580594],[-79.8935866355896,40.43713235051618],[-79.893479347229004,40.437165014154068],[-79.89317893981935,40.437246673179374],[-79.893050193786635,40.437279336761719],[-79.893007278442397,40.43714868233711]]]]}},
{"type":"Feature","properties":{"GEOID":"420035605002020","NAME":"Block 2020, Block Group 2, Census Tract 5605, Allegheny County, Pennsylvania","housing_units":40,"pop":70},"geometry":{"type":"MultiPolygon","coordinates":[[[[-79.892835617065444,40.436756717539907],[-79.893007278442397,40.43714868233711],[-79.893050193786635,40.437279336761719],[-79.892964363098159,40.43729566854693],[-79.892578125,40.437393659174973],[-79.892578125,40.436691389851539],[-79.89268541336061,40.436658725983555],[-79.892792701721191,40.436642394043616],[-79.892835617065444,40.436756717539907]]],[[[-79.892256259918199,40.436773049452079],[-79.892363548278809,40.436740385623764],[-79.892578124999986,40.436691389851539],[-79.892578124999986,40.437393659174973],[-79.892535209655762,40.437393659174973],[-79.89247083663939,40.437279336761719],[-79.892299175262437,40.436822045164789],[-79.892256259918199,40.436773049452079]]]]}},
{"type":"Feature","properties":{"GEOID":"420035605002021","NAME":"Block 2021, Block Group 2, Census Tract 5605, Allegheny County, Pennsylvania","housing_units":14,"pop":18},"geometry":{"type":"MultiPolygon","coordinates":[[[[-79.891955852508531,40.437409990932423],[-79.891784191131578,40.437034359507308],[-79.891741275787339,40.436903704606642],[-79.891827106475816,40.436887372726204],[-79.892148971557603,40.436805713264519],[-79.892256259918199,40.436773049452079],[-79.892299175262437,40.436822045164789],[-79.89247083663939,40.437279336761719],[-79.892535209655762,40.437393659174973],[-79.892427921295152,40.437426322685909],[-79.892106056213365,40.437507981393829],[-79.891998767852783,40.437540644849228],[-79.891955852508531,40.437409990932423]]]]}},
{"type":"Feature","properties":{"GEOID":"420035605002022","NAME":"Block 2022, Block Group 2, Census Tract 5605, Allegheny County, Pennsylvania","housing_units":14,"pop":35},"geometry":{"type":"MultiPolygon","coordinates":[[[[-79.891419410705552,40.436250426294841],[-79.891119003295884,40.435825791988364],[-79.891204833984375,40.43579312769986],[-79.891505241394043,40.435662470387172],[-79.891612529754624,40.435629806019321],[-79.891762733459458,40.435842124126658],[-79.891934394836412,40.436070773646314],[-79.892256259918199,40.436773049452079],[-79.892148971557603,40.436805713264519],[-79.891827106475816,40.436887372726204],[-79.891741275787339,40.436903704606642],[-79.891419410705552,40.436250426294841]]]]}},
{"type":"Feature","properties":{"GEOID":"420035605002023","NAME":"Block 2023, Block Group 2, Census Tract 5605, Allegheny County, Pennsylvania","housing_units":42,"pop":75},"geometry":{"type":"MultiPolygon","coordinates":[[[[-79.890797138214097,40.436511738381256],[-79.889745712280259,40.435548145030289],[-79.889960289001465,40.435466483942072],[-79.890561103820801,40.435205167793313],[-79.890646934509277,40.435172503203304],[-79.890689849853501,40.435237832367442],[-79.891119003295884,40.435825791988364],[-79.891419410705552,40.436250426294841],[-79.891741275787339,40.436903704606642],[-79.891591072082505,40.436952700224147],[-79.891161918640137,40.437050691352034],[-79.890990257263184,40.4370833550296],[-79.890797138214097,40.436511738381256]]]]}},
{"type":"Feature","properties":{"GEOID":"420035605002024","NAME":"Block 2024, Block Group 2, Census Tract 5605, Allegheny County, Pennsylvania","housing_units":8,"pop":15},"geometry":{"type":"MultiPolygon","coordinates":[[[[-79.890689849853501,40.435237832367442],[-79.890646934509277,40.435172503203304],[-79.890711307525621,40.435139838597436],[-79.891097545623765,40.434992847674643],[-79.891119003295884,40.434976515330042],[-79.891183376312256,40.435041844684605],[-79.891548156738281,40.435548145030289],[-79.891612529754624,40.435629806019321],[-79.891505241394043,40.435662470387172],[-79.891204833984375,40.43579312769986],[-79.891119003295884,40.435825791988364],[-79.890689849853501,40.435237832367442]]]]}},
{"type":"Feature","properties":{"GEOID":"420035605002025","NAME":"Block 2025, Block Group 2, Census Tract 5605, Allegheny County, Pennsylvania","housing_units":7,"pop":14},"geometry":{"type":"MultiPolygon","coordinates":[[[[-79.891548156738281,40.435548145030289],[-79.891183376312256,40.435041844684605],[-79.891119003295884,40.434976515330042],[-79.891161918640137,40.434960182981492],[-79.891526699066162,40.434796859277718],[-79.891612529754624,40.434764194489361],[-79.891676902770996,40.434845856430506],[-79.891977310180664,40.43527049692571],[-79.892084598541246,40.435417487241537],[-79.891998767852783,40.43545015171253],[-79.891698360443115,40.435580809437809],[-79.891612529754624,40.435629806019321],[-79.891548156738281,40.435548145030289]]]]}},
{"type":"Feature","properties":{"GEOID":"420035605002026","NAME":"Block 2026, Block Group 2, Census Tract 5605, Allegheny County, Pennsylvania","housing_units":14,"pop":38},"geometry":{"type":"MultiPolygon","coordinates":[[[[-79.891612529754624,40.435629806019321],[-79.891698360443115,40.435580809437809],[-79.891998767852783,40.43545015171253],[-79.892084598541246,40.435417487241537],[-79.892256259918199,40.435646138205229],[-79.892406463623033,40.435842124126658],[-79.892578124999986,40.436119769870793],[-79.892578124999986,40.436691389851539],[-79.892363548278809,40.436740385623764],[-79.892256259918199,40.436773049452079],[-79.891934394836412,40.436070773646314],[-79.891762733459458,40.435842124126658],[-79.891612529754624,40.435629806019321]]],[[[-79.892578125,40.436691389851539],[-79.892578125,40.436119769870793],[-79.892792701721191,40.436642394043616],[-79.89268541336061,40.436658725983555],[-79.892578125,40.436691389851539]]]]}},
{"type":"Feature","properties":{"GEOID":"420035605002027","NAME":"Block 2027, Block Group 2, Census Tract 5605, Allegheny County, Pennsylvania","housing_units":16,"pop":36},"geometry":{"type":"MultiPolygon","coordinates":[[[[-79.892084598541246,40.435417487241537],[-79.892191886901855,40.435368490505297],[-79.89247083663939,40.435254164648562],[-79.892578124999986,40.435205167793313],[-79.892578124999986,40.436119769870793],[-79.892406463623033,40.435842124126658],[-79.892256259918199,40.435646138205229],[-79.892084598541246,40.435417487241537]]],[[[-79.893028736114516,40.435842124126658],[-79.893093109130859,40.435956448983688],[-79.893307685852065,40.436511738381256],[-79.893221855163574,40.436528070352928],[-79.892899990081787,40.436609730151829],[-79.892792701721191,40.436642394043616],[-79.892578125,40.436119769870793],[-79.892578125,40.435205167793313],[-79.893028736114516,40.435842124126658]]]]}},
{"type":"Feature","properties":{"GEOID":"420035605002028","NAME":"Block 2028, Block Group 2, Census Tract 5605, Allegheny County, Pennsylvania","housing_units":14,"pop":21},"geometry":{"type":"MultiPolygon","coordinates":[[[[-79.893093109130859,40.435956448983688],[-79.893028736114516,40.435842124126658],[-79.892578125,40.435205167793313],[-79.892663955688491,40.435172503203304],[-79.892964363098159,40.435041844684605],[-79.89307165145874,40.435009180015264],[-79.893243312835693,40.435254164648562],[-79.89356517791748,40.435695134739149],[-79.893844127655044,40.436364750457621],[-79.893736839294448,40.436397414468409],[-79.893414974212646,40.436479074425996],[-79.893307685852065,40.436511738381256],[-79.893093109130859,40.435956448983688]]]]}},
{"type":"Feature","properties":{"GEOID":"420035605002029","NAME":"Block 2029, Block Group 2, Census Tract 5605, Allegheny County, Pennsylvania","housing_units":7,"pop":19},"geometry":{"type":"MultiPolygon","coordinates":[[[[-79.893543720245361,40.43700169580594],[-79.893350601196303,40.436560734284392],[-79.893307685852065,40.436511738381256],[-79.893414974212646,40.436479074425996],[-79.893736839294448,40.436397414468409],[-79.893844127655044,40.436364750457621],[-79.893908500671387,40.436495406405612],[-79.894058704376235,40.436871040841808],[-79.894123077392578,40.43700169580594],[-79.894015789031997,40.437034359507308],[-79.89369392395021,40.437116018691285],[-79.8935866355896,40.43713235051618],[-79.893543720245361,40.43700169580594]]]]}},
{"type":"Feature","properties":{"GEOID":"420035605002030","NAME":"Block 2030, Block Group 2, Census Tract 5605, Allegheny County, Pennsylvania","housing_units":6,"pop":5},"geometry":{"type":"MultiPolygon","coordinates":[[[[-79.894058704376235,40.436871040841808],[-79.893908500671387,40.436495406405612],[-79.893844127655044,40.436364750457621],[-79.893951416015625,40.436348418446265],[-79.894273281097412,40.436266758329992],[-79.894380569458022,40.436234094255724],[-79.89442348480226,40.436364750457621],[-79.894595146179199,40.436740385623764],[-79.894638061523438,40.436871040841808],[-79.894530773162842,40.436887372726204],[-79.894230365753174,40.436969032088705],[-79.894123077392578,40.43700169580594],[-79.894058704376235,40.436871040841808]]]]}},
{"type":"Feature","properties":{"GEOID":"420035605002031","NAME":"Block 2031, Block Group 2, Census Tract 5605, Allegheny County, Pennsylvania","housing_units":11,"pop":17},"geometry":{"type":"MultiPolygon","coordinates":[[[[-79.894595146179199,40.436740385623764],[-79.89442348480226,40.436364750457621],[-79.894380569458022,40.436234094255724],[-79.894487857818604,40.436201430165575],[-79.894809722900391,40.436119769870793],[-79.894917011260986,40.436103437799929],[-79.895045757293715,40.436413746467863],[-79.895174503326416,40.436675057919537],[-79.895195960998535,40.436740385623764],[-79.895153045654297,40.436756717539907],[-79.895002841949477,40.436773049452079],[-79.894638061523438,40.436871040841808],[-79.894595146179199,40.436740385623764]]]]}},
{"type":"Feature","properties":{"GEOID":"420035605002032","NAME":"Block 2032, Block Group 2, Census Tract 5605, Allegheny County, Pennsylvania","housing_units":20,"pop":35},"geometry":{"type":"MultiPolygon","coordinates":[[[[-79.89521114407431,40.436786610317441],[-79.895174503326416,40.436675057919537],[-79.895045757293715,40.436413746467863],[-79.894917011260986,40.436103437799929],[-79.895303249359131,40.436005445291464],[-79.895346164703383,40.435989113192839],[-79.895367622375502,40.43597278109025],[-79.895276348187934,40.436478928442476],[-79.89521114407431,40.436786610317441]]]]}},
{"type":"Feature","properties":{"GEOID":"420035605002033","NAME":"Block 2033, Block Group 2, Census Tract 5605, Allegheny County, Pennsylvania","housing_units":16,"pop":37},"geometry":{"type":"MultiPolygon","coordinates":[[[[-79.894595146179199,40.435335825994642],[-79.894251823425293,40.434878521179193],[-79.894037246704116,40.434584537869725],[-79.894144535064697,40.434551872978233],[-79.89442348480226,40.434421213253529],[-79.894509315490723,40.434388548282683],[-79.895088672637954,40.435172503203304],[-79.895389080047622,40.435891120517752],[-79.895367622375502,40.43597278109025],[-79.895346164703383,40.435989113192839],[-79.895303249359131,40.436005445291464],[-79.894917011260986,40.436103437799929],[-79.894595146179199,40.435335825994642]]]]}},
{"type":"Feature","properties":{"GEOID":"420035605002034","NAME":"Block 2034, Block Group 2, Census Tract 5605, Allegheny County, Pennsylvania","housing_units":15,"pop":23},"geometry":{"type":"MultiPolygon","coordinates":[[[[-79.894101619720459,40.435580809437809],[-79.893758296966553,40.435074509338079],[-79.893543720245361,40.434796859277718],[-79.893651008605971,40.434764194489361],[-79.893951416015625,40.434633535177241],[-79.894037246704116,40.434584537869725],[-79.894251823425293,40.434878521179193],[-79.894595146179199,40.435335825994642],[-79.894917011260986,40.436103437799929],[-79.894809722900391,40.436119769870793],[-79.894487857818604,40.436201430165575],[-79.894380569458022,40.436234094255724],[-79.894101619720459,40.435580809437809]]]]}},
{"type":"Feature","properties":{"GEOID":"420035605002035","NAME":"Block 2035, Block Group 2, Census Tract 5605, Allegheny County, Pennsylvania","housing_units":13,"pop":16},"geometry":{"type":"MultiPolygon","coordinates":[[[[-79.89356517791748,40.435695134739149],[-79.893243312835693,40.435254164648562],[-79.89307165145874,40.435009180015264],[-79.893157482147231,40.434960182981492],[-79.893457889556885,40.434845856430506],[-79.893543720245361,40.434796859277718],[-79.893758296966553,40.435074509338079],[-79.894101619720459,40.435580809437809],[-79.894380569458022,40.436234094255724],[-79.894273281097412,40.436266758329992],[-79.893951416015625,40.436348418446265],[-79.893844127655044,40.436364750457621],[-79.89356517791748,40.435695134739149]]]]}},
{"type":"Feature","properties":{"GEOID":"420035605002036","NAME":"Block 2036, Block Group 2, Census Tract 5605, Allegheny County, Pennsylvania","housing_units":7,"pop":11},"geometry":{"type":"MultiPolygon","coordinates":[[[[-79.892964363098159,40.434878521179193],[-79.892663955688491,40.434470210680047],[-79.892599582672119,40.434355883295964],[-79.892663955688491,40.434323218293379],[-79.893050193786635,40.434159893042441],[-79.89307165145874,40.434159893042441],[-79.893157482147231,40.434274220759754],[-79.893457889556885,40.434666200029064],[-79.893543720245361,40.434796859277718],[-79.893457889556885,40.434845856430506],[-79.893157482147231,40.434960182981492],[-79.89307165145874,40.435009180015264],[-79.892964363098159,40.434878521179193]]]]}},
{"type":"Feature","properties":{"GEOID":"420035605002037","NAME":"Block 2037, Block Group 2, Census Tract 5605, Allegheny County, Pennsylvania","housing_units":14,"pop":36},"geometry":{"type":"MultiPolygon","coordinates":[[[[-79.892964363098159,40.434878521179193],[-79.89307165145874,40.435009180015264],[-79.892964363098159,40.435041844684605],[-79.892663955688491,40.435172503203304],[-79.892578125,40.435205167793313],[-79.892578125,40.434372215791313],[-79.892599582672119,40.434355883295964],[-79.892663955688491,40.434470210680047],[-79.892964363098159,40.434878521179193]]],[[[-79.892106056213365,40.434568205425968],[-79.892578124999986,40.434372215791313],[-79.892578124999986,40.435205167793313],[-79.89247083663939,40.435074509338079],[-79.892170429229736,40.434649867605145],[-79.892106056213365,40.434568205425968]]]]}},
{"type":"Feature","properties":{"GEOID":"420035605002038","NAME":"Block 2038, Block Group 2, Census Tract 5605, Allegheny County, Pennsylvania","housing_units":7,"pop":13},"geometry":{"type":"MultiPolygon","coordinates":[[[[-79.891977310180664,40.43527049692571],[-79.891676902770996,40.434845856430506],[-79.891612529754624,40.434764194489361],[-79.891698360443115,40.434731529685124],[-79.892063140869126,40.434584537869725],[-79.892106056213365,40.434568205425968],[-79.892170429229736,40.434649867605145],[-79.89247083663939,40.435074509338079],[-79.892578124999986,40.435205167793313],[-79.89247083663939,40.435254164648562],[-79.892191886901855,40.435368490505297],[-79.892084598541246,40.435417487241537],[-79.891977310180664,40.43527049692571]]]]}},
{"type":"Feature","properties":{"GEOID":"420035605002039","NAME":"Block 2039, Block Group 2, Census Tract 5605, Allegheny County, Pennsylvania","housing_units":15,"pop":27},"geometry":{"type":"MultiPolygon","coordinates":[[[[-79.895480821530143,40.43480810668575],[-79.895560741424561,40.434960182981492],[-79.895389080047622,40.435891120517752],[-79.895088672637954,40.435172503203304],[-79.894509315490723,40.434388548282683],[-79.894895553588867,40.434225223190424],[-79.894917011260986,40.434208890659377],[-79.895017182592028,40.434178392440167],[-79.895023096327435,40.434186502035516],[-79.895259349661387,40.434510187371991],[-79.895346164703383,40.434633535177241],[-79.895440267234804,40.434752911370616],[-79.895480821530143,40.43480810668575]]]]}},
{"type":"Feature","properties":{"GEOID":"420035605002040","NAME":"Block 2040, Block Group 2, Census Tract 5605, Allegheny County, Pennsylvania","housing_units":10,"pop":19},"geometry":{"type":"MultiPolygon","coordinates":[[[[-79.895017182592028,40.434178392440167],[-79.894917011260986,40.434208890659377],[-79.894895553588867,40.434225223190424],[-79.894509315490723,40.434388548282683],[-79.894380569458022,40.434192558124359],[-79.894058704376235,40.433735245533384],[-79.894101619720459,40.433718912883322],[-79.894487857818604,40.433555586164559],[-79.894542715888349,40.433527749030013],[-79.895017182592028,40.434178392440167]]]]}},
{"type":"Feature","properties":{"GEOID":"420035605002041","NAME":"Block 2041, Block Group 2, Census Tract 5605, Allegheny County, Pennsylvania","housing_units":7,"pop":10},"geometry":{"type":"MultiPolygon","coordinates":[[[[-79.893951416015625,40.434470210680047],[-79.89367246627809,40.434094562830985],[-79.89356517791748,40.433947569623136],[-79.893651008605971,40.433914904422188],[-79.894058704376235,40.433735245533384],[-79.894380569458022,40.434192558124359],[-79.894509315490723,40.434388548282683],[-79.89442348480226,40.434421213253529],[-79.894144535064697,40.434551872978233],[-79.894037246704116,40.434584537869725],[-79.893951416015625,40.434470210680047]]]]}},
{"type":"Feature","properties":{"GEOID":"420035605002042","NAME":"Block 2042, Block Group 2, Census Tract 5605, Allegheny County, Pennsylvania","housing_units":8,"pop":12},"geometry":{"type":"MultiPolygon","coordinates":[[[[-79.893457889556885,40.434666200029064],[-79.893157482147231,40.434274220759754],[-79.89307165145874,40.434159893042441],[-79.893264770507812,40.434078230268199],[-79.893500804901137,40.433980234808203],[-79.89356517791748,40.433947569623136],[-79.89367246627809,40.434094562830985],[-79.893951416015625,40.434470210680047],[-79.894037246704116,40.434584537869725],[-79.893951416015625,40.434633535177241],[-79.893651008605971,40.434764194489361],[-79.893543720245361,40.434796859277718],[-79.893457889556885,40.434666200029064]]]]}},
{"type":"Feature","properties":{"GEOID":"420035614001000","NAME":"Block 1000, Block Group 1, Census Tract 5614, Allegheny County, Pennsylvania","housing_units":8,"pop":11},"geometry":{"type":"MultiPolygon","coordinates":[[[[-79.855570094263697,40.456434768987535],[-79.855573391736968,40.456335830913304],[-79.855842590332017,40.456335830913304],[-79.855906963348374,40.45635215806859],[-79.85637903213501,40.456368485219912],[-79.856765270233154,40.456384812367268],[-79.856979846954346,40.456368485219912],[-79.856979846954346,40.456401139510653],[-79.857001304626465,40.456417466650066],[-79.857022762298584,40.456466448044523],[-79.857044219970703,40.456482775168062],[-79.857172966003404,40.456662373265232],[-79.857387542724595,40.456907278987686],[-79.857323169708252,40.457070548973348],[-79.857151508331299,40.457266472432458],[-79.85713005065918,40.457282799361579],[-79.856936931610093,40.457348107038442],[-79.855544006159747,40.457380718167499],[-79.855570094263697,40.456434768987535]]]]}},
{"type":"Feature","properties":{"GEOID":"420035614001001","NAME":"Block 1001, Block Group 1, Census Tract 5614, Allegheny County, Pennsylvania","housing_units":26,"pop":58},"geometry":{"type":"MultiPolygon","coordinates":[[[[-79.85562506846415,40.45478531163743],[-79.855586947556745,40.453564633647694],[-79.854402271817918,40.453586201231545],[-79.854396085120555,40.453372817054273],[-79.854395024494707,40.453226761157737],[-79.85461950302124,40.453217271503846],[-79.854726791381822,40.453200943586786],[-79.855027198791504,40.453102976001105],[-79.855456352233873,40.452890712408824],[-79.855606555938721,40.452825400399377],[-79.85562801361084,40.452890712408824],[-79.855928421020494,40.453494845486837],[-79.855949878692627,40.453560156845604],[-79.855971336364746,40.453674451570699],[-79.856014251708984,40.454784733068735],[-79.855906963348374,40.45635215806859],[-79.855842590332017,40.456335830913304],[-79.855573391736968,40.456335830913304],[-79.85562506846415,40.45478531163743]]]]}},
{"type":"Feature","properties":{"GEOID":"420035614001002","NAME":"Block 1002, Block Group 1, Census Tract 5614, Allegheny County, Pennsylvania","housing_units":25,"pop":60},"geometry":{"type":"MultiPolygon","coordinates":[[[[-79.85637903213501,40.456368485219912],[-79.855906963348374,40.45635215806859],[-79.856014251708984,40.454784733068735],[-79.855971336364746,40.453674451570699],[-79.855949878692627,40.453560156845604],[-79.856164455413804,40.453560156845604],[-79.856829643249498,40.453543829011863],[-79.857044219970703,40.453543829011863],[-79.857087135314927,40.454474509202939],[-79.857087135314927,40.454686767792161],[-79.857001304626465,40.456090923107865],[-79.856958389282227,40.456335830913304],[-79.856979846954346,40.456368485219912],[-79.856765270233154,40.456384812367268],[-79.85637903213501,40.456368485219912]]]]}},
{"type":"Feature","properties":{"GEOID":"420035614001003","NAME":"Block 1003, Block Group 1, Census Tract 5614, Allegheny County, Pennsylvania","housing_units":11,"pop":19},"geometry":{"type":"MultiPolygon","coordinates":[[[[-79.855928421020494,40.453494845486837],[-79.85562801361084,40.452890712408824],[-79.855606555938721,40.452825400399377],[-79.855821132659898,40.452711104230097],[-79.85652923583983,40.452368214555811],[-79.856743812561021,40.452253917608907],[-79.856872558593736,40.452302902038518],[-79.857215881347642,40.452335558305109],[-79.857172966003404,40.452580479798591],[-79.857065677642808,40.453462189783643],[-79.857044219970703,40.453543829011863],[-79.856829643249498,40.453543829011863],[-79.856164455413804,40.453560156845604],[-79.855949878692627,40.453560156845604],[-79.855928421020494,40.453494845486837]]]]}},
{"type":"Feature","properties":{"GEOID":"420035614001004","NAME":"Block 1004, Block Group 1, Census Tract 5614, Allegheny County, Pennsylvania","housing_units":11,"pop":24},"geometry":{"type":"MultiPolygon","coordinates":[[[[-79.854392652657864,40.452900141964875],[-79.854333478778528,40.45125520141216],[-79.85451221466063,40.451323206661634],[-79.855134487152085,40.451584460158692],[-79.855070114135728,40.451633445076318],[-79.854812622070298,40.45200899492518],[-79.854834079742417,40.453070320107479],[-79.854876995086656,40.453151959811798],[-79.854726791381822,40.453200943586786],[-79.85461950302124,40.453217271503846],[-79.854395024494707,40.453226761157737],[-79.854392652657864,40.452900141964875]]]]}},
{"type":"Feature","properties":{"GEOID":"420035614001005","NAME":"Block 1005, Block Group 1, Census Tract 5614, Allegheny County, Pennsylvania","housing_units":15,"pop":29},"geometry":{"type":"MultiPolygon","coordinates":[[[[-79.854834079742417,40.453070320107479],[-79.854812622070298,40.45200899492518],[-79.855070114135728,40.451633445076318],[-79.855134487152085,40.451584460158692],[-79.855327606201172,40.451666101668231],[-79.855821132659898,40.451878369128849],[-79.856100082397461,40.451976338499897],[-79.856228828430162,40.452025323131863],[-79.85637903213501,40.452106964105788],[-79.856743812561021,40.452253917608907],[-79.85652923583983,40.452368214555811],[-79.855821132659898,40.452711104230097],[-79.855606555938721,40.452825400399377],[-79.855456352233873,40.452890712408824],[-79.855027198791504,40.453102976001105],[-79.854876995086656,40.453151959811798],[-79.854834079742417,40.453070320107479]]]]}},
{"type":"Feature","properties":{"GEOID":"420035614001006","NAME":"Block 1006, Block Group 1, Census Tract 5614, Allegheny County, Pennsylvania","housing_units":28,"pop":40},"geometry":{"type":"MultiPolygon","coordinates":[[[[-79.856872558593736,40.452302902038518],[-79.856743812561021,40.452253917608907],[-79.85637903213501,40.452106964105788],[-79.856228828430162,40.452025323131863],[-79.856100082397461,40.451976338499897],[-79.856014251708984,40.45156813184488],[-79.856035709381104,40.451372191769693],[-79.856078624725342,40.450931324511643],[-79.856207370758042,40.449984266547879],[-79.856207370758042,40.449820979343116],[-79.856164455413804,40.44970667806372],[-79.856443405151367,40.44970667806372],[-79.856936931610093,40.449723006829821],[-79.857559204101548,40.449723006829821],[-79.85751628875731,40.450065910001477],[-79.85736608505249,40.451143594293235],[-79.857323169708252,40.451502818549969],[-79.857301712036133,40.451666101668231],[-79.857237339019761,40.452172276813513],[-79.857215881347642,40.452335558305109],[-79.856872558593736,40.452302902038518]]]]}},
{"type":"Feature","properties":{"GEOID":"420035614001007","NAME":"Block 1007, Block Group 1, Census Tract 5614, Allegheny County, Pennsylvania","housing_units":22,"pop":48},"geometry":{"type":"MultiPolygon","coordinates":[[[[-79.854300117022817,40.450327797201368],[-79.85461950302124,40.450408811423479],[-79.854812622070298,40.450408811423479],[-79.855499267578111,40.450490454361308],[-79.855713844299316,40.450572097199952],[-79.855928421020494,40.45073538257968],[-79.856078624725342,40.450931324511643],[-79.856035709381104,40.451372191769693],[-79.856014251708984,40.45156813184488],[-79.856100082397461,40.451976338499897],[-79.855821132659898,40.451878369128849],[-79.855327606201172,40.451666101668231],[-79.855134487152085,40.451584460158692],[-79.85451221466063,40.451323206661634],[-79.854333478778528,40.45125520141216],[-79.854300117022817,40.450327797201368]]]]}},
{"type":"Feature","properties":{"GEOID":"420035614001008","NAME":"Block 1008, Block Group 1, Census Tract 5614, Allegheny County, Pennsylvania","housing_units":19,"pop":26},"geometry":{"type":"MultiPolygon","coordinates":[[[[-79.854272019203322,40.449546722118242],[-79.854362010955811,40.449592376589926],[-79.854598045349121,40.449657691741614],[-79.854748249053941,40.449657691741614],[-79.854984283447266,40.449674020519616],[-79.855885505676255,40.449690349293654],[-79.856164455413804,40.44970667806372],[-79.856207370758042,40.449820979343116],[-79.856207370758042,40.449984266547879],[-79.856078624725342,40.450931324511643],[-79.855928421020494,40.45073538257968],[-79.855713844299316,40.450572097199952],[-79.855499267578111,40.450490454361308],[-79.854812622070298,40.450408811423479],[-79.85461950302124,40.450408811423479],[-79.854300117022817,40.450327797201368],[-79.854272019203322,40.449546722118242]]]]}},
{"type":"Feature","properties":{"GEOID":"420035614001009","NAME":"Block 1009, Block Group 1, Census Tract 5614, Allegheny County, Pennsylvania","housing_units":16,"pop":35},"geometry":{"type":"MultiPolygon","coordinates":[[[[-79.854184375084287,40.447110353787899],[-79.854533672332749,40.447110353787899],[-79.85461950302124,40.447094024387013],[-79.85476970672606,40.44773086808182],[-79.854791164398179,40.448090110580871],[-79.854748249053941,40.448253401991103],[-79.854555130004869,40.448677957800975],[-79.854555130004869,40.449037195237594],[-79.854705333709717,40.449363773059119],[-79.854748249053941,40.449657691741614],[-79.854598045349121,40.449657691741614],[-79.854362010955811,40.449592376589926],[-79.854272019203322,40.449546722118242],[-79.854184375084287,40.447110353787899]]]]}},
{"type":"Feature","properties":{"GEOID":"420035614001010","NAME":"Block 1010, Block Group 1, Census Tract 5614, Allegheny County, Pennsylvania","housing_units":27,"pop":58},"geometry":{"type":"MultiPolygon","coordinates":[[[[-79.856443405151367,40.44970667806372],[-79.856164455413804,40.44970667806372],[-79.855885505676255,40.449690349293654],[-79.854984283447266,40.449674020519616],[-79.854748249053941,40.449657691741614],[-79.854705333709717,40.449363773059119],[-79.854555130004869,40.449037195237594],[-79.854555130004869,40.448759602841548],[-79.855155944824205,40.448808589818285],[-79.855563640594468,40.448939221581682],[-79.855799674987779,40.448971879482848],[-79.856078624725342,40.448939221581682],[-79.856786727905273,40.448726944837219],[-79.857001304626465,40.448726944837219],[-79.857709407806396,40.448759602841548],[-79.857687950134277,40.448873905731716],[-79.857666492462158,40.448955550534251],[-79.857559204101548,40.449723006829821],[-79.856936931610093,40.449723006829821],[-79.856443405151367,40.44970667806372]]]]}},
{"type":"Feature","properties":{"GEOID":"420035614001011","NAME":"Block 1011, Block Group 1, Census Tract 5614, Allegheny County, Pennsylvania","housing_units":54,"pop":114},"geometry":{"type":"MultiPolygon","coordinates":[[[[-79.856480006798137,40.445525338401517],[-79.858518949925667,40.445238396835357],[-79.858589172363267,40.445559042989167],[-79.858610630035386,40.44694705960049],[-79.858589172363267,40.447224659483034],[-79.858481884002686,40.4474695996037],[-79.858138561248779,40.447943147972438],[-79.857902526855455,40.448269731110308],[-79.857795238494873,40.448449351159688],[-79.857709407806396,40.448759602841548],[-79.857001304626465,40.448726944837219],[-79.856958389282227,40.44694705960049],[-79.856958389282227,40.446849082897607],[-79.856872558593736,40.446620470035441],[-79.856636524200439,40.446310208478728],[-79.856636524200439,40.44627754928419],[-79.856459296629424,40.445528251595633],[-79.856480006798137,40.445525338401517]]]]}},
{"type":"Feature","properties":{"GEOID":"420035614001012","NAME":"Block 1012, Block Group 1, Census Tract 5614, Allegheny County, Pennsylvania","housing_units":60,"pop":106},"geometry":{"type":"MultiPolygon","coordinates":[[[[-79.856459296629424,40.445528251595633],[-79.856636524200439,40.44627754928419],[-79.856636524200439,40.446310208478728],[-79.856872558593736,40.446620470035441],[-79.856958389282227,40.446849082897607],[-79.856958389282227,40.44694705960049],[-79.857001304626465,40.448726944837219],[-79.856786727905273,40.448726944837219],[-79.856700897216797,40.448628970729011],[-79.856357574462891,40.448433022084124],[-79.856121540069552,40.448188085474612],[-79.855971336364746,40.447894160364889],[-79.855713844299316,40.44694705960049],[-79.855413436889634,40.445738670282992],[-79.855370445399117,40.445681414761175],[-79.856459296629424,40.445528251595633]]]]}},
{"type":"Feature","properties":{"GEOID":"420035614001013","NAME":"Block 1013, Block Group 1, Census Tract 5614, Allegheny County, Pennsylvania","housing_units":78,"pop":126},"geometry":{"type":"MultiPolygon","coordinates":[[[[-79.854139203780235,40.445854662752062],[-79.85532698050342,40.445687528747023],[-79.855370445399117,40.445681414761175],[-79.855413436889634,40.445738670282992],[-79.855713844299316,40.44694705960049],[-79.855971336364746,40.447894160364889],[-79.856121540069552,40.448188085474612],[-79.856357574462891,40.448433022084124],[-79.856700897216797,40.448628970729011],[-79.856786727905273,40.448726944837219],[-79.856078624725342,40.448939221581682],[-79.855799674987779,40.448971879482848],[-79.855563640594468,40.448939221581682],[-79.855155944824205,40.448808589818285],[-79.854555130004869,40.448759602841548],[-79.854555130004869,40.448677957800975],[-79.854748249053941,40.448253401991103],[-79.854791164398179,40.448090110580871],[-79.85476970672606,40.44773086808182],[-79.85461950302124,40.447094024387013],[-79.854533672332749,40.447110353787899],[-79.854184375084287,40.447110353787899],[-79.854139203780235,40.445854662752062]]]]}},
{"type":"Feature","properties":{"GEOID":"420035614002000","NAME":"Block 2000, Block Group 2, Census Tract 5614, Allegheny County, Pennsylvania","housing_units":21,"pop":34},"geometry":{"type":"MultiPolygon","coordinates":[[[[-79.857881069183335,40.458980778328382],[-79.85751628875731,40.457919546503099],[-79.857280254363999,40.45723381856228],[-79.85713005065918,40.457282799361579],[-79.857151508331299,40.457266472432458],[-79.857323169708252,40.457070548973348],[-79.857387542724595,40.456907278987686],[-79.857559204101548,40.457119529891692],[-79.858160018920898,40.457788932196827],[-79.858331680297852,40.457919546503099],[-79.858374595642076,40.458017507066174],[-79.858438968658433,40.458180774353863],[-79.858546257019043,40.458474654471893],[-79.858675003051758,40.458882819169865],[-79.858696460723877,40.458899145706205],[-79.85876083374022,40.458915472238573],[-79.859619140624986,40.458882819169865],[-79.859619140624986,40.45935628711284],[-79.858009815216064,40.459405266364769],[-79.857881069183335,40.458980778328382]]]]}},
{"type":"Feature","properties":{"GEOID":"420035614002001","NAME":"Block 2001, Block Group 2, Census Tract 5614, Allegheny County, Pennsylvania","housing_units":6,"pop":8},"geometry":{"type":"MultiPolygon","coordinates":[[[[-79.858696460723877,40.458899145706205],[-79.858675003051758,40.458882819169865],[-79.858546257019043,40.458474654471893],[-79.858846664428711,40.458458327832389],[-79.859790802001939,40.458442001188921],[-79.860091209411607,40.458442001188921],[-79.860091209411607,40.458523634366578],[-79.860112667083726,40.458784859868508],[-79.860112667083726,40.458866492629554],[-79.859962463378892,40.458866492629554],[-79.859619140624986,40.458882819169865],[-79.85876083374022,40.458915472238573],[-79.858696460723877,40.458899145706205]]]]}},
{"type":"Feature","properties":{"GEOID":"420035614002002","NAME":"Block 2002, Block Group 2, Census Tract 5614, Allegheny County, Pennsylvania","housing_units":9,"pop":28},"geometry":{"type":"MultiPolygon","coordinates":[[[[-79.860112667083726,40.458784859868508],[-79.860091209411607,40.458523634366578],[-79.860091209411607,40.458050160555452],[-79.860198497772217,40.458066487294147],[-79.860584735870361,40.458131794209223],[-79.86086368560791,40.45816444764295],[-79.861078262329087,40.45816444764295],[-79.861228466033936,40.458180774353863],[-79.861271381378174,40.458180774353863],[-79.861271381378174,40.458246081157867],[-79.861292839050293,40.458425674541495],[-79.861292839050293,40.458588940837281],[-79.8606276512146,40.458588940837281],[-79.860649108886705,40.458833839537029],[-79.860112667083726,40.458866492629554],[-79.860112667083726,40.458784859868508]]]]}},
{"type":"Feature","properties":{"GEOID":"420035614002003","NAME":"Block 2003, Block Group 2, Census Tract 5614, Allegheny County, Pennsylvania","housing_units":4,"pop":9},"geometry":{"type":"MultiPolygon","coordinates":[[[[-79.861845017645763,40.458578937527065],[-79.861292839050293,40.458588940837281],[-79.861292839050293,40.458425674541495],[-79.861271381378174,40.458246081157867],[-79.861271381378174,40.458180774353863],[-79.86200094223021,40.458180774353863],[-79.862022399902344,40.458197101060826],[-79.862129688262925,40.458213427763809],[-79.862236976623535,40.458246081157867],[-79.862344264984131,40.458311387898362],[-79.862451553344712,40.458442001188921],[-79.862490010553813,40.458559045871908],[-79.861845017645763,40.458578937527065]]]]}},
{"type":"Feature","properties":{"GEOID":"420035614002004","NAME":"Block 2004, Block Group 2, Census Tract 5614, Allegheny County, Pennsylvania","housing_units":5,"pop":17},"geometry":{"type":"MultiPolygon","coordinates":[[[[-79.862490010553813,40.458559045871908],[-79.862451553344712,40.458442001188921],[-79.862344264984131,40.458311387898362],[-79.862236976623535,40.458246081157867],[-79.862129688262925,40.458213427763809],[-79.862322807311998,40.458180774353863],[-79.863910675048828,40.458197101060826],[-79.863910675048828,40.458262407848935],[-79.863932132720947,40.458458327832389],[-79.863932132720947,40.458514570659105],[-79.862490010553813,40.458559045871908]]]]}},
{"type":"Feature","properties":{"GEOID":"420035614002005","NAME":"Block 2005, Block Group 2, Census Tract 5614, Allegheny County, Pennsylvania","housing_units":1,"pop":14},"geometry":{"type":"MultiPolygon","coordinates":[[[[-79.863932132720947,40.458514570659105],[-79.863932132720947,40.458458327832389],[-79.863910675048828,40.458262407848935],[-79.863910675048828,40.458197101060826],[-79.864811897277832,40.458197101060826],[-79.864811897277832,40.458487438619407],[-79.863932132720947,40.458514570659105]]]]}},
{"type":"Feature","properties":{"GEOID":"420035614002006","NAME":"Block 2006, Block Group 2, Census Tract 5614, Allegheny County, Pennsylvania","housing_units":31,"pop":44},"geometry":{"type":"MultiPolygon","coordinates":[[[[-79.864811897277832,40.458487438619407],[-79.864811897277832,40.458197101060826],[-79.863910675048828,40.458197101060826],[-79.862322807311998,40.458180774353863],[-79.862129688262925,40.458213427763809],[-79.862022399902344,40.458197101060826],[-79.86200094223021,40.458180774353863],[-79.861850738525376,40.458180774353863],[-79.861850738525376,40.457674644470544],[-79.8617649078369,40.456368485219912],[-79.861657619476318,40.456254195077356],[-79.861550331115723,40.456205213528165],[-79.861443042755113,40.456172559142196],[-79.861292839050293,40.456172559142196],[-79.861078262329087,40.456254195077356],[-79.860970973968506,40.456384812367268],[-79.860949516296387,40.456466448044523],[-79.860885143280029,40.456450120916998],[-79.860327243804917,40.456417466650066],[-79.860177040100098,40.456417466650066],[-79.858288764953599,40.456303176590822],[-79.858031272888184,40.456254195077356],[-79.857687950134277,40.456205213528165],[-79.857709407806396,40.456172559142196],[-79.857752323150621,40.456058268666361],[-79.85777378082274,40.456025614208976],[-79.858996868133545,40.456025614208976],[-79.861078262329087,40.456041941439643],[-79.863846302032456,40.456090923107865],[-79.863910675048828,40.456450120916998],[-79.864146709442124,40.457037895007964],[-79.865302158736526,40.458472318899872],[-79.864811897277832,40.458487438619407]]]]}},
{"type":"Feature","properties":{"GEOID":"420035614002007","NAME":"Block 2007, Block Group 2, Census Tract 5614, Allegheny County, Pennsylvania","housing_units":22,"pop":39},"geometry":{"type":"MultiPolygon","coordinates":[[[[-79.861078262329087,40.45816444764295],[-79.861035346984849,40.45816444764295],[-79.861035346984849,40.458082814028863],[-79.86101388931273,40.457821585797205],[-79.860970973968506,40.456792989761631],[-79.860970973968506,40.456613392013615],[-79.860949516296387,40.456466448044523],[-79.860970973968506,40.456384812367268],[-79.861078262329087,40.456254195077356],[-79.861292839050293,40.456172559142196],[-79.861443042755113,40.456172559142196],[-79.861550331115723,40.456205213528165],[-79.861657619476318,40.456254195077356],[-79.8617649078369,40.456368485219912],[-79.861850738525376,40.457674644470544],[-79.861850738525376,40.458180774353863],[-79.861228466033936,40.458180774353863],[-79.861078262329087,40.45816444764295]]]]}},
{"type":"Feature","properties":{"GEOID":"420035614002008","NAME":"Block 2008, Block Group 2, Census Tract 5614, Allegheny County, Pennsylvania","housing_units":20,"pop":33},"geometry":{"type":"MultiPolygon","coordinates":[[[[-79.86060619354248,40.457560356549834],[-79.860219955444336,40.457576683407559],[-79.860177040100098,40.456744008605234],[-79.860177040100098,40.456417466650066],[-79.860327243804917,40.456417466650066],[-79.860885143280029,40.456450120916998],[-79.860949516296387,40.456466448044523],[-79.860970973968506,40.456613392013615],[-79.860970973968506,40.456792989761631],[-79.86101388931273,40.457821585797205],[-79.860949516296387,40.457870566168012],[-79.86060619354248,40.457870566168012],[-79.86060619354248,40.457560356549834]]]]}},
{"type":"Feature","properties":{"GEOID":"420035614002009","NAME":"Block 2009, Block Group 2, Census Tract 5614, Allegheny County, Pennsylvania","housing_units":0,"pop":0},"geometry":{"type":"MultiPolygon","coordinates":[[[[-79.865302158736526,40.458472318899872],[-79.864146709442124,40.457037895007964],[-79.863910675048828,40.456450120916998],[-79.863846302032456,40.456090923107865],[-79.865734577178941,40.456090923107865],[-79.865841865539551,40.455748050680498],[-79.868266582488999,40.45635215806859],[-79.868073463439927,40.456695027413133],[-79.868116378784165,40.456711354481136],[-79.867095619288563,40.458417008371043],[-79.865302158736526,40.458472318899872]]]]}},
{"type":"Feature","properties":{"GEOID":"420035614002010","NAME":"Block 2010, Block Group 2, Census Tract 5614, Allegheny County, Pennsylvania","housing_units":0,"pop":0},"geometry":{"type":"MultiPolygon","coordinates":[[[[-79.865236501218419,40.455188865518544],[-79.865915936335782,40.455372308773335],[-79.865841865539551,40.455748050680498],[-79.865734577178941,40.456090923107865],[-79.863846302032456,40.456090923107865],[-79.863824844360337,40.455943977996107],[-79.863824844360337,40.454654112668237],[-79.863867759704576,40.454474509202939],[-79.864039421081529,40.454147956217923],[-79.864168167114244,40.453984679130279],[-79.864575862884521,40.453674451570699],[-79.866073087653149,40.452957593545598],[-79.865236501218419,40.455188865518544]]]]}},
{"type":"Feature","properties":{"GEOID":"420035614002011","NAME":"Block 2011, Block Group 2, Census Tract 5614, Allegheny County, Pennsylvania","housing_units":5,"pop":13},"geometry":{"type":"MultiPolygon","coordinates":[[[[-79.861078262329087,40.456041941439643],[-79.858996868133545,40.456025614208976],[-79.85777378082274,40.456025614208976],[-79.857838153839111,40.455878668954391],[-79.858052730560289,40.455437831262358],[-79.85811710357666,40.455290884722267],[-79.860134124755845,40.455650086808461],[-79.860284328460693,40.455650086808461],[-79.860584735870361,40.455584777481072],[-79.863181114196763,40.455601104818868],[-79.863266944885254,40.455633759482559],[-79.863460063934312,40.45578070527278],[-79.863588809967041,40.455829687131441],[-79.863824844360337,40.455846014409722],[-79.863824844360337,40.455943977996107],[-79.863846302032456,40.456090923107865],[-79.861078262329087,40.456041941439643]]]]}},
{"type":"Feature","properties":{"GEOID":"420035614002012","NAME":"Block 2012, Block Group 2, Census Tract 5614, Allegheny County, Pennsylvania","housing_units":38,"pop":69},"geometry":{"type":"MultiPolygon","coordinates":[[[[-79.857172966003404,40.456662373265232],[-79.857044219970703,40.456482775168062],[-79.857022762298584,40.456466448044523],[-79.857301712036133,40.456188886337166],[-79.857559204101548,40.453854057174503],[-79.857494831085205,40.452368214555811],[-79.85777378082274,40.452400870790662],[-79.857795238494873,40.452400870790662],[-79.857902526855455,40.452417198902126],[-79.857881069183335,40.452874384412418],[-79.857966899871812,40.453021336237278],[-79.858095645904527,40.453102976001105],[-79.858589172363267,40.453151959811798],[-79.859018325805664,40.453478517637222],[-79.858996868133545,40.453494845486837],[-79.858803749084473,40.453821401645882],[-79.85811710357666,40.455290884722267],[-79.858052730560289,40.455437831262358],[-79.857838153839111,40.455878668954391],[-79.85777378082274,40.456025614208976],[-79.857752323150621,40.456058268666361],[-79.857709407806396,40.456172559142196],[-79.857687950134277,40.456205213528165],[-79.857623577117906,40.456335830913304],[-79.857559204101548,40.456482775168062],[-79.857387542724595,40.456907278987686],[-79.857172966003404,40.456662373265232]]]]}},
{"type":"Feature","properties":{"GEOID":"420035614002013","NAME":"Block 2013, Block Group 2, Census Tract 5614, Allegheny County, Pennsylvania","housing_units":22,"pop":30},"geometry":{"type":"MultiPolygon","coordinates":[[[[-79.859812259674058,40.456711354481136],[-79.858546257019043,40.456727681545175],[-79.858546257019043,40.456776662713466],[-79.857559204101548,40.456841970882309],[-79.857387542724595,40.456907278987686],[-79.857559204101548,40.456482775168062],[-79.857623577117906,40.456335830913304],[-79.857687950134277,40.456205213528165],[-79.858031272888184,40.456254195077356],[-79.858288764953599,40.456303176590822],[-79.860177040100098,40.456417466650066],[-79.860177040100098,40.456744008605234],[-79.860219955444336,40.457576683407559],[-79.859833717346191,40.457593010261306],[-79.859812259674058,40.456711354481136]]]]}},
{"type":"Feature","properties":{"GEOID":"420035614002014","NAME":"Block 2014, Block Group 2, Census Tract 5614, Allegheny County, Pennsylvania","housing_units":16,"pop":32},"geometry":{"type":"MultiPolygon","coordinates":[[[[-79.860091209411607,40.458050160555452],[-79.859855175018311,40.458001180315577],[-79.859490394592285,40.457968526802496],[-79.858589172363267,40.457968526802496],[-79.858331680297852,40.457919546503099],[-79.858160018920898,40.457788932196827],[-79.857559204101548,40.457119529891692],[-79.857387542724595,40.456907278987686],[-79.857559204101548,40.456841970882309],[-79.858546257019043,40.456776662713466],[-79.858546257019043,40.456727681545175],[-79.859812259674058,40.456711354481136],[-79.859833717346191,40.457593010261306],[-79.860219955444336,40.457576683407559],[-79.860219955444336,40.457968526802496],[-79.860198497772217,40.458066487294147],[-79.860091209411607,40.458050160555452]]]]}},
{"type":"Feature","properties":{"GEOID":"420035614002015","NAME":"Block 2015, Block Group 2, Census Tract 5614, Allegheny County, Pennsylvania","housing_units":8,"pop":20},"geometry":{"type":"MultiPolygon","coordinates":[[[[-79.858438968658433,40.458180774353863],[-79.858374595642076,40.458017507066174],[-79.858331680297852,40.457919546503099],[-79.858589172363267,40.457968526802496],[-79.859490394592285,40.457968526802496],[-79.859855175018311,40.458001180315577],[-79.860091209411607,40.458050160555452],[-79.860091209411607,40.458442001188921],[-79.859790802001939,40.458442001188921],[-79.858846664428711,40.458458327832389],[-79.858546257019043,40.458474654471893],[-79.858438968658433,40.458180774353863]]]]}},
{"type":"Feature","properties":{"GEOID":"420035614002016","NAME":"Block 2016, Block Group 2, Census Tract 5614, Allegheny County, Pennsylvania","housing_units":6,"pop":12},"geometry":{"type":"MultiPolygon","coordinates":[[[[-79.857795238494873,40.452400870790662],[-79.85777378082274,40.452400870790662],[-79.857494831085205,40.452368214555811],[-79.857344627380371,40.452351886432446],[-79.857215881347642,40.452335558305109],[-79.857237339019761,40.452172276813513],[-79.857301712036133,40.451666101668231],[-79.857323169708252,40.451502818549969],[-79.858009815216064,40.45155180352711],[-79.857902526855455,40.452417198902126],[-79.857795238494873,40.452400870790662]]]]}},
{"type":"Feature","properties":{"GEOID":"420035614002017","NAME":"Block 2017, Block Group 2, Census Tract 5614, Allegheny County, Pennsylvania","housing_units":23,"pop":35},"geometry":{"type":"MultiPolygon","coordinates":[[[[-79.857001304626465,40.456417466650066],[-79.856979846954346,40.456401139510653],[-79.856979846954346,40.456368485219912],[-79.856958389282227,40.456335830913304],[-79.857001304626465,40.456090923107865],[-79.857087135314927,40.454686767792161],[-79.857087135314927,40.454474509202939],[-79.857044219970703,40.453543829011863],[-79.857065677642808,40.453462189783643],[-79.857172966003404,40.452580479798591],[-79.857215881347642,40.452335558305109],[-79.857344627380371,40.452351886432446],[-79.857494831085205,40.452368214555811],[-79.857559204101548,40.453854057174503],[-79.857301712036133,40.456188886337166],[-79.857022762298584,40.456466448044523],[-79.857001304626465,40.456417466650066]]]]}},
{"type":"Feature","properties":{"GEOID":"420035614002018","NAME":"Block 2018, Block Group 2, Census Tract 5614, Allegheny County, Pennsylvania","housing_units":3,"pop":9},"geometry":{"type":"MultiPolygon","coordinates":[[[[-79.860584735870361,40.458131794209223],[-79.860198497772217,40.458066487294147],[-79.860219955444336,40.457968526802496],[-79.860219955444336,40.457576683407559],[-79.86060619354248,40.457560356549834],[-79.86060619354248,40.457870566168012],[-79.860949516296387,40.457870566168012],[-79.86101388931273,40.457821585797205],[-79.861035346984849,40.458082814028863],[-79.861035346984849,40.45816444764295],[-79.86086368560791,40.45816444764295],[-79.860584735870361,40.458131794209223]]]]}},
{"type":"Feature","properties":{"GEOID":"420035614002019","NAME":"Block 2019, Block Group 2, Census Tract 5614, Allegheny County, Pennsylvania","housing_units":9,"pop":11},"geometry":{"type":"MultiPolygon","coordinates":[[[[-79.858589172363267,40.453151959811798],[-79.858095645904527,40.453102976001105],[-79.857966899871812,40.453021336237278],[-79.857881069183335,40.452874384412418],[-79.857902526855455,40.452417198902126],[-79.858396053314195,40.452433527009617],[-79.858675003051758,40.452433527009617],[-79.858717918395982,40.452417198902126],[-79.85876083374022,40.452809072387097],[-79.858846664428711,40.452988680303967],[-79.859018325805664,40.453184615665762],[-79.85927581787108,40.453282583132406],[-79.85925436019896,40.453282583132406],[-79.859061241149888,40.453429534064583],[-79.859018325805664,40.453478517637222],[-79.858589172363267,40.453151959811798]]]]}},
{"type":"Feature","properties":{"GEOID":"420035614002020","NAME":"Block 2020, Block Group 2, Census Tract 5614, Allegheny County, Pennsylvania","housing_units":36,"pop":65},"geometry":{"type":"MultiPolygon","coordinates":[[[[-79.859018325805664,40.453184615665762],[-79.858846664428711,40.452988680303967],[-79.85876083374022,40.452809072387097],[-79.858717918395982,40.452417198902126],[-79.858932495117173,40.452384542675219],[-79.859147071838379,40.452302902038518],[-79.859554767608643,40.452090635918935],[-79.859898090362549,40.451862040886446],[-79.860069751739488,40.451731414804449],[-79.860477447509751,40.451257893128663],[-79.86060619354248,40.451094609018533],[-79.860713481903062,40.451127265872302],[-79.86101388931273,40.451241564735511],[-79.861550331115723,40.451404848488572],[-79.861593246459961,40.451421176842054],[-79.861657619476318,40.451437505191578],[-79.861314296722412,40.451845712640086],[-79.861078262329087,40.452090635918935],[-79.860455989837632,40.452515167487611],[-79.859318733215318,40.453249927326063],[-79.85927581787108,40.453282583132406],[-79.859018325805664,40.453184615665762]]]]}},
{"type":"Feature","properties":{"GEOID":"420035614002021","NAME":"Block 2021, Block Group 2, Census Tract 5614, Allegheny County, Pennsylvania","housing_units":37,"pop":65},"geometry":{"type":"MultiPolygon","coordinates":[[[[-79.860498905181885,40.453086648056278],[-79.860477447509751,40.453005008272605],[-79.860455989837632,40.452515167487611],[-79.861078262329087,40.452090635918935],[-79.861314296722412,40.451845712640086],[-79.861657619476318,40.451437505191578],[-79.862043857574434,40.450980309905368],[-79.862730503082275,40.451306878284342],[-79.862773418426499,40.451339535034954],[-79.862987995147691,40.451421176842054],[-79.862108230590806,40.452482511308318],[-79.861936569213867,40.452645792046084],[-79.861121177673326,40.453184615665762],[-79.86086368560791,40.453266255231213],[-79.860498905181885,40.453315238922883],[-79.860498905181885,40.453086648056278]]]]}},
{"type":"Feature","properties":{"GEOID":"420035614002022","NAME":"Block 2022, Block Group 2, Census Tract 5614, Allegheny County, Pennsylvania","housing_units":41,"pop":62},"geometry":{"type":"MultiPolygon","coordinates":[[[[-79.860498905181885,40.453315238922883],[-79.86086368560791,40.453266255231213],[-79.861121177673326,40.453184615665762],[-79.861936569213867,40.452645792046084],[-79.862108230590806,40.452482511308318],[-79.862987995147691,40.451421176842054],[-79.863717555999756,40.451796727877181],[-79.862580299377441,40.453119303941975],[-79.861571788787842,40.453756090541027],[-79.861357212066636,40.453821401645882],[-79.860498905181885,40.453837729412179],[-79.860498905181885,40.453315238922883]]]]}},
{"type":"Feature","properties":{"GEOID":"420035614002023","NAME":"Block 2023, Block Group 2, Census Tract 5614, Allegheny County, Pennsylvania","housing_units":35,"pop":64},"geometry":{"type":"MultiPolygon","coordinates":[[[[-79.86101388931273,40.451241564735511],[-79.860713481903062,40.451127265872302],[-79.86060619354248,40.451094609018533],[-79.861958026885986,40.449478074921721],[-79.861958026885986,40.4487106158291],[-79.86251592636107,40.448759602841548],[-79.862666130065904,40.448759602841548],[-79.862987995147691,40.448841247782923],[-79.863309860229478,40.448939221581682],[-79.863202571868882,40.449053524166359],[-79.862322807311998,40.44985363681581],[-79.861121177673326,40.451274221517856],[-79.86101388931273,40.451241564735511]]]]}},
{"type":"Feature","properties":{"GEOID":"420035614002024","NAME":"Block 2024, Block Group 2, Census Tract 5614, Allegheny County, Pennsylvania","housing_units":24,"pop":25},"geometry":{"type":"MultiPolygon","coordinates":[[[[-79.861593246459961,40.451421176842054],[-79.861550331115723,40.451404848488572],[-79.861121177673326,40.451274221517856],[-79.862322807311998,40.44985363681581],[-79.863202571868882,40.449053524166359],[-79.863309860229478,40.448939221581682],[-79.863760471343994,40.449102510928846],[-79.863824844360337,40.449118839841752],[-79.863889217376695,40.449200484346726],[-79.863717555999756,40.449265799879285],[-79.862837791442857,40.450065910001477],[-79.862043857574434,40.450980309905368],[-79.861657619476318,40.451437505191578],[-79.861593246459961,40.451421176842054]]]]}},
{"type":"Feature","properties":{"GEOID":"420035614002025","NAME":"Block 2025, Block Group 2, Census Tract 5614, Allegheny County, Pennsylvania","housing_units":11,"pop":28},"geometry":{"type":"MultiPolygon","coordinates":[[[[-79.863824844360337,40.449118839841752],[-79.863760471343994,40.449102510928846],[-79.863309860229478,40.448939221581682],[-79.862987995147691,40.448841247782923],[-79.862601757049561,40.448743273841366],[-79.862473011016831,40.448612641697096],[-79.862408638000474,40.448563654577534],[-79.862709045410156,40.448449351159688],[-79.862794876098619,40.448449351159688],[-79.862902164459229,40.448416693004603],[-79.86401796340941,40.448416693004603],[-79.864039421081529,40.4487106158291],[-79.864039421081529,40.449086182011989],[-79.86401796340941,40.449167826556632],[-79.863889217376695,40.449200484346726],[-79.863824844360337,40.449118839841752]]]]}},
{"type":"Feature","properties":{"GEOID":"420035614002026","NAME":"Block 2026, Block Group 2, Census Tract 5614, Allegheny County, Pennsylvania","housing_units":71,"pop":104},"geometry":{"type":"MultiPolygon","coordinates":[[[[-79.859340190887451,40.451029295263389],[-79.859898090362549,40.45035982561317],[-79.859941005706787,40.450131224692946],[-79.85987663269043,40.45001692394122],[-79.858610630035386,40.449233142120931],[-79.859597682952881,40.448922892625134],[-79.859726428985581,40.448841247782923],[-79.860198497772217,40.44846568023128],[-79.860177040100098,40.448563654577534],[-79.860177040100098,40.4487106158291],[-79.860327243804917,40.448922892625134],[-79.860520362854004,40.449086182011989],[-79.8607563972473,40.449167826556632],[-79.860970973968506,40.449184155453665],[-79.861571788787842,40.449020866304856],[-79.861829280853257,40.449102510928846],[-79.861958026885986,40.449184155453665],[-79.861958026885986,40.449478074921721],[-79.86060619354248,40.451094609018533],[-79.860477447509751,40.451257893128663],[-79.860069751739488,40.451731414804449],[-79.859898090362549,40.451862040886446],[-79.859340190887451,40.451029295263389]]]]}},
{"type":"Feature","properties":{"GEOID":"420035614002027","NAME":"Block 2027, Block Group 2, Census Tract 5614, Allegheny County, Pennsylvania","housing_units":49,"pop":84},"geometry":{"type":"MultiPolygon","coordinates":[[[[-79.857902526855455,40.452417198902126],[-79.858009815216064,40.45155180352711],[-79.858374595642076,40.451584460158692],[-79.858460426330566,40.45155180352711],[-79.858503341674805,40.451486490216325],[-79.858589172363267,40.450866010597807],[-79.858803749084473,40.450523111508673],[-79.858546257019043,40.449755664350128],[-79.858503341674805,40.44970667806372],[-79.858138561248779,40.449543390184495],[-79.858181476593018,40.449510732561038],[-79.858224391937242,40.449135168750679],[-79.858288764953599,40.449053524166359],[-79.858353137969971,40.449086182011989],[-79.858396053314195,40.449102510928846],[-79.858610630035386,40.449233142120931],[-79.85987663269043,40.45001692394122],[-79.859941005706787,40.450131224692946],[-79.859898090362549,40.45035982561317],[-79.859340190887451,40.451029295263389],[-79.859898090362549,40.451862040886446],[-79.859554767608643,40.452090635918935],[-79.859147071838379,40.452302902038518],[-79.858932495117173,40.452384542675219],[-79.858717918395982,40.452417198902126],[-79.858675003051758,40.452433527009617],[-79.858396053314195,40.452433527009617],[-79.857902526855455,40.452417198902126]]]]}},
{"type":"Feature","properties":{"GEOID":"420035614002028","NAME":"Block 2028, Block Group 2, Census Tract 5614, Allegheny County, Pennsylvania","housing_units":15,"pop":24},"geometry":{"type":"MultiPolygon","coordinates":[[[[-79.858009815216064,40.45155180352711],[-79.858138561248779,40.450474125781675],[-79.858095645904527,40.449951609138665],[-79.858031272888184,40.449951609138665],[-79.857966899871812,40.449657691741614],[-79.858052730560289,40.449625034173707],[-79.85811710357666,40.449576047792085],[-79.858138561248779,40.449543390184495],[-79.858503341674805,40.44970667806372],[-79.858546257019043,40.449755664350128],[-79.858803749084473,40.450523111508673],[-79.858589172363267,40.450866010597807],[-79.858503341674805,40.451486490216325],[-79.858460426330566,40.45155180352711],[-79.858374595642076,40.451584460158692],[-79.858009815216064,40.45155180352711]]]]}},
{"type":"Feature","properties":{"GEOID":"420035614002029","NAME":"Block 2029, Block Group 2, Census Tract 5614, Allegheny County, Pennsylvania","housing_units":9,"pop":10},"geometry":{"type":"MultiPolygon","coordinates":[[[[-79.857323169708252,40.451502818549969],[-79.85736608505249,40.451143594293235],[-79.85751628875731,40.450065910001477],[-79.857559204101548,40.449723006829821],[-79.857687950134277,40.44970667806372],[-79.857902526855455,40.449690349293654],[-79.857966899871812,40.449657691741614],[-79.858031272888184,40.449951609138665],[-79.858095645904527,40.449951609138665],[-79.858138561248779,40.450474125781675],[-79.858009815216064,40.45155180352711],[-79.857323169708252,40.451502818549969]]]]}},
{"type":"Feature","properties":{"GEOID":"420035614003000","NAME":"Block 3000, Block Group 3, Census Tract 5614, Allegheny County, Pennsylvania","housing_units":308,"pop":319},"geometry":{"type":"MultiPolygon","coordinates":[[[[-79.866073087653149,40.452957593545598],[-79.864575862884521,40.453674451570699],[-79.864168167114244,40.453984679130279],[-79.864039421081529,40.454147956217923],[-79.863867759704576,40.454474509202939],[-79.863824844360337,40.454654112668237],[-79.863824844360337,40.455846014409722],[-79.863588809967041,40.455829687131441],[-79.863460063934312,40.45578070527278],[-79.863266944885254,40.455633759482559],[-79.863181114196763,40.455601104818868],[-79.860584735870361,40.455584777481072],[-79.860284328460693,40.455650086808461],[-79.860134124755845,40.455650086808461],[-79.85811710357666,40.455290884722267],[-79.858803749084473,40.453821401645882],[-79.858996868133545,40.453494845486837],[-79.859018325805664,40.453478517637222],[-79.859061241149888,40.453429534064583],[-79.85925436019896,40.453282583132406],[-79.85927581787108,40.453282583132406],[-79.859318733215318,40.453249927326063],[-79.860455989837632,40.452515167487611],[-79.860477447509751,40.453005008272605],[-79.860498905181885,40.453086648056278],[-79.860498905181885,40.453837729412179],[-79.861357212066636,40.453821401645882],[-79.861571788787842,40.453756090541027],[-79.862580299377441,40.453119303941975],[-79.863717555999756,40.451796727877181],[-79.862987995147691,40.451421176842054],[-79.862773418426499,40.451339535034954],[-79.862730503082275,40.451306878284342],[-79.862043857574434,40.450980309905368],[-79.862837791442857,40.450065910001477],[-79.863717555999756,40.449265799879285],[-79.863889217376695,40.449200484346726],[-79.86401796340941,40.449167826556632],[-79.864168167114244,40.449151497655642],[-79.866721630096421,40.449102510928846],[-79.867386817932115,40.449102510928846],[-79.867429733276353,40.449167826556632],[-79.867494106292725,40.449282128752508],[-79.867558479309082,40.449380101908531],[-79.867129325866699,40.449396430753978],[-79.866774836979502,40.451085947605733],[-79.866073087653149,40.452957593545598]]]]}},
{"type":"Feature","properties":{"GEOID":"420035614003001","NAME":"Block 3001, Block Group 3, Census Tract 5614, Allegheny County, Pennsylvania","housing_units":25,"pop":23},"geometry":{"type":"MultiPolygon","coordinates":[[[[-79.864039421081529,40.449086182011989],[-79.864039421081529,40.4487106158291],[-79.86401796340941,40.448416693004603],[-79.865133762359619,40.44840036392111],[-79.865541458129869,40.448563654577534],[-79.867365360259996,40.448514667422259],[-79.867451190948486,40.448563654577534],[-79.867773056030259,40.448792260830004],[-79.867537021636963,40.448988208427487],[-79.867386817932115,40.449102510928846],[-79.866721630096421,40.449102510928846],[-79.864168167114244,40.449151497655642],[-79.86401796340941,40.449167826556632],[-79.864039421081529,40.449086182011989]]]]}},
{"type":"Feature","properties":{"GEOID":"420035614003002","NAME":"Block 3002, Block Group 3, Census Tract 5614, Allegheny County, Pennsylvania","housing_units":38,"pop":72},"geometry":{"type":"MultiPolygon","coordinates":[[[[-79.867537021636963,40.448988208427487],[-79.867773056030259,40.448792260830004],[-79.86974716186522,40.44724098885218],[-79.87034797668457,40.447698209577602],[-79.870455265045152,40.447763526570178],[-79.87049818038939,40.44781251427294],[-79.87024068832396,40.44797580635764],[-79.869897365570054,40.448335047547445],[-79.869446754455552,40.448139098045601],[-79.869382381439195,40.448139098045601],[-79.868180751800537,40.449086182011989],[-79.867558479309082,40.449086182011989],[-79.867386817932115,40.449102510928846],[-79.867537021636963,40.448988208427487]]]]}},
{"type":"Feature","properties":{"GEOID":"420035614003003","NAME":"Block 3003, Block Group 3, Census Tract 5614, Allegheny County, Pennsylvania","housing_units":13,"pop":28},"geometry":{"type":"MultiPolygon","coordinates":[[[[-79.869382381439195,40.448139098045601],[-79.869446754455552,40.448139098045601],[-79.869897365570054,40.448335047547445],[-79.869704246520996,40.44846568023128],[-79.868996143341064,40.448988208427487],[-79.868996143341064,40.449053524166359],[-79.868888854980469,40.449069853091153],[-79.868352413177476,40.449069853091153],[-79.868180751800537,40.449086182011989],[-79.869382381439195,40.448139098045601]]]]}},
{"type":"Feature","properties":{"GEOID":"420035614003004","NAME":"Block 3004, Block Group 3, Census Tract 5614, Allegheny County, Pennsylvania","housing_units":154,"pop":304},"geometry":{"type":"MultiPolygon","coordinates":[[[[-79.868738651275621,40.445722340548855],[-79.869039058685289,40.445542713211381],[-79.869060516357408,40.445608032298736],[-79.869468212127671,40.445983615819138],[-79.869596958160386,40.446081593783653],[-79.869768619537339,40.446195901228393],[-79.870433807373033,40.446702117575477],[-79.870111942291246,40.44694705960049],[-79.869875907897949,40.447143012577776],[-79.86974716186522,40.44724098885218],[-79.867773056030259,40.448792260830004],[-79.867451190948486,40.448563654577534],[-79.867365360259996,40.448514667422259],[-79.867279529571519,40.448335047547445],[-79.867343902587876,40.448106439739746],[-79.867687225341783,40.447502258219011],[-79.868223667144775,40.447045036160553],[-79.868116378784165,40.44694705960049],[-79.867558479309082,40.446457174657816],[-79.867730140686021,40.446375526820212],[-79.868738651275621,40.445722340548855]]]]}},
{"type":"Feature","properties":{"GEOID":"420035614003005","NAME":"Block 3005, Block Group 3, Census Tract 5614, Allegheny County, Pennsylvania","housing_units":180,"pop":334},"geometry":{"type":"MultiPolygon","coordinates":[[[[-79.867558479309082,40.446457174657816],[-79.868116378784165,40.44694705960049],[-79.868223667144775,40.447045036160553],[-79.867687225341783,40.447502258219011],[-79.867343902587876,40.448106439739746],[-79.867279529571519,40.448335047547445],[-79.867365360259996,40.448514667422259],[-79.865541458129869,40.448563654577534],[-79.865133762359619,40.44840036392111],[-79.86401796340941,40.448416693004603],[-79.86401796340941,40.447747197327985],[-79.86399650573729,40.447632892521554],[-79.86399650573729,40.447534916818448],[-79.864554405212388,40.447665551057504],[-79.865713119506822,40.447632892521554],[-79.866936206817613,40.447110353787899],[-79.867172241210938,40.44694705960049],[-79.867343902587876,40.446783765016328],[-79.867472648620605,40.446555151931996],[-79.867558479309082,40.446457174657816]]]]}},
{"type":"Feature","properties":{"GEOID":"420035614003006","NAME":"Block 3006, Block Group 3, Census Tract 5614, Allegheny County, Pennsylvania","housing_units":18,"pop":33},"geometry":{"type":"MultiPolygon","coordinates":[[[[-79.869768619537339,40.446195901228393],[-79.869596958160386,40.446081593783653],[-79.869768619537339,40.445967286144494],[-79.870283603668199,40.44564069181861],[-79.870455265045152,40.445526383429637],[-79.870991706848145,40.445999945489802],[-79.870991706848145,40.446032604819244],[-79.871120452880845,40.446114253073404],[-79.870991706848145,40.446244890073764],[-79.870648384094224,40.446538822396221],[-79.870433807373033,40.446702117575477],[-79.869768619537339,40.446195901228393]]]]}},
{"type":"Feature","properties":{"GEOID":"420035614003007","NAME":"Block 3007, Block Group 3, Census Tract 5614, Allegheny County, Pennsylvania","housing_units":38,"pop":74},"geometry":{"type":"MultiPolygon","coordinates":[[[[-79.870648384094224,40.446538822396221],[-79.870991706848145,40.446244890073764],[-79.871120452880845,40.446114253073404],[-79.871549606323228,40.44644084509823],[-79.871635437011705,40.446522492856467],[-79.871699810028076,40.446555151931996],[-79.872021675109863,40.446800094492602],[-79.871978759765611,40.446832753433235],[-79.871871471405015,40.446898071266894],[-79.871807098388672,40.44694705960049],[-79.87124919891356,40.447306306289107],[-79.870777130126939,40.44694705960049],[-79.870541095733628,40.446767435536096],[-79.870433807373033,40.446702117575477],[-79.870648384094224,40.446538822396221]]]]}},
{"type":"Feature","properties":{"GEOID":"420035614003008","NAME":"Block 3008, Block Group 3, Census Tract 5614, Allegheny County, Pennsylvania","housing_units":36,"pop":68},"geometry":{"type":"MultiPolygon","coordinates":[[[[-79.870777130126939,40.44694705960049],[-79.87124919891356,40.447306306289107],[-79.87109899520874,40.447404282325472],[-79.870648384094224,40.447714538831697],[-79.87049818038939,40.44781251427294],[-79.870455265045152,40.447763526570178],[-79.87034797668457,40.447698209577602],[-79.86974716186522,40.44724098885218],[-79.869875907897949,40.447143012577776],[-79.870111942291246,40.44694705960049],[-79.870433807373033,40.446702117575477],[-79.870541095733628,40.446767435536096],[-79.870777130126939,40.44694705960049]]]]}},
{"type":"Feature","properties":{"GEOID":"420035614003009","NAME":"Block 3009, Block Group 3, Census Tract 5614, Allegheny County, Pennsylvania","housing_units":36,"pop":64},"geometry":{"type":"MultiPolygon","coordinates":[[[[-79.867494106292725,40.446408185967165],[-79.867150783538818,40.445624362060656],[-79.867043495178208,40.445428404655772],[-79.86800909042357,40.444807869104693],[-79.868438243865953,40.444546589264029],[-79.868524074554443,40.444513929212526],[-79.868545532226562,40.44457924929965],[-79.868652820587158,40.44477520918015],[-79.868674278259263,40.444840529013362],[-79.86876010894774,40.445003828318676],[-79.868953227996826,40.445412074846253],[-79.869039058685289,40.445542713211381],[-79.868738651275621,40.445722340548855],[-79.867730140686021,40.446375526820212],[-79.867558479309082,40.446457174657816],[-79.867494106292725,40.446408185967165]]]]}},
{"type":"Feature","properties":{"GEOID":"420035614003010","NAME":"Block 3010, Block Group 3, Census Tract 5614, Allegheny County, Pennsylvania","housing_units":8,"pop":4},"geometry":{"type":"MultiPolygon","coordinates":[[[[-79.866914749145508,40.445085477822559],[-79.866979122161851,40.444922178715608],[-79.86800909042357,40.44426897832048],[-79.868309497833252,40.444089347098988],[-79.868352413177476,40.444170997713726],[-79.868481159210205,40.444432279014364],[-79.868524074554443,40.444513929212526],[-79.868438243865953,40.444546589264029],[-79.86800909042357,40.444807869104693],[-79.867043495178208,40.445428404655772],[-79.866914749145508,40.445085477822559]]]]}},
{"type":"Feature","properties":{"GEOID":"420035614003011","NAME":"Block 3011, Block Group 3, Census Tract 5614, Allegheny County, Pennsylvania","housing_units":20,"pop":46},"geometry":{"type":"MultiPolygon","coordinates":[[[[-79.869468212127671,40.445983615819138],[-79.869060516357408,40.445608032298736],[-79.869039058685289,40.445542713211381],[-79.869210720062256,40.445428404655772],[-79.869704246520996,40.445118137596346],[-79.869875907897949,40.445003828318676],[-79.869983196258545,40.445118137596346],[-79.870326519012451,40.445428404655772],[-79.870455265045152,40.445526383429637],[-79.870283603668199,40.44564069181861],[-79.869768619537339,40.445967286144494],[-79.869596958160386,40.446081593783653],[-79.869468212127671,40.445983615819138]]]]}},
{"type":"Feature","properties":{"GEOID":"420035614003012","NAME":"Block 3012, Block Group 3, Census Tract 5614, Allegheny County, Pennsylvania","housing_units":9,"pop":21},"geometry":{"type":"MultiPolygon","coordinates":[[[[-79.868953227996826,40.445412074846253],[-79.86876010894774,40.445003828318676],[-79.868674278259263,40.444840529013362],[-79.86876010894774,40.44482419906101],[-79.868803024291992,40.444791539144404],[-79.869296550750732,40.444481269145165],[-79.869403839111314,40.444595579311517],[-79.86974716186522,40.444905848783094],[-79.869875907897949,40.445003828318676],[-79.869704246520996,40.445118137596346],[-79.869210720062256,40.445428404655772],[-79.869039058685289,40.445542713211381],[-79.868953227996826,40.445412074846253]]]]}},
{"type":"Feature","properties":{"GEOID":"420035614004000","NAME":"Block 4000, Block Group 4, Census Tract 5614, Allegheny County, Pennsylvania","housing_units":114,"pop":234},"geometry":{"type":"MultiPolygon","coordinates":[[[[-79.860885143280029,40.446408185967165],[-79.861121177673326,40.446832753433235],[-79.861164093017564,40.44694705960049],[-79.861271381378174,40.447224659483034],[-79.861357212066636,40.447420611650976],[-79.861142635345445,40.44745327029009],[-79.861099720001206,40.4474695996037],[-79.860434532165513,40.44781251427294],[-79.860177040100098,40.44797580635764],[-79.859790802001939,40.448171756335576],[-79.858632087707505,40.448792260830004],[-79.858288764953599,40.449053524166359],[-79.858224391937242,40.449135168750679],[-79.858181476593018,40.449510732561038],[-79.858138561248779,40.449543390184495],[-79.85811710357666,40.449576047792085],[-79.858052730560289,40.449625034173707],[-79.857966899871812,40.449657691741614],[-79.857902526855455,40.449690349293654],[-79.857687950134277,40.44970667806372],[-79.857559204101548,40.449723006829821],[-79.857666492462158,40.448955550534251],[-79.857687950134277,40.448873905731716],[-79.857709407806396,40.448759602841548],[-79.857795238494873,40.448449351159688],[-79.857902526855455,40.448269731110308],[-79.858138561248779,40.447943147972438],[-79.858374595642076,40.447763526570178],[-79.859898090362549,40.44694705960049],[-79.860391616821275,40.446685788075406],[-79.860734939575181,40.446489833765078],[-79.860885143280029,40.446408185967165]]]]}},
{"type":"Feature","properties":{"GEOID":"420035614004001","NAME":"Block 4001, Block Group 4, Census Tract 5614, Allegheny County, Pennsylvania","housing_units":10,"pop":18},"geometry":{"type":"MultiPolygon","coordinates":[[[[-79.858396053314195,40.449102510928846],[-79.858353137969971,40.449086182011989],[-79.858288764953599,40.449053524166359],[-79.858632087707505,40.448792260830004],[-79.859790802001939,40.448171756335576],[-79.860177040100098,40.44797580635764],[-79.860177040100098,40.448367705742207],[-79.860198497772217,40.44846568023128],[-79.859726428985581,40.448841247782923],[-79.859597682952881,40.448922892625134],[-79.858610630035386,40.449233142120931],[-79.858396053314195,40.449102510928846]]]]}},
{"type":"Feature","properties":{"GEOID":"420035614004002","NAME":"Block 4002, Block Group 4, Census Tract 5614, Allegheny County, Pennsylvania","housing_units":11,"pop":21},"geometry":{"type":"MultiPolygon","coordinates":[[[[-79.860177040100098,40.448367705742207],[-79.860177040100098,40.44797580635764],[-79.860434532165513,40.44781251427294],[-79.861099720001206,40.4474695996037],[-79.861142635345445,40.44745327029009],[-79.861357212066636,40.447420611650976],[-79.861443042755113,40.447387952995996],[-79.861571788787842,40.447371623662562],[-79.861636161804199,40.447420611650976],[-79.861807823181138,40.447534916818448],[-79.86187219619751,40.447567575402019],[-79.861528873443604,40.447747197327985],[-79.860520362854004,40.448286060225549],[-79.860198497772217,40.44846568023128],[-79.860177040100098,40.448367705742207]]]]}},
{"type":"Feature","properties":{"GEOID":"420035614004003","NAME":"Block 4003, Block Group 4, Census Tract 5614, Allegheny County, Pennsylvania","housing_units":17,"pop":26},"geometry":{"type":"MultiPolygon","coordinates":[[[[-79.860177040100098,40.4487106158291],[-79.860177040100098,40.448563654577534],[-79.860198497772217,40.44846568023128],[-79.860520362854004,40.448286060225549],[-79.861528873443604,40.447747197327985],[-79.86187219619751,40.447567575402019],[-79.861958026885986,40.447616563247614],[-79.862043857574434,40.447698209577602],[-79.862129688262925,40.447861501940018],[-79.862129688262925,40.44799213554429],[-79.862022399902344,40.448008464726975],[-79.8617649078369,40.448139098045601],[-79.860327243804917,40.448922892625134],[-79.860177040100098,40.4487106158291]]]]}},
{"type":"Feature","properties":{"GEOID":"420035614004004","NAME":"Block 4004, Block Group 4, Census Tract 5614, Allegheny County, Pennsylvania","housing_units":20,"pop":32},"geometry":{"type":"MultiPolygon","coordinates":[[[[-79.8607563972473,40.449167826556632],[-79.860520362854004,40.449086182011989],[-79.860327243804917,40.448922892625134],[-79.8617649078369,40.448139098045601],[-79.862022399902344,40.448008464726975],[-79.862129688262925,40.44799213554429],[-79.862151145935044,40.448155427192575],[-79.862236976623535,40.448351376646812],[-79.862301349639893,40.44846568023128],[-79.862408638000474,40.448563654577534],[-79.862473011016831,40.448612641697096],[-79.862601757049561,40.448743273841366],[-79.862666130065904,40.448759602841548],[-79.86251592636107,40.448759602841548],[-79.861958026885986,40.4487106158291],[-79.861958026885986,40.449184155453665],[-79.861829280853257,40.449102510928846],[-79.861571788787842,40.449020866304856],[-79.860970973968506,40.449184155453665],[-79.8607563972473,40.449167826556632]]]]}},
{"type":"Feature","properties":{"GEOID":"420035614004005","NAME":"Block 4005, Block Group 4, Census Tract 5614, Allegheny County, Pennsylvania","housing_units":19,"pop":41},"geometry":{"type":"MultiPolygon","coordinates":[[[[-79.862301349639893,40.44846568023128],[-79.862236976623535,40.448351376646812],[-79.862151145935044,40.448155427192575],[-79.862129688262925,40.44799213554429],[-79.862129688262925,40.447861501940018],[-79.862043857574434,40.447698209577602],[-79.861958026885986,40.447616563247614],[-79.86187219619751,40.447567575402019],[-79.861807823181138,40.447534916818448],[-79.861636161804199,40.447420611650976],[-79.861571788787842,40.447371623662562],[-79.861893653869629,40.447338964983764],[-79.862430095672593,40.447322635638422],[-79.863159656524644,40.447322635638422],[-79.863159656524644,40.44791048957137],[-79.863181114196763,40.448057452251213],[-79.862773418426499,40.448057452251213],[-79.862794876098619,40.44840036392111],[-79.862794876098619,40.448449351159688],[-79.862709045410156,40.448449351159688],[-79.862408638000474,40.448563654577534],[-79.862301349639893,40.44846568023128]]]]}},
{"type":"Feature","properties":{"GEOID":"420035614004006","NAME":"Block 4006, Block Group 4, Census Tract 5614, Allegheny County, Pennsylvania","housing_units":11,"pop":21},"geometry":{"type":"MultiPolygon","coordinates":[[[[-79.862794876098619,40.44840036392111],[-79.862773418426499,40.448057452251213],[-79.863181114196763,40.448057452251213],[-79.863331317901597,40.448041123080436],[-79.863846302032456,40.448024793905688],[-79.86401796340941,40.448008464726975],[-79.86401796340941,40.448416693004603],[-79.862902164459229,40.448416693004603],[-79.862794876098619,40.448449351159688],[-79.862794876098619,40.44840036392111]]]]}},
{"type":"Feature","properties":{"GEOID":"420035614004007","NAME":"Block 4007, Block Group 4, Census Tract 5614, Allegheny County, Pennsylvania","housing_units":10,"pop":42},"geometry":{"type":"MultiPolygon","coordinates":[[[[-79.863159656524644,40.44791048957137],[-79.863159656524644,40.447322635638422],[-79.863224029541016,40.447338964983764],[-79.86350297927855,40.447387952995996],[-79.86399650573729,40.447534916818448],[-79.86399650573729,40.447632892521554],[-79.86401796340941,40.447747197327985],[-79.86401796340941,40.448008464726975],[-79.863846302032456,40.448024793905688],[-79.863331317901597,40.448041123080436],[-79.863181114196763,40.448057452251213],[-79.863159656524644,40.44791048957137]]]]}},
{"type":"Feature","properties":{"GEOID":"420035614004008","NAME":"Block 4008, Block Group 4, Census Tract 5614, Allegheny County, Pennsylvania","housing_units":884,"pop":1272},"geometry":{"type":"MultiPolygon","coordinates":[[[[-79.861056804656968,40.446326538070061],[-79.861550331115723,40.446261219680956],[-79.861786365509019,40.446163241978297],[-79.862065315246568,40.445999945489802],[-79.861915111541748,40.445967286144494],[-79.861571788787842,40.445918297096782],[-79.861249923706055,40.444709889283459],[-79.861550331115723,40.44467722931131],[-79.862301349639893,40.444562919283818],[-79.862666130065904,40.444481269145165],[-79.863352775573716,40.444301638490998],[-79.863824844360337,40.445248776532772],[-79.863975048065171,40.445379415215292],[-79.864361286163316,40.445542713211381],[-79.864833354949951,40.445885637711804],[-79.8651123046875,40.44593462678332],[-79.865391254425035,40.445836648604569],[-79.865455627441406,40.445771329739401],[-79.865520000457764,40.445608032298736],[-79.865434169769287,40.445395745032762],[-79.865734577178941,40.445493723854213],[-79.865820407867432,40.445493723854213],[-79.865927696228013,40.445412074846253],[-79.865927696228013,40.445199786961361],[-79.865992069244371,40.445003828318676],[-79.866077899932847,40.444807869104693],[-79.866271018981919,40.444628239323329],[-79.866335391998277,40.444481269145165],[-79.866356849670396,40.44433429864565],[-79.866313934326158,40.444089347098988],[-79.866077899932847,40.443501459745015],[-79.866507053375244,40.443289165825817],[-79.866592884063706,40.443240174826173],[-79.866635799407945,40.443207514139907],[-79.866764545440674,40.443125862354819],[-79.866786003112793,40.443125862354819],[-79.867815971374512,40.442554297082062],[-79.867901802062988,40.442701271473517],[-79.868159294128418,40.442962558487089],[-79.868824481964111,40.443011549689068],[-79.868910312652574,40.442978888891716],[-79.869532585144043,40.442554297082062],[-79.869446754455552,40.442129702590535],[-79.86925363540648,40.441868412339659],[-79.871442317962646,40.440839572104302],[-79.871613979339585,40.44074158649876],[-79.871742725372314,40.440659931718372],[-79.871742725372314,40.440774248383136],[-79.871721267700195,40.441035542886922],[-79.871635437011705,40.441411151956792],[-79.871485233306871,40.4415254673441],[-79.870777130126939,40.442276677910328],[-79.870669841766357,40.442439983444324],[-79.870584011077867,40.443240174826173],[-79.870326519012451,40.443697422767627],[-79.869918823242173,40.44374641343402],[-79.868588447570787,40.443942375742523],[-79.868309497833252,40.444089347098988],[-79.86800909042357,40.44426897832048],[-79.866979122161851,40.444922178715608],[-79.866914749145508,40.445085477822559],[-79.867043495178208,40.445428404655772],[-79.867150783538818,40.445624362060656],[-79.867494106292725,40.446408185967165],[-79.867558479309082,40.446457174657816],[-79.867472648620605,40.446555151931996],[-79.867343902587876,40.446783765016328],[-79.867172241210938,40.44694705960049],[-79.866936206817613,40.447110353787899],[-79.865713119506822,40.447632892521554],[-79.864554405212388,40.447665551057504],[-79.86399650573729,40.447534916818448],[-79.86350297927855,40.447387952995996],[-79.863224029541016,40.447338964983764],[-79.863159656524644,40.447322635638422],[-79.862430095672593,40.447322635638422],[-79.861893653869629,40.447338964983764],[-79.861571788787842,40.447371623662562],[-79.861443042755113,40.447387952995996],[-79.861357212066636,40.447420611650976],[-79.861271381378174,40.447224659483034],[-79.861164093017564,40.44694705960049],[-79.861121177673326,40.446832753433235],[-79.860885143280029,40.446408185967165],[-79.861056804656968,40.446326538070061]]]]}},
{"type":"Feature","properties":{"GEOID":"420035614004009","NAME":"Block 4009, Block Group 4, Census Tract 5614, Allegheny County, Pennsylvania","housing_units":77,"pop":93},"geometry":{"type":"MultiPolygon","coordinates":[[[[-79.868159294128418,40.442962558487089],[-79.867901802062988,40.442701271473517],[-79.867815971374512,40.442554297082062],[-79.868266582488999,40.442325669612181],[-79.86886739730835,40.442048049496236],[-79.869017601013184,40.441982726949384],[-79.869039058685289,40.44196639630276],[-79.86925363540648,40.441868412339659],[-79.869446754455552,40.442129702590535],[-79.869532585144043,40.442554297082062],[-79.868910312652574,40.442978888891716],[-79.868824481964111,40.443011549689068],[-79.868159294128418,40.442962558487089]]]]}},
{"type":"Feature","properties":{"GEOID":"420035614004010","NAME":"Block 4010, Block Group 4, Census Tract 5614, Allegheny County, Pennsylvania","housing_units":3,"pop":19},"geometry":{"type":"MultiPolygon","coordinates":[[[[-79.861249923706055,40.445869308013357],[-79.860970973968506,40.444954838568734],[-79.860949516296387,40.444758879211925],[-79.861249923706055,40.444709889283459],[-79.861571788787842,40.445918297096782],[-79.861249923706055,40.445869308013357]]]]}},
{"type":"Feature","properties":{"GEOID":"420035614004011","NAME":"Block 4011, Block Group 4, Census Tract 5614, Allegheny County, Pennsylvania","housing_units":100,"pop":131},"geometry":{"type":"MultiPolygon","coordinates":[[[[-79.864833354949951,40.445885637711804],[-79.864361286163316,40.445542713211381],[-79.863975048065171,40.445379415215292],[-79.863824844360337,40.445248776532772],[-79.863352775573716,40.444301638490998],[-79.863889217376695,40.44415466759871],[-79.864768981933594,40.443926045571963],[-79.864854812622056,40.444105677229864],[-79.865434169769287,40.445395745032762],[-79.865520000457764,40.445608032298736],[-79.865455627441406,40.445771329739401],[-79.865391254425035,40.445836648604569],[-79.8651123046875,40.44593462678332],[-79.864833354949951,40.445885637711804]]]]}},
{"type":"Feature","properties":{"GEOID":"420035614004012","NAME":"Block 4012, Block Group 4, Census Tract 5614, Allegheny County, Pennsylvania","housing_units":161,"pop":175},"geometry":{"type":"MultiPolygon","coordinates":[[[[-79.865434169769287,40.445395745032762],[-79.864854812622056,40.444105677229864],[-79.864768981933594,40.443926045571963],[-79.865305423736558,40.443762743648215],[-79.865477085113525,40.44371375299373],[-79.865949153900132,40.44356678081602],[-79.866077899932847,40.443501459745015],[-79.866313934326158,40.444089347098988],[-79.866356849670396,40.44433429864565],[-79.866335391998277,40.444481269145165],[-79.866271018981919,40.444628239323329],[-79.866077899932847,40.444807869104693],[-79.865992069244371,40.445003828318676],[-79.865927696228013,40.445199786961361],[-79.865927696228013,40.445412074846253],[-79.865820407867432,40.445493723854213],[-79.865734577178941,40.445493723854213],[-79.865434169769287,40.445395745032762]]]]}},
{"type":"Feature","properties":{"GEOID":"420035614004013","NAME":"Block 4013, Block Group 4, Census Tract 5614, Allegheny County, Pennsylvania","housing_units":0,"pop":0},"geometry":{"type":"MultiPolygon","coordinates":[[[[-79.870584011077867,40.443240174826173],[-79.870669841766357,40.442439983444324],[-79.870777130126939,40.442276677910328],[-79.871485233306871,40.4415254673441],[-79.871635437011705,40.441411151956792],[-79.871613979339585,40.4415254673441],[-79.871399402618408,40.441950065652165],[-79.871313571929917,40.442080710745863],[-79.871227741241441,40.442260347335107],[-79.871163368225083,40.442390991825775],[-79.870970249176011,40.443011549689068],[-79.870948791503892,40.443158523080761],[-79.870884418487535,40.443403478019469],[-79.870734214782715,40.44358311107387],[-79.870584011077867,40.443681092537574],[-79.870326519012451,40.443697422767627],[-79.870584011077867,40.443240174826173]]]]}},
{"type":"Feature","properties":{"GEOID":"420035614004014","NAME":"Block 4014, Block Group 4, Census Tract 5614, Allegheny County, Pennsylvania","housing_units":76,"pop":142},"geometry":{"type":"MultiPolygon","coordinates":[[[[-79.85862192550708,40.445223905026239],[-79.858603415162349,40.445155410510431],[-79.858782291412339,40.445134467477281],[-79.860713481903062,40.444807869104693],[-79.860949516296387,40.444758879211925],[-79.860970973968506,40.444954838568734],[-79.861249923706055,40.445869308013357],[-79.861571788787842,40.445918297096782],[-79.861915111541748,40.445967286144494],[-79.862065315246568,40.445999945489802],[-79.861786365509019,40.446163241978297],[-79.861550331115723,40.446261219680956],[-79.861056804656968,40.446326538070061],[-79.860885143280029,40.446408185967165],[-79.860734939575181,40.446489833765078],[-79.860391616821275,40.446685788075406],[-79.859898090362549,40.44694705960049],[-79.858374595642076,40.447763526570178],[-79.858138561248779,40.447943147972438],[-79.858481884002686,40.4474695996037],[-79.858589172363267,40.447224659483034],[-79.858610630035386,40.44694705960049],[-79.858589172363267,40.445559042989167],[-79.858518949925667,40.445238396835357],[-79.85862192550708,40.445223905026239]]]]}},
{"type":"Feature","properties":{"GEOID":"420035615001000","NAME":"Block 1000, Block Group 1, Census Tract 5615, Allegheny County, Pennsylvania","housing_units":10,"pop":27},"geometry":{"type":"MultiPolygon","coordinates":[[[[-79.857976477954765,40.442835531486793],[-79.858310222625732,40.442733932405758],[-79.858374595642076,40.442799254222628],[-79.858524799346924,40.442962558487089],[-79.858589172363267,40.443011549689068],[-79.858696460723877,40.443109531985904],[-79.858996868133545,40.443403478019469],[-79.859490394592285,40.443844394659678],[-79.859855175018311,40.444170997713726],[-79.860177040100098,40.444399618907319],[-79.860413074493394,40.444530259240267],[-79.860949516296387,40.444758879211925],[-79.860713481903062,40.444807869104693],[-79.858782291412339,40.445134467477281],[-79.858603415162349,40.445155410510431],[-79.857976477954765,40.442835531486793]]]]}},
{"type":"Feature","properties":{"GEOID":"420035615001001","NAME":"Block 1001, Block Group 1, Census Tract 5615, Allegheny County, Pennsylvania","housing_units":18,"pop":41},"geometry":{"type":"MultiPolygon","coordinates":[[[[-79.860413074493394,40.444530259240267],[-79.860177040100098,40.444399618907319],[-79.859855175018311,40.444170997713726],[-79.859490394592285,40.443844394659678],[-79.859576225280762,40.443762743648215],[-79.859898090362549,40.442929897665934],[-79.859855175018311,40.442766593322126],[-79.859747886657701,40.442701271473517],[-79.859597682952881,40.442684941001446],[-79.858589172363267,40.443011549689068],[-79.858524799346924,40.442962558487089],[-79.858374595642076,40.442799254222628],[-79.858310222625732,40.442733932405758],[-79.858374595642076,40.442701271473517],[-79.859318733215318,40.442423652908779],[-79.86060619354248,40.442015388230743],[-79.860842227935791,40.442456313975903],[-79.860928058624268,40.442619619073497],[-79.860949516296387,40.444758879211925],[-79.860413074493394,40.444530259240267]]]]}},
{"type":"Feature","properties":{"GEOID":"420035615001002","NAME":"Block 1002, Block Group 1, Census Tract 5615, Allegheny County, Pennsylvania","housing_units":2,"pop":13},"geometry":{"type":"MultiPolygon","coordinates":[[[[-79.858996868133545,40.443403478019469],[-79.858696460723877,40.443109531985904],[-79.858589172363267,40.443011549689068],[-79.859597682952881,40.442684941001446],[-79.859747886657701,40.442701271473517],[-79.859855175018311,40.442766593322126],[-79.859898090362549,40.442929897665934],[-79.859576225280762,40.443762743648215],[-79.859490394592285,40.443844394659678],[-79.858996868133545,40.443403478019469]]]]}},
{"type":"Feature","properties":{"GEOID":"420035615001003","NAME":"Block 1003, Block Group 1, Census Tract 5615, Allegheny County, Pennsylvania","housing_units":19,"pop":32},"geometry":{"type":"MultiPolygon","coordinates":[[[[-79.861660953218717,40.441690768065229],[-79.861850738525376,40.442733932405758],[-79.861915111541748,40.443828064465322],[-79.861829280853257,40.443926045571963],[-79.861593246459961,40.444056686825327],[-79.86150741577147,40.444138337479728],[-79.861550331115723,40.44467722931131],[-79.861249923706055,40.444709889283459],[-79.860949516296387,40.444758879211925],[-79.860928058624268,40.442619619073497],[-79.860842227935791,40.442456313975903],[-79.86060619354248,40.442015388230743],[-79.861350369356927,40.441772659946061],[-79.861660953218717,40.441690768065229]]]]}},
{"type":"Feature","properties":{"GEOID":"420035615001004","NAME":"Block 1004, Block Group 1, Census Tract 5615, Allegheny County, Pennsylvania","housing_units":316,"pop":416},"geometry":{"type":"MultiPolygon","coordinates":[[[[-79.863731597640381,40.438219457500011],[-79.864111795006536,40.437983412388554],[-79.8651123046875,40.437458986180971],[-79.865262508392334,40.437360995648156],[-79.867687225341783,40.436805713264519],[-79.867773056030259,40.437165014154068],[-79.867794513702393,40.437230341382239],[-79.867794513702393,40.43729566854693],[-79.868137836456299,40.438749181543265],[-79.868180751800537,40.438977821176714],[-79.868352413177476,40.439565748092257],[-79.868481159210205,40.440153669866277],[-79.868545532226562,40.440349642648385],[-79.868717193603501,40.441035542886922],[-79.868738651275621,40.441068204628479],[-79.868695735931382,40.441182520598979],[-79.868481159210205,40.441672443984999],[-79.868674278259263,40.441803089618247],[-79.86886739730835,40.442048049496236],[-79.868266582488999,40.442325669612181],[-79.867815971374512,40.442554297082062],[-79.86775159835814,40.441623451807068],[-79.867708683013902,40.44159079033529],[-79.867193698883057,40.44159079033529],[-79.867172241210938,40.441492805824701],[-79.866571426391602,40.441492805824701],[-79.8661208152771,40.441509136586383],[-79.865992069244371,40.441509136586383],[-79.865970611572251,40.442031718865479],[-79.86601352691649,40.443125862354819],[-79.866077899932847,40.443501459745015],[-79.865949153900132,40.44356678081602],[-79.865477085113525,40.44371375299373],[-79.865391254425035,40.4415254673441],[-79.864768981933594,40.441541798097852],[-79.863867759704576,40.441394821171308],[-79.863803386688218,40.441639782537017],[-79.863674640655503,40.441803089618247],[-79.863460063934312,40.441950065652165],[-79.862966537475586,40.442097041364718],[-79.862966537475586,40.442162363800477],[-79.863095283508287,40.442407322369263],[-79.863309860229478,40.442635949561435],[-79.863545894622789,40.442766593322126],[-79.864189624786363,40.442913567249406],[-79.864339828491197,40.443027880081786],[-79.864768981933594,40.443926045571963],[-79.863889217376695,40.44415466759871],[-79.863352775573716,40.444301638490998],[-79.862666130065904,40.444481269145165],[-79.862301349639893,40.444562919283818],[-79.861550331115723,40.44467722931131],[-79.86150741577147,40.444138337479728],[-79.861593246459961,40.444056686825327],[-79.861829280853257,40.443926045571963],[-79.861915111541748,40.443828064465322],[-79.861850738525376,40.442733932405758],[-79.861660953218717,40.441690768065229],[-79.861856366281401,40.441639243355759],[-79.861852903243857,40.441605563122955],[-79.862086772918687,40.4415254673441],[-79.861649985487261,40.439632059460223],[-79.86162821036892,40.439420282647184],[-79.86217996173869,40.439039645347883],[-79.862664934212418,40.438753266140914],[-79.863731597640381,40.438219457500011]],[[-79.862923622131348,40.440953888463589],[-79.863138198852525,40.440839572104302],[-79.863266944885254,40.440708924598511],[-79.863331317901597,40.440545614859218],[-79.863331317901597,40.440251656328734],[-79.863224029541016,40.439598410547916],[-79.863095283508287,40.439565748092257],[-79.862794876098619,40.439549416858469],[-79.862644672393799,40.439614741769802],[-79.862408638000474,40.439778053770418],[-79.862322807311998,40.439908703085273],[-79.862322807311998,40.439990358778118],[-79.862644672393799,40.441019212010197],[-79.862923622131348,40.440953888463589]]]]}},
{"type":"Feature","properties":{"GEOID":"420035615001005","NAME":"Block 1005, Block Group 1, Census Tract 5615, Allegheny County, Pennsylvania","housing_units":30,"pop":31},"geometry":{"type":"MultiPolygon","coordinates":[[[[-79.866592884063706,40.442325669612181],[-79.866592884063706,40.441688774703046],[-79.866571426391602,40.441492805824701],[-79.867172241210938,40.441492805824701],[-79.867193698883057,40.44159079033529],[-79.867708683013902,40.44159079033529],[-79.86775159835814,40.441623451807068],[-79.867815971374512,40.442554297082062],[-79.866786003112793,40.443125862354819],[-79.866764545440674,40.443125862354819],[-79.866635799407945,40.443207514139907],[-79.866592884063706,40.442325669612181]]]]}},
{"type":"Feature","properties":{"GEOID":"420035615001006","NAME":"Block 1006, Block Group 1, Census Tract 5615, Allegheny County, Pennsylvania","housing_units":100,"pop":133},"geometry":{"type":"MultiPolygon","coordinates":[[[[-79.864339828491197,40.443027880081786],[-79.864189624786363,40.442913567249406],[-79.863545894622789,40.442766593322126],[-79.863309860229478,40.442635949561435],[-79.863095283508287,40.442407322369263],[-79.862966537475586,40.442162363800477],[-79.862966537475586,40.442097041364718],[-79.863460063934312,40.441950065652165],[-79.863674640655503,40.441803089618247],[-79.863803386688218,40.441639782537017],[-79.863867759704576,40.441394821171308],[-79.864768981933594,40.441541798097852],[-79.865391254425035,40.4415254673441],[-79.865477085113525,40.44371375299373],[-79.865305423736558,40.443762743648215],[-79.864768981933594,40.443926045571963],[-79.864339828491197,40.443027880081786]]]]}},
{"type":"Feature","properties":{"GEOID":"420035615001007","NAME":"Block 1007, Block Group 1, Census Tract 5615, Allegheny County, Pennsylvania","housing_units":38,"pop":63},"geometry":{"type":"MultiPolygon","coordinates":[[[[-79.86601352691649,40.443125862354819],[-79.865970611572251,40.442031718865479],[-79.865992069244371,40.441509136586383],[-79.8661208152771,40.441509136586383],[-79.866571426391602,40.441492805824701],[-79.866592884063706,40.441688774703046],[-79.866592884063706,40.442325669612181],[-79.866635799407945,40.443207514139907],[-79.866592884063706,40.443240174826173],[-79.866507053375244,40.443289165825817],[-79.866077899932847,40.443501459745015],[-79.86601352691649,40.443125862354819]]]]}},
{"type":"Feature","properties":{"GEOID":"420035615001008","NAME":"Block 1008, Block Group 1, Census Tract 5615, Allegheny County, Pennsylvania","housing_units":12,"pop":12},"geometry":{"type":"MultiPolygon","coordinates":[[[[-79.867794513702393,40.43729566854693],[-79.867794513702393,40.437230341382239],[-79.867837429046631,40.437312000328198],[-79.868416786193833,40.437932605076249],[-79.868824481964111,40.438340894549505],[-79.868652820587158,40.438438883654136],[-79.868180751800537,40.438700187234929],[-79.868137836456299,40.438749181543265],[-79.867794513702393,40.43729566854693]]]]}},
{"type":"Feature","properties":{"GEOID":"420035615001009","NAME":"Block 1009, Block Group 1, Census Tract 5615, Allegheny County, Pennsylvania","housing_units":30,"pop":56},"geometry":{"type":"MultiPolygon","coordinates":[[[[-79.862322807311998,40.439990358778118],[-79.862322807311998,40.439908703085273],[-79.862408638000474,40.439778053770418],[-79.862644672393799,40.439614741769802],[-79.862794876098619,40.439549416858469],[-79.863095283508287,40.439565748092257],[-79.863224029541016,40.439598410547916],[-79.863331317901597,40.440251656328734],[-79.863331317901597,40.440545614859218],[-79.863266944885254,40.440708924598511],[-79.863138198852525,40.440839572104302],[-79.862923622131348,40.440953888463589],[-79.862644672393799,40.441019212010197],[-79.862322807311998,40.439990358778118]]]]}},
{"type":"Feature","properties":{"GEOID":"420035615001010","NAME":"Block 1010, Block Group 1, Census Tract 5615, Allegheny County, Pennsylvania","housing_units":42,"pop":78},"geometry":{"type":"MultiPolygon","coordinates":[[[[-79.868674278259263,40.441803089618247],[-79.868481159210205,40.441672443984999],[-79.868695735931382,40.441182520598979],[-79.868738651275621,40.441068204628479],[-79.869167804718018,40.441068204628479],[-79.869425296783433,40.441019212010197],[-79.869918823242173,40.440806910251659],[-79.870605468749986,40.440414966782136],[-79.87109899520874,40.440398635754647],[-79.87124919891356,40.440414966782136],[-79.871656894683824,40.440529283863455],[-79.871721267700195,40.440578276838814],[-79.871742725372314,40.440659931718372],[-79.871613979339585,40.44074158649876],[-79.871442317962646,40.440839572104302],[-79.86925363540648,40.441868412339659],[-79.869039058685289,40.44196639630276],[-79.869017601013184,40.441982726949384],[-79.86886739730835,40.442048049496236],[-79.868674278259263,40.441803089618247]]]]}},
{"type":"Feature","properties":{"GEOID":"420035615001011","NAME":"Block 1011, Block Group 1, Census Tract 5615, Allegheny County, Pennsylvania","housing_units":68,"pop":123},"geometry":{"type":"MultiPolygon","coordinates":[[[[-79.869425296783433,40.440578276838814],[-79.869318008422852,40.440512952863742],[-79.86925363540648,40.440431297805652],[-79.872515201568589,40.438602198511148],[-79.873330593109117,40.438128584332851],[-79.873416423797607,40.438226573746931],[-79.873480796813965,40.438291899943628],[-79.873824119567871,40.438602198511148],[-79.873394966125488,40.43884717005281],[-79.872064590454102,40.439598410547916],[-79.871635437011705,40.439843378459578],[-79.871420860290527,40.439957696512884],[-79.870820045471177,40.440300649506412],[-79.870605468749986,40.440414966782136],[-79.870176315307617,40.440659931718372],[-79.869682788848877,40.440659931718372],[-79.869425296783433,40.440578276838814]]]]}},
{"type":"Feature","properties":{"GEOID":"420035615001012","NAME":"Block 1012, Block Group 1, Census Tract 5615, Allegheny County, Pennsylvania","housing_units":6,"pop":32},"geometry":{"type":"MultiPolygon","coordinates":[[[[-79.871721267700195,40.440578276838814],[-79.871656894683824,40.440529283863455],[-79.87124919891356,40.440414966782136],[-79.87109899520874,40.440398635754647],[-79.870605468749986,40.440414966782136],[-79.870820045471177,40.440300649506412],[-79.871420860290527,40.439957696512884],[-79.871635437011705,40.439843378459578],[-79.871721267700195,40.439957696512884],[-79.871785640716553,40.440023021027486],[-79.872064590454102,40.440431297805652],[-79.871935844421373,40.440529283863455],[-79.871742725372314,40.440659931718372],[-79.871721267700195,40.440578276838814]]]]}},
{"type":"Feature","properties":{"GEOID":"420035615001013","NAME":"Block 1013, Block Group 1, Census Tract 5615, Allegheny County, Pennsylvania","housing_units":40,"pop":62},"geometry":{"type":"MultiPolygon","coordinates":[[[[-79.869167804718018,40.440365973687776],[-79.869081974029527,40.440218994190452],[-79.869039058685289,40.440055683260987],[-79.869124889373765,40.440039352146222],[-79.869339466094971,40.439925034231777],[-79.87223625183104,40.438308231482885],[-79.873030185699463,40.437850946884062],[-79.87309455871582,40.437899941811274],[-79.873266220092759,40.438079589572261],[-79.873330593109117,40.438128584332851],[-79.872515201568589,40.438602198511148],[-79.86925363540648,40.440431297805652],[-79.869167804718018,40.440365973687776]]]]}},
{"type":"Feature","properties":{"GEOID":"420035615001014","NAME":"Block 1014, Block Group 1, Census Tract 5615, Allegheny County, Pennsylvania","housing_units":2,"pop":9},"geometry":{"type":"MultiPolygon","coordinates":[[[[-79.873266220092759,40.438079589572261],[-79.87309455871582,40.437899941811274],[-79.873030185699463,40.437850946884062],[-79.87309455871582,40.437801951921145],[-79.873287677764878,40.437720293570266],[-79.873394966125488,40.437654966818158],[-79.873738288879395,40.437475317922562],[-79.873845577239976,40.437654966818158],[-79.873931407928453,40.437850946884062],[-79.873781204223633,40.437916273445751],[-79.873631000518785,40.437965268325364],[-79.873588085174546,40.43798159994396],[-79.873330593109117,40.438128584332851],[-79.873266220092759,40.438079589572261]]]]}},
{"type":"Feature","properties":{"GEOID":"420035615001015","NAME":"Block 1015, Block Group 1, Census Tract 5615, Allegheny County, Pennsylvania","housing_units":6,"pop":12},"geometry":{"type":"MultiPolygon","coordinates":[[[[-79.876291751861572,40.439925034231777],[-79.875991344451904,40.439696397819709],[-79.875841140747056,40.439598410547916],[-79.875841140747056,40.439533085620724],[-79.875669479370103,40.4394024355759],[-79.87511157989502,40.439288116578396],[-79.87500429153441,40.439206460032594],[-79.873588085174546,40.43798159994396],[-79.873631000518785,40.437965268325364],[-79.873781204223633,40.437916273445751],[-79.873931407928453,40.437850946884062],[-79.874038696289048,40.43798159994396],[-79.874875545501695,40.438700187234929],[-79.875025749206529,40.438814507232159],[-79.875154495239244,40.438928827035006],[-79.875862598419175,40.439320779168945],[-79.876205921173081,40.439663735411642],[-79.876334667205811,40.439908703085273],[-79.876377582550035,40.440006689904784],[-79.876291751861572,40.439925034231777]]]]}},
{"type":"Feature","properties":{"GEOID":"420035615001016","NAME":"Block 1016, Block Group 1, Census Tract 5615, Allegheny County, Pennsylvania","housing_units":20,"pop":25},"geometry":{"type":"MultiPolygon","coordinates":[[[[-79.875540733337388,40.439516754379007],[-79.874875545501695,40.439516754379007],[-79.874660968780503,40.439337110458268],[-79.874038696289048,40.438781844395642],[-79.873824119567871,40.438602198511148],[-79.873480796813965,40.438291899943628],[-79.873416423797607,40.438226573746931],[-79.873330593109117,40.438128584332851],[-79.873588085174546,40.43798159994396],[-79.87500429153441,40.439206460032594],[-79.87511157989502,40.439288116578396],[-79.875669479370103,40.4394024355759],[-79.875841140747056,40.439533085620724],[-79.875841140747056,40.439598410547916],[-79.875540733337388,40.439516754379007]]]]}},
{"type":"Feature","properties":{"GEOID":"420035615001017","NAME":"Block 1017, Block Group 1, Census Tract 5615, Allegheny County, Pennsylvania","housing_units":41,"pop":63},"geometry":{"type":"MultiPolygon","coordinates":[[[[-79.871785640716553,40.440023021027486],[-79.871721267700195,40.439957696512884],[-79.871635437011705,40.439843378459578],[-79.872064590454102,40.439598410547916],[-79.873394966125488,40.43884717005281],[-79.873824119567871,40.438602198511148],[-79.874038696289048,40.438781844395642],[-79.874660968780503,40.439337110458268],[-79.874875545501695,40.439516754379007],[-79.874746799468994,40.439516754379007],[-79.874339103698716,40.439500423133317],[-79.874188899993882,40.439484091883664],[-79.873716831207275,40.439500423133317],[-79.872944355010972,40.439827047293242],[-79.872064590454102,40.440431297805652],[-79.871785640716553,40.440023021027486]]]]}},
{"type":"Feature","properties":{"GEOID":"420035615002000","NAME":"Block 2000, Block Group 2, Census Tract 5615, Allegheny County, Pennsylvania","housing_units":192,"pop":232},"geometry":{"type":"MultiPolygon","coordinates":[[[[-79.863116741180406,40.436087105725107],[-79.863824844360337,40.435139838597436],[-79.863867759704576,40.435074509338079],[-79.864597320556641,40.43412722794465],[-79.865326881408677,40.433147267632037],[-79.865412712097168,40.433065603628002],[-79.865477085113525,40.432983939524782],[-79.865541458129869,40.432885942470023],[-79.866163730621338,40.43324526430596],[-79.867794513702393,40.433996567394786],[-79.868524074554443,40.434388548282683],[-79.867815971374512,40.434943850628962],[-79.864275455474854,40.43729566854693],[-79.86401796340941,40.437426322685909],[-79.863438606262207,40.437818283579418],[-79.863116741180406,40.43788361017284],[-79.862129688262925,40.438095921163097],[-79.861485958099351,40.438226573746931],[-79.863116741180406,40.436087105725107]]]]}},
{"type":"Feature","properties":{"GEOID":"420035615002001","NAME":"Block 2001, Block Group 2, Census Tract 5615, Allegheny County, Pennsylvania","housing_units":0,"pop":0},"geometry":{"type":"MultiPolygon","coordinates":[[[[-79.86401796340941,40.437426322685909],[-79.864275455474854,40.43729566854693],[-79.867815971374512,40.434943850628962],[-79.868524074554443,40.434388548282683],[-79.868652820587158,40.434437545732997],[-79.867966175079346,40.434976515330042],[-79.867343902587876,40.435401155000093],[-79.863803386688218,40.43773662524837],[-79.863438606262207,40.437818283579418],[-79.86401796340941,40.437426322685909]]]]}},
{"type":"Feature","properties":{"GEOID":"420035615002002","NAME":"Block 2002, Block Group 2, Census Tract 5615, Allegheny County, Pennsylvania","housing_units":21,"pop":38},"geometry":{"type":"MultiPolygon","coordinates":[[[[-79.867343902587876,40.435401155000093],[-79.867966175079346,40.434976515330042],[-79.868652820587158,40.434437545732997],[-79.869554042816148,40.434829524050208],[-79.871077537536621,40.435515480606902],[-79.871313571929917,40.435613473829449],[-79.87150669097899,40.435646138205229],[-79.871442317962646,40.435711466909183],[-79.871270656585679,40.43592378475865],[-79.871227741241441,40.435989113192839],[-79.871184825897217,40.436070773646314],[-79.871056079864502,40.436266758329992],[-79.871013164520264,40.436364750457621],[-79.870884418487535,40.436381082465005],[-79.870476722717271,40.436462742442409],[-79.87034797668457,40.436495406405612],[-79.87024068832396,40.436511738381256],[-79.869940280914292,40.436593398199982],[-79.869832992553711,40.436609730151829],[-79.869725704193101,40.436642394043616],[-79.86936092376709,40.436724053703657],[-79.869296550750732,40.436724053703657],[-79.869124889373765,40.436756717539907],[-79.86860990524292,40.436675057919537],[-79.868566989898667,40.436675057919537],[-79.868545532226562,40.436707721779584],[-79.868373870849595,40.436724053703657],[-79.86785888671875,40.436789381360278],[-79.867794513702393,40.436789381360278],[-79.867794513702393,40.436724053703657],[-79.865605831146226,40.436707721779584],[-79.865498542785645,40.43693636835561],[-79.865305423736558,40.43714868233711],[-79.865069389343262,40.437312000328198],[-79.864597320556641,40.437556976570974],[-79.863803386688218,40.43773662524837],[-79.867343902587876,40.435401155000093]]]]}},
{"type":"Feature","properties":{"GEOID":"420035615002003","NAME":"Block 2003, Block Group 2, Census Tract 5615, Allegheny County, Pennsylvania","housing_units":0,"pop":0},"geometry":{"type":"MultiPolygon","coordinates":[[[[-79.865069389343262,40.437312000328198],[-79.865305423736558,40.43714868233711],[-79.865498542785645,40.43693636835561],[-79.865605831146226,40.436707721779584],[-79.867794513702393,40.436724053703657],[-79.867794513702393,40.437230341382239],[-79.867773056030259,40.437165014154068],[-79.867687225341783,40.436805713264519],[-79.865262508392334,40.437360995648156],[-79.8651123046875,40.437458986180971],[-79.864597320556641,40.437556976570974],[-79.865069389343262,40.437312000328198]]]]}},
{"type":"Feature","properties":{"GEOID":"420035615002004","NAME":"Block 2004, Block Group 2, Census Tract 5615, Allegheny County, Pennsylvania","housing_units":10,"pop":24},"geometry":{"type":"MultiPolygon","coordinates":[[[[-79.870412349700928,40.437426322685909],[-79.869940280914292,40.436789381360278],[-79.86985445022583,40.436658725983555],[-79.869832992553711,40.436609730151829],[-79.869940280914292,40.436593398199982],[-79.87024068832396,40.436511738381256],[-79.87034797668457,40.436495406405612],[-79.870476722717271,40.436675057919537],[-79.870884418487535,40.437230341382239],[-79.871013164520264,40.437426322685909],[-79.870519638061523,40.437442654435422],[-79.870433807373033,40.437442654435422],[-79.870412349700928,40.437426322685909]]]]}},
{"type":"Feature","properties":{"GEOID":"420035615002005","NAME":"Block 2005, Block Group 2, Census Tract 5615, Allegheny County, Pennsylvania","housing_units":12,"pop":30},"geometry":{"type":"MultiPolygon","coordinates":[[[[-79.870133399963365,40.437899941811274],[-79.869318008422852,40.436773049452079],[-79.869296550750732,40.436724053703657],[-79.86936092376709,40.436724053703657],[-79.869725704193101,40.436642394043616],[-79.869832992553711,40.436609730151829],[-79.86985445022583,40.436658725983555],[-79.869940280914292,40.436789381360278],[-79.870412349700928,40.437426322685909],[-79.870433807373033,40.437540644849228],[-79.870412349700928,40.437622303418294],[-79.870197772979736,40.437965268325364],[-79.870133399963365,40.437899941811274]]]]}},
{"type":"Feature","properties":{"GEOID":"420035615002006","NAME":"Block 2006, Block Group 2, Census Tract 5615, Allegheny County, Pennsylvania","housing_units":24,"pop":28},"geometry":{"type":"MultiPolygon","coordinates":[[[[-79.86884593963623,40.439026815282723],[-79.868996143341064,40.438781844395642],[-79.869167804718018,40.43865119289088],[-79.869511127471924,40.438487878152898],[-79.870004653930664,40.438193910624769],[-79.870111942291246,40.43811225274996],[-79.870197772979736,40.437965268325364],[-79.870412349700928,40.437622303418294],[-79.870433807373033,40.437540644849228],[-79.870412349700928,40.437426322685909],[-79.870433807373033,40.437442654435422],[-79.870519638061523,40.437442654435422],[-79.871013164520264,40.437426322685909],[-79.871034622192383,40.437540644849228],[-79.870970249176011,40.437720293570266],[-79.869961738586412,40.438667524342861],[-79.86884593963623,40.439304447875656],[-79.86884593963623,40.439026815282723]]]]}},
{"type":"Feature","properties":{"GEOID":"420035615002007","NAME":"Block 2007, Block Group 2, Census Tract 5615, Allegheny County, Pennsylvania","housing_units":26,"pop":36},"geometry":{"type":"MultiPolygon","coordinates":[[[[-79.868352413177476,40.439565748092257],[-79.868180751800537,40.438977821176714],[-79.868137836456299,40.438749181543265],[-79.868180751800537,40.438700187234929],[-79.868652820587158,40.438438883654136],[-79.868824481964111,40.438340894549505],[-79.868888854980469,40.438291899943628],[-79.869189262390137,40.438144915911778],[-79.869618415832505,40.437899941811274],[-79.869661331176758,40.437997931558591],[-79.869661331176758,40.438128584332851],[-79.869511127471924,40.438487878152898],[-79.869167804718018,40.43865119289088],[-79.868996143341064,40.438781844395642],[-79.86884593963623,40.439026815282723],[-79.86884593963623,40.439304447875656],[-79.86886739730835,40.439386104302443],[-79.868931770324693,40.439598410547916],[-79.868953227996826,40.439663735411642],[-79.868974685668945,40.439745391402028],[-79.869017601013184,40.439974027647487],[-79.869039058685289,40.440055683260987],[-79.868481159210205,40.440153669866277],[-79.868352413177476,40.439565748092257]]]]}},
{"type":"Feature","properties":{"GEOID":"420035615002008","NAME":"Block 2008, Block Group 2, Census Tract 5615, Allegheny County, Pennsylvania","housing_units":12,"pop":32},"geometry":{"type":"MultiPolygon","coordinates":[[[[-79.868717193603501,40.441035542886922],[-79.868545532226562,40.440349642648385],[-79.868481159210205,40.440153669866277],[-79.869039058685289,40.440055683260987],[-79.869081974029527,40.440218994190452],[-79.869167804718018,40.440365973687776],[-79.86925363540648,40.440431297805652],[-79.869318008422852,40.440512952863742],[-79.869425296783433,40.440578276838814],[-79.869682788848877,40.440659931718372],[-79.870176315307617,40.440659931718372],[-79.869918823242173,40.440806910251659],[-79.869425296783433,40.441019212010197],[-79.869167804718018,40.441068204628479],[-79.868738651275621,40.441068204628479],[-79.868717193603501,40.441035542886922]]]]}},
{"type":"Feature","properties":{"GEOID":"420035615002009","NAME":"Block 2009, Block Group 2, Census Tract 5615, Allegheny County, Pennsylvania","housing_units":32,"pop":62},"geometry":{"type":"MultiPolygon","coordinates":[[[[-79.868931770324693,40.439598410547916],[-79.86886739730835,40.439386104302443],[-79.86884593963623,40.439304447875656],[-79.869961738586412,40.438667524342861],[-79.870970249176011,40.437720293570266],[-79.871034622192383,40.437540644849228],[-79.871013164520264,40.437426322685909],[-79.871292114257798,40.437426322685909],[-79.871399402618408,40.437409990932423],[-79.87150669097899,40.437409990932423],[-79.871528148651109,40.437524313123518],[-79.871485233306871,40.437703961888197],[-79.871377944946289,40.437899941811274],[-79.870283603668199,40.438912495646505],[-79.870133399963365,40.439043146643463],[-79.869039058685289,40.439647404201665],[-79.868953227996826,40.439663735411642],[-79.868931770324693,40.439598410547916]]]]}},
{"type":"Feature","properties":{"GEOID":"420035615002010","NAME":"Block 2010, Block Group 2, Census Tract 5615, Allegheny County, Pennsylvania","housing_units":53,"pop":88},"geometry":{"type":"MultiPolygon","coordinates":[[[[-79.869017601013184,40.439974027647487],[-79.868974685668945,40.439745391402028],[-79.868953227996826,40.439663735411642],[-79.869039058685289,40.439647404201665],[-79.870133399963365,40.439043146643463],[-79.870283603668199,40.438912495646505],[-79.871377944946289,40.437899941811274],[-79.871485233306871,40.437703961888197],[-79.871528148651109,40.437524313123518],[-79.87150669097899,40.437409990932423],[-79.871442317962646,40.437165014154068],[-79.871313571929917,40.436985363949304],[-79.87124919891356,40.436903704606642],[-79.871635437011705,40.436740385623764],[-79.871807098388672,40.436724053703657],[-79.871935844421373,40.436773049452079],[-79.873030185699463,40.437850946884062],[-79.87223625183104,40.438308231482885],[-79.869339466094971,40.439925034231777],[-79.869124889373765,40.440039352146222],[-79.869039058685289,40.440055683260987],[-79.869017601013184,40.439974027647487]]]]}},
{"type":"Feature","properties":{"GEOID":"420035615002011","NAME":"Block 2011, Block Group 2, Census Tract 5615, Allegheny County, Pennsylvania","housing_units":17,"pop":31},"geometry":{"type":"MultiPolygon","coordinates":[[[[-79.872643947601304,40.436871040841808],[-79.872214794158921,40.436479074425996],[-79.872043132781982,40.436381082465005],[-79.871227741241441,40.435989113192839],[-79.871270656585679,40.43592378475865],[-79.871442317962646,40.435711466909183],[-79.87150669097899,40.435646138205229],[-79.871549606323228,40.435678802565135],[-79.871721267700195,40.43574413123735],[-79.871785640716553,40.435776795549664],[-79.872300624847398,40.436021777386124],[-79.872536659240708,40.436168766059559],[-79.87298727035521,40.436544402320649],[-79.87324476242064,40.436805713264519],[-79.87350225448607,40.4370833550296],[-79.873673915863023,40.437344663878804],[-79.873738288879395,40.437475317922562],[-79.873394966125488,40.437654966818158],[-79.872643947601304,40.436871040841808]]]]}},
{"type":"Feature","properties":{"GEOID":"420035615002012","NAME":"Block 2012, Block Group 2, Census Tract 5615, Allegheny County, Pennsylvania","housing_units":28,"pop":44},"geometry":{"type":"MultiPolygon","coordinates":[[[[-79.871935844421373,40.436773049452079],[-79.871807098388672,40.436724053703657],[-79.871635437011705,40.436740385623764],[-79.87124919891356,40.436903704606642],[-79.871184825897217,40.436805713264519],[-79.871077537536621,40.436511738381256],[-79.871013164520264,40.436364750457621],[-79.871056079864502,40.436266758329992],[-79.871184825897217,40.436070773646314],[-79.871227741241441,40.435989113192839],[-79.872043132781982,40.436381082465005],[-79.872214794158921,40.436479074425996],[-79.872643947601304,40.436871040841808],[-79.873394966125488,40.437654966818158],[-79.873287677764878,40.437720293570266],[-79.87309455871582,40.437801951921145],[-79.873030185699463,40.437850946884062],[-79.871935844421373,40.436773049452079]]]]}},
{"type":"Feature","properties":{"GEOID":"420035615002013","NAME":"Block 2013, Block Group 2, Census Tract 5615, Allegheny County, Pennsylvania","housing_units":10,"pop":13},"geometry":{"type":"MultiPolygon","coordinates":[[[[-79.870884418487535,40.437230341382239],[-79.870476722717271,40.436675057919537],[-79.87034797668457,40.436495406405612],[-79.870476722717271,40.436462742442409],[-79.870884418487535,40.436381082465005],[-79.871013164520264,40.436364750457621],[-79.871077537536621,40.436511738381256],[-79.871184825897217,40.436805713264519],[-79.87124919891356,40.436903704606642],[-79.871313571929917,40.436985363949304],[-79.871442317962646,40.437165014154068],[-79.87150669097899,40.437409990932423],[-79.871399402618408,40.437409990932423],[-79.871292114257798,40.437426322685909],[-79.871013164520264,40.437426322685909],[-79.870884418487535,40.437230341382239]]]]}},
{"type":"Feature","properties":{"GEOID":"420035615002014","NAME":"Block 2014, Block Group 2, Census Tract 5615, Allegheny County, Pennsylvania","housing_units":39,"pop":69},"geometry":{"type":"MultiPolygon","coordinates":[[[[-79.868416786193833,40.437932605076249],[-79.867837429046631,40.437312000328198],[-79.867794513702393,40.437230341382239],[-79.867794513702393,40.436789381360278],[-79.86785888671875,40.436789381360278],[-79.868373870849595,40.436724053703657],[-79.868545532226562,40.436707721779584],[-79.868781566619859,40.43693636835561],[-79.869446754455552,40.437638635120209],[-79.869618415832505,40.437899941811274],[-79.869189262390137,40.438144915911778],[-79.868888854980469,40.438291899943628],[-79.868824481964111,40.438340894549505],[-79.868416786193833,40.437932605076249]]]]}},
{"type":"Feature","properties":{"GEOID":"420035615002015","NAME":"Block 2015, Block Group 2, Census Tract 5615, Allegheny County, Pennsylvania","housing_units":21,"pop":25},"geometry":{"type":"MultiPolygon","coordinates":[[[[-79.869661331176758,40.438128584332851],[-79.869661331176758,40.437997931558591],[-79.869618415832505,40.437899941811274],[-79.869446754455552,40.437638635120209],[-79.868781566619859,40.43693636835561],[-79.868545532226562,40.436707721779584],[-79.868566989898667,40.436675057919537],[-79.86860990524292,40.436675057919537],[-79.869124889373765,40.436756717539907],[-79.869296550750732,40.436724053703657],[-79.869318008422852,40.436773049452079],[-79.870133399963365,40.437899941811274],[-79.870197772979736,40.437965268325364],[-79.870111942291246,40.43811225274996],[-79.870004653930664,40.438193910624769],[-79.869511127471924,40.438487878152898],[-79.869661331176758,40.438128584332851]]]]}},
{"type":"Feature","properties":{"GEOID":"420035615003000","NAME":"Block 3000, Block Group 3, Census Tract 5615, Allegheny County, Pennsylvania","housing_units":22,"pop":29},"geometry":{"type":"MultiPolygon","coordinates":[[[[-79.871699810028076,40.446555151931996],[-79.871635437011705,40.446522492856467],[-79.871699810028076,40.446473504213429],[-79.871807098388672,40.44644084509823],[-79.872493743896484,40.446179571605327],[-79.87285852432251,40.446032604819244],[-79.873287677764878,40.445901967406279],[-79.874639511108384,40.445542713211381],[-79.874682426452623,40.445542713211381],[-79.875261783599854,40.445738670282992],[-79.87459659576416,40.445918297096782],[-79.873802661895752,40.446130582712335],[-79.872021675109863,40.446800094492602],[-79.871699810028076,40.446555151931996]]]]}},
{"type":"Feature","properties":{"GEOID":"420035615003001","NAME":"Block 3001, Block Group 3, Census Tract 5615, Allegheny County, Pennsylvania","housing_units":10,"pop":21},"geometry":{"type":"MultiPolygon","coordinates":[[[[-79.871549606323228,40.44644084509823],[-79.871120452880845,40.446114253073404],[-79.87135648727417,40.446048934478007],[-79.871785640716553,40.445918297096782],[-79.872300624847398,40.445771329739401],[-79.872322082519517,40.445852978310953],[-79.872493743896484,40.446179571605327],[-79.871807098388672,40.44644084509823],[-79.871699810028076,40.446473504213429],[-79.871635437011705,40.446522492856467],[-79.871549606323228,40.44644084509823]]]]}},
{"type":"Feature","properties":{"GEOID":"420035615003002","NAME":"Block 3002, Block Group 3, Census Tract 5615, Allegheny County, Pennsylvania","housing_units":24,"pop":35},"geometry":{"type":"MultiPolygon","coordinates":[[[[-79.872322082519517,40.445852978310953],[-79.872300624847398,40.445771329739401],[-79.873781204223633,40.445330425739108],[-79.873974323272691,40.445248776532772],[-79.87410306930542,40.445167127227251],[-79.874231815338135,40.445020158227393],[-79.874339103698716,40.44482419906101],[-79.87459659576416,40.444889518846608],[-79.875261783599854,40.445118137596346],[-79.875562191009521,40.445216116822465],[-79.875326156616197,40.44564069181861],[-79.875261783599854,40.445722340548855],[-79.875261783599854,40.445738670282992],[-79.874682426452623,40.445542713211381],[-79.874639511108384,40.445542713211381],[-79.873287677764878,40.445901967406279],[-79.87285852432251,40.446032604819244],[-79.872493743896484,40.446179571605327],[-79.872322082519517,40.445852978310953]]]]}},
{"type":"Feature","properties":{"GEOID":"420035615003003","NAME":"Block 3003, Block Group 3, Census Tract 5615, Allegheny County, Pennsylvania","housing_units":23,"pop":34},"geometry":{"type":"MultiPolygon","coordinates":[[[[-79.871549606323228,40.445738670282992],[-79.872922897338853,40.444873188906165],[-79.873180389404297,40.444758879211925],[-79.873416423797607,40.444709889283459],[-79.873673915863023,40.444693559299367],[-79.874424934387207,40.444693559299367],[-79.874339103698716,40.44482419906101],[-79.874231815338135,40.445020158227393],[-79.87410306930542,40.445167127227251],[-79.873974323272691,40.445248776532772],[-79.873781204223633,40.445330425739108],[-79.872300624847398,40.445771329739401],[-79.871785640716553,40.445918297096782],[-79.87135648727417,40.446048934478007],[-79.871120452880845,40.446114253073404],[-79.871549606323228,40.445738670282992]]]]}},
{"type":"Feature","properties":{"GEOID":"420035615003004","NAME":"Block 3004, Block Group 3, Census Tract 5615, Allegheny County, Pennsylvania","housing_units":30,"pop":50},"geometry":{"type":"MultiPolygon","coordinates":[[[[-79.870991706848145,40.446032604819244],[-79.870991706848145,40.445999945489802],[-79.870455265045152,40.445526383429637],[-79.871013164520264,40.445167127227251],[-79.873223304748521,40.443762743648215],[-79.873266220092759,40.44374641343402],[-79.873352050781236,40.443779073858444],[-79.873631000518785,40.443877055036495],[-79.873716831207275,40.443893385218956],[-79.874682426452623,40.444219988034952],[-79.874639511108384,40.444317968570303],[-79.874467849731445,40.444595579311517],[-79.874424934387207,40.444693559299367],[-79.873673915863023,40.444693559299367],[-79.873416423797607,40.444709889283459],[-79.873180389404297,40.444758879211925],[-79.872922897338853,40.444873188906165],[-79.871549606323228,40.445738670282992],[-79.871120452880845,40.446114253073404],[-79.870991706848145,40.446032604819244]]]]}},
{"type":"Feature","properties":{"GEOID":"420035615003005","NAME":"Block 3005, Block Group 3, Census Tract 5615, Allegheny County, Pennsylvania","housing_units":30,"pop":50},"geometry":{"type":"MultiPolygon","coordinates":[[[[-79.870326519012451,40.445428404655772],[-79.869983196258545,40.445118137596346],[-79.869875907897949,40.445003828318676],[-79.871077537536621,40.444236318134095],[-79.872150421142578,40.443534120288454],[-79.872322082519517,40.443452468900098],[-79.872472286224365,40.443305496151098],[-79.872772693634033,40.442766593322126],[-79.87285852432251,40.442586958085712],[-79.873051643371582,40.442652280045401],[-79.873588085174546,40.442831915107256],[-79.873759746551514,40.442880906404454],[-79.873652458190904,40.443060540855335],[-79.873373508453369,40.44358311107387],[-79.873266220092759,40.44374641343402],[-79.873223304748521,40.443762743648215],[-79.871013164520264,40.445167127227251],[-79.870455265045152,40.445526383429637],[-79.870326519012451,40.445428404655772]]]]}},
{"type":"Feature","properties":{"GEOID":"420035615003006","NAME":"Block 3006, Block Group 3, Census Tract 5615, Allegheny County, Pennsylvania","housing_units":40,"pop":68},"geometry":{"type":"MultiPolygon","coordinates":[[[[-79.86974716186522,40.444905848783094],[-79.869403839111314,40.444595579311517],[-79.869296550750732,40.444481269145165],[-79.870326519012451,40.443828064465322],[-79.870584011077867,40.443681092537574],[-79.870734214782715,40.44358311107387],[-79.870884418487535,40.443403478019469],[-79.870948791503892,40.443158523080761],[-79.870970249176011,40.443011549689068],[-79.871335029602051,40.443125862354819],[-79.871442317962646,40.443142192719776],[-79.871549606323228,40.44319118379083],[-79.871785640716553,40.443272835496579],[-79.872171878814683,40.443387147717992],[-79.872322082519517,40.443452468900098],[-79.872150421142578,40.443534120288454],[-79.871077537536621,40.444236318134095],[-79.869875907897949,40.445003828318676],[-79.86974716186522,40.444905848783094]]]]}},
{"type":"Feature","properties":{"GEOID":"420035615003007","NAME":"Block 3007, Block Group 3, Census Tract 5615, Allegheny County, Pennsylvania","housing_units":5,"pop":14},"geometry":{"type":"MultiPolygon","coordinates":[[[[-79.868652820587158,40.44477520918015],[-79.868545532226562,40.44457924929965],[-79.868524074554443,40.444513929212526],[-79.868481159210205,40.444432279014364],[-79.868352413177476,40.444170997713726],[-79.868309497833252,40.444089347098988],[-79.868588447570787,40.443942375742523],[-79.869918823242173,40.44374641343402],[-79.870326519012451,40.443697422767627],[-79.870584011077867,40.443681092537574],[-79.870326519012451,40.443828064465322],[-79.869296550750732,40.444481269145165],[-79.868803024291992,40.444791539144404],[-79.86876010894774,40.44482419906101],[-79.868674278259263,40.444840529013362],[-79.868652820587158,40.44477520918015]]]]}},
{"type":"Feature","properties":{"GEOID":"420035615003008","NAME":"Block 3008, Block Group 3, Census Tract 5615, Allegheny County, Pennsylvania","housing_units":32,"pop":47},"geometry":{"type":"MultiPolygon","coordinates":[[[[-79.874532222747789,40.443142192719776],[-79.874296188354478,40.443060540855335],[-79.874124526977539,40.442995219292371],[-79.873845577239976,40.442913567249406],[-79.873759746551514,40.442880906404454],[-79.873588085174546,40.442831915107256],[-79.873051643371582,40.442652280045401],[-79.87285852432251,40.442586958085712],[-79.87223625183104,40.442374661278329],[-79.872214794158921,40.442374661278329],[-79.87200021743773,40.442293008481577],[-79.871978759765611,40.442293008481577],[-79.872064590454102,40.442146033197488],[-79.872193336486802,40.441884743010093],[-79.872343540191636,40.44159079033529],[-79.872386455535889,40.44159079033529],[-79.872515201568589,40.441639782537017],[-79.873523712158203,40.441884743010093],[-79.873845577239976,40.44196639630276],[-79.874746799468994,40.442276677910328],[-79.875068664550767,40.442374661278329],[-79.874961376190171,40.442537966574292],[-79.874703884124742,40.443011549689068],[-79.874618053436265,40.443158523080761],[-79.874532222747789,40.443142192719776]]]]}},
{"type":"Feature","properties":{"GEOID":"420035615003009","NAME":"Block 3009, Block Group 3, Census Tract 5615, Allegheny County, Pennsylvania","housing_units":8,"pop":6},"geometry":{"type":"MultiPolygon","coordinates":[[[[-79.874188899993882,40.443534120288454],[-79.874167442321763,40.443517790018717],[-79.873974323272691,40.443468799185702],[-79.874017238616929,40.443387147717992],[-79.874167442321763,40.443125862354819],[-79.874210357666016,40.443027880081786],[-79.874296188354478,40.443060540855335],[-79.874532222747789,40.443142192719776],[-79.874618053436265,40.443158523080761],[-79.874725341796861,40.44319118379083],[-79.875068664550767,40.443305496151098],[-79.875175952911363,40.443354487103143],[-79.875133037567139,40.443436138610515],[-79.87498283386229,40.443697422767627],[-79.874939918518066,40.443779073858444],[-79.874188899993882,40.443534120288454]]]]}},
{"type":"Feature","properties":{"GEOID":"420035615003010","NAME":"Block 3010, Block Group 3, Census Tract 5615, Allegheny County, Pennsylvania","housing_units":10,"pop":18},"geometry":{"type":"MultiPolygon","coordinates":[[[[-79.875648021697998,40.444530259240267],[-79.874918460845947,40.444301638490998],[-79.874682426452623,40.444219988034952],[-79.874725341796861,40.444138337479728],[-79.874875545501695,40.443860724850069],[-79.874939918518066,40.443779073858444],[-79.87498283386229,40.443697422767627],[-79.875133037567139,40.443436138610515],[-79.875175952911363,40.443354487103143],[-79.875411987304688,40.443419808316982],[-79.876141548156724,40.443664762303534],[-79.876377582550035,40.443730083215854],[-79.876270294189453,40.443909715397446],[-79.875969886779785,40.444432279014364],[-79.875884056091294,40.444611909319413],[-79.875648021697998,40.444530259240267]]]]}},
{"type":"Feature","properties":{"GEOID":"420035615003011","NAME":"Block 3011, Block Group 3, Census Tract 5615, Allegheny County, Pennsylvania","housing_units":1,"pop":3},"geometry":{"type":"MultiPolygon","coordinates":[[[[-79.874467849731445,40.444595579311517],[-79.874639511108384,40.444317968570303],[-79.874682426452623,40.444219988034952],[-79.874918460845947,40.444301638490998],[-79.875648021697998,40.444530259240267],[-79.875884056091294,40.444611909319413],[-79.875841140747056,40.444693559299367],[-79.874424934387207,40.444693559299367],[-79.874467849731445,40.444595579311517]]]]}},
{"type":"Feature","properties":{"GEOID":"420035615003012","NAME":"Block 3012, Block Group 3, Census Tract 5615, Allegheny County, Pennsylvania","housing_units":3,"pop":7},"geometry":{"type":"MultiPolygon","coordinates":[[[[-79.875261783599854,40.445118137596346],[-79.87459659576416,40.444889518846608],[-79.874339103698716,40.44482419906101],[-79.874424934387207,40.444693559299367],[-79.875841140747056,40.444693559299367],[-79.875776767730713,40.444791539144404],[-79.875755310058594,40.444856858961749],[-79.875562191009521,40.445216116822465],[-79.875261783599854,40.445118137596346]]]]}},
{"type":"Feature","properties":{"GEOID":"420035615003013","NAME":"Block 3013, Block Group 3, Census Tract 5615, Allegheny County, Pennsylvania","housing_units":8,"pop":22},"geometry":{"type":"MultiPolygon","coordinates":[[[[-79.873631000518785,40.443877055036495],[-79.873352050781236,40.443779073858444],[-79.873266220092759,40.44374641343402],[-79.873373508453369,40.44358311107387],[-79.873652458190904,40.443060540855335],[-79.873759746551514,40.442880906404454],[-79.873845577239976,40.442913567249406],[-79.874124526977539,40.442995219292371],[-79.874210357666016,40.443027880081786],[-79.874167442321763,40.443125862354819],[-79.874017238616929,40.443387147717992],[-79.873974323272691,40.443468799185702],[-79.873909950256333,40.443550450554227],[-79.873781204223633,40.443811734267001],[-79.873716831207275,40.443893385218956],[-79.873631000518785,40.443877055036495]]]]}},
{"type":"Feature","properties":{"GEOID":"420035615003014","NAME":"Block 3014, Block Group 3, Census Tract 5615, Allegheny County, Pennsylvania","housing_units":5,"pop":13},"geometry":{"type":"MultiPolygon","coordinates":[[[[-79.873716831207275,40.443893385218956],[-79.873781204223633,40.443811734267001],[-79.873909950256333,40.443550450554227],[-79.873974323272691,40.443468799185702],[-79.874167442321763,40.443517790018717],[-79.874188899993882,40.443534120288454],[-79.874939918518066,40.443779073858444],[-79.874875545501695,40.443860724850069],[-79.874725341796861,40.444138337479728],[-79.874682426452623,40.444219988034952],[-79.873716831207275,40.443893385218956]]]]}},
{"type":"Feature","properties":{"GEOID":"420035615003015","NAME":"Block 3015, Block Group 3, Census Tract 5615, Allegheny County, Pennsylvania","housing_units":19,"pop":17},"geometry":{"type":"MultiPolygon","coordinates":[[[[-79.872515201568589,40.441639782537017],[-79.872386455535889,40.44159079033529],[-79.872343540191636,40.44159079033529],[-79.872193336486802,40.441558128847632],[-79.871785640716553,40.44144381351586],[-79.871635437011705,40.441411151956792],[-79.871721267700195,40.441035542886922],[-79.871742725372314,40.440774248383136],[-79.871742725372314,40.440659931718372],[-79.871935844421373,40.440529283863455],[-79.872064590454102,40.440431297805652],[-79.872944355010972,40.439827047293242],[-79.873716831207275,40.439500423133317],[-79.874188899993882,40.439484091883664],[-79.874210357666016,40.440431297805652],[-79.874210357666016,40.441378490381858],[-79.873824119567871,40.441394821171308],[-79.873523712158203,40.441884743010093],[-79.872515201568589,40.441639782537017]]]]}},
{"type":"Feature","properties":{"GEOID":"420035615003016","NAME":"Block 3016, Block Group 3, Census Tract 5615, Allegheny County, Pennsylvania","housing_units":2,"pop":1},"geometry":{"type":"MultiPolygon","coordinates":[[[[-79.871850013732896,40.442244016755922],[-79.871463775634766,40.442113371979602],[-79.871313571929917,40.442080710745863],[-79.871399402618408,40.441950065652165],[-79.871613979339585,40.4415254673441],[-79.871635437011705,40.441411151956792],[-79.871785640716553,40.44144381351586],[-79.872193336486802,40.441558128847632],[-79.872343540191636,40.44159079033529],[-79.872193336486802,40.441884743010093],[-79.872064590454102,40.442146033197488],[-79.871978759765611,40.442293008481577],[-79.871850013732896,40.442244016755922]]]]}},
{"type":"Feature","properties":{"GEOID":"420035615003017","NAME":"Block 3017, Block Group 3, Census Tract 5615, Allegheny County, Pennsylvania","housing_units":2,"pop":7},"geometry":{"type":"MultiPolygon","coordinates":[[[[-79.871442317962646,40.443142192719776],[-79.871335029602051,40.443125862354819],[-79.870970249176011,40.443011549689068],[-79.871163368225083,40.442390991825775],[-79.871227741241441,40.442260347335107],[-79.871313571929917,40.442080710745863],[-79.871463775634766,40.442113371979602],[-79.871850013732896,40.442244016755922],[-79.871978759765611,40.442293008481577],[-79.87200021743773,40.442293008481577],[-79.872043132781982,40.442309339048869],[-79.871957302093492,40.44248897502716],[-79.871656894683824,40.443011549689068],[-79.871549606323228,40.44319118379083],[-79.871442317962646,40.443142192719776]]]]}},
{"type":"Feature","properties":{"GEOID":"420035615003018","NAME":"Block 3018, Block Group 3, Census Tract 5615, Allegheny County, Pennsylvania","housing_units":7,"pop":14},"geometry":{"type":"MultiPolygon","coordinates":[[[[-79.872171878814683,40.443387147717992],[-79.871785640716553,40.443272835496579],[-79.871549606323228,40.44319118379083],[-79.871656894683824,40.443011549689068],[-79.871957302093492,40.44248897502716],[-79.872043132781982,40.442309339048869],[-79.872214794158921,40.442374661278329],[-79.87223625183104,40.442374661278329],[-79.87285852432251,40.442586958085712],[-79.872772693634033,40.442766593322126],[-79.872472286224365,40.443305496151098],[-79.872322082519517,40.443452468900098],[-79.872171878814683,40.443387147717992]]]]}},
{"type":"Feature","properties":{"GEOID":"420035615003019","NAME":"Block 3019, Block Group 3, Census Tract 5615, Allegheny County, Pennsylvania","housing_units":5,"pop":16},"geometry":{"type":"MultiPolygon","coordinates":[[[[-79.876141548156724,40.443664762303534],[-79.875411987304688,40.443419808316982],[-79.875175952911363,40.443354487103143],[-79.875390529632554,40.442995219292371],[-79.875540733337388,40.442717601941617],[-79.875626564025879,40.442554297082062],[-79.876570701599107,40.442864575976017],[-79.876635074615479,40.442897236828905],[-79.876806735992417,40.44294622807849],[-79.876720905303941,40.443109531985904],[-79.876463413238511,40.44358311107387],[-79.876377582550035,40.443730083215854],[-79.876141548156724,40.443664762303534]]]]}},
{"type":"Feature","properties":{"GEOID":"420035615003020","NAME":"Block 3020, Block Group 3, Census Tract 5615, Allegheny County, Pennsylvania","housing_units":2,"pop":7},"geometry":{"type":"MultiPolygon","coordinates":[[[[-79.875068664550767,40.443305496151098],[-79.874725341796861,40.44319118379083],[-79.874618053436265,40.443158523080761],[-79.874703884124742,40.443011549689068],[-79.874961376190171,40.442537966574292],[-79.875068664550767,40.442374661278329],[-79.875175952911363,40.442407322369263],[-79.875519275665269,40.442521636062544],[-79.875626564025879,40.442554297082062],[-79.875540733337388,40.442717601941617],[-79.875390529632554,40.442995219292371],[-79.875175952911363,40.443354487103143],[-79.875068664550767,40.443305496151098]]]]}},
{"type":"Feature","properties":{"GEOID":"420035615003021","NAME":"Block 3021, Block Group 3, Census Tract 5615, Allegheny County, Pennsylvania","housing_units":58,"pop":83},"geometry":{"type":"MultiPolygon","coordinates":[[[[-79.875519275665269,40.442521636062544],[-79.875175952911363,40.442407322369263],[-79.874746799468994,40.442276677910328],[-79.873845577239976,40.44196639630276],[-79.873523712158203,40.441884743010093],[-79.873824119567871,40.441394821171308],[-79.874210357666016,40.441378490381858],[-79.874210357666016,40.440431297805652],[-79.874188899993882,40.439484091883664],[-79.874339103698716,40.439500423133317],[-79.874746799468994,40.439516754379007],[-79.875540733337388,40.439516754379007],[-79.875841140747056,40.439598410547916],[-79.875991344451904,40.439696397819709],[-79.876291751861572,40.439925034231777],[-79.876377582550035,40.440006689904784],[-79.876635074615479,40.440839572104302],[-79.876291751861572,40.441362159588436],[-79.876120090484619,40.441688774703046],[-79.876055717468248,40.441770428233745],[-79.875969886779785,40.441917404339065],[-79.875712394714341,40.442390991825775],[-79.875626564025879,40.442554297082062],[-79.875519275665269,40.442521636062544]]]]}},
{"type":"Feature","properties":{"GEOID":"420035615003022","NAME":"Block 3022, Block Group 3, Census Tract 5615, Allegheny County, Pennsylvania","housing_units":21,"pop":21},"geometry":{"type":"MultiPolygon","coordinates":[[[[-79.876635074615479,40.442897236828905],[-79.876570701599107,40.442864575976017],[-79.875626564025879,40.442554297082062],[-79.875712394714341,40.442390991825775],[-79.875969886779785,40.441917404339065],[-79.876055717468248,40.441770428233745],[-79.877021312713623,40.442080710745863],[-79.877107143402085,40.442113371979602],[-79.877257347106934,40.442146033197488],[-79.877214431762681,40.442227686172771],[-79.877085685729966,40.442456313975903],[-79.876999855041504,40.442619619073497],[-79.876849651336656,40.442864575976017],[-79.876806735992417,40.44294622807849],[-79.876635074615479,40.442897236828905]]]]}},
{"type":"Feature","properties":{"GEOID":"420035615003023","NAME":"Block 3023, Block Group 3, Census Tract 5615, Allegheny County, Pennsylvania","housing_units":10,"pop":25},"geometry":{"type":"MultiPolygon","coordinates":[[[[-79.877107143402085,40.442113371979602],[-79.877021312713623,40.442080710745863],[-79.876055717468248,40.441770428233745],[-79.876120090484619,40.441688774703046],[-79.876291751861572,40.441362159588436],[-79.876527786254869,40.441427482738312],[-79.877364635467529,40.441705105417114],[-79.87749338150023,40.441754097535537],[-79.877450466155992,40.441835750986883],[-79.877300262451172,40.442080710745863],[-79.877257347106934,40.442146033197488],[-79.877107143402085,40.442113371979602]]]]}},
{"type":"Feature","properties":{"GEOID":"420035615003024","NAME":"Block 3024, Block Group 3, Census Tract 5615, Allegheny County, Pennsylvania","housing_units":0,"pop":0},"geometry":{"type":"MultiPolygon","coordinates":[[[[-79.877364635467529,40.441705105417114],[-79.876527786254869,40.441427482738312],[-79.876291751861572,40.441362159588436],[-79.876635074615479,40.440839572104302],[-79.876806735992417,40.441002881129492],[-79.877707958221436,40.441345828791043],[-79.87749338150023,40.441754097535537],[-79.877364635467529,40.441705105417114]]]]}},
{"type":"Feature","properties":{"GEOID":"420035647001000","NAME":"Block 1000, Block Group 1, Census Tract 5647, Allegheny County, Pennsylvania","housing_units":11,"pop":31},"geometry":{"type":"MultiPolygon","coordinates":[[[[-79.876806735992417,40.441002881129492],[-79.876635074615479,40.440839572104302],[-79.876377582550035,40.440006689904784],[-79.876334667205811,40.439908703085273],[-79.876527786254869,40.439990358778118],[-79.876570701599107,40.440006689904784],[-79.878180027008042,40.440545614859218],[-79.878029823303223,40.440806910251659],[-79.877943992614746,40.440937557567025],[-79.877707958221436,40.441345828791043],[-79.876806735992417,40.441002881129492]]]]}},
{"type":"Feature","properties":{"GEOID":"420035647001001","NAME":"Block 1001, Block Group 1, Census Tract 5647, Allegheny County, Pennsylvania","housing_units":15,"pop":33},"geometry":{"type":"MultiPolygon","coordinates":[[[[-79.877707958221436,40.441345828791043],[-79.877943992614746,40.440937557567025],[-79.878029823303223,40.440970219356196],[-79.878652095794678,40.441166189757965],[-79.879574775695787,40.441476475059062],[-79.879360198974609,40.441884743010093],[-79.877707958221436,40.441345828791043]]]]}},
{"type":"Feature","properties":{"GEOID":"420035647001002","NAME":"Block 1002, Block Group 1, Census Tract 5647, Allegheny County, Pennsylvania","housing_units":14,"pop":21},"geometry":{"type":"MultiPolygon","coordinates":[[[[-79.878652095794678,40.441166189757965],[-79.878029823303223,40.440970219356196],[-79.877943992614746,40.440937557567025],[-79.878029823303223,40.440806910251659],[-79.878180027008042,40.440545614859218],[-79.879810810089111,40.441084535493317],[-79.879574775695787,40.441476475059062],[-79.878652095794678,40.441166189757965]]]]}},
{"type":"Feature","properties":{"GEOID":"420035647001003","NAME":"Block 1003, Block Group 1, Census Tract 5647, Allegheny County, Pennsylvania","housing_units":27,"pop":54},"geometry":{"type":"MultiPolygon","coordinates":[[[[-79.878180027008042,40.440545614859218],[-79.878630638122559,40.439745391402028],[-79.878952503204331,40.439859709621949],[-79.879939556121812,40.440186332036298],[-79.880261421203599,40.440300649506412],[-79.880175590515137,40.440447628825211],[-79.879896640777574,40.440921226666482],[-79.879810810089111,40.441084535493317],[-79.878180027008042,40.440545614859218]]]]}},
{"type":"Feature","properties":{"GEOID":"420035647001004","NAME":"Block 1004, Block Group 1, Census Tract 5647, Allegheny County, Pennsylvania","housing_units":29,"pop":63},"geometry":{"type":"MultiPolygon","coordinates":[[[[-79.876570701599107,40.440006689904784],[-79.876527786254869,40.439990358778118],[-79.876334667205811,40.439908703085273],[-79.876205921173081,40.439663735411642],[-79.875862598419175,40.439320779168945],[-79.875154495239244,40.438928827035006],[-79.875025749206529,40.438814507232159],[-79.875218868255615,40.438749181543265],[-79.875626564025879,40.438765512971436],[-79.876077175140367,40.438896164254032],[-79.876377582550035,40.439010483918018],[-79.878630638122559,40.439745391402028],[-79.878180027008042,40.440545614859218],[-79.876570701599107,40.440006689904784]]]]}},
{"type":"Feature","properties":{"GEOID":"420035647001005","NAME":"Block 1005, Block Group 1, Census Tract 5647, Allegheny County, Pennsylvania","housing_units":48,"pop":77},"geometry":{"type":"MultiPolygon","coordinates":[[[[-79.876377582550035,40.439010483918018],[-79.876077175140367,40.438896164254032],[-79.876313209533691,40.438487878152898],[-79.876334667205811,40.438406220635123],[-79.876377582550035,40.438128584332851],[-79.876399040222154,40.438079589572261],[-79.87659215927124,40.438128584332851],[-79.87734317779541,40.438389889119669],[-79.879059791564941,40.438961489800107],[-79.878973960876465,40.439108472046712],[-79.878716468811035,40.439582079322065],[-79.878630638122559,40.439745391402028],[-79.876377582550035,40.439010483918018]]]]}},
{"type":"Feature","properties":{"GEOID":"420035647001006","NAME":"Block 1006, Block Group 1, Census Tract 5647, Allegheny County, Pennsylvania","housing_units":39,"pop":55},"geometry":{"type":"MultiPolygon","coordinates":[[[[-79.879939556121812,40.440186332036298],[-79.878952503204331,40.439859709621949],[-79.878630638122559,40.439745391402028],[-79.878716468811035,40.439582079322065],[-79.878973960876465,40.439108472046712],[-79.879059791564941,40.438961489800107],[-79.879403114318848,40.439075809353021],[-79.880390167236328,40.4394024355759],[-79.880712032318115,40.439500423133317],[-79.880626201629624,40.439663735411642],[-79.88034725189209,40.440137338775308],[-79.880261421203599,40.440300649506412],[-79.879939556121812,40.440186332036298]]]]}},
{"type":"Feature","properties":{"GEOID":"420035647001007","NAME":"Block 1007, Block Group 1, Census Tract 5647, Allegheny County, Pennsylvania","housing_units":26,"pop":22},"geometry":{"type":"MultiPolygon","coordinates":[[[[-79.880390167236328,40.4394024355759],[-79.879403114318848,40.439075809353021],[-79.879059791564941,40.438961489800107],[-79.879124164581299,40.43884717005281],[-79.879167079925523,40.438798175815883],[-79.879574775695787,40.438193910624769],[-79.879896640777574,40.438291899943628],[-79.88084077835083,40.438602198511148],[-79.881162643432617,40.438716518675001],[-79.880797863006578,40.439353441743627],[-79.880776405334458,40.439418766845392],[-79.880712032318115,40.439500423133317],[-79.880390167236328,40.4394024355759]]]]}},
{"type":"Feature","properties":{"GEOID":"420035647001008","NAME":"Block 1008, Block Group 1, Census Tract 5647, Allegheny County, Pennsylvania","housing_units":34,"pop":50},"geometry":{"type":"MultiPolygon","coordinates":[[[[-79.87734317779541,40.438389889119669],[-79.877429008483873,40.438226573746931],[-79.87775087356566,40.437638635120209],[-79.877772331237779,40.437589640002564],[-79.877986907958984,40.437654966818158],[-79.878609180450425,40.437867278530433],[-79.878823757171617,40.437932605076249],[-79.878973960876465,40.43798159994396],[-79.879424571990953,40.438144915911778],[-79.879574775695787,40.438193910624769],[-79.879167079925523,40.438798175815883],[-79.879124164581299,40.43884717005281],[-79.879059791564941,40.438961489800107],[-79.87734317779541,40.438389889119669]]]]}},
{"type":"Feature","properties":{"GEOID":"420035647001009","NAME":"Block 1009, Block Group 1, Census Tract 5647, Allegheny County, Pennsylvania","housing_units":38,"pop":32},"geometry":{"type":"MultiPolygon","coordinates":[[[[-79.87659215927124,40.438128584332851],[-79.876399040222154,40.438079589572261],[-79.876463413238511,40.437654966818158],[-79.875626564025879,40.437491649660174],[-79.875712394714341,40.4370833550296],[-79.875755310058594,40.4370833550296],[-79.875862598419175,40.437099686862418],[-79.875905513763428,40.437099686862418],[-79.876377582550035,40.43714868233711],[-79.87648487091063,40.437165014154068],[-79.877772331237779,40.437589640002564],[-79.87775087356566,40.437638635120209],[-79.877429008483873,40.438226573746931],[-79.87734317779541,40.438389889119669],[-79.87659215927124,40.438128584332851]]]]}},
{"type":"Feature","properties":{"GEOID":"420035647001010","NAME":"Block 1010, Block Group 1, Census Tract 5647, Allegheny County, Pennsylvania","housing_units":2,"pop":5},"geometry":{"type":"MultiPolygon","coordinates":[[[[-79.875519275665269,40.43798159994396],[-79.875626564025879,40.437491649660174],[-79.876463413238511,40.437654966818158],[-79.876399040222154,40.438079589572261],[-79.876377582550035,40.438128584332851],[-79.875519275665269,40.43798159994396]]]]}},
{"type":"Feature","properties":{"GEOID":"420035647001011","NAME":"Block 1011, Block Group 1, Census Tract 5647, Allegheny County, Pennsylvania","housing_units":28,"pop":43},"geometry":{"type":"MultiPolygon","coordinates":[[[[-79.875626564025879,40.438765512971436],[-79.875218868255615,40.438749181543265],[-79.875025749206529,40.438814507232159],[-79.874875545501695,40.438700187234929],[-79.874038696289048,40.43798159994396],[-79.873931407928453,40.437850946884062],[-79.87399578094481,40.437818283579418],[-79.875519275665269,40.43798159994396],[-79.876377582550035,40.438128584332851],[-79.876334667205811,40.438406220635123],[-79.876313209533691,40.438487878152898],[-79.876077175140367,40.438896164254032],[-79.875626564025879,40.438765512971436]]]]}},
{"type":"Feature","properties":{"GEOID":"420035647001012","NAME":"Block 1012, Block Group 1, Census Tract 5647, Allegheny County, Pennsylvania","housing_units":29,"pop":42},"geometry":{"type":"MultiPolygon","coordinates":[[[[-79.87399578094481,40.437818283579418],[-79.873931407928453,40.437850946884062],[-79.873845577239976,40.437654966818158],[-79.873738288879395,40.437475317922562],[-79.873673915863023,40.437344663878804],[-79.87350225448607,40.4370833550296],[-79.87324476242064,40.436805713264519],[-79.873394966125488,40.436822045164789],[-79.873888492584229,40.436871040841808],[-79.874060153961182,40.436887372726204],[-79.874382019042955,40.436920036483116],[-79.875390529632554,40.437034359507308],[-79.875712394714341,40.4370833550296],[-79.875626564025879,40.437491649660174],[-79.875519275665269,40.43798159994396],[-79.87399578094481,40.437818283579418]]]]}},
{"type":"Feature","properties":{"GEOID":"420035647002000","NAME":"Block 2000, Block Group 2, Census Tract 5647, Allegheny County, Pennsylvania","housing_units":0,"pop":0},"geometry":{"type":"MultiPolygon","coordinates":[[[[-79.87324476242064,40.436805713264519],[-79.87298727035521,40.436544402320649],[-79.872536659240708,40.436168766059559],[-79.872300624847398,40.436021777386124],[-79.871785640716553,40.435776795549664],[-79.872214794158921,40.43579312769986],[-79.872450828552246,40.435874788391359],[-79.872665405273423,40.435989113192839],[-79.873030185699463,40.436266758329992],[-79.873352050781236,40.436675057919537],[-79.873394966125488,40.436822045164789],[-79.87324476242064,40.436805713264519]]]]}},
{"type":"Feature","properties":{"GEOID":"420035647002001","NAME":"Block 2001, Block Group 2, Census Tract 5647, Allegheny County, Pennsylvania","housing_units":35,"pop":55},"geometry":{"type":"MultiPolygon","coordinates":[[[[-79.87439900360441,40.43529937902553],[-79.875578891263899,40.434954522508612],[-79.876356124877915,40.434780526885525],[-79.877150058746324,40.43527049692571],[-79.876956939697266,40.43545015171253],[-79.876785278320312,40.435564477236028],[-79.876399040222154,40.435499148389262],[-79.874017238616929,40.435433819479016],[-79.873459339141846,40.435515480606902],[-79.873180389404297,40.435597141635604],[-79.87309455871582,40.435597141635604],[-79.873588085174546,40.436087105725107],[-79.873652458190904,40.436152434000604],[-79.873652458190904,40.436168766059559],[-79.873802661895752,40.436413746467863],[-79.873867034912109,40.436511738381256],[-79.87399578094481,40.436740385623764],[-79.874060153961182,40.436887372726204],[-79.873888492584229,40.436871040841808],[-79.873394966125488,40.436822045164789],[-79.873352050781236,40.436675057919537],[-79.873030185699463,40.436266758329992],[-79.872665405273423,40.435989113192839],[-79.872450828552246,40.435874788391359],[-79.872214794158921,40.43579312769986],[-79.871785640716553,40.435776795549664],[-79.871721267700195,40.43574413123735],[-79.871549606323228,40.435678802565135],[-79.87150669097899,40.435646138205229],[-79.871721267700195,40.435368490505297],[-79.871785640716553,40.435205167793313],[-79.871914386749253,40.434372215791313],[-79.872193336486802,40.433751578179468],[-79.874038696289048,40.434192558124359],[-79.874231815338135,40.435009180015264],[-79.874167442321763,40.43527049692571],[-79.874377211792506,40.435223536823742],[-79.87439900360441,40.43529937902553]]]]}},
{"type":"Feature","properties":{"GEOID":"420035647002002","NAME":"Block 2002, Block Group 2, Census Tract 5647, Allegheny County, Pennsylvania","housing_units":15,"pop":19},"geometry":{"type":"MultiPolygon","coordinates":[[[[-79.875926971435547,40.436642394043616],[-79.874253273010254,40.436446410454863],[-79.873802661895752,40.436413746467863],[-79.873652458190904,40.436168766059559],[-79.873652458190904,40.436152434000604],[-79.873588085174546,40.436087105725107],[-79.873888492584229,40.435989113192839],[-79.874038696289048,40.43597278109025],[-79.8760986328125,40.436217762212635],[-79.875991344451904,40.436675057919537],[-79.875926971435547,40.436642394043616]]]]}},
{"type":"Feature","properties":{"GEOID":"420035647002003","NAME":"Block 2003, Block Group 2, Census Tract 5647, Allegheny County, Pennsylvania","housing_units":19,"pop":34},"geometry":{"type":"MultiPolygon","coordinates":[[[[-79.875755310058594,40.4370833550296],[-79.875712394714341,40.4370833550296],[-79.875390529632554,40.437034359507308],[-79.874382019042955,40.436920036483116],[-79.874060153961182,40.436887372726204],[-79.87399578094481,40.436740385623764],[-79.873867034912109,40.436511738381256],[-79.873802661895752,40.436413746467863],[-79.874253273010254,40.436446410454863],[-79.875926971435547,40.436642394043616],[-79.875991344451904,40.436675057919537],[-79.875991344451904,40.436756717539907],[-79.875926971435547,40.437018027658603],[-79.875905513763428,40.437099686862418],[-79.875862598419175,40.437099686862418],[-79.875755310058594,40.4370833550296]]]]}},
{"type":"Feature","properties":{"GEOID":"420035647002004","NAME":"Block 2004, Block Group 2, Census Tract 5647, Allegheny County, Pennsylvania","housing_units":160,"pop":184},"geometry":{"type":"MultiPolygon","coordinates":[[[[-79.879258074519512,40.434041281419958],[-79.879598051820267,40.434250534882466],[-79.879993292578973,40.434496855887936],[-79.880371520144507,40.434718661557746],[-79.880416364596613,40.434746072274024],[-79.87983226776123,40.435254164648562],[-79.879209995269761,40.435776795549664],[-79.87914562225339,40.435940116873148],[-79.879059791564941,40.436364750457621],[-79.877793788909898,40.437540644849228],[-79.877772331237779,40.437589640002564],[-79.87648487091063,40.437165014154068],[-79.876377582550035,40.43714868233711],[-79.875905513763428,40.437099686862418],[-79.875926971435547,40.437018027658603],[-79.875991344451904,40.436756717539907],[-79.875991344451904,40.436675057919537],[-79.8760986328125,40.436217762212635],[-79.874038696289048,40.43597278109025],[-79.873888492584229,40.435989113192839],[-79.873588085174546,40.436087105725107],[-79.87309455871582,40.435597141635604],[-79.873180389404297,40.435597141635604],[-79.873459339141846,40.435515480606902],[-79.874017238616929,40.435433819479016],[-79.876399040222154,40.435499148389262],[-79.876785278320312,40.435564477236028],[-79.876956939697266,40.43545015171253],[-79.877150058746324,40.43527049692571],[-79.877536296844468,40.435499148389262],[-79.879124164581299,40.43402923255605],[-79.879185220893888,40.433998250408401],[-79.879209898052068,40.434012825977831],[-79.87923145294188,40.43402923255605],[-79.879244294725098,40.434033142381061],[-79.879258074519512,40.434041281419958]]]]}},
{"type":"Feature","properties":{"GEOID":"420035647002005","NAME":"Block 2005, Block Group 2, Census Tract 5647, Allegheny County, Pennsylvania","housing_units":112,"pop":173},"geometry":{"type":"MultiPolygon","coordinates":[[[[-79.880430665222832,40.434754813386675],[-79.881121307081244,40.435171258517542],[-79.881868673956603,40.435620348950188],[-79.881876772676719,40.435625219362542],[-79.881763458251939,40.435711466909183],[-79.881441593170152,40.436005445291464],[-79.881269931793199,40.436136101937677],[-79.881119728088365,40.436266758329992],[-79.881076812744126,40.436315754411652],[-79.880411624908433,40.43592378475865],[-79.88034725189209,40.435874788391359],[-79.879918098449693,40.436250426294841],[-79.879295825958252,40.437165014154068],[-79.878823757171617,40.437932605076249],[-79.878609180450425,40.437867278530433],[-79.877986907958984,40.437654966818158],[-79.877772331237779,40.437589640002564],[-79.877793788909898,40.437540644849228],[-79.879059791564941,40.436364750457621],[-79.87914562225339,40.435940116873148],[-79.879209995269761,40.435776795549664],[-79.87983226776123,40.435254164648562],[-79.880416364596613,40.434746072274024],[-79.880430665222832,40.434754813386675]]]]}},
{"type":"Feature","properties":{"GEOID":"420035647002006","NAME":"Block 2006, Block Group 2, Census Tract 5647, Allegheny County, Pennsylvania","housing_units":51,"pop":107},"geometry":{"type":"MultiPolygon","coordinates":[[[[-79.879424571990953,40.438144915911778],[-79.878973960876465,40.43798159994396],[-79.878823757171617,40.437932605076249],[-79.879295825958252,40.437165014154068],[-79.879918098449693,40.436250426294841],[-79.88034725189209,40.435874788391359],[-79.880411624908433,40.43592378475865],[-79.881076812744126,40.436315754411652],[-79.880518913269043,40.436773049452079],[-79.880197048187242,40.437116018691285],[-79.879574775695787,40.438193910624769],[-79.879424571990953,40.438144915911778]]]]}},
{"type":"Feature","properties":{"GEOID":"420035647002007","NAME":"Block 2007, Block Group 2, Census Tract 5647, Allegheny County, Pennsylvania","housing_units":2,"pop":7},"geometry":{"type":"MultiPolygon","coordinates":[[[[-79.88084077835083,40.438602198511148],[-79.879896640777574,40.438291899943628],[-79.879574775695787,40.438193910624769],[-79.880197048187242,40.437116018691285],[-79.880518913269043,40.436773049452079],[-79.881076812744126,40.436315754411652],[-79.881119728088365,40.436266758329992],[-79.881269931793199,40.436136101937677],[-79.881312847137437,40.436103437799929],[-79.881548881530762,40.436168766059559],[-79.882214069366455,40.436381082465005],[-79.882450103759751,40.436446410454863],[-79.882385730743394,40.436560734284392],[-79.882171154022217,40.436920036483116],[-79.882106781005845,40.437034359507308],[-79.882042407989502,40.437165014154068],[-79.881784915924058,40.437622303418294],[-79.88174200057982,40.437687630202149],[-79.881634712219224,40.437867278530433],[-79.881613254547105,40.437932605076249],[-79.881570339202881,40.438014263169258],[-79.881420135498033,40.438242905302054],[-79.881377220153809,40.438324563018178],[-79.881334304809556,40.438389889119669],[-79.881162643432617,40.438716518675001],[-79.88084077835083,40.438602198511148]]]]}},
{"type":"Feature","properties":{"GEOID":"420035647002008","NAME":"Block 2008, Block Group 2, Census Tract 5647, Allegheny County, Pennsylvania","housing_units":9,"pop":27},"geometry":{"type":"MultiPolygon","coordinates":[[[[-79.882632617443889,40.436079769667217],[-79.882658753679365,40.436096127853048],[-79.882621765136719,40.436152434000604],[-79.88249301910399,40.436381082465005],[-79.882450103759751,40.436446410454863],[-79.882214069366455,40.436381082465005],[-79.881548881530762,40.436168766059559],[-79.881312847137437,40.436103437799929],[-79.881441593170152,40.436005445291464],[-79.881763458251939,40.435711466909183],[-79.881876772676719,40.435625219362542],[-79.882632617443889,40.436079769667217]]]]}},
{"type":"Feature","properties":{"GEOID":"420035647002009","NAME":"Block 2009, Block Group 2, Census Tract 5647, Allegheny County, Pennsylvania","housing_units":0,"pop":0},"geometry":{"type":"MultiPolygon","coordinates":[[[[-79.871399402618408,40.435515480606902],[-79.869146347045898,40.434453878208501],[-79.86884593963623,40.434306885786143],[-79.870541095733628,40.432918608170809],[-79.871592521667466,40.433375926315712],[-79.87200021743773,40.433539253470862],[-79.871914386749253,40.433686247571302],[-79.872193336486802,40.433751578179468],[-79.871914386749253,40.434372215791313],[-79.871785640716553,40.435205167793313],[-79.871721267700195,40.435368490505297],[-79.87150669097899,40.435646138205229],[-79.871399402618408,40.435515480606902]]]]}},
{"type":"Feature","properties":{"GEOID":"420035647002010","NAME":"Block 2010, Block Group 2, Census Tract 5647, Allegheny County, Pennsylvania","housing_units":0,"pop":0},"geometry":{"type":"MultiPolygon","coordinates":[[[[-79.871313571929917,40.435613473829449],[-79.871077537536621,40.435515480606902],[-79.869554042816148,40.434829524050208],[-79.868652820587158,40.434437545732997],[-79.868524074554443,40.434388548282683],[-79.868717193603501,40.434257888240609],[-79.86884593963623,40.434306885786143],[-79.869146347045898,40.434453878208501],[-79.871399402618408,40.435515480606902],[-79.87150669097899,40.435646138205229],[-79.871313571929917,40.435613473829449]]]]}},
{"type":"Feature","properties":{"GEOID":"420035647002011","NAME":"Block 2011, Block Group 2, Census Tract 5647, Allegheny County, Pennsylvania","housing_units":0,"pop":0},"geometry":{"type":"MultiPolygon","coordinates":[[[[-79.868717193603501,40.434257888240609],[-79.869661331176758,40.433441257225375],[-79.870412349700928,40.432869609613675],[-79.870541095733628,40.432918608170809],[-79.86884593963623,40.434306885786143],[-79.868717193603501,40.434257888240609]]]]}},
{"type":"Feature","properties":{"GEOID":"420035647002012","NAME":"Block 2012, Block Group 2, Census Tract 5647, Allegheny County, Pennsylvania","housing_units":0,"pop":0},"geometry":{"type":"MultiPolygon","coordinates":[[[[-79.866056442260728,40.433032937998618],[-79.865627288818345,40.432787945272437],[-79.86674308776854,40.431317970170994],[-79.868481159210205,40.43205296173835],[-79.86884593963623,40.43221629210683],[-79.869124889373765,40.432330623128721],[-79.869790077209458,40.432608283372609],[-79.870412349700928,40.432869609613675],[-79.869661331176758,40.433441257225375],[-79.868717193603501,40.434257888240609],[-79.866056442260728,40.433032937998618]]]]}},
{"type":"Feature","properties":{"GEOID":"420035647002013","NAME":"Block 2013, Block Group 2, Census Tract 5647, Allegheny County, Pennsylvania","housing_units":0,"pop":0},"geometry":{"type":"MultiPolygon","coordinates":[[[[-79.867794513702393,40.433996567394786],[-79.866163730621338,40.43324526430596],[-79.865541458129869,40.432885942470023],[-79.865627288818345,40.432787945272437],[-79.866056442260728,40.433032937998618],[-79.868717193603501,40.434257888240609],[-79.868524074554443,40.434388548282683],[-79.867794513702393,40.433996567394786]]]]}},
{"type":"Feature","properties":{"GEOID":"420035647003000","NAME":"Block 3000, Block Group 3, Census Tract 5647, Allegheny County, Pennsylvania","housing_units":0,"pop":0},"geometry":{"type":"MultiPolygon","coordinates":[[[[-79.880454540252671,40.442244016755922],[-79.879617691040025,40.441982726949384],[-79.879360198974609,40.441884743010093],[-79.879574775695787,40.441476475059062],[-79.880754947662339,40.441868412339659],[-79.880948066711412,40.44193373499759],[-79.880776405334458,40.442260347335107],[-79.880712032318115,40.442342000171536],[-79.880454540252671,40.442244016755922]]]]}},
{"type":"Feature","properties":{"GEOID":"420035647003001","NAME":"Block 3001, Block Group 3, Census Tract 5647, Allegheny County, Pennsylvania","housing_units":16,"pop":10},"geometry":{"type":"MultiPolygon","coordinates":[[[[-79.881677627563477,40.442652280045401],[-79.880969524383531,40.442423652908779],[-79.880712032318115,40.442342000171536],[-79.880776405334458,40.442260347335107],[-79.880948066711412,40.44193373499759],[-79.881570339202881,40.442146033197488],[-79.881720542907701,40.442227686172771],[-79.882149696350083,40.442358330726918],[-79.882106781005845,40.442423652908779],[-79.881956577301011,40.442668610525416],[-79.881913661956787,40.442733932405758],[-79.881677627563477,40.442652280045401]]]]}},
{"type":"Feature","properties":{"GEOID":"420035647003002","NAME":"Block 3002, Block Group 3, Census Tract 5647, Allegheny County, Pennsylvania","housing_units":19,"pop":25},"geometry":{"type":"MultiPolygon","coordinates":[[[[-79.884166717529283,40.443485129467341],[-79.88249301910399,40.442929897665934],[-79.881913661956787,40.442733932405758],[-79.881956577301011,40.442668610525416],[-79.882106781005845,40.442423652908779],[-79.882149696350083,40.442358330726918],[-79.882471561431871,40.442439983444324],[-79.882707595825181,40.442521636062544],[-79.884982109069824,40.443240174826173],[-79.884917736053467,40.443338156789757],[-79.884788990020738,40.44358311107387],[-79.884724617004395,40.443664762303534],[-79.884166717529283,40.443485129467341]]]]}},
{"type":"Feature","properties":{"GEOID":"420035647003003","NAME":"Block 3003, Block Group 3, Census Tract 5647, Allegheny County, Pennsylvania","housing_units":0,"pop":0},"geometry":{"type":"MultiPolygon","coordinates":[[[[-79.885647296905518,40.443975036071727],[-79.884960651397705,40.44374641343402],[-79.884724617004395,40.443664762303534],[-79.884788990020738,40.44358311107387],[-79.884917736053467,40.443338156789757],[-79.884982109069824,40.443240174826173],[-79.885003566741943,40.44319118379083],[-79.885025024414048,40.443174853437775],[-79.885196685791001,40.442880906404454],[-79.885303974151611,40.442913567249406],[-79.885668754577623,40.443027880081786],[-79.886312484741211,40.443256505163362],[-79.88622665405272,40.443452468900098],[-79.886183738708482,40.443501459745015],[-79.886119365692139,40.443599441327734],[-79.885861873626695,40.444056686825327],[-79.885647296905518,40.443975036071727]]]]}},
{"type":"Feature","properties":{"GEOID":"420035647003004","NAME":"Block 3004, Block Group 3, Census Tract 5647, Allegheny County, Pennsylvania","housing_units":0,"pop":0},"geometry":{"type":"MultiPolygon","coordinates":[[[[-79.886612892150879,40.444301638490998],[-79.886119365692139,40.444138337479728],[-79.885861873626695,40.444056686825327],[-79.886119365692139,40.443599441327734],[-79.886183738708482,40.443501459745015],[-79.88672018051146,40.443664762303534],[-79.886848926544175,40.443730083215854],[-79.887127876281738,40.444464939105536],[-79.886612892150879,40.444301638490998]]]]}},
{"type":"Feature","properties":{"GEOID":"420035647003005","NAME":"Block 3005, Block Group 3, Census Tract 5647, Allegheny County, Pennsylvania","housing_units":0,"pop":0},"geometry":{"type":"MultiPolygon","coordinates":[[[[-79.887342453002915,40.444530259240267],[-79.887127876281738,40.444464939105536],[-79.886848926544175,40.443730083215854],[-79.88672018051146,40.443664762303534],[-79.886183738708482,40.443501459745015],[-79.88622665405272,40.443452468900098],[-79.886312484741211,40.443256505163362],[-79.886462688446045,40.443011549689068],[-79.886527061462388,40.442978888891716],[-79.886698722839341,40.44294622807849],[-79.886806011199951,40.442978888891716],[-79.886891841888414,40.443125862354819],[-79.886999130249009,40.443615771577633],[-79.887278079986572,40.444301638490998],[-79.887363910675035,40.444366958784421],[-79.887428283691406,40.444448609061929],[-79.887471199035645,40.44457924929965],[-79.887342453002915,40.444530259240267]]]]}},
{"type":"Feature","properties":{"GEOID":"420035647003006","NAME":"Block 3006, Block Group 3, Census Tract 5647, Allegheny County, Pennsylvania","housing_units":0,"pop":0},"geometry":{"type":"MultiPolygon","coordinates":[[[[-79.887642860412583,40.444644569323287],[-79.887578487396226,40.444611909319413],[-79.887471199035645,40.44457924929965],[-79.887428283691406,40.444448609061929],[-79.887363910675035,40.444366958784421],[-79.887170791625962,40.443811734267001],[-79.886891841888414,40.442831915107256],[-79.886763095855713,40.442799254222628],[-79.886655807495103,40.442684941001446],[-79.88672018051146,40.442570627585873],[-79.886806011199951,40.442472644503518],[-79.886977672576904,40.442521636062544],[-79.887063503265367,40.442554297082062],[-79.887127876281738,40.442570627585873],[-79.88723516464232,40.442995219292371],[-79.887578487396226,40.444236318134095],[-79.887685775756822,40.444660899319288],[-79.887642860412583,40.444644569323287]]]]}},
{"type":"Feature","properties":{"GEOID":"420035647003007","NAME":"Block 3007, Block Group 3, Census Tract 5647, Allegheny County, Pennsylvania","housing_units":0,"pop":0},"geometry":{"type":"MultiPolygon","coordinates":[[[[-79.887278079986572,40.444301638490998],[-79.886999130249009,40.443615771577633],[-79.886891841888414,40.443125862354819],[-79.886806011199951,40.442978888891716],[-79.886698722839341,40.44294622807849],[-79.886763095855713,40.442799254222628],[-79.886891841888414,40.442831915107256],[-79.887170791625962,40.443811734267001],[-79.887363910675035,40.444366958784421],[-79.887278079986572,40.444301638490998]]]]}},
{"type":"Feature","properties":{"GEOID":"420035647003008","NAME":"Block 3008, Block Group 3, Census Tract 5647, Allegheny County, Pennsylvania","housing_units":0,"pop":0},"geometry":{"type":"MultiPolygon","coordinates":[[[[-79.887063503265367,40.442554297082062],[-79.886977672576904,40.442521636062544],[-79.886806011199951,40.442472644503518],[-79.886806011199951,40.442374661278329],[-79.886763095855713,40.442227686172771],[-79.886441230773926,40.440463959840798],[-79.88648414611815,40.44048029085242],[-79.886548519134507,40.440496621860071],[-79.886848926544175,40.44159079033529],[-79.886891841888414,40.441786758927982],[-79.887127876281738,40.442570627585873],[-79.887063503265367,40.442554297082062]]]]}},
{"type":"Feature","properties":{"GEOID":"420035647003009","NAME":"Block 3009, Block Group 3, Census Tract 5647, Allegheny County, Pennsylvania","housing_units":2,"pop":4},"geometry":{"type":"MultiPolygon","coordinates":[[[[-79.886569976806626,40.442390991825775],[-79.885861873626695,40.442162363800477],[-79.885647296905518,40.442080710745863],[-79.885733127593994,40.441917404339065],[-79.886012077331529,40.44144381351586],[-79.88609790802002,40.441296836375088],[-79.886333942413316,40.440888564853516],[-79.886248111724854,40.440496621860071],[-79.886248111724854,40.440398635754647],[-79.886312484741211,40.440431297805652],[-79.886441230773926,40.440463959840798],[-79.886763095855713,40.442227686172771],[-79.886806011199951,40.442374661278329],[-79.886806011199951,40.442472644503518],[-79.886569976806626,40.442390991825775]]]]}},
{"type":"Feature","properties":{"GEOID":"420035647003010","NAME":"Block 3010, Block Group 3, Census Tract 5647, Allegheny County, Pennsylvania","housing_units":16,"pop":34},"geometry":{"type":"MultiPolygon","coordinates":[[[[-79.885668754577623,40.443027880081786],[-79.885303974151611,40.442913567249406],[-79.885196685791001,40.442880906404454],[-79.885282516479492,40.442717601941617],[-79.885540008544908,40.442244016755922],[-79.885647296905518,40.442080710745863],[-79.885861873626695,40.442162363800477],[-79.886569976806626,40.442390991825775],[-79.886806011199951,40.442472644503518],[-79.88672018051146,40.442570627585873],[-79.886655807495103,40.442684941001446],[-79.886763095855713,40.442799254222628],[-79.886698722839341,40.44294622807849],[-79.886527061462388,40.442978888891716],[-79.886462688446045,40.443011549689068],[-79.886312484741211,40.443256505163362],[-79.885668754577623,40.443027880081786]]]]}},
{"type":"Feature","properties":{"GEOID":"420035647003011","NAME":"Block 3011, Block Group 3, Census Tract 5647, Allegheny County, Pennsylvania","housing_units":125,"pop":135},"geometry":{"type":"MultiPolygon","coordinates":[[[[-79.885089397430406,40.442831915107256],[-79.884767532348619,40.442733932405758],[-79.884681701660142,40.442701271473517],[-79.884767532348619,40.442537966574292],[-79.885046482086182,40.442064380123021],[-79.885132312774644,40.441917404339065],[-79.885239601135254,40.441950065652165],[-79.885540008544908,40.442048049496236],[-79.885647296905518,40.442080710745863],[-79.885540008544908,40.442244016755922],[-79.885282516479492,40.442717601941617],[-79.885196685791001,40.442880906404454],[-79.885089397430406,40.442831915107256]]]]}},
{"type":"Feature","properties":{"GEOID":"420035647003012","NAME":"Block 3012, Block Group 3, Census Tract 5647, Allegheny County, Pennsylvania","housing_units":19,"pop":30},"geometry":{"type":"MultiPolygon","coordinates":[[[[-79.882707595825181,40.442521636062544],[-79.882471561431871,40.442439983444324],[-79.882149696350083,40.442358330726918],[-79.882192611694336,40.442276677910328],[-79.882321357727037,40.442015388230743],[-79.882385730743394,40.44193373499759],[-79.882621765136719,40.442015388230743],[-79.882836341857896,40.442097041364718],[-79.884681701660142,40.442701271473517],[-79.884767532348619,40.442733932405758],[-79.885089397430406,40.442831915107256],[-79.885196685791001,40.442880906404454],[-79.885025024414048,40.443174853437775],[-79.885003566741943,40.44319118379083],[-79.884982109069824,40.443240174826173],[-79.882707595825181,40.442521636062544]]]]}},
{"type":"Feature","properties":{"GEOID":"420035647003013","NAME":"Block 3013, Block Group 3, Census Tract 5647, Allegheny County, Pennsylvania","housing_units":0,"pop":0},"geometry":{"type":"MultiPolygon","coordinates":[[[[-79.882836341857896,40.442097041364718],[-79.882621765136719,40.442015388230743],[-79.882385730743394,40.44193373499759],[-79.882471561431871,40.441786758927982],[-79.8827290534973,40.441296836375088],[-79.882836341857896,40.441149858912965],[-79.883115291595445,40.441247843923421],[-79.883973598480225,40.4415254673441],[-79.884252548217773,40.441623451807068],[-79.884424209594712,40.441672443984999],[-79.884960651397705,40.441852081665253],[-79.885132312774644,40.441917404339065],[-79.885046482086182,40.442064380123021],[-79.884767532348619,40.442537966574292],[-79.884681701660142,40.442701271473517],[-79.882836341857896,40.442097041364718]]]]}},
{"type":"Feature","properties":{"GEOID":"420035647003014","NAME":"Block 3014, Block Group 3, Census Tract 5647, Allegheny County, Pennsylvania","housing_units":19,"pop":12},"geometry":{"type":"MultiPolygon","coordinates":[[[[-79.881720542907701,40.442227686172771],[-79.881570339202881,40.442146033197488],[-79.880948066711412,40.44193373499759],[-79.88099098205565,40.441852081665253],[-79.881141185760484,40.441623451807068],[-79.881184101104736,40.441541798097852],[-79.881269931793199,40.44157445959344],[-79.881570339202881,40.441672443984999],[-79.881656169891343,40.441705105417114],[-79.881806373596177,40.441754097535537],[-79.882235527038574,40.441884743010093],[-79.882385730743394,40.44193373499759],[-79.882321357727037,40.442015388230743],[-79.882192611694336,40.442276677910328],[-79.882149696350083,40.442358330726918],[-79.881720542907701,40.442227686172771]]]]}},
{"type":"Feature","properties":{"GEOID":"420035647003015","NAME":"Block 3015, Block Group 3, Census Tract 5647, Allegheny County, Pennsylvania","housing_units":0,"pop":0},"geometry":{"type":"MultiPolygon","coordinates":[[[[-79.881570339202881,40.441672443984999],[-79.881269931793199,40.44157445959344],[-79.881184101104736,40.441541798097852],[-79.881269931793199,40.441378490381858],[-79.881527423858643,40.440904895761989],[-79.881634712219224,40.44074158649876],[-79.88174200057982,40.440774248383136],[-79.882042407989502,40.440888564853516],[-79.882149696350083,40.440921226666482],[-79.882063865661607,40.441084535493317],[-79.881656169891343,40.441705105417114],[-79.881570339202881,40.441672443984999]]]]}},
{"type":"Feature","properties":{"GEOID":"420035647003016","NAME":"Block 3016, Block Group 3, Census Tract 5647, Allegheny County, Pennsylvania","housing_units":21,"pop":26},"geometry":{"type":"MultiPolygon","coordinates":[[[[-79.882235527038574,40.441884743010093],[-79.881806373596177,40.441754097535537],[-79.881656169891343,40.441705105417114],[-79.882063865661607,40.441084535493317],[-79.882149696350083,40.440921226666482],[-79.882299900054917,40.440970219356196],[-79.882686138153062,40.441100866354176],[-79.882836341857896,40.441149858912965],[-79.8827290534973,40.441296836375088],[-79.882471561431871,40.441786758927982],[-79.882385730743394,40.44193373499759],[-79.882235527038574,40.441884743010093]]]]}},
{"type":"Feature","properties":{"GEOID":"420035647003017","NAME":"Block 3017, Block Group 3, Census Tract 5647, Allegheny County, Pennsylvania","housing_units":14,"pop":17},"geometry":{"type":"MultiPolygon","coordinates":[[[[-79.882686138153062,40.441100866354176],[-79.882299900054917,40.440970219356196],[-79.882149696350083,40.440921226666482],[-79.882042407989502,40.440888564853516],[-79.88174200057982,40.440774248383136],[-79.881634712219224,40.44074158649876],[-79.881677627563477,40.440659931718372],[-79.881806373596177,40.440431297805652],[-79.88184928894043,40.440349642648385],[-79.882814884185777,40.440676262682388],[-79.88298654556273,40.440725255550618],[-79.883050918579087,40.440757917442937],[-79.883008003234849,40.440839572104302],[-79.882879257202148,40.441068204628479],[-79.882836341857896,40.441149858912965],[-79.882686138153062,40.441100866354176]]]]}},
{"type":"Feature","properties":{"GEOID":"420035647003018","NAME":"Block 3018, Block Group 3, Census Tract 5647, Allegheny County, Pennsylvania","housing_units":14,"pop":28},"geometry":{"type":"MultiPolygon","coordinates":[[[[-79.883973598480225,40.4415254673441],[-79.883115291595445,40.441247843923421],[-79.882836341857896,40.441149858912965],[-79.882879257202148,40.441068204628479],[-79.883008003234849,40.440839572104302],[-79.883093833923326,40.440676262682388],[-79.883244037628174,40.440431297805652],[-79.883286952972412,40.440365973687776],[-79.883565902709961,40.440447628825211],[-79.884402751922593,40.440725255550618],[-79.884703159332275,40.440823241179963],[-79.884617328643799,40.44098655024483],[-79.88433837890625,40.441460144289437],[-79.884252548217773,40.441623451807068],[-79.883973598480225,40.4415254673441]]]]}},
{"type":"Feature","properties":{"GEOID":"420035647003019","NAME":"Block 3019, Block Group 3, Census Tract 5647, Allegheny County, Pennsylvania","housing_units":19,"pop":11},"geometry":{"type":"MultiPolygon","coordinates":[[[[-79.884960651397705,40.441852081665253],[-79.884424209594712,40.441672443984999],[-79.884252548217773,40.441623451807068],[-79.88433837890625,40.441460144289437],[-79.884617328643799,40.44098655024483],[-79.884703159332275,40.440823241179963],[-79.884874820709214,40.440888564853516],[-79.885411262512207,40.441068204628479],[-79.88558292388916,40.441117197211078],[-79.885497093200669,40.441280505561835],[-79.885218143463121,40.441754097535537],[-79.885132312774644,40.441917404339065],[-79.884960651397705,40.441852081665253]]]]}},
{"type":"Feature","properties":{"GEOID":"420035647003020","NAME":"Block 3020, Block Group 3, Census Tract 5647, Allegheny County, Pennsylvania","housing_units":37,"pop":42},"geometry":{"type":"MultiPolygon","coordinates":[[[[-79.885540008544908,40.442048049496236],[-79.885239601135254,40.441950065652165],[-79.885132312774644,40.441917404339065],[-79.885218143463121,40.441754097535537],[-79.885497093200669,40.441280505561835],[-79.88558292388916,40.441117197211078],[-79.885690212249742,40.441149858912965],[-79.885990619659424,40.441247843923421],[-79.88609790802002,40.441296836375088],[-79.886012077331529,40.44144381351586],[-79.885733127593994,40.441917404339065],[-79.885647296905518,40.442080710745863],[-79.885540008544908,40.442048049496236]]]]}},
{"type":"Feature","properties":{"GEOID":"420035647003021","NAME":"Block 3021, Block Group 3, Census Tract 5647, Allegheny County, Pennsylvania","housing_units":2,"pop":3},"geometry":{"type":"MultiPolygon","coordinates":[[[[-79.885990619659424,40.441247843923421],[-79.885690212249742,40.441149858912965],[-79.88558292388916,40.441117197211078],[-79.885668754577623,40.440970219356196],[-79.885947704315186,40.440496621860071],[-79.886033535003648,40.440333311605023],[-79.8860764503479,40.440349642648385],[-79.886205196380601,40.440382304723194],[-79.886248111724854,40.440398635754647],[-79.886248111724854,40.440496621860071],[-79.886333942413316,40.440888564853516],[-79.88609790802002,40.441296836375088],[-79.885990619659424,40.441247843923421]]]]}},
{"type":"Feature","properties":{"GEOID":"420035647003022","NAME":"Block 3022, Block Group 3, Census Tract 5647, Allegheny County, Pennsylvania","housing_units":0,"pop":3},"geometry":{"type":"MultiPolygon","coordinates":[[[[-79.885411262512207,40.441068204628479],[-79.884874820709214,40.440888564853516],[-79.884703159332275,40.440823241179963],[-79.885046482086182,40.440186332036298],[-79.885110855102525,40.440104676581484],[-79.885153770446763,40.440039352146222],[-79.88532543182373,40.440104676581484],[-79.885861873626695,40.440267987391934],[-79.886033535003648,40.440333311605023],[-79.885947704315186,40.440496621860071],[-79.885668754577623,40.440970219356196],[-79.88558292388916,40.441117197211078],[-79.885411262512207,40.441068204628479]]]]}},
{"type":"Feature","properties":{"GEOID":"420035647003023","NAME":"Block 3023, Block Group 3, Census Tract 5647, Allegheny County, Pennsylvania","housing_units":18,"pop":38},"geometry":{"type":"MultiPolygon","coordinates":[[[[-79.884402751922593,40.440725255550618],[-79.883565902709961,40.440447628825211],[-79.883286952972412,40.440365973687776],[-79.883372783660874,40.440202663115357],[-79.883651733398438,40.439729060211882],[-79.8837375640869,40.439565748092257],[-79.883952140808105,40.439647404201665],[-79.88459587097168,40.439859709621949],[-79.884810447692857,40.439925034231777],[-79.884874820709214,40.439957696512884],[-79.885089397430406,40.440023021027486],[-79.885153770446763,40.440039352146222],[-79.885110855102525,40.440104676581484],[-79.885046482086182,40.440186332036298],[-79.884703159332275,40.440823241179963],[-79.884402751922593,40.440725255550618]]]]}},
{"type":"Feature","properties":{"GEOID":"420035647003024","NAME":"Block 3024, Block Group 3, Census Tract 5647, Allegheny County, Pennsylvania","housing_units":23,"pop":12},"geometry":{"type":"MultiPolygon","coordinates":[[[[-79.883050918579087,40.440284318451155],[-79.882321357727037,40.440039352146222],[-79.882085323333726,40.439957696512884],[-79.882171154022217,40.439794384948662],[-79.882428646087632,40.439320779168945],[-79.882514476776123,40.439173797386509],[-79.882771968841539,40.439255453971981],[-79.883501529693589,40.439484091883664],[-79.8837375640869,40.439565748092257],[-79.883651733398438,40.439729060211882],[-79.883372783660874,40.440202663115357],[-79.883286952972412,40.440365973687776],[-79.883050918579087,40.440284318451155]]]]}},
{"type":"Feature","properties":{"GEOID":"420035647003025","NAME":"Block 3025, Block Group 3, Census Tract 5647, Allegheny County, Pennsylvania","housing_units":11,"pop":13},"geometry":{"type":"MultiPolygon","coordinates":[[[[-79.88298654556273,40.440725255550618],[-79.882814884185777,40.440676262682388],[-79.88184928894043,40.440349642648385],[-79.881892204284668,40.440267987391934],[-79.882042407989502,40.440039352146222],[-79.882085323333726,40.439957696512884],[-79.882321357727037,40.440039352146222],[-79.883050918579087,40.440284318451155],[-79.883286952972412,40.440365973687776],[-79.883244037628174,40.440431297805652],[-79.883093833923326,40.440676262682388],[-79.883050918579087,40.440757917442937],[-79.88298654556273,40.440725255550618]]]]}},
{"type":"Feature","properties":{"GEOID":"420035647003026","NAME":"Block 3026, Block Group 3, Census Tract 5647, Allegheny County, Pennsylvania","housing_units":46,"pop":44},"geometry":{"type":"MultiPolygon","coordinates":[[[[-79.881355762481689,40.440659931718372],[-79.880540370941148,40.440382304723194],[-79.880261421203599,40.440300649506412],[-79.88034725189209,40.440137338775308],[-79.880626201629624,40.439663735411642],[-79.880712032318115,40.439500423133317],[-79.88099098205565,40.439598410547916],[-79.881806373596177,40.439859709621949],[-79.882085323333726,40.439957696512884],[-79.882042407989502,40.440039352146222],[-79.881892204284668,40.440267987391934],[-79.881806373596177,40.440431297805652],[-79.881677627563477,40.440659931718372],[-79.881634712219224,40.44074158649876],[-79.881355762481689,40.440659931718372]]]]}},
{"type":"Feature","properties":{"GEOID":"420035647003027","NAME":"Block 3027, Block Group 3, Census Tract 5647, Allegheny County, Pennsylvania","housing_units":16,"pop":24},"geometry":{"type":"MultiPolygon","coordinates":[[[[-79.880905151367173,40.44144381351586],[-79.880089759826646,40.441182520598979],[-79.879810810089111,40.441084535493317],[-79.879896640777574,40.440921226666482],[-79.880175590515137,40.440447628825211],[-79.880261421203599,40.440300649506412],[-79.880540370941148,40.440382304723194],[-79.881355762481689,40.440659931718372],[-79.881634712219224,40.44074158649876],[-79.881527423858643,40.440904895761989],[-79.881269931793199,40.441378490381858],[-79.881184101104736,40.441541798097852],[-79.880905151367173,40.44144381351586]]]]}},
{"type":"Feature","properties":{"GEOID":"420035647003028","NAME":"Block 3028, Block Group 3, Census Tract 5647, Allegheny County, Pennsylvania","housing_units":19,"pop":41},"geometry":{"type":"MultiPolygon","coordinates":[[[[-79.880754947662339,40.441868412339659],[-79.879574775695787,40.441476475059062],[-79.879810810089111,40.441084535493317],[-79.880089759826646,40.441182520598979],[-79.880905151367173,40.44144381351586],[-79.881184101104736,40.441541798097852],[-79.881141185760484,40.441623451807068],[-79.88099098205565,40.441852081665253],[-79.880948066711412,40.44193373499759],[-79.880754947662339,40.441868412339659]]]]}},
{"type":"Feature","properties":{"GEOID":"420035647003029","NAME":"Block 3029, Block Group 3, Census Tract 5647, Allegheny County, Pennsylvania","housing_units":34,"pop":37},"geometry":{"type":"MultiPolygon","coordinates":[[[[-79.883501529693589,40.439484091883664],[-79.882771968841539,40.439255453971981],[-79.882514476776123,40.439173797386509],[-79.882256984710693,40.439075809353021],[-79.881441593170152,40.438798175815883],[-79.881162643432617,40.438716518675001],[-79.881334304809556,40.438389889119669],[-79.881377220153809,40.438324563018178],[-79.883372783660874,40.438977821176714],[-79.883694648742662,40.439092140701852],[-79.883866310119629,40.439124803387614],[-79.883866310119629,40.439222791349685],[-79.883844852447496,40.439239122662812],[-79.8837375640869,40.439565748092257],[-79.883501529693589,40.439484091883664]]]]}},
{"type":"Feature","properties":{"GEOID":"420035647003030","NAME":"Block 3030, Block Group 3, Census Tract 5647, Allegheny County, Pennsylvania","housing_units":20,"pop":24},"geometry":{"type":"MultiPolygon","coordinates":[[[[-79.88459587097168,40.439859709621949],[-79.883952140808105,40.439647404201665],[-79.8837375640869,40.439565748092257],[-79.883844852447496,40.439239122662812],[-79.883866310119629,40.439222791349685],[-79.883866310119629,40.439124803387614],[-79.884402751922593,40.439320779168945],[-79.884445667266831,40.439141134724544],[-79.884552955627441,40.438455215157688],[-79.885025024414048,40.438389889119669],[-79.885153770446763,40.438389889119669],[-79.885110855102525,40.438455215157688],[-79.885003566741943,40.439026815282723],[-79.884896278381348,40.439467760630045],[-79.884810447692857,40.439925034231777],[-79.88459587097168,40.439859709621949]]]]}},
{"type":"Feature","properties":{"GEOID":"420035647003031","NAME":"Block 3031, Block Group 3, Census Tract 5647, Allegheny County, Pennsylvania","housing_units":25,"pop":48},"geometry":{"type":"MultiPolygon","coordinates":[[[[-79.885089397430406,40.440023021027486],[-79.884874820709214,40.439957696512884],[-79.884810447692857,40.439925034231777],[-79.884896278381348,40.439467760630045],[-79.885003566741943,40.439026815282723],[-79.885046482086182,40.438798175815883],[-79.885132312774644,40.438798175815883],[-79.885518550872789,40.438765512971436],[-79.885540008544908,40.439124803387614],[-79.88547563552855,40.439386104302443],[-79.88547563552855,40.439696397819709],[-79.885432720184312,40.439696397819709],[-79.88532543182373,40.439761722588209],[-79.885218143463121,40.439974027647487],[-79.885153770446763,40.440039352146222],[-79.885089397430406,40.440023021027486]]]]}},
{"type":"Feature","properties":{"GEOID":"420035647003032","NAME":"Block 3032, Block Group 3, Census Tract 5647, Allegheny County, Pennsylvania","housing_units":2,"pop":1},"geometry":{"type":"MultiPolygon","coordinates":[[[[-79.88648414611815,40.44048029085242],[-79.886441230773926,40.440463959840798],[-79.886312484741211,40.440431297805652],[-79.886248111724854,40.440398635754647],[-79.886205196380601,40.440382304723194],[-79.8860764503479,40.440349642648385],[-79.885861873626695,40.440267987391934],[-79.88532543182373,40.440104676581484],[-79.885153770446763,40.440039352146222],[-79.885218143463121,40.439974027647487],[-79.88532543182373,40.439761722588209],[-79.885432720184312,40.439696397819709],[-79.88547563552855,40.439696397819709],[-79.885883331298814,40.439680066617647],[-79.886398315429688,40.439680066617647],[-79.886398315429688,40.439745391402028],[-79.886462688446045,40.439957696512884],[-79.88648414611815,40.440088345478628],[-79.886527061462388,40.440398635754647],[-79.886548519134507,40.440496621860071],[-79.88648414611815,40.44048029085242]]]]}},
{"type":"Feature","properties":{"GEOID":"420035647003033","NAME":"Block 3033, Block Group 3, Census Tract 5647, Allegheny County, Pennsylvania","housing_units":38,"pop":47},"geometry":{"type":"MultiPolygon","coordinates":[[[[-79.883694648742662,40.439092140701852],[-79.883372783660874,40.438977821176714],[-79.881377220153809,40.438324563018178],[-79.881420135498033,40.438242905302054],[-79.881570339202881,40.438014263169258],[-79.881613254547105,40.437932605076249],[-79.882063865661607,40.438095921163097],[-79.883887767791748,40.438683855790877],[-79.883952140808105,40.438700187234929],[-79.883930683135986,40.438781844395642],[-79.883887767791748,40.439043146643463],[-79.883866310119629,40.439124803387614],[-79.883694648742662,40.439092140701852]]]]}},
{"type":"Feature","properties":{"GEOID":"420035647003034","NAME":"Block 3034, Block Group 3, Census Tract 5647, Allegheny County, Pennsylvania","housing_units":15,"pop":29},"geometry":{"type":"MultiPolygon","coordinates":[[[[-79.883866310119629,40.439124803387614],[-79.883887767791748,40.439043146643463],[-79.883930683135986,40.438781844395642],[-79.883952140808105,40.438700187234929],[-79.883973598480225,40.438569535571482],[-79.884059429168687,40.438177579057744],[-79.884080886840806,40.438046926378696],[-79.884188175201402,40.438046926378696],[-79.884445667266831,40.438014263169258],[-79.884531497955308,40.438014263169258],[-79.884552955627441,40.438095921163097],[-79.884552955627441,40.438455215157688],[-79.884445667266831,40.439141134724544],[-79.884402751922593,40.439320779168945],[-79.883866310119629,40.439124803387614]]]]}},
{"type":"Feature","properties":{"GEOID":"420035647003035","NAME":"Block 3035, Block Group 3, Census Tract 5647, Allegheny County, Pennsylvania","housing_units":36,"pop":67},"geometry":{"type":"MultiPolygon","coordinates":[[[[-79.88547563552855,40.439386104302443],[-79.885540008544908,40.439124803387614],[-79.885518550872789,40.438765512971436],[-79.885132312774644,40.438798175815883],[-79.885046482086182,40.438798175815883],[-79.885110855102525,40.438455215157688],[-79.885153770446763,40.438389889119669],[-79.885025024414048,40.438389889119669],[-79.884552955627441,40.438455215157688],[-79.884552955627441,40.438095921163097],[-79.884531497955308,40.438014263169258],[-79.885690212249742,40.437932605076249],[-79.885861873626695,40.437932605076249],[-79.885990619659424,40.438406220635123],[-79.886162281036363,40.439173797386509],[-79.886269569396973,40.439680066617647],[-79.885883331298814,40.439680066617647],[-79.88547563552855,40.439696397819709],[-79.88547563552855,40.439386104302443]]]]}},
{"type":"Feature","properties":{"GEOID":"420035647003036","NAME":"Block 3036, Block Group 3, Census Tract 5647, Allegheny County, Pennsylvania","housing_units":0,"pop":0},"geometry":{"type":"MultiPolygon","coordinates":[[[[-79.886162281036363,40.439173797386509],[-79.885990619659424,40.438406220635123],[-79.885861873626695,40.437932605076249],[-79.885990619659424,40.437916273445751],[-79.886033535003648,40.438161247486747],[-79.88622665405272,40.438879832857587],[-79.886398315429688,40.439680066617647],[-79.886269569396973,40.439680066617647],[-79.886162281036363,40.439173797386509]]]]}},
{"type":"Feature","properties":{"GEOID":"420035647003037","NAME":"Block 3037, Block Group 3, Census Tract 5647, Allegheny County, Pennsylvania","housing_units":0,"pop":0},"geometry":{"type":"MultiPolygon","coordinates":[[[[-79.885818958282456,40.437801951921145],[-79.885690212249742,40.437214009581147],[-79.885604381561279,40.436805713264519],[-79.885776042938218,40.436838377061093],[-79.885926246643066,40.437622303418294],[-79.885990619659424,40.437916273445751],[-79.885861873626695,40.437932605076249],[-79.885818958282456,40.437801951921145]]]]}},
{"type":"Feature","properties":{"GEOID":"420035647003038","NAME":"Block 3038, Block Group 3, Census Tract 5647, Allegheny County, Pennsylvania","housing_units":21,"pop":40},"geometry":{"type":"MultiPolygon","coordinates":[[[[-79.884976778594165,40.436641509752228],[-79.885604381561279,40.436805713264519],[-79.885690212249742,40.437214009581147],[-79.885818958282456,40.437801951921145],[-79.885861873626695,40.437932605076249],[-79.885690212249742,40.437932605076249],[-79.884531497955308,40.438014263169258],[-79.884445667266831,40.438014263169258],[-79.884188175201402,40.438046926378696],[-79.884080886840806,40.438046926378696],[-79.884102344512925,40.437948936702789],[-79.884145259857164,40.437671298512136],[-79.884166717529283,40.437573308288762],[-79.884166717529283,40.4370833550296],[-79.884145259857164,40.436920036483116],[-79.884080886840806,40.436462742442409],[-79.884080886840806,40.436445223524686],[-79.884976778594165,40.436641509752228]]]]}},
{"type":"Feature","properties":{"GEOID":"420035647003039","NAME":"Block 3039, Block Group 3, Census Tract 5647, Allegheny County, Pennsylvania","housing_units":34,"pop":33},"geometry":{"type":"MultiPolygon","coordinates":[[[[-79.883887767791748,40.438683855790877],[-79.882063865661607,40.438095921163097],[-79.881613254547105,40.437932605076249],[-79.881634712219224,40.437867278530433],[-79.88174200057982,40.437687630202149],[-79.881784915924058,40.437622303418294],[-79.883458614349351,40.437654966818158],[-79.884080886840806,40.437573308288762],[-79.884166717529283,40.437573308288762],[-79.884145259857164,40.437671298512136],[-79.884102344512925,40.437948936702789],[-79.884080886840806,40.438046926378696],[-79.884059429168687,40.438177579057744],[-79.883973598480225,40.438569535571482],[-79.883952140808105,40.438700187234929],[-79.883887767791748,40.438683855790877]]]]}},
{"type":"Feature","properties":{"GEOID":"420035647003040","NAME":"Block 3040, Block Group 3, Census Tract 5647, Allegheny County, Pennsylvania","housing_units":23,"pop":30},"geometry":{"type":"MultiPolygon","coordinates":[[[[-79.881784915924058,40.437622303418294],[-79.882042407989502,40.437165014154068],[-79.882106781005845,40.437034359507308],[-79.882428646087632,40.43714868233711],[-79.882557392120361,40.437181345967069],[-79.884166717529283,40.4370833550296],[-79.884166717529283,40.437573308288762],[-79.884080886840806,40.437573308288762],[-79.883458614349351,40.437654966818158],[-79.881784915924058,40.437622303418294]]]]}},
{"type":"Feature","properties":{"GEOID":"420035647003041","NAME":"Block 3041, Block Group 3, Census Tract 5647, Allegheny County, Pennsylvania","housing_units":37,"pop":69},"geometry":{"type":"MultiPolygon","coordinates":[[[[-79.882750969584265,40.436153844080401],[-79.884080886840806,40.436445223524686],[-79.884080886840806,40.436462742442409],[-79.884145259857164,40.436920036483116],[-79.884166717529283,40.4370833550296],[-79.882557392120361,40.437181345967069],[-79.882428646087632,40.43714868233711],[-79.882106781005845,40.437034359507308],[-79.882171154022217,40.436920036483116],[-79.882385730743394,40.436560734284392],[-79.882450103759751,40.436446410454863],[-79.88249301910399,40.436381082465005],[-79.882621765136719,40.436152434000604],[-79.882658753679365,40.436096127853048],[-79.882750969584265,40.436153844080401]]]]}},
{"type":"Feature","properties":{"GEOID":"420035647003042","NAME":"Block 3042, Block Group 3, Census Tract 5647, Allegheny County, Pennsylvania","housing_units":27,"pop":73},"geometry":{"type":"MultiPolygon","coordinates":[[[[-79.881806373596177,40.439859709621949],[-79.88099098205565,40.439598410547916],[-79.880712032318115,40.439500423133317],[-79.880776405334458,40.439418766845392],[-79.880797863006578,40.439353441743627],[-79.881162643432617,40.438716518675001],[-79.881441593170152,40.438798175815883],[-79.882256984710693,40.439075809353021],[-79.882514476776123,40.439173797386509],[-79.882428646087632,40.439320779168945],[-79.882171154022217,40.439794384948662],[-79.882085323333726,40.439957696512884],[-79.881806373596177,40.439859709621949]]]]}},
{"type":"Feature","properties":{"GEOID":"420035648001000","NAME":"Block 1000, Block Group 1, Census Tract 5648, Allegheny County, Pennsylvania","housing_units":3,"pop":8},"geometry":{"type":"MultiPolygon","coordinates":[[[[-79.867558479309082,40.449380101908531],[-79.867494106292725,40.449282128752508],[-79.867429733276353,40.449167826556632],[-79.867386817932115,40.449102510928846],[-79.867558479309082,40.449086182011989],[-79.868180751800537,40.449086182011989],[-79.868352413177476,40.449069853091153],[-79.868888854980469,40.449069853091153],[-79.868996143341064,40.449053524166359],[-79.868996143341064,40.449135168750679],[-79.869039058685289,40.449380101908531],[-79.868288040161133,40.449396430753978],[-79.867558479309082,40.449380101908531]]]]}},
{"type":"Feature","properties":{"GEOID":"420035648001001","NAME":"Block 1001, Block Group 1, Census Tract 5648, Allegheny County, Pennsylvania","housing_units":178,"pop":306},"geometry":{"type":"MultiPolygon","coordinates":[[[[-79.872021675109863,40.446800094492602],[-79.873802661895752,40.446130582712335],[-79.87459659576416,40.445918297096782],[-79.875261783599854,40.445738670282992],[-79.875197410583482,40.445869308013357],[-79.875154495239244,40.44593462678332],[-79.87498283386229,40.446359197240795],[-79.874789714813232,40.44694705960049],[-79.874768257141113,40.447012377323063],[-79.874725341796861,40.447192000732841],[-79.874618053436265,40.447518587520712],[-79.874167442321763,40.447436940972523],[-79.873201847076416,40.447273647578577],[-79.872536659240708,40.447877831154436],[-79.87200021743773,40.448367705742207],[-79.871227741241441,40.449053524166359],[-79.870927333831773,40.449380101908531],[-79.869039058685289,40.449380101908531],[-79.868996143341064,40.449135168750679],[-79.868996143341064,40.448988208427487],[-79.869704246520996,40.44846568023128],[-79.869897365570054,40.448335047547445],[-79.87024068832396,40.44797580635764],[-79.87049818038939,40.44781251427294],[-79.870648384094224,40.447714538831697],[-79.87109899520874,40.447404282325472],[-79.87124919891356,40.447306306289107],[-79.871807098388672,40.44694705960049],[-79.871871471405015,40.446898071266894],[-79.871978759765611,40.446832753433235],[-79.872021675109863,40.446800094492602]]]]}},
{"type":"Feature","properties":{"GEOID":"420035648001002","NAME":"Block 1002, Block Group 1, Census Tract 5648, Allegheny County, Pennsylvania","housing_units":20,"pop":32},"geometry":{"type":"MultiPolygon","coordinates":[[[[-79.87285852432251,40.448090110580871],[-79.872536659240708,40.447877831154436],[-79.873201847076416,40.447273647578577],[-79.874167442321763,40.447436940972523],[-79.874618053436265,40.447518587520712],[-79.874382019042955,40.448286060225549],[-79.874360561370835,40.448367705742207],[-79.87285852432251,40.448090110580871]]]]}},
{"type":"Feature","properties":{"GEOID":"420035648001003","NAME":"Block 1003, Block Group 1, Census Tract 5648, Allegheny County, Pennsylvania","housing_units":72,"pop":134},"geometry":{"type":"MultiPolygon","coordinates":[[[[-79.874774398781867,40.449493591996479],[-79.873682963581942,40.449460094794219],[-79.872686862945542,40.449363773059119],[-79.872601032257066,40.449380101908531],[-79.870927333831773,40.449380101908531],[-79.871227741241441,40.449053524166359],[-79.87200021743773,40.448367705742207],[-79.872536659240708,40.447877831154436],[-79.87285852432251,40.448090110580871],[-79.874360561370835,40.448367705742207],[-79.874382019042955,40.448286060225549],[-79.874618053436265,40.447518587520712],[-79.874725341796861,40.447192000732841],[-79.874768257141113,40.447012377323063],[-79.874789714813232,40.44694705960049],[-79.87498283386229,40.446359197240795],[-79.875068664550767,40.446359197240795],[-79.875133037567139,40.446391856395671],[-79.87573385238646,40.446587810991659],[-79.875884056091294,40.44665312906335],[-79.876377582550035,40.446816423964897],[-79.876549243926988,40.44688174181443],[-79.876549243926988,40.44694705960049],[-79.876549243926988,40.446996047898367],[-79.876570701599107,40.449314786487051],[-79.876570701599107,40.449686673505198],[-79.874774398781867,40.449493591996479]]]]}},
{"type":"Feature","properties":{"GEOID":"420035648001004","NAME":"Block 1004, Block Group 1, Census Tract 5648, Allegheny County, Pennsylvania","housing_units":1,"pop":7},"geometry":{"type":"MultiPolygon","coordinates":[[[[-79.876570701599107,40.449686673505198],[-79.876570701599107,40.449314786487051],[-79.877128601074205,40.449298457621758],[-79.877128601074205,40.449746641162839],[-79.876570701599107,40.449686673505198]]]]}},
{"type":"Feature","properties":{"GEOID":"420035648001005","NAME":"Block 1005, Block Group 1, Census Tract 5648, Allegheny County, Pennsylvania","housing_units":2,"pop":6},"geometry":{"type":"MultiPolygon","coordinates":[[[[-79.877128601074205,40.449746641162839],[-79.877128601074205,40.449298457621758],[-79.877686500549316,40.449298457621758],[-79.877686500549316,40.449806608820481],[-79.877128601074205,40.449746641162839]]]]}},
{"type":"Feature","properties":{"GEOID":"420035648001006","NAME":"Block 1006, Block Group 1, Census Tract 5648, Allegheny County, Pennsylvania","housing_units":8,"pop":17},"geometry":{"type":"MultiPolygon","coordinates":[[[[-79.877686500549316,40.449806608820481],[-79.877686500549316,40.449298457621758],[-79.878287315368652,40.449298457621758],[-79.878287315368652,40.449837308081449],[-79.878296478961943,40.449872174353786],[-79.877686500549316,40.449806608820481]]]]}},
{"type":"Feature","properties":{"GEOID":"420035648001007","NAME":"Block 1007, Block Group 1, Census Tract 5648, Allegheny County, Pennsylvania","housing_units":3,"pop":0},"geometry":{"type":"MultiPolygon","coordinates":[[[[-79.879237309063413,40.449734394539441],[-79.878544434891509,40.449876276761842],[-79.878333125085547,40.449876113382757],[-79.878296478961943,40.449872174353786],[-79.878287315368652,40.449837308081449],[-79.878287315368652,40.449298457621758],[-79.879038333892822,40.449298457621758],[-79.879124164581299,40.449282128752508],[-79.87914562225339,40.449347444205728],[-79.87923145294188,40.44970667806372],[-79.879243128237974,40.449733331905527],[-79.879237309063413,40.449734394539441]]]]}},
{"type":"Feature","properties":{"GEOID":"420035648001008","NAME":"Block 1008, Block Group 1, Census Tract 5648, Allegheny County, Pennsylvania","housing_units":17,"pop":28},"geometry":{"type":"MultiPolygon","coordinates":[[[[-79.8782444000244,40.448955550534251],[-79.878222942352281,40.44791048957137],[-79.878222942352281,40.447567575402019],[-79.878330230712891,40.447600233969716],[-79.878673553466797,40.447698209577602],[-79.878780841827393,40.44773086808182],[-79.878802299499483,40.447877831154436],[-79.878909587860093,40.44830238933681],[-79.878931045532212,40.448449351159688],[-79.878952503204331,40.44857998362135],[-79.879038333892822,40.448955550534251],[-79.879124164581299,40.449282128752508],[-79.879038333892822,40.449298457621758],[-79.8782444000244,40.449298457621758],[-79.8782444000244,40.448955550534251]]]]}},
{"type":"Feature","properties":{"GEOID":"420035648001009","NAME":"Block 1009, Block Group 1, Census Tract 5648, Allegheny County, Pennsylvania","housing_units":19,"pop":33},"geometry":{"type":"MultiPolygon","coordinates":[[[[-79.877686500549316,40.447763526570178],[-79.877665042877197,40.447371623662562],[-79.877793788909898,40.447420611650976],[-79.878115653991685,40.447534916818448],[-79.878222942352281,40.447567575402019],[-79.878222942352281,40.44791048957137],[-79.8782444000244,40.448955550534251],[-79.8782444000244,40.449298457621758],[-79.877686500549316,40.449298457621758],[-79.877686500549316,40.447763526570178]]]]}},
{"type":"Feature","properties":{"GEOID":"420035648001010","NAME":"Block 1010, Block Group 1, Census Tract 5648, Allegheny County, Pennsylvania","housing_units":12,"pop":21},"geometry":{"type":"MultiPolygon","coordinates":[[[[-79.877128601074205,40.449167826556632],[-79.877107143402085,40.447273647578577],[-79.877128601074205,40.447192000732841],[-79.877192974090562,40.447224659483034],[-79.877300262451172,40.447257318217368],[-79.877579212188706,40.447338964983764],[-79.877665042877197,40.447371623662562],[-79.877686500549316,40.447763526570178],[-79.877686500549316,40.449298457621758],[-79.877128601074205,40.449298457621758],[-79.877128601074205,40.449167826556632]]]]}},
{"type":"Feature","properties":{"GEOID":"420035648001011","NAME":"Block 1011, Block Group 1, Census Tract 5648, Allegheny County, Pennsylvania","housing_units":7,"pop":11},"geometry":{"type":"MultiPolygon","coordinates":[[[[-79.876549243926988,40.446996047898367],[-79.876677989959717,40.447045036160553],[-79.877128601074205,40.447192000732841],[-79.877107143402085,40.447273647578577],[-79.877128601074205,40.449167826556632],[-79.877128601074205,40.449298457621758],[-79.876570701599107,40.449314786487051],[-79.876549243926988,40.446996047898367]]]]}},
{"type":"Feature","properties":{"GEOID":"420035648001012","NAME":"Block 1012, Block Group 1, Census Tract 5648, Allegheny County, Pennsylvania","housing_units":2,"pop":2},"geometry":{"type":"MultiPolygon","coordinates":[[[[-79.876978397369385,40.44694705960049],[-79.877150058746324,40.446996047898367],[-79.877300262451172,40.447045036160553],[-79.8772358894348,40.44715934196676],[-79.877214431762681,40.447175671351786],[-79.877192974090562,40.447224659483034],[-79.877128601074205,40.447192000732841],[-79.876677989959717,40.447045036160553],[-79.876549243926988,40.446996047898367],[-79.876549243926988,40.44694705960049],[-79.876549243926988,40.446832753433235],[-79.876699447631836,40.446865412358001],[-79.876978397369385,40.44694705960049]]]]}},
{"type":"Feature","properties":{"GEOID":"420035648001013","NAME":"Block 1013, Block Group 1, Census Tract 5648, Allegheny County, Pennsylvania","housing_units":64,"pop":120},"geometry":{"type":"MultiPolygon","coordinates":[[[[-79.878845214843736,40.445624362060656],[-79.878802299499483,40.445673351322604],[-79.878652095794678,40.4469144007154],[-79.878652095794678,40.44694705960049],[-79.878673553466797,40.447306306289107],[-79.878780841827393,40.44773086808182],[-79.878673553466797,40.447698209577602],[-79.878330230712891,40.447600233969716],[-79.878115653991685,40.447534916818448],[-79.877793788909898,40.447420611650976],[-79.877579212188706,40.447338964983764],[-79.877300262451172,40.447257318217368],[-79.877192974090562,40.447224659483034],[-79.877214431762681,40.447175671351786],[-79.8772358894348,40.44715934196676],[-79.877300262451172,40.447045036160553],[-79.877364635467529,40.44694705960049],[-79.878222942352281,40.445412074846253],[-79.878695011138916,40.445559042989167],[-79.878845214843736,40.445624362060656]]]]}},
{"type":"Feature","properties":{"GEOID":"420035648001014","NAME":"Block 1014, Block Group 1, Census Tract 5648, Allegheny County, Pennsylvania","housing_units":28,"pop":56},"geometry":{"type":"MultiPolygon","coordinates":[[[[-79.876549243926988,40.446800094492602],[-79.876613616943359,40.446718447071589],[-79.876849651336656,40.44627754928419],[-79.876978397369385,40.446048934478007],[-79.877364635467529,40.445379415215292],[-79.87749338150023,40.445150797354252],[-79.87760066986084,40.444971168489353],[-79.877901077270494,40.444448609061929],[-79.877986907958984,40.44426897832048],[-79.878265857696519,40.444366958784421],[-79.879081249237061,40.444644569323287],[-79.879360198974609,40.444726219263586],[-79.878952503204331,40.445444734461333],[-79.878909587860093,40.445493723854213],[-79.878845214843736,40.445624362060656],[-79.878695011138916,40.445559042989167],[-79.878222942352281,40.445412074846253],[-79.877364635467529,40.44694705960049],[-79.877300262451172,40.447045036160553],[-79.877150058746324,40.446996047898367],[-79.876978397369385,40.44694705960049],[-79.876699447631836,40.446865412358001],[-79.876549243926988,40.446832753433235],[-79.876549243926988,40.446800094492602]]]]}},
{"type":"Feature","properties":{"GEOID":"420035648001015","NAME":"Block 1015, Block Group 1, Census Tract 5648, Allegheny County, Pennsylvania","housing_units":9,"pop":16},"geometry":{"type":"MultiPolygon","coordinates":[[[[-79.876377582550035,40.446816423964897],[-79.875884056091294,40.44665312906335],[-79.87573385238646,40.446587810991659],[-79.875776767730713,40.446473504213429],[-79.876034259796128,40.446016275156509],[-79.876205921173081,40.44606526413282],[-79.876677989959717,40.446228560462615],[-79.876849651336656,40.44627754928419],[-79.876613616943359,40.446718447071589],[-79.876549243926988,40.446800094492602],[-79.876549243926988,40.44688174181443],[-79.876377582550035,40.446816423964897]]]]}},
{"type":"Feature","properties":{"GEOID":"420035648001016","NAME":"Block 1016, Block Group 1, Census Tract 5648, Allegheny County, Pennsylvania","housing_units":2,"pop":1},"geometry":{"type":"MultiPolygon","coordinates":[[[[-79.875133037567139,40.446391856395671],[-79.875068664550767,40.446359197240795],[-79.87498283386229,40.446359197240795],[-79.875154495239244,40.44593462678332],[-79.875197410583482,40.445869308013357],[-79.875261783599854,40.445738670282992],[-79.875390529632554,40.445787659461644],[-79.875411987304688,40.445803989179922],[-79.876034259796128,40.446016275156509],[-79.875776767730713,40.446473504213429],[-79.87573385238646,40.446587810991659],[-79.875133037567139,40.446391856395671]]]]}},
{"type":"Feature","properties":{"GEOID":"420035648001017","NAME":"Block 1017, Block Group 1, Census Tract 5648, Allegheny County, Pennsylvania","housing_units":12,"pop":13},"geometry":{"type":"MultiPolygon","coordinates":[[[[-79.875411987304688,40.445803989179922],[-79.875390529632554,40.445787659461644],[-79.875261783599854,40.445738670282992],[-79.875261783599854,40.445722340548855],[-79.875326156616197,40.44564069181861],[-79.875562191009521,40.445216116822465],[-79.875755310058594,40.444856858961749],[-79.875776767730713,40.444791539144404],[-79.875841140747056,40.444693559299367],[-79.875884056091294,40.444611909319413],[-79.875948429107666,40.444644569323287],[-79.876205921173081,40.444726219263586],[-79.876291751861572,40.444758879211925],[-79.876356124877915,40.44477520918015],[-79.87659215927124,40.444856858961749],[-79.876677989959717,40.444889518846608],[-79.876549243926988,40.445101807711431],[-79.876034259796128,40.446016275156509],[-79.875411987304688,40.445803989179922]]]]}},
{"type":"Feature","properties":{"GEOID":"420035648001018","NAME":"Block 1018, Block Group 1, Census Tract 5648, Allegheny County, Pennsylvania","housing_units":5,"pop":8},"geometry":{"type":"MultiPolygon","coordinates":[[[[-79.876677989959717,40.446228560462615],[-79.876205921173081,40.44606526413282],[-79.876034259796128,40.446016275156509],[-79.876549243926988,40.445101807711431],[-79.876677989959717,40.444889518846608],[-79.876849651336656,40.444938508644157],[-79.877321720123291,40.445101807711431],[-79.87749338150023,40.445150797354252],[-79.877364635467529,40.445379415215292],[-79.876978397369385,40.446048934478007],[-79.876849651336656,40.44627754928419],[-79.876677989959717,40.446228560462615]]]]}},
{"type":"Feature","properties":{"GEOID":"420035648001019","NAME":"Block 1019, Block Group 1, Census Tract 5648, Allegheny County, Pennsylvania","housing_units":6,"pop":10},"geometry":{"type":"MultiPolygon","coordinates":[[[[-79.877321720123291,40.445101807711431],[-79.876849651336656,40.444938508644157],[-79.876677989959717,40.444889518846608],[-79.876785278320312,40.444709889283459],[-79.877085685729966,40.444170997713726],[-79.877192974090562,40.444007696385064],[-79.87734317779541,40.444056686825327],[-79.877622127532959,40.44415466759871],[-79.877986907958984,40.44426897832048],[-79.877901077270494,40.444448609061929],[-79.87760066986084,40.444971168489353],[-79.87749338150023,40.445150797354252],[-79.877321720123291,40.445101807711431]]]]}},
{"type":"Feature","properties":{"GEOID":"420035648001020","NAME":"Block 1020, Block Group 1, Census Tract 5648, Allegheny County, Pennsylvania","housing_units":3,"pop":8},"geometry":{"type":"MultiPolygon","coordinates":[[[[-79.87659215927124,40.444856858961749],[-79.876356124877915,40.44477520918015],[-79.876291751861572,40.444758879211925],[-79.876377582550035,40.44457924929965],[-79.876677989959717,40.444040356682542],[-79.876785278320312,40.443877055036495],[-79.876828193664537,40.443877055036495],[-79.876978397369385,40.443926045571963],[-79.877192974090562,40.444007696385064],[-79.877085685729966,40.444170997713726],[-79.876785278320312,40.444709889283459],[-79.876677989959717,40.444889518846608],[-79.87659215927124,40.444856858961749]]]]}},
{"type":"Feature","properties":{"GEOID":"420035648001021","NAME":"Block 1021, Block Group 1, Census Tract 5648, Allegheny County, Pennsylvania","housing_units":5,"pop":25},"geometry":{"type":"MultiPolygon","coordinates":[[[[-79.876205921173081,40.444726219263586],[-79.875948429107666,40.444644569323287],[-79.875884056091294,40.444611909319413],[-79.875969886779785,40.444432279014364],[-79.876270294189453,40.443909715397446],[-79.876377582550035,40.443730083215854],[-79.876463413238511,40.443762743648215],[-79.876699447631836,40.443844394659678],[-79.876785278320312,40.443877055036495],[-79.876677989959717,40.444040356682542],[-79.876377582550035,40.44457924929965],[-79.876291751861572,40.444758879211925],[-79.876205921173081,40.444726219263586]]]]}},
{"type":"Feature","properties":{"GEOID":"420035648001022","NAME":"Block 1022, Block Group 1, Census Tract 5648, Allegheny County, Pennsylvania","housing_units":4,"pop":5},"geometry":{"type":"MultiPolygon","coordinates":[[[[-79.876978397369385,40.443926045571963],[-79.876828193664537,40.443877055036495],[-79.876785278320312,40.443877055036495],[-79.876699447631836,40.443844394659678],[-79.876463413238511,40.443762743648215],[-79.876377582550035,40.443730083215854],[-79.876463413238511,40.44358311107387],[-79.876720905303941,40.443109531985904],[-79.876806735992417,40.44294622807849],[-79.876935482025146,40.442978888891716],[-79.87734317779541,40.443109531985904],[-79.877471923828111,40.443158523080761],[-79.877429008483873,40.443207514139907],[-79.877278804779053,40.443468799185702],[-79.877021312713623,40.443942375742523],[-79.876978397369385,40.443926045571963]]]]}},
{"type":"Feature","properties":{"GEOID":"420035648001023","NAME":"Block 1023, Block Group 1, Census Tract 5648, Allegheny County, Pennsylvania","housing_units":16,"pop":16},"geometry":{"type":"MultiPolygon","coordinates":[[[[-79.877622127532959,40.44415466759871],[-79.87734317779541,40.444056686825327],[-79.877192974090562,40.444007696385064],[-79.877021312713623,40.443942375742523],[-79.877278804779053,40.443468799185702],[-79.877429008483873,40.443207514139907],[-79.877471923828111,40.443158523080761],[-79.877665042877197,40.443223844485026],[-79.878072738647461,40.443354487103143],[-79.878437519073486,40.443485129467341],[-79.878029823303223,40.444187327824764],[-79.878008365631104,40.444252648229273],[-79.877986907958984,40.44426897832048],[-79.877622127532959,40.44415466759871]]]]}},
{"type":"Feature","properties":{"GEOID":"420035648001024","NAME":"Block 1024, Block Group 1, Census Tract 5648, Allegheny County, Pennsylvania","housing_units":19,"pop":36},"geometry":{"type":"MultiPolygon","coordinates":[[[[-79.879081249237061,40.444644569323287],[-79.878265857696519,40.444366958784421],[-79.877986907958984,40.44426897832048],[-79.878008365631104,40.444252648229273],[-79.878029823303223,40.444187327824764],[-79.878437519073486,40.443485129467341],[-79.878716468811035,40.44356678081602],[-79.879531860351548,40.443844394659678],[-79.879810810089111,40.443942375742523],[-79.879724979400635,40.444089347098988],[-79.879574775695787,40.44433429864565],[-79.879360198974609,40.444726219263586],[-79.879081249237061,40.444644569323287]]]]}},
{"type":"Feature","properties":{"GEOID":"420035648001025","NAME":"Block 1025, Block Group 1, Census Tract 5648, Allegheny County, Pennsylvania","housing_units":7,"pop":19},"geometry":{"type":"MultiPolygon","coordinates":[[[[-79.879531860351548,40.443844394659678],[-79.878716468811035,40.44356678081602],[-79.878437519073486,40.443485129467341],[-79.87848043441771,40.443403478019469],[-79.878652095794678,40.443125862354819],[-79.878673553466797,40.443076871236158],[-79.878931045532212,40.44319118379083],[-79.87974643707274,40.443485129467341],[-79.880025386810303,40.44358311107387],[-79.879982471466064,40.44364843206553],[-79.879853725433335,40.443860724850069],[-79.879810810089111,40.443942375742523],[-79.879531860351548,40.443844394659678]]]]}},
{"type":"Feature","properties":{"GEOID":"420035648001026","NAME":"Block 1026, Block Group 1, Census Tract 5648, Allegheny County, Pennsylvania","housing_units":0,"pop":0},"geometry":{"type":"MultiPolygon","coordinates":[[[[-79.87974643707274,40.443485129467341],[-79.878931045532212,40.44319118379083],[-79.878673553466797,40.443076871236158],[-79.878673553466797,40.443060540855335],[-79.878716468811035,40.443011549689068],[-79.878888130187974,40.442684941001446],[-79.878952503204331,40.442717601941617],[-79.879124164581299,40.442766593322126],[-79.879188537597642,40.442782923774352],[-79.879403114318848,40.442864575976017],[-79.880046844482422,40.443076871236158],[-79.880261421203599,40.443142192719776],[-79.88023996353148,40.443207514139907],[-79.880068302154541,40.443501459745015],[-79.880025386810303,40.44358311107387],[-79.87974643707274,40.443485129467341]]]]}},
{"type":"Feature","properties":{"GEOID":"420035648001027","NAME":"Block 1027, Block Group 1, Census Tract 5648, Allegheny County, Pennsylvania","housing_units":2,"pop":13},"geometry":{"type":"MultiPolygon","coordinates":[[[[-79.880046844482422,40.443076871236158],[-79.879403114318848,40.442864575976017],[-79.879188537597642,40.442782923774352],[-79.87923145294188,40.442701271473517],[-79.879317283630371,40.442439983444324],[-79.879360198974609,40.442342000171536],[-79.879596233367906,40.442423652908779],[-79.880261421203599,40.442668610525416],[-79.880497455596924,40.442733932405758],[-79.880454540252671,40.442815584666924],[-79.880304336547837,40.443060540855335],[-79.880261421203599,40.443142192719776],[-79.880046844482422,40.443076871236158]]]]}},
{"type":"Feature","properties":{"GEOID":"420035648001028","NAME":"Block 1028, Block Group 1, Census Tract 5648, Allegheny County, Pennsylvania","housing_units":1,"pop":6},"geometry":{"type":"MultiPolygon","coordinates":[[[[-79.880261421203599,40.442668610525416],[-79.879596233367906,40.442423652908779],[-79.879360198974609,40.442342000171536],[-79.879209995269761,40.442293008481577],[-79.879167079925523,40.442293008481577],[-79.879124164581299,40.442276677910328],[-79.879167079925523,40.442195024994554],[-79.879295825958252,40.44196639630276],[-79.879360198974609,40.441884743010093],[-79.879617691040025,40.441982726949384],[-79.880454540252671,40.442244016755922],[-79.880712032318115,40.442342000171536],[-79.880540370941148,40.442668610525416],[-79.880497455596924,40.442733932405758],[-79.880261421203599,40.442668610525416]]]]}},
{"type":"Feature","properties":{"GEOID":"420035648001029","NAME":"Block 1029, Block Group 1, Census Tract 5648, Allegheny County, Pennsylvania","housing_units":4,"pop":7},"geometry":{"type":"MultiPolygon","coordinates":[[[[-79.879124164581299,40.442766593322126],[-79.878952503204331,40.442717601941617],[-79.878888130187974,40.442684941001446],[-79.878931045532212,40.442603288581594],[-79.879081249237061,40.442358330726918],[-79.879124164581299,40.442276677910328],[-79.879167079925523,40.442293008481577],[-79.879209995269761,40.442293008481577],[-79.879360198974609,40.442342000171536],[-79.879317283630371,40.442439983444324],[-79.87923145294188,40.442701271473517],[-79.879188537597642,40.442782923774352],[-79.879124164581299,40.442766593322126]]]]}},
{"type":"Feature","properties":{"GEOID":"420035648001030","NAME":"Block 1030, Block Group 1, Census Tract 5648, Allegheny County, Pennsylvania","housing_units":22,"pop":27},"geometry":{"type":"MultiPolygon","coordinates":[[[[-79.878566265106187,40.442586958085712],[-79.877579212188706,40.442260347335107],[-79.877257347106934,40.442146033197488],[-79.877300262451172,40.442080710745863],[-79.877450466155992,40.441835750986883],[-79.87749338150023,40.441754097535537],[-79.877815246582017,40.441868412339659],[-79.879038333892822,40.442260347335107],[-79.879124164581299,40.442276677910328],[-79.879081249237061,40.442358330726918],[-79.878931045532212,40.442603288581594],[-79.878888130187974,40.442684941001446],[-79.878566265106187,40.442586958085712]]]]}},
{"type":"Feature","properties":{"GEOID":"420035648001031","NAME":"Block 1031, Block Group 1, Census Tract 5648, Allegheny County, Pennsylvania","housing_units":10,"pop":11},"geometry":{"type":"MultiPolygon","coordinates":[[[[-79.878330230712891,40.442978888891716],[-79.877364635467529,40.442652280045401],[-79.877042770385742,40.442537966574292],[-79.877085685729966,40.442456313975903],[-79.877214431762681,40.442227686172771],[-79.877257347106934,40.442146033197488],[-79.877579212188706,40.442260347335107],[-79.878566265106187,40.442586958085712],[-79.878888130187974,40.442684941001446],[-79.878716468811035,40.443011549689068],[-79.878673553466797,40.443060540855335],[-79.878673553466797,40.443076871236158],[-79.878330230712891,40.442978888891716]]]]}},
{"type":"Feature","properties":{"GEOID":"420035648001032","NAME":"Block 1032, Block Group 1, Census Tract 5648, Allegheny County, Pennsylvania","housing_units":12,"pop":5},"geometry":{"type":"MultiPolygon","coordinates":[[[[-79.878072738647461,40.443354487103143],[-79.877665042877197,40.443223844485026],[-79.877471923828111,40.443158523080761],[-79.87734317779541,40.443109531985904],[-79.876935482025146,40.442978888891716],[-79.876806735992417,40.44294622807849],[-79.876849651336656,40.442864575976017],[-79.876999855041504,40.442619619073497],[-79.877042770385742,40.442537966574292],[-79.877364635467529,40.442652280045401],[-79.878330230712891,40.442978888891716],[-79.878673553466797,40.443076871236158],[-79.878652095794678,40.443125862354819],[-79.87848043441771,40.443403478019469],[-79.878437519073486,40.443485129467341],[-79.878072738647461,40.443354487103143]]]]}},
{"type":"Feature","properties":{"GEOID":"420035648001033","NAME":"Block 1033, Block Group 1, Census Tract 5648, Allegheny County, Pennsylvania","housing_units":9,"pop":18},"geometry":{"type":"MultiPolygon","coordinates":[[[[-79.879038333892822,40.442260347335107],[-79.877815246582017,40.441868412339659],[-79.87749338150023,40.441754097535537],[-79.877707958221436,40.441345828791043],[-79.879360198974609,40.441884743010093],[-79.879295825958252,40.44196639630276],[-79.879167079925523,40.442195024994554],[-79.879124164581299,40.442276677910328],[-79.879038333892822,40.442260347335107]]]]}},
{"type":"Feature","properties":{"GEOID":"420035648002000","NAME":"Block 2000, Block Group 2, Census Tract 5648, Allegheny County, Pennsylvania","housing_units":11,"pop":36},"geometry":{"type":"MultiPolygon","coordinates":[[[[-79.879243128237974,40.449733331905527],[-79.87923145294188,40.44970667806372],[-79.87914562225339,40.449347444205728],[-79.879124164581299,40.449282128752508],[-79.879038333892822,40.448955550534251],[-79.878952503204331,40.44857998362135],[-79.878931045532212,40.448449351159688],[-79.879059791564941,40.448416693004603],[-79.879424571990953,40.448351376646812],[-79.879553318023667,40.448318718444114],[-79.879617691040025,40.44857998362135],[-79.879810810089111,40.449380101908531],[-79.879869653957698,40.449618922641697],[-79.879243128237974,40.449733331905527]]]]}},
{"type":"Feature","properties":{"GEOID":"420035648002001","NAME":"Block 2001, Block Group 2, Census Tract 5648, Allegheny County, Pennsylvania","housing_units":10,"pop":21},"geometry":{"type":"MultiPolygon","coordinates":[[[[-79.879869653957698,40.449618922641697],[-79.879810810089111,40.449380101908531],[-79.879617691040025,40.44857998362135],[-79.879553318023667,40.448318718444114],[-79.879617691040025,40.44830238933681],[-79.879853725433335,40.448253401991103],[-79.879939556121812,40.44823707286794],[-79.880025386810303,40.448498338362569],[-79.880325794219971,40.449265799879285],[-79.880409422065185,40.449520356102646],[-79.879869653957698,40.449618922641697]]]]}},
{"type":"Feature","properties":{"GEOID":"420035648002002","NAME":"Block 2002, Block Group 2, Census Tract 5648, Allegheny County, Pennsylvania","housing_units":23,"pop":59},"geometry":{"type":"MultiPolygon","coordinates":[[[[-79.881167646675181,40.44930335315285],[-79.881005996636418,40.449370894874185],[-79.880712349048153,40.44943681708186],[-79.88046633013623,40.449509964174098],[-79.880409422065185,40.449520356102646],[-79.880325794219971,40.449265799879285],[-79.880025386810303,40.448498338362569],[-79.879939556121812,40.44823707286794],[-79.880089759826646,40.448204414609691],[-79.880561828613267,40.448090110580871],[-79.880712032318115,40.448057452251213],[-79.880819320678711,40.448318718444114],[-79.880969524383531,40.448677957800975],[-79.881189243573615,40.44930116787031],[-79.881167646675181,40.44930335315285]]]]}},
{"type":"Feature","properties":{"GEOID":"420035648002003","NAME":"Block 2003, Block Group 2, Census Tract 5648, Allegheny County, Pennsylvania","housing_units":94,"pop":184},"geometry":{"type":"MultiPolygon","coordinates":[[[[-79.881425527840435,40.449277259442717],[-79.881189243573615,40.44930116787031],[-79.880969524383531,40.448677957800975],[-79.880819320678711,40.448318718444114],[-79.880712032318115,40.448057452251213],[-79.880304336547837,40.44694705960049],[-79.880282878875718,40.4469144007154],[-79.880111217498765,40.44694705960049],[-79.879682064056396,40.447045036160553],[-79.879488945007324,40.447077694982163],[-79.879531860351548,40.44694705960049],[-79.879574775695787,40.446849082897607],[-79.879939556121812,40.446228560462615],[-79.880068302154541,40.446016275156509],[-79.88034725189209,40.446114253073404],[-79.881184101104736,40.446391856395671],[-79.881463050842271,40.446489833765078],[-79.881312847137437,40.446783765016328],[-79.881291389465318,40.44694705960049],[-79.881334304809556,40.44724098885218],[-79.881613254547105,40.448335047547445],[-79.881763458251939,40.44857998362135],[-79.882085323333726,40.448939221581682],[-79.882192611694336,40.449184155453665],[-79.882080635349283,40.449212559428567],[-79.881425527840435,40.449277259442717]]]]}},
{"type":"Feature","properties":{"GEOID":"420035648002004","NAME":"Block 2004, Block Group 2, Census Tract 5648, Allegheny County, Pennsylvania","housing_units":24,"pop":14},"geometry":{"type":"MultiPolygon","coordinates":[[[[-79.880712032318115,40.448057452251213],[-79.880561828613267,40.448090110580871],[-79.880089759826646,40.448204414609691],[-79.879939556121812,40.44823707286794],[-79.879853725433335,40.448008464726975],[-79.879574775695787,40.447306306289107],[-79.879488945007324,40.447077694982163],[-79.879682064056396,40.447045036160553],[-79.880111217498765,40.44694705960049],[-79.880282878875718,40.4469144007154],[-79.880304336547837,40.44694705960049],[-79.880712032318115,40.448057452251213]]]]}},
{"type":"Feature","properties":{"GEOID":"420035648002005","NAME":"Block 2005, Block Group 2, Census Tract 5648, Allegheny County, Pennsylvania","housing_units":122,"pop":178},"geometry":{"type":"MultiPolygon","coordinates":[[[[-79.882895227340782,40.449132108338233],[-79.882463077217608,40.449174788537597],[-79.882278442382812,40.449184155453665],[-79.882192611694336,40.449184155453665],[-79.882085323333726,40.448939221581682],[-79.881763458251939,40.44857998362135],[-79.881613254547105,40.448335047547445],[-79.881334304809556,40.44724098885218],[-79.881291389465318,40.44694705960049],[-79.881312847137437,40.446783765016328],[-79.881463050842271,40.446489833765078],[-79.881570339202881,40.446310208478728],[-79.881870746612549,40.445771329739401],[-79.881956577301011,40.445591702532845],[-79.882256984710693,40.445689681068657],[-79.883093833923326,40.445967286144494],[-79.883394241332994,40.44606526413282],[-79.883351325988755,40.446130582712335],[-79.883351325988755,40.446212230847486],[-79.883394241332994,40.446391856395671],[-79.882664680480943,40.446506163312755],[-79.882321357727037,40.446555151931996],[-79.882428646087632,40.44694705960049],[-79.882961907360922,40.449122195589162],[-79.882895227340782,40.449132108338233]]]]}},
{"type":"Feature","properties":{"GEOID":"420035648002006","NAME":"Block 2006, Block Group 2, Census Tract 5648, Allegheny County, Pennsylvania","housing_units":66,"pop":86},"geometry":{"type":"MultiPolygon","coordinates":[[[[-79.882961907360922,40.449122195589162],[-79.882428646087632,40.44694705960049],[-79.882321357727037,40.446555151931996],[-79.882664680480943,40.446506163312755],[-79.883394241332994,40.446391856395671],[-79.883437156677232,40.446522492856467],[-79.883522987365723,40.446930730159927],[-79.883522987365723,40.44694705960049],[-79.883565902709961,40.447077694982163],[-79.88358736038208,40.447175671351786],[-79.883673191070557,40.447485928913338],[-79.883694648742662,40.447600233969716],[-79.883716106414781,40.447698209577602],[-79.883801937103257,40.448008464726975],[-79.883823394775376,40.448106439739746],[-79.883995056152344,40.448759602841548],[-79.884016513824463,40.448922892625134],[-79.883565902709961,40.449004537368154],[-79.883522987365723,40.449004537368154],[-79.883394241332994,40.449037195237594],[-79.883308410644531,40.449053524166359],[-79.883158206939683,40.449069853091153],[-79.883036023100914,40.449111177435135],[-79.882961907360922,40.449122195589162]]]]}},
{"type":"Feature","properties":{"GEOID":"420035648002007","NAME":"Block 2007, Block Group 2, Census Tract 5648, Allegheny County, Pennsylvania","housing_units":16,"pop":18},"geometry":{"type":"MultiPolygon","coordinates":[[[[-79.884178437486483,40.449141477786448],[-79.884057000531442,40.448959397440888],[-79.884039839850459,40.448961948572759],[-79.884037971496568,40.448955550534251],[-79.884016513824463,40.448922892625134],[-79.883995056152344,40.448759602841548],[-79.883823394775376,40.448106439739746],[-79.883995056152344,40.448139098045601],[-79.884788990020738,40.448416693004603],[-79.885025024414048,40.448482009298914],[-79.884939193725586,40.448645299756969],[-79.884831905364976,40.448841247782923],[-79.884660243988037,40.449135168750679],[-79.884577959324588,40.449291711474977],[-79.884178437486483,40.449141477786448]]]]}},
{"type":"Feature","properties":{"GEOID":"420035648002008","NAME":"Block 2008, Block Group 2, Census Tract 5648, Allegheny County, Pennsylvania","housing_units":9,"pop":25},"geometry":{"type":"MultiPolygon","coordinates":[[[[-79.884788990020738,40.448416693004603],[-79.883995056152344,40.448139098045601],[-79.883823394775376,40.448106439739746],[-79.883801937103257,40.448008464726975],[-79.883716106414781,40.447698209577602],[-79.883694648742662,40.447600233969716],[-79.883823394775376,40.447616563247614],[-79.885239601135254,40.448090110580871],[-79.885239601135254,40.448106439739746],[-79.885196685791001,40.448171756335576],[-79.885067939758301,40.448416693004603],[-79.885025024414048,40.448482009298914],[-79.884788990020738,40.448416693004603]]]]}},
{"type":"Feature","properties":{"GEOID":"420035648002009","NAME":"Block 2009, Block Group 2, Census Tract 5648, Allegheny County, Pennsylvania","housing_units":12,"pop":19},"geometry":{"type":"MultiPolygon","coordinates":[[[[-79.885239601135254,40.448090110580871],[-79.883823394775376,40.447616563247614],[-79.883694648742662,40.447600233969716],[-79.883673191070557,40.447485928913338],[-79.88358736038208,40.447175671351786],[-79.883565902709961,40.447077694982163],[-79.883673191070557,40.447094024387013],[-79.883995056152344,40.447208330109916],[-79.884102344512925,40.44724098885218],[-79.884381294250474,40.447322635638422],[-79.885196685791001,40.447600233969716],[-79.885454177856431,40.447698209577602],[-79.885411262512207,40.447779855808399],[-79.885303974151611,40.448024793905688],[-79.885239601135254,40.448106439739746],[-79.885239601135254,40.448090110580871]]]]}},
{"type":"Feature","properties":{"GEOID":"420035648002010","NAME":"Block 2010, Block Group 2, Census Tract 5648, Allegheny County, Pennsylvania","housing_units":26,"pop":44},"geometry":{"type":"MultiPolygon","coordinates":[[[[-79.884638786315918,40.44694705960049],[-79.885432720184312,40.447208330109916],[-79.885690212249742,40.447306306289107],[-79.885647296905518,40.447387952995996],[-79.88558292388916,40.447518587520712],[-79.885454177856431,40.447698209577602],[-79.885196685791001,40.447600233969716],[-79.884381294250474,40.447322635638422],[-79.884102344512925,40.44724098885218],[-79.884145259857164,40.44715934196676],[-79.884252548217773,40.44694705960049],[-79.884316921234131,40.446849082897607],[-79.88459587097168,40.446930730159927],[-79.884638786315918,40.44694705960049]]]]}},
{"type":"Feature","properties":{"GEOID":"420035648002011","NAME":"Block 2011, Block Group 2, Census Tract 5648, Allegheny County, Pennsylvania","housing_units":105,"pop":113},"geometry":{"type":"MultiPolygon","coordinates":[[[[-79.883093833923326,40.445967286144494],[-79.882256984710693,40.445689681068657],[-79.881956577301011,40.445591702532845],[-79.881677627563477,40.445493723854213],[-79.88084077835083,40.445216116822465],[-79.880561828613267,40.445134467477281],[-79.880647659301744,40.444971168489353],[-79.880926609039292,40.444497599180828],[-79.881012439727783,40.44433429864565],[-79.881291389465318,40.444432279014364],[-79.882063865661607,40.44467722931131],[-79.882407188415513,40.444807869104693],[-79.88257884979248,40.444856858961749],[-79.883136749267564,40.445036488132132],[-79.88332986831665,40.445101807711431],[-79.883437156677232,40.445134467477281],[-79.8837375640869,40.445232446679604],[-79.883823394775376,40.445265106381974],[-79.8837375640869,40.445428404655772],[-79.883458614349351,40.445901967406279],[-79.883394241332994,40.44606526413282],[-79.883093833923326,40.445967286144494]]]]}},
{"type":"Feature","properties":{"GEOID":"420035648002012","NAME":"Block 2012, Block Group 2, Census Tract 5648, Allegheny County, Pennsylvania","housing_units":11,"pop":19},"geometry":{"type":"MultiPolygon","coordinates":[[[[-79.883136749267564,40.445036488132132],[-79.88257884979248,40.444856858961749],[-79.882407188415513,40.444807869104693],[-79.882450103759751,40.444709889283459],[-79.8826003074646,40.444464939105536],[-79.882643222808824,40.444383288847852],[-79.882814884185777,40.444448609061929],[-79.883351325988755,40.444644569323287],[-79.883544445037842,40.444709889283459],[-79.883501529693589,40.444791539144404],[-79.883415699005113,40.444938508644157],[-79.88332986831665,40.445101807711431],[-79.883136749267564,40.445036488132132]]]]}},
{"type":"Feature","properties":{"GEOID":"420035648002013","NAME":"Block 2013, Block Group 2, Census Tract 5648, Allegheny County, Pennsylvania","housing_units":24,"pop":46},"geometry":{"type":"MultiPolygon","coordinates":[[[[-79.884316921234131,40.446375526820212],[-79.883608818054199,40.446146912347302],[-79.883394241332994,40.44606526413282],[-79.883458614349351,40.445901967406279],[-79.8837375640869,40.445428404655772],[-79.883823394775376,40.445265106381974],[-79.883930683135986,40.445297766068464],[-79.884231090545654,40.445412074846253],[-79.88433837890625,40.445444734461333],[-79.884467124938951,40.445477394060553],[-79.884874820709214,40.445624362060656],[-79.885003566741943,40.445657021572586],[-79.884960651397705,40.445738670282992],[-79.884810447692857,40.445967286144494],[-79.88459587097168,40.446375526820212],[-79.884552955627441,40.44644084509823],[-79.884316921234131,40.446375526820212]]]]}},
{"type":"Feature","properties":{"GEOID":"420035648002014","NAME":"Block 2014, Block Group 2, Census Tract 5648, Allegheny County, Pennsylvania","housing_units":15,"pop":22},"geometry":{"type":"MultiPolygon","coordinates":[[[[-79.885647296905518,40.446816423964897],[-79.884831905364976,40.446538822396221],[-79.884552955627441,40.44644084509823],[-79.88459587097168,40.446375526820212],[-79.884767532348619,40.446048934478007],[-79.885046482086182,40.446146912347302],[-79.885883331298814,40.44642451553468],[-79.886162281036363,40.446522492856467],[-79.88609790802002,40.446587810991659],[-79.885969161987305,40.446832753433235],[-79.885926246643066,40.446898071266894],[-79.885647296905518,40.446816423964897]]]]}},
{"type":"Feature","properties":{"GEOID":"420035648002015","NAME":"Block 2015, Block Group 2, Census Tract 5648, Allegheny County, Pennsylvania","housing_units":44,"pop":74},"geometry":{"type":"MultiPolygon","coordinates":[[[[-79.884381294250474,40.446767435536096],[-79.884552955627441,40.44644084509823],[-79.884831905364976,40.446538822396221],[-79.885647296905518,40.446816423964897],[-79.885926246643066,40.446898071266894],[-79.885904788970947,40.44694705960049],[-79.885883331298814,40.446979718469699],[-79.885733127593994,40.447224659483034],[-79.885690212249742,40.447306306289107],[-79.885432720184312,40.447208330109916],[-79.884638786315918,40.44694705960049],[-79.88459587097168,40.446930730159927],[-79.884316921234131,40.446849082897607],[-79.884381294250474,40.446767435536096]]]]}},
{"type":"Feature","properties":{"GEOID":"420035648002016","NAME":"Block 2016, Block Group 2, Census Tract 5648, Allegheny County, Pennsylvania","housing_units":80,"pop":112},"geometry":{"type":"MultiPolygon","coordinates":[[[[-79.883394241332994,40.446391856395671],[-79.883351325988755,40.446212230847486],[-79.883351325988755,40.446130582712335],[-79.883394241332994,40.44606526413282],[-79.883608818054199,40.446146912347302],[-79.884316921234131,40.446375526820212],[-79.884552955627441,40.44644084509823],[-79.884381294250474,40.446767435536096],[-79.884316921234131,40.446849082897607],[-79.884252548217773,40.44694705960049],[-79.884145259857164,40.44715934196676],[-79.884102344512925,40.44724098885218],[-79.883995056152344,40.447208330109916],[-79.883673191070557,40.447094024387013],[-79.883565902709961,40.447077694982163],[-79.883522987365723,40.44694705960049],[-79.883522987365723,40.446930730159927],[-79.883437156677232,40.446522492856467],[-79.883394241332994,40.446391856395671]]]]}},
{"type":"Feature","properties":{"GEOID":"420035648002017","NAME":"Block 2017, Block Group 2, Census Tract 5648, Allegheny County, Pennsylvania","housing_units":80,"pop":188},"geometry":{"type":"MultiPolygon","coordinates":[[[[-79.878845214843736,40.445624362060656],[-79.878952503204331,40.445657021572586],[-79.879081249237061,40.445706010810738],[-79.880068302154541,40.446016275156509],[-79.879939556121812,40.446228560462615],[-79.879574775695787,40.446849082897607],[-79.879531860351548,40.44694705960049],[-79.879488945007324,40.447077694982163],[-79.879574775695787,40.447306306289107],[-79.879853725433335,40.448008464726975],[-79.879939556121812,40.44823707286794],[-79.879853725433335,40.448253401991103],[-79.879617691040025,40.44830238933681],[-79.879424571990953,40.448351376646812],[-79.879059791564941,40.448416693004603],[-79.878931045532212,40.448449351159688],[-79.878909587860093,40.44830238933681],[-79.878802299499483,40.447877831154436],[-79.878780841827393,40.44773086808182],[-79.878673553466797,40.447306306289107],[-79.878652095794678,40.44694705960049],[-79.878652095794678,40.4469144007154],[-79.878802299499483,40.445673351322604],[-79.878845214843736,40.445624362060656]]]]}},
{"type":"Feature","properties":{"GEOID":"420035648002018","NAME":"Block 2018, Block Group 2, Census Tract 5648, Allegheny County, Pennsylvania","housing_units":18,"pop":31},"geometry":{"type":"MultiPolygon","coordinates":[[[[-79.879081249237061,40.445706010810738],[-79.878952503204331,40.445657021572586],[-79.878845214843736,40.445624362060656],[-79.878909587860093,40.445493723854213],[-79.878952503204331,40.445444734461333],[-79.879360198974609,40.444726219263586],[-79.879596233367906,40.444807869104693],[-79.880325794219971,40.445052818032906],[-79.880561828613267,40.445134467477281],[-79.880454540252671,40.445314095905772],[-79.880154132843018,40.445836648604569],[-79.880068302154541,40.446016275156509],[-79.879081249237061,40.445706010810738]]]]}},
{"type":"Feature","properties":{"GEOID":"420035648002019","NAME":"Block 2019, Block Group 2, Census Tract 5648, Allegheny County, Pennsylvania","housing_units":16,"pop":40},"geometry":{"type":"MultiPolygon","coordinates":[[[[-79.881184101104736,40.446391856395671],[-79.88034725189209,40.446114253073404],[-79.880068302154541,40.446016275156509],[-79.880154132843018,40.445836648604569],[-79.880454540252671,40.445314095905772],[-79.880561828613267,40.445134467477281],[-79.88084077835083,40.445216116822465],[-79.881677627563477,40.445493723854213],[-79.881956577301011,40.445591702532845],[-79.881870746612549,40.445771329739401],[-79.881570339202881,40.446310208478728],[-79.881463050842271,40.446489833765078],[-79.881184101104736,40.446391856395671]]]]}},
{"type":"Feature","properties":{"GEOID":"420035648002020","NAME":"Block 2020, Block Group 2, Census Tract 5648, Allegheny County, Pennsylvania","housing_units":25,"pop":28},"geometry":{"type":"MultiPolygon","coordinates":[[[[-79.882063865661607,40.44467722931131],[-79.881291389465318,40.444432279014364],[-79.881012439727783,40.44433429864565],[-79.881098270416246,40.444170997713726],[-79.881377220153809,40.443697422767627],[-79.881463050842271,40.443550450554227],[-79.88174200057982,40.443632101823567],[-79.88249301910399,40.443893385218956],[-79.882857799530029,40.444007696385064],[-79.882814884185777,40.444056686825327],[-79.882814884185777,40.444089347098988],[-79.882643222808824,40.444383288847852],[-79.8826003074646,40.444464939105536],[-79.882450103759751,40.444709889283459],[-79.882407188415513,40.444807869104693],[-79.882063865661607,40.44467722931131]]]]}},
{"type":"Feature","properties":{"GEOID":"420035648002021","NAME":"Block 2021, Block Group 2, Census Tract 5648, Allegheny County, Pennsylvania","housing_units":6,"pop":6},"geometry":{"type":"MultiPolygon","coordinates":[[[[-79.883351325988755,40.444644569323287],[-79.882814884185777,40.444448609061929],[-79.882643222808824,40.444383288847852],[-79.882814884185777,40.444089347098988],[-79.882814884185777,40.444056686825327],[-79.882857799530029,40.444007696385064],[-79.883029460906968,40.44407301696414],[-79.88358736038208,40.444252648229273],[-79.883780479431138,40.444317968570303],[-79.883716106414781,40.444399618907319],[-79.88358736038208,40.444628239323329],[-79.883544445037842,40.444709889283459],[-79.883351325988755,40.444644569323287]]]]}},
{"type":"Feature","properties":{"GEOID":"420035648002022","NAME":"Block 2022, Block Group 2, Census Tract 5648, Allegheny County, Pennsylvania","housing_units":13,"pop":13},"geometry":{"type":"MultiPolygon","coordinates":[[[[-79.8837375640869,40.445232446679604],[-79.883437156677232,40.445134467477281],[-79.88332986831665,40.445101807711431],[-79.883415699005113,40.444938508644157],[-79.883501529693589,40.444791539144404],[-79.88358736038208,40.444628239323329],[-79.883716106414781,40.444399618907319],[-79.883780479431138,40.444317968570303],[-79.883866310119629,40.444350628717018],[-79.884166717529283,40.444448609061929],[-79.884274005889893,40.444481269145165],[-79.884188175201402,40.444644569323287],[-79.883909225463867,40.445118137596346],[-79.883823394775376,40.445265106381974],[-79.8837375640869,40.445232446679604]]]]}},
{"type":"Feature","properties":{"GEOID":"420035648002023","NAME":"Block 2023, Block Group 2, Census Tract 5648, Allegheny County, Pennsylvania","housing_units":4,"pop":8},"geometry":{"type":"MultiPolygon","coordinates":[[[[-79.884231090545654,40.445412074846253],[-79.883930683135986,40.445297766068464],[-79.883823394775376,40.445265106381974],[-79.883909225463867,40.445118137596346],[-79.884188175201402,40.444644569323287],[-79.884274005889893,40.444481269145165],[-79.884788990020738,40.444644569323287],[-79.885303974151611,40.44482419906101],[-79.885432720184312,40.444856858961749],[-79.885389804840088,40.444954838568734],[-79.885389804840088,40.444971168489353],[-79.885218143463121,40.445265106381974],[-79.884703159332275,40.445085477822559],[-79.884574413299561,40.445052818032906],[-79.884510040283189,40.445118137596346],[-79.88433837890625,40.445444734461333],[-79.884231090545654,40.445412074846253]]]]}},
{"type":"Feature","properties":{"GEOID":"420035648002024","NAME":"Block 2024, Block Group 2, Census Tract 5648, Allegheny County, Pennsylvania","housing_units":4,"pop":13},"geometry":{"type":"MultiPolygon","coordinates":[[[[-79.884874820709214,40.445624362060656],[-79.884467124938951,40.445477394060553],[-79.88433837890625,40.445444734461333],[-79.884510040283189,40.445118137596346],[-79.884574413299561,40.445052818032906],[-79.884703159332275,40.445085477822559],[-79.885218143463121,40.445265106381974],[-79.885175228118882,40.445346755568465],[-79.885046482086182,40.445575372762995],[-79.885003566741943,40.445657021572586],[-79.884874820709214,40.445624362060656]]]]}},
{"type":"Feature","properties":{"GEOID":"420035648002025","NAME":"Block 2025, Block Group 2, Census Tract 5648, Allegheny County, Pennsylvania","housing_units":8,"pop":5},"geometry":{"type":"MultiPolygon","coordinates":[[[[-79.885754585266113,40.445901967406279],[-79.885175228118882,40.445722340548855],[-79.885003566741943,40.445657021572586],[-79.885046482086182,40.445575372762995],[-79.885175228118882,40.445346755568465],[-79.885218143463121,40.445265106381974],[-79.885303974151611,40.445297766068464],[-79.885411262512207,40.445330425739108],[-79.886162281036363,40.445591702532845],[-79.886119365692139,40.445657021572586],[-79.885969161987305,40.445901967406279],[-79.885926246643066,40.445967286144494],[-79.885754585266113,40.445901967406279]]]]}},
{"type":"Feature","properties":{"GEOID":"420035648002026","NAME":"Block 2026, Block Group 2, Census Tract 5648, Allegheny County, Pennsylvania","housing_units":10,"pop":11},"geometry":{"type":"MultiPolygon","coordinates":[[[[-79.886291027069092,40.446097923430507],[-79.886033535003648,40.445999945489802],[-79.885926246643066,40.445967286144494],[-79.885969161987305,40.445901967406279],[-79.886119365692139,40.445657021572586],[-79.886162281036363,40.445591702532845],[-79.886333942413316,40.445265106381974],[-79.886355400085435,40.445216116822465],[-79.886376857757554,40.445183457096292],[-79.886462688446045,40.445199786961361],[-79.886741638183594,40.445297766068464],[-79.886827468872056,40.445330425739108],[-79.886741638183594,40.445493723854213],[-79.886462688446045,40.445967286144494],[-79.886376857757554,40.446114253073404],[-79.886291027069092,40.446097923430507]]]]}},
{"type":"Feature","properties":{"GEOID":"420035648002027","NAME":"Block 2027, Block Group 2, Census Tract 5648, Allegheny County, Pennsylvania","housing_units":18,"pop":35},"geometry":{"type":"MultiPolygon","coordinates":[[[[-79.885883331298814,40.44642451553468],[-79.885046482086182,40.446146912347302],[-79.884767532348619,40.446048934478007],[-79.884810447692857,40.445967286144494],[-79.884960651397705,40.445738670282992],[-79.885003566741943,40.445657021572586],[-79.885175228118882,40.445722340548855],[-79.885754585266113,40.445901967406279],[-79.885926246643066,40.445967286144494],[-79.886033535003648,40.445999945489802],[-79.886291027069092,40.446097923430507],[-79.886376857757554,40.446114253073404],[-79.886162281036363,40.446522492856467],[-79.885883331298814,40.44642451553468]]]]}},
{"type":"Feature","properties":{"GEOID":"420035648002028","NAME":"Block 2028, Block Group 2, Census Tract 5648, Allegheny County, Pennsylvania","housing_units":14,"pop":8},"geometry":{"type":"MultiPolygon","coordinates":[[[[-79.885303974151611,40.44482419906101],[-79.884788990020738,40.444644569323287],[-79.884274005889893,40.444481269145165],[-79.884445667266831,40.44415466759871],[-79.884510040283189,40.44407301696414],[-79.884724617004395,40.443664762303534],[-79.884960651397705,40.44374641343402],[-79.885647296905518,40.443975036071727],[-79.885861873626695,40.444056686825327],[-79.885776042938218,40.444219988034952],[-79.885540008544908,40.444628239323329],[-79.885432720184312,40.444856858961749],[-79.885303974151611,40.44482419906101]]]]}},
{"type":"Feature","properties":{"GEOID":"420035648002029","NAME":"Block 2029, Block Group 2, Census Tract 5648, Allegheny County, Pennsylvania","housing_units":5,"pop":0},"geometry":{"type":"MultiPolygon","coordinates":[[[[-79.886741638183594,40.445297766068464],[-79.886462688446045,40.445199786961361],[-79.886376857757554,40.445183457096292],[-79.886183738708482,40.445118137596346],[-79.885625839233398,40.444922178715608],[-79.885432720184312,40.444856858961749],[-79.885540008544908,40.444628239323329],[-79.885776042938218,40.444219988034952],[-79.885861873626695,40.444056686825327],[-79.886119365692139,40.444138337479728],[-79.886612892150879,40.444301638490998],[-79.887127876281738,40.444464939105536],[-79.887170791625962,40.444611909319413],[-79.887149333953857,40.444758879211925],[-79.886827468872056,40.445330425739108],[-79.886741638183594,40.445297766068464]]]]}},
{"type":"Feature","properties":{"GEOID":"420035648002030","NAME":"Block 2030, Block Group 2, Census Tract 5648, Allegheny County, Pennsylvania","housing_units":7,"pop":11},"geometry":{"type":"MultiPolygon","coordinates":[[[[-79.885411262512207,40.445330425739108],[-79.885303974151611,40.445297766068464],[-79.885218143463121,40.445265106381974],[-79.885389804840088,40.444971168489353],[-79.885389804840088,40.444954838568734],[-79.885432720184312,40.444856858961749],[-79.885625839233398,40.444922178715608],[-79.886183738708482,40.445118137596346],[-79.886376857757554,40.445183457096292],[-79.886355400085435,40.445216116822465],[-79.886333942413316,40.445265106381974],[-79.886162281036363,40.445591702532845],[-79.885411262512207,40.445330425739108]]]]}},
{"type":"Feature","properties":{"GEOID":"420035648002031","NAME":"Block 2031, Block Group 2, Census Tract 5648, Allegheny County, Pennsylvania","housing_units":14,"pop":17},"geometry":{"type":"MultiPolygon","coordinates":[[[[-79.880776405334458,40.444252648229273],[-79.880046844482422,40.444007696385064],[-79.879810810089111,40.443942375742523],[-79.879853725433335,40.443860724850069],[-79.879982471466064,40.44364843206553],[-79.880025386810303,40.44358311107387],[-79.880068302154541,40.443501459745015],[-79.88023996353148,40.443207514139907],[-79.880261421203599,40.443142192719776],[-79.880325794219971,40.443174853437775],[-79.880497455596924,40.443223844485026],[-79.881463050842271,40.443550450554227],[-79.881377220153809,40.443697422767627],[-79.881098270416246,40.444170997713726],[-79.881012439727783,40.44433429864565],[-79.880776405334458,40.444252648229273]]]]}},
{"type":"Feature","properties":{"GEOID":"420035648002032","NAME":"Block 2032, Block Group 2, Census Tract 5648, Allegheny County, Pennsylvania","housing_units":23,"pop":21},"geometry":{"type":"MultiPolygon","coordinates":[[[[-79.880325794219971,40.445052818032906],[-79.879596233367906,40.444807869104693],[-79.879360198974609,40.444726219263586],[-79.879574775695787,40.44433429864565],[-79.879724979400635,40.444089347098988],[-79.879810810089111,40.443942375742523],[-79.880046844482422,40.444007696385064],[-79.880776405334458,40.444252648229273],[-79.881012439727783,40.44433429864565],[-79.880926609039292,40.444497599180828],[-79.880647659301744,40.444971168489353],[-79.880561828613267,40.445134467477281],[-79.880325794219971,40.445052818032906]]]]}},
{"type":"Feature","properties":{"GEOID":"420035648002033","NAME":"Block 2033, Block Group 2, Census Tract 5648, Allegheny County, Pennsylvania","housing_units":1,"pop":2},"geometry":{"type":"MultiPolygon","coordinates":[[[[-79.884166717529283,40.444448609061929],[-79.883866310119629,40.444350628717018],[-79.883780479431138,40.444317968570303],[-79.88358736038208,40.444252648229273],[-79.883029460906968,40.44407301696414],[-79.882857799530029,40.444007696385064],[-79.88249301910399,40.443893385218956],[-79.88174200057982,40.443632101823567],[-79.881463050842271,40.443550450554227],[-79.881634712219224,40.443223844485026],[-79.881677627563477,40.443158523080761],[-79.882256984710693,40.443338156789757],[-79.883973598480225,40.443909715397446],[-79.884510040283189,40.44407301696414],[-79.884445667266831,40.44415466759871],[-79.884274005889893,40.444481269145165],[-79.884166717529283,40.444448609061929]]]]}},
{"type":"Feature","properties":{"GEOID":"420035648002034","NAME":"Block 2034, Block Group 2, Census Tract 5648, Allegheny County, Pennsylvania","housing_units":13,"pop":12},"geometry":{"type":"MultiPolygon","coordinates":[[[[-79.883973598480225,40.443909715397446],[-79.882256984710693,40.443338156789757],[-79.881677627563477,40.443158523080761],[-79.88174200057982,40.443076871236158],[-79.881870746612549,40.442815584666924],[-79.881913661956787,40.442733932405758],[-79.88249301910399,40.442929897665934],[-79.884166717529283,40.443485129467341],[-79.884724617004395,40.443664762303534],[-79.884510040283189,40.44407301696414],[-79.883973598480225,40.443909715397446]]]]}},
{"type":"Feature","properties":{"GEOID":"420035648002035","NAME":"Block 2035, Block Group 2, Census Tract 5648, Allegheny County, Pennsylvania","housing_units":2,"pop":4},"geometry":{"type":"MultiPolygon","coordinates":[[[[-79.881591796874986,40.443125862354819],[-79.88073348999022,40.442831915107256],[-79.880497455596924,40.442733932405758],[-79.880540370941148,40.442668610525416],[-79.880712032318115,40.442342000171536],[-79.880969524383531,40.442423652908779],[-79.881677627563477,40.442652280045401],[-79.881913661956787,40.442733932405758],[-79.881870746612549,40.442815584666924],[-79.88174200057982,40.443076871236158],[-79.881677627563477,40.443158523080761],[-79.881591796874986,40.443125862354819]]]]}},
{"type":"Feature","properties":{"GEOID":"420035648002036","NAME":"Block 2036, Block Group 2, Census Tract 5648, Allegheny County, Pennsylvania","housing_units":7,"pop":20},"geometry":{"type":"MultiPolygon","coordinates":[[[[-79.880497455596924,40.443223844485026],[-79.880325794219971,40.443174853437775],[-79.880261421203599,40.443142192719776],[-79.880304336547837,40.443060540855335],[-79.880454540252671,40.442815584666924],[-79.880497455596924,40.442733932405758],[-79.88073348999022,40.442831915107256],[-79.881591796874986,40.443125862354819],[-79.881677627563477,40.443158523080761],[-79.881634712219224,40.443223844485026],[-79.881463050842271,40.443550450554227],[-79.880497455596924,40.443223844485026]]]]}}
]
}
